t_sec,symbol,bid,bid_size,ask,ask_size
0.000,STOCK1,,,,
0.000,STOCK2,,,,
0.572,STOCK2,25.01,5000,,
1.913,STOCK2,25.01,5000,997.00,1000
6.156,STOCK1,,,150.00,4000
11.258,STOCK2,25.01,5000,996.00,5000
15.573,STOCK1,5.00,3000,150.00,4000
15.926,STOCK2,25.01,5000,995.00,5000
22.349,STOCK2,40.01,5000,995.00,5000
27.951,STOCK2,40.01,5000,994.00,1000
29.698,STOCK1,5.00,3000,15.00,100
30.899,STOCK2,40.01,5000,994.00,900
33.028,STOCK1,5.00,4000,15.00,100
35.778,STOCK1,60.00,1000,15.00,100
35.995,STOCK1,100.00,5000,15.00,100
36.184,STOCK2,100.00,100,994.00,900
38.461,STOCK2,100.00,100,994.00,800
38.992,STOCK2,100.00,100,994.00,1800
41.405,STOCK2,150.00,5000,994.00,1800
42.212,STOCK2,150.00,5000,994.00,1790
43.794,STOCK2,150.00,5000,994.00,1780
44.490,STOCK2,150.00,5000,900.00,5000
50.955,STOCK1,100.00,5000,150.00,4000
53.457,STOCK2,150.00,5000,890.00,1000
53.600,STOCK2,150.00,5000,890.00,2000
58.041,STOCK2,150.00,5000,890.00,1990
58.325,STOCK1,120.00,10,150.00,4000
61.983,STOCK2,150.00,4000,890.00,1990
62.053,STOCK2,200.00,5000,890.00,1990
62.204,STOCK1,150.00,100,150.00,4000
65.901,STOCK2,220.00,3000,890.00,1990
70.599,STOCK1,300.00,1000,150.00,4000
73.965,STOCK1,150.00,100,150.00,4000
73.996,STOCK2,220.00,3000,840.00,5000
74.402,STOCK1,150.00,1100,150.00,4000
77.411,STOCK1,150.00,2100,150.00,4000
79.088,STOCK2,220.00,3000,800.00,3800
80.127,STOCK2,250.00,10,800.00,3800
82.496,STOCK1,160.00,5000,150.00,4000
83.433,STOCK2,250.00,10,790.00,1000
84.755,STOCK1,160.00,5000,150.00,5000
89.813,STOCK1,160.00,5000,149.90,1000
91.842,STOCK2,250.00,10,700.00,5000
92.393,STOCK1,160.00,6000,149.90,1000
93.100,STOCK1,161.00,3000,149.90,1000
96.390,STOCK2,250.00,10,699.00,1000
101.353,STOCK2,220.00,2910,699.00,1000
102.054,STOCK1,170.00,1000,149.90,1000
103.184,STOCK1,170.00,1000,150.00,5000
105.304,STOCK2,220.00,2910,600.00,5000
108.168,STOCK2,220.00,2910,599.00,1000
110.883,STOCK2,220.00,2910,599.00,4000
110.964,STOCK1,190.01,5000,150.00,5000
116.465,STOCK2,221.00,100,599.00,4000
119.109,STOCK2,220.00,2010,599.00,4000
119.534,STOCK2,220.00,2010,450.00,5000
121.873,STOCK2,221.00,1000,450.00,5000
123.942,STOCK2,221.00,1000,400.00,3000
126.804,STOCK2,221.00,1000,399.00,1000
128.475,STOCK2,222.00,100,399.00,1000
129.381,STOCK1,195.00,5000,150.00,5000
134.137,STOCK2,222.00,100,380.00,5000
140.116,STOCK2,222.00,100,379.00,1000
142.398,STOCK1,200.00,1000,150.00,5000
142.649,STOCK2,225.01,5000,379.00,1000
143.460,STOCK2,225.01,5000,300.00,100
144.162,STOCK2,225.01,4000,300.00,100
147.316,STOCK2,225.01,3000,300.00,100
150.768,STOCK2,221.00,100,300.00,100
150.819,STOCK2,221.00,100,299.00,1000
152.341,STOCK2,225.02,1000,299.00,1000
152.565,STOCK2,221.00,100,299.00,1000
152.585,STOCK2,230.00,10,299.00,1000
154.084,STOCK1,210.00,5000,150.00,5000
159.668,STOCK2,225.02,10,299.00,1000
160.730,STOCK2,225.02,10,298.00,3000
161.158,STOCK2,200.00,5110,298.00,3000
161.595,STOCK2,200.00,4110,298.00,3000
163.033,STOCK2,200.00,4110,290.00,5000
163.478,STOCK1,211.00,5000,150.00,5000
167.649,STOCK2,200.00,3110,290.00,5000
167.842,STOCK2,200.00,3110,225.00,1000
173.819,STOCK2,200.00,3110,224.00,3000
173.960,STOCK2,200.00,2110,224.00,3000
174.387,STOCK2,200.01,1000,224.00,3000
175.740,STOCK2,200.00,2110,224.00,3000
176.852,STOCK2,200.00,1000,224.00,3000
177.087,STOCK1,215.00,5000,150.00,5000
179.943,STOCK2,200.00,1000,225.00,2000
181.994,STOCK2,190.00,1000,225.00,2000
183.739,STOCK2,190.00,1000,220.00,1000
184.721,STOCK2,200.01,1000,220.00,1000
188.344,STOCK1,215.00,5000,150.00,1000
189.099,STOCK2,200.01,1000,210.00,10
193.551,STOCK1,220.00,1000,150.00,1000
198.360,STOCK2,190.00,1100,210.00,10
201.685,STOCK2,202.00,20,210.00,10
202.714,STOCK2,190.00,120,210.00,10
205.594,STOCK2,160.00,120,210.00,10
208.765,STOCK2,150.00,5120,210.00,10
209.371,STOCK2,150.00,6120,210.00,10
210.151,STOCK2,150.00,6120,208.00,20
215.455,STOCK2,150.00,10120,208.00,20
216.210,STOCK2,150.00,10120,220.00,6980
216.868,STOCK2,150.00,9120,220.00,6980
218.880,STOCK1,225.00,3000,150.00,1000
222.062,STOCK2,150.00,9120,200.01,200
230.743,STOCK2,160.00,20,200.01,200
231.856,STOCK2,150.00,8140,200.01,200
235.920,STOCK2,150.00,8140,190.00,20
240.475,STOCK2,160.00,20,190.00,20
243.110,STOCK1,225.00,4000,150.00,1000
249.668,STOCK2,160.00,20,200.01,200
250.259,STOCK2,160.00,20,180.00,1000
251.716,STOCK2,150.00,7160,180.00,1000
252.113,STOCK1,227.00,2000,150.00,1000
259.864,STOCK2,150.00,6160,180.00,1000
268.155,STOCK2,150.00,6160,220.00,4380
272.447,STOCK2,150.00,6160,220.00,3380
272.698,STOCK2,150.00,6160,220.00,2380
272.891,STOCK2,150.00,6160,220.00,1380
273.053,STOCK2,150.00,6160,220.00,380
273.194,STOCK2,150.00,6160,225.00,1380
273.335,STOCK2,150.00,6160,225.00,380
273.516,STOCK2,150.00,6160,175.00,1500
274.224,STOCK1,230.00,2000,150.00,1000
276.434,STOCK1,230.00,2000,170.00,1000
278.966,STOCK2,150.00,6160,175.00,500
282.067,STOCK2,150.00,6160,275.00,880
287.628,STOCK2,150.00,5160,275.00,880
288.298,STOCK2,150.00,4160,275.00,880
288.308,STOCK2,150.00,4160,250.00,1000
288.942,STOCK2,150.00,3160,250.00,1000
289.815,STOCK2,150.00,2160,250.00,1000
298.262,STOCK2,150.00,1860,250.00,1000
298.534,STOCK2,160.00,2500,250.00,1000
299.190,STOCK2,160.00,2500,200.00,1000
301.808,STOCK2,160.00,2500,200.00,2000
305.021,STOCK2,160.00,2500,200.00,3000
306.594,STOCK1,230.00,7000,170.00,1000
306.866,STOCK2,160.00,2500,200.00,3100
307.198,STOCK2,160.00,2500,200.00,4100
307.745,STOCK2,160.00,1800,200.00,4100
310.713,STOCK2,160.00,1800,200.00,5100
311.044,STOCK1,230.00,8000,170.00,1000
311.912,STOCK2,160.00,1800,200.00,6100
313.590,STOCK2,160.00,1800,200.00,7100
314.975,STOCK2,160.00,1800,200.00,8100
317.011,STOCK2,180.00,3000,200.00,8100
319.302,STOCK2,180.00,2000,200.00,8100
319.364,STOCK1,230.00,10000,170.00,1000
321.205,STOCK1,235.00,5000,170.00,1000
321.345,STOCK2,180.00,1000,200.00,8100
322.376,STOCK2,180.00,1000,200.00,7100
322.609,STOCK2,180.00,1100,200.00,7100
323.186,STOCK1,235.00,5000,165.00,1000
325.177,STOCK2,180.00,100,200.00,7100
326.986,STOCK2,160.00,900,200.00,7100
328.758,STOCK1,240.00,1000,165.00,1000
328.789,STOCK1,240.00,3000,165.00,1000
329.992,STOCK2,150.00,1760,200.00,7100
331.006,STOCK2,180.00,100,200.00,7100
332.578,STOCK2,180.00,200,200.00,7100
332.737,STOCK2,150.00,960,200.00,7100
332.768,STOCK2,180.00,100,200.00,7100
333.211,STOCK2,180.00,200,200.00,7100
334.831,STOCK1,240.00,4000,165.00,1000
335.491,STOCK1,241.00,5000,165.00,1000
341.245,STOCK1,243.00,1000,165.00,1000
341.307,STOCK2,170.00,1200,200.00,7100
343.433,STOCK2,170.00,1200,190.00,10
344.532,STOCK2,170.00,200,190.00,10
346.696,STOCK1,245.00,2000,165.00,1000
348.334,STOCK1,235.00,4400,250.00,1410
349.239,STOCK1,235.00,4400,250.00,410
349.290,STOCK2,150.00,160,190.00,10
349.832,STOCK1,235.00,4400,275.00,410
350.176,STOCK2,120.30,160,190.00,10
350.622,STOCK1,235.00,4400,240.00,100
351.218,STOCK1,235.00,4400,300.00,2810
351.623,STOCK2,175.00,10,190.00,10
354.283,STOCK1,235.00,4400,300.00,1810
355.745,STOCK1,235.00,4400,300.00,810
356.617,STOCK1,240.00,5000,300.00,810
356.698,STOCK1,242.00,5000,300.00,810
357.281,STOCK1,242.00,10000,300.00,810
357.391,STOCK2,175.00,10,200.00,7000
359.760,STOCK1,242.00,10000,300.00,910
360.228,STOCK1,242.00,10000,300.00,1910
362.116,STOCK2,122.00,10,200.00,7000
362.632,STOCK1,245.00,2000,300.00,1910
363.211,STOCK1,245.00,2000,400.00,3910
363.945,STOCK2,110.00,370,200.00,7000
364.753,STOCK1,260.00,1500,400.00,3910
369.106,STOCK1,260.00,1500,400.00,910
369.961,STOCK1,260.00,1500,400.00,5910
370.071,STOCK1,260.00,1500,400.00,2910
370.222,STOCK2,110.00,370,199.00,10
371.123,STOCK2,110.00,370,130.00,1000
371.500,STOCK2,110.00,370,199.00,10
374.636,STOCK1,260.00,4000,400.00,2910
377.691,STOCK1,260.00,4000,400.00,3910
378.535,STOCK2,110.00,370,130.00,1000
379.121,STOCK2,112.00,5000,130.00,1000
380.677,STOCK2,112.00,5000,198.00,10
380.727,STOCK1,260.00,4000,400.00,1000
384.235,STOCK1,260.00,4000,400.00,500
385.543,STOCK1,260.00,4000,1000.00,5000
385.745,STOCK2,115.00,1000,198.00,10
386.126,STOCK2,115.00,1100,198.00,10
388.626,STOCK2,130.00,3000,198.00,10
389.640,STOCK2,130.00,3000,200.00,6820
389.892,STOCK2,130.00,4000,200.00,6820
390.034,STOCK2,130.00,4000,150.00,2000
393.562,STOCK2,130.00,5000,150.00,2000
394.329,STOCK1,260.00,4000,800.00,1500
395.972,STOCK1,260.00,4000,750.00,500
395.982,STOCK2,130.00,5000,150.00,200
396.470,STOCK2,130.00,5000,200.00,6030
397.328,STOCK2,130.00,3000,200.00,6030
398.614,STOCK1,260.00,4000,600.00,100
399.095,STOCK2,130.00,3000,200.00,5030
399.690,STOCK2,130.00,2000,200.00,5030
402.545,STOCK2,130.00,2010,200.00,5030
404.045,STOCK2,131.00,2000,200.00,5030
405.437,STOCK2,130.00,3010,200.00,5030
406.906,STOCK1,260.00,4000,400.00,100
408.241,STOCK2,135.00,10,200.00,5030
411.672,STOCK2,135.00,10,199.00,1000
412.148,STOCK1,260.00,4000,500.00,2000
413.181,STOCK2,135.00,10,200.00,5030
414.085,STOCK1,260.00,4000,400.00,1000
414.600,STOCK1,260.00,4000,380.00,1000
415.073,STOCK1,260.00,3000,380.00,1000
416.336,STOCK2,135.00,10,199.00,1000
417.432,STOCK1,260.00,3000,400.00,3000
418.604,STOCK1,260.00,2000,400.00,3000
419.317,STOCK2,135.00,10,190.00,100
419.461,STOCK2,135.00,10,199.00,100
419.593,STOCK2,136.00,1000,199.00,100
421.870,STOCK1,260.00,2000,350.00,1000
423.491,STOCK2,140.00,10,199.00,100
424.858,STOCK2,140.00,10,200.00,5030
426.876,STOCK2,140.00,10,199.00,1000
429.675,STOCK2,140.00,110,199.00,1000
430.444,STOCK2,150.00,100,199.00,1000
431.200,STOCK2,150.00,100,199.00,2000
431.320,STOCK2,150.00,110,199.00,2000
431.351,STOCK2,150.00,110,199.00,1900
431.371,STOCK2,150.00,110,199.00,2900
432.972,STOCK2,150.00,3110,199.00,2900
433.500,STOCK2,150.00,3110,199.00,2800
433.753,STOCK2,150.00,3110,199.00,2700
433.953,STOCK2,150.00,3110,199.00,2600
434.185,STOCK2,150.00,3110,199.00,2500
434.316,STOCK2,150.00,3110,199.00,2400
434.379,STOCK1,260.00,2000,350.00,200
434.439,STOCK2,150.00,3110,199.00,2300
434.579,STOCK2,150.00,3110,199.00,2200
434.721,STOCK2,150.00,3110,199.00,2100
434.864,STOCK2,150.00,3110,199.00,2000
436.057,STOCK2,150.00,3110,198.00,1000
436.251,STOCK1,260.00,1000,350.00,200
439.485,STOCK2,160.00,10,198.00,1000
440.930,STOCK2,160.00,10,197.00,1000
441.064,STOCK1,260.00,1000,300.00,20
442.360,STOCK1,260.00,1000,400.00,3220
442.976,STOCK2,160.00,9,197.00,1000
444.318,STOCK2,160.00,109,197.00,1000
444.388,STOCK2,160.00,109,198.00,1000
445.400,STOCK2,160.00,109,199.00,2010
447.134,STOCK1,260.00,1000,300.00,20
447.397,STOCK2,160.00,109,199.00,1010
447.933,STOCK1,260.00,1000,300.00,40
448.073,STOCK2,160.00,109,199.00,10
448.318,STOCK1,260.00,1000,300.00,60
448.380,STOCK2,160.00,109,197.00,1000
448.705,STOCK1,260.00,1000,300.00,80
449.148,STOCK2,160.00,109,197.00,2000
449.737,STOCK1,260.00,1000,400.00,2300
450.710,STOCK2,160.00,100,197.00,2000
451.228,STOCK2,160.00,100,197.00,1000
451.238,STOCK2,170.00,10,197.00,1000
454.009,STOCK1,258.00,2000,400.00,2300
456.676,STOCK1,258.00,2000,399.00,20
457.405,STOCK1,258.00,2000,375.00,1000
457.779,STOCK1,260.00,5000,375.00,1000
458.203,STOCK1,260.00,5300,375.00,1000
459.137,STOCK2,160.00,100,197.00,1000
460.643,STOCK2,132.00,200,197.00,1000
463.297,STOCK1,270.00,10,375.00,1000
466.537,STOCK2,132.00,100,197.00,1000
466.627,STOCK1,270.00,4010,375.00,1000
467.490,STOCK2,130.00,3000,197.00,1000
469.817,STOCK2,133.00,1000,197.00,1000
470.449,STOCK2,133.00,1000,200.00,3040
472.569,STOCK2,133.00,1000,200.00,2040
473.062,STOCK2,133.00,1000,195.00,100
476.262,STOCK2,133.00,1000,194.00,4000
476.326,STOCK2,133.00,1000,190.00,2000
477.808,STOCK1,272.00,2000,375.00,1000
478.282,STOCK2,130.00,3000,190.00,2000
478.630,STOCK1,272.00,2000,350.00,1000
480.600,STOCK2,130.00,3000,189.00,11
485.265,STOCK2,130.00,3000,188.00,1000
486.395,STOCK2,130.00,4000,188.00,1000
488.710,STOCK1,270.00,4010,350.00,1000
490.832,STOCK2,135.00,100,188.00,1000
491.460,STOCK1,270.00,3010,350.00,1000
492.887,STOCK1,270.00,2010,350.00,1000
494.059,STOCK1,270.00,2010,450.00,460
494.230,STOCK2,135.00,100,187.00,10
500.563,STOCK2,135.00,100,170.00,2000
502.335,STOCK1,350.00,1000,450.00,460
506.494,STOCK2,140.00,1000,170.00,2000
507.176,STOCK2,140.00,1000,170.00,1000
507.197,STOCK1,350.00,1000,440.00,500
508.215,STOCK2,140.00,999,170.00,1000
508.908,STOCK1,350.00,1000,400.00,1000
509.546,STOCK2,140.00,999,187.00,10
512.075,STOCK1,350.00,1000,400.00,2000
512.985,STOCK2,140.00,999,155.00,1000
514.977,STOCK2,140.00,999,187.00,10
515.761,STOCK2,140.00,999,150.00,2000
517.524,STOCK1,350.00,1000,380.00,10
519.064,STOCK1,350.00,1000,360.00,1000
519.749,STOCK1,270.00,2010,360.00,1000
520.084,STOCK1,280.00,1000,360.00,1000
522.299,STOCK2,140.00,999,150.00,1000
522.585,STOCK1,280.00,2000,360.00,1000
525.813,STOCK1,280.00,1000,360.00,1000
526.681,STOCK2,131.00,599,150.00,1000
526.772,STOCK1,280.00,1000,350.00,1000
528.566,STOCK2,131.00,599,150.00,3000
528.629,STOCK1,280.00,1000,350.00,1010
532.040,STOCK1,280.00,1000,300.00,1000
532.110,STOCK1,280.00,1000,300.00,2000
535.900,STOCK2,131.00,599,150.00,2000
535.920,STOCK1,280.00,1000,300.00,2040
538.539,STOCK2,140.00,2000,150.00,2000
544.311,STOCK1,270.00,510,300.00,2040
544.373,STOCK1,266.00,600,300.00,2040
545.461,STOCK2,140.00,2000,149.00,100
548.344,STOCK1,265.00,2100,300.00,2040
549.296,STOCK1,261.00,900,300.00,2040
550.014,STOCK1,260.00,3400,300.00,2040
550.922,STOCK1,260.00,900,300.00,2040
553.619,STOCK1,260.00,900,299.00,500
554.346,STOCK1,260.00,1900,299.00,500
557.707,STOCK1,260.00,1000,299.00,500
559.085,STOCK1,260.00,1000,299.00,200
560.296,STOCK1,260.00,1000,280.00,1000
564.657,STOCK1,250.00,2000,280.00,1000
566.889,STOCK1,250.00,2000,270.00,2000
569.734,STOCK1,255.00,500,270.00,2000
570.556,STOCK1,255.00,500,270.00,1000
571.116,STOCK1,255.00,500,279.00,5000
571.299,STOCK2,140.00,2000,150.00,2000
575.084,STOCK1,255.00,500,270.00,1000
577.143,STOCK2,145.00,1000,150.00,2000
577.174,STOCK1,257.00,1000,270.00,1000
577.794,STOCK2,145.00,1000,150.00,1000
579.235,STOCK1,260.00,2000,270.00,1000
582.383,STOCK2,145.00,1000,180.00,20
583.018,STOCK1,260.00,2000,270.00,3000
586.667,STOCK2,145.00,1000,180.00,1020
587.315,STOCK2,145.00,1000,180.00,2020
591.982,STOCK2,145.00,2000,180.00,2020
596.548,STOCK2,145.00,2000,179.00,1000
596.669,STOCK2,145.00,2000,180.00,2020
596.840,STOCK2,145.00,2000,180.00,1020
597.124,STOCK1,260.00,2000,269.00,5000
599.642,STOCK2,145.00,2000,170.00,2000
600.960,STOCK2,145.00,2000,170.00,1000
601.963,STOCK1,260.00,2000,269.00,4000
605.288,STOCK1,260.00,2000,265.00,1000
605.515,STOCK1,260.00,2000,269.00,4000
605.930,STOCK2,145.00,2000,170.00,1040
607.218,STOCK1,262.00,500,269.00,4000
610.185,STOCK2,145.00,1000,170.00,1040
611.238,STOCK2,145.00,1000,146.00,1000
612.819,STOCK1,262.00,500,265.00,1000
615.256,STOCK1,262.00,500,269.00,4000
618.879,STOCK1,262.00,500,264.00,5000
620.662,STOCK2,145.00,1000,170.00,1040
622.856,STOCK1,262.00,500,264.00,4600
623.316,STOCK2,145.00,1000,170.00,40
623.904,STOCK1,262.00,500,264.00,4200
625.782,STOCK2,140.00,2000,170.00,40
626.440,STOCK1,262.00,500,264.00,3800
626.581,STOCK1,262.00,500,264.00,3400
626.753,STOCK1,262.00,500,264.00,3000
626.905,STOCK1,262.00,500,264.00,2600
628.148,STOCK2,140.00,2000,170.00,2040
628.178,STOCK2,146.00,100,170.00,2040
629.578,STOCK2,146.00,100,170.00,4040
630.021,STOCK2,146.00,100,160.00,2000
633.888,STOCK1,262.00,500,265.00,40
634.265,STOCK1,262.00,500,270.00,2040
637.399,STOCK1,262.00,500,265.00,1000
638.306,STOCK1,263.00,1000,265.00,1000
640.548,STOCK2,150.00,1000,160.00,2000
641.004,STOCK2,150.00,1000,155.00,100
641.215,STOCK2,150.00,2000,155.00,100
641.901,STOCK2,150.00,3000,155.00,100
650.974,STOCK1,263.00,1000,264.00,700
655.335,STOCK2,150.00,3000,159.00,1000
655.923,STOCK2,152.00,1000,159.00,1000
656.368,STOCK2,152.00,1500,159.00,1000
660.350,STOCK1,263.00,1000,265.00,2000
661.919,STOCK1,263.00,1000,265.00,1000
662.336,STOCK2,152.00,1500,155.00,2000
663.561,STOCK1,263.00,1000,270.00,2040
664.171,STOCK2,152.00,1500,155.00,4000
664.515,STOCK2,152.00,1500,155.00,3000
666.044,STOCK1,263.00,1000,270.00,1040
667.420,STOCK2,152.00,1500,155.00,5000
668.077,STOCK1,263.00,1000,269.00,700
668.283,STOCK1,263.00,1000,270.00,740
669.807,STOCK2,152.00,500,155.00,5000
670.674,STOCK2,150.00,2500,155.00,5000
670.750,STOCK2,132.00,1000,155.00,5000
670.811,STOCK1,264.00,300,270.00,740
673.223,STOCK1,264.00,300,280.00,740
673.375,STOCK2,131.00,599,155.00,5000
674.883,STOCK1,265.00,2000,280.00,740
675.483,STOCK1,265.00,4000,280.00,740
676.189,STOCK1,265.00,6000,280.00,740
678.698,STOCK2,133.00,500,155.00,5000
680.193,STOCK1,265.00,6000,279.00,1000
680.921,STOCK2,133.00,500,150.00,1000
682.501,STOCK2,131.00,99,150.00,1000
682.663,STOCK1,266.00,1000,279.00,1000
684.157,STOCK1,266.00,6000,279.00,1000
685.059,STOCK2,132.00,1000,150.00,1000
685.683,STOCK1,266.00,7000,279.00,1000
686.118,STOCK2,131.00,99,150.00,1000
688.544,STOCK2,131.00,99,148.00,500
692.607,STOCK1,270.00,2000,279.00,1000
694.510,STOCK2,131.00,99,144.00,2000
694.752,STOCK2,131.00,99,144.00,4000
697.367,STOCK2,130.00,4199,144.00,4000
707.778,STOCK1,270.00,2000,279.00,700
708.546,STOCK2,130.00,4199,140.00,1000
709.042,STOCK2,130.00,4199,140.00,2000
709.357,STOCK2,130.00,4199,140.00,3000
709.407,STOCK2,130.00,3199,140.00,3000
710.014,STOCK1,270.00,2000,280.00,440
710.239,STOCK2,130.00,3199,140.00,4000
710.875,STOCK1,270.00,2000,295.00,440
714.785,STOCK1,272.00,5000,295.00,440
715.475,STOCK2,130.00,2199,140.00,4000
716.032,STOCK1,272.00,5000,278.00,1000
718.393,STOCK2,130.00,2199,140.00,3000
718.749,STOCK1,272.00,5000,295.00,440
720.792,STOCK2,130.00,1199,140.00,3000
722.795,STOCK2,130.00,1199,139.00,1000
723.252,STOCK1,272.00,5000,290.00,1000
723.869,STOCK2,130.00,1199,139.00,5000
725.027,STOCK1,272.00,4000,290.00,1000
726.526,STOCK2,130.00,1000,139.00,5000
727.679,STOCK1,272.00,4000,295.00,440
728.511,STOCK2,130.00,1000,135.00,2000
731.140,STOCK1,275.00,5000,295.00,440
731.997,STOCK2,130.00,1000,135.00,1000
732.268,STOCK1,275.00,7500,295.00,440
736.491,STOCK2,128.00,4199,135.00,1000
736.816,STOCK1,275.00,7500,290.00,1000
736.999,STOCK2,128.00,4199,133.00,1000
737.009,STOCK1,280.00,500,290.00,1000
740.402,STOCK1,280.00,500,290.00,1010
740.718,STOCK2,128.00,4199,132.00,2000
741.237,STOCK1,285.00,2000,290.00,1010
752.111,STOCK1,285.00,2000,290.00,10
752.190,STOCK2,130.00,3000,132.00,2000
755.963,STOCK2,130.00,3000,130.01,1000
757.540,STOCK2,130.00,3000,132.00,2000
757.851,STOCK2,128.00,4199,132.00,2000
758.265,STOCK2,129.00,1000,132.00,2000
763.799,STOCK2,128.00,4199,132.00,2000
764.441,STOCK2,128.00,4199,134.00,4000
764.887,STOCK2,128.00,4199,134.00,3000
766.025,STOCK2,128.00,4199,130.00,3000
768.666,STOCK2,128.00,4199,130.00,2000
769.425,STOCK1,285.00,2000,290.00,510
770.527,STOCK2,128.00,4199,130.00,1000
773.145,STOCK2,128.00,3799,130.00,1000
773.528,STOCK2,128.00,3798,130.00,1000
773.714,STOCK2,128.00,3798,129.99,1000
775.658,STOCK2,128.00,3398,129.99,1000
777.024,STOCK2,128.00,2998,129.99,1000
779.193,STOCK2,128.00,1000,129.99,1000
781.635,STOCK2,128.00,1000,130.00,1060
783.469,STOCK2,128.00,1000,130.00,60
784.107,STOCK1,285.00,2000,290.00,1510
786.539,STOCK2,128.00,1000,134.00,2060
795.177,STOCK2,128.00,1000,133.00,11
798.776,STOCK2,125.00,3400,133.00,11
799.343,STOCK2,125.00,3400,132.00,1000
806.212,STOCK2,125.00,3400,130.00,2000
806.535,STOCK2,126.00,500,130.00,2000
809.754,STOCK2,126.00,500,133.00,11
813.858,STOCK2,126.00,500,129.00,1000
815.145,STOCK2,127.00,1000,129.00,1000
816.156,STOCK1,285.00,500,290.00,1510
816.590,STOCK2,127.00,1000,130.00,1000
818.058,STOCK1,285.00,500,290.00,510
818.608,STOCK1,285.00,500,298.70,450
819.097,STOCK1,285.00,500,299.00,850
819.582,STOCK1,285.00,500,300.00,2450
827.524,STOCK1,285.00,500,300.00,1950
828.345,STOCK1,285.00,500,300.00,2950
828.739,STOCK2,125.00,2900,130.00,1000
829.505,STOCK1,285.00,500,295.00,1500
831.456,STOCK1,290.00,1000,295.00,1500
835.715,STOCK1,290.00,1000,300.00,2950
836.118,STOCK1,290.00,1000,294.00,1000
837.544,STOCK2,125.00,2900,132.00,1000
837.936,STOCK2,125.00,2900,133.00,11
838.363,STOCK2,125.00,2900,134.00,1071
840.096,STOCK1,285.00,500,294.00,1000
842.407,STOCK1,285.00,500,293.00,1000
842.438,STOCK1,285.00,500,290.00,1000
842.932,STOCK1,273.00,1500,290.00,1000
844.003,STOCK1,274.00,2000,290.00,1000
849.245,STOCK1,274.00,2000,289.00,500
850.235,STOCK2,126.00,10,134.00,1071
851.265,STOCK2,125.00,2410,134.00,1071
855.103,STOCK1,274.00,2000,290.00,500
855.327,STOCK1,274.00,2000,288.00,1000
856.420,STOCK1,274.00,2000,288.00,2000
858.068,STOCK1,275.00,2000,288.00,2000
858.120,STOCK2,125.00,2410,133.00,10
858.731,STOCK2,125.00,2410,133.00,510
867.977,STOCK1,275.00,4000,288.00,2000
868.178,STOCK2,125.00,400,133.00,510
870.402,STOCK2,125.00,400,132.00,1000
874.092,STOCK2,125.00,400,131.00,10
875.656,STOCK2,125.00,400,130.00,2000
875.718,STOCK2,125.00,300,130.00,2000
876.093,STOCK1,275.00,4000,280.00,1000
878.933,STOCK1,275.00,4000,280.00,2000
879.074,STOCK2,125.00,300,130.00,3000
880.532,STOCK2,125.00,300,130.00,2000
885.006,STOCK1,275.00,4000,280.00,1000
886.691,STOCK2,125.00,300,130.00,2100
897.945,STOCK1,275.00,8000,280.00,1000
897.985,STOCK1,275.00,8000,279.00,1000
899.405,STOCK2,125.00,300,129.00,1002
901.142,STOCK1,275.00,8000,280.00,1000
901.606,STOCK2,121.00,1500,129.00,1002
901.678,STOCK1,275.00,8000,285.00,1000
901.809,STOCK2,121.00,1500,129.00,2
902.644,STOCK2,121.00,1500,126.00,10
902.981,STOCK1,280.00,5000,285.00,1000
904.201,STOCK1,280.00,5000,288.00,2000
906.255,STOCK2,121.00,1500,125.00,100
908.152,STOCK2,121.00,1200,125.00,100
908.691,STOCK2,121.00,700,125.00,100
910.101,STOCK1,285.00,1000,288.00,2000
910.532,STOCK2,121.00,400,125.00,100
910.612,STOCK2,121.00,400,125.00,1100
911.178,STOCK1,285.00,2000,288.00,2000
911.480,STOCK2,121.00,400,124.00,2000
912.168,STOCK2,121.00,100,124.00,2000
913.922,STOCK1,285.00,2000,288.00,1000
915.761,STOCK2,120.00,1800,124.00,2000
920.475,STOCK1,285.00,2500,288.00,1000
923.180,STOCK2,120.00,1800,125.00,100
925.589,STOCK2,121.00,1000,125.00,100
926.929,STOCK2,121.00,1000,129.00,2
927.489,STOCK2,121.00,1000,122.00,10
928.979,STOCK1,285.00,1500,288.00,1000
931.090,STOCK1,285.00,500,288.00,1000
931.915,STOCK2,121.00,1000,130.00,2012
933.674,STOCK2,121.00,1500,130.00,2012
936.644,STOCK2,121.00,1500,125.00,2000
937.583,STOCK2,121.00,2500,125.00,2000
941.285,STOCK1,280.00,4800,288.00,1000
943.461,STOCK1,280.00,4800,285.00,1000
948.256,STOCK2,121.00,2500,125.00,1500
955.553,STOCK1,280.00,4800,284.00,3000
957.608,STOCK1,280.00,4800,281.00,1000
957.789,STOCK2,121.00,2500,125.00,500
961.492,STOCK2,121.00,2500,130.00,3012
964.092,STOCK2,121.00,1500,130.00,3012
968.623,STOCK2,121.00,1500,128.00,2000
969.577,STOCK2,122.00,5000,128.00,2000
976.281,STOCK2,123.00,1000,128.00,2000
978.626,STOCK1,280.00,4800,281.00,500
979.477,STOCK1,280.00,4800,283.00,1000
981.245,STOCK2,123.00,1000,128.00,1000
982.916,STOCK2,123.00,1000,127.99,1000
983.137,STOCK2,123.00,1000,127.00,1000
993.239,STOCK1,280.00,3800,283.00,1000
994.323,STOCK2,122.00,5000,127.00,1000
996.293,STOCK2,122.00,5000,125.00,1000
997.242,STOCK2,122.10,1000,125.00,1000
999.003,STOCK1,280.00,3800,283.50,300
1000.784,STOCK1,280.00,3800,284.00,2300
1001.769,STOCK1,280.00,3800,284.00,1300
1002.822,STOCK1,280.00,3800,284.00,300
1003.273,STOCK1,280.00,3800,285.00,1300
1003.809,STOCK1,280.00,3800,285.00,300
1006.589,STOCK1,280.00,3810,285.00,300
1006.749,STOCK1,280.00,3810,288.00,800
1007.025,STOCK1,280.00,3810,288.00,500
1007.188,STOCK1,280.00,3810,290.00,2000
1008.899,STOCK1,280.00,3810,290.00,1000
1010.664,STOCK1,280.00,3810,298.90,100
1012.322,STOCK1,280.00,3810,299.00,100
1013.401,STOCK1,280.00,4060,299.00,100
1017.469,STOCK1,280.00,3810,299.00,100
1022.228,STOCK2,122.00,5000,125.00,1000
1022.889,STOCK2,122.00,4000,125.00,1000
1022.969,STOCK2,122.00,4000,124.00,5000
1023.546,STOCK2,122.00,3000,124.00,5000
1024.358,STOCK2,122.00,2000,124.00,5000
1025.018,STOCK2,122.00,1000,124.00,5000
1025.716,STOCK2,121.00,500,124.00,5000
1026.089,STOCK1,282.00,10,299.00,100
1027.537,STOCK1,282.00,10,299.00,1100
1028.884,STOCK2,120.00,1300,124.00,5000
1031.101,STOCK1,283.00,250,299.00,1100
1031.404,STOCK2,120.00,1300,124.00,4000
1032.249,STOCK1,283.00,250,295.00,2000
1032.269,STOCK2,120.00,1300,124.00,3000
1033.671,STOCK2,120.00,1300,122.00,4000
1033.752,STOCK1,284.00,500,295.00,2000
1033.894,STOCK2,116.00,2200,122.00,4000
1037.176,STOCK1,280.00,6570,295.00,2000
1041.411,STOCK2,120.00,2500,122.00,4000
1043.901,STOCK1,280.00,6570,290.00,10
1044.438,STOCK2,117.00,500,122.00,4000
1044.619,STOCK1,282.00,250,290.00,10
1045.117,STOCK1,282.00,500,290.00,10
1045.268,STOCK1,282.00,750,290.00,10
1045.399,STOCK1,282.00,1000,290.00,10
1045.480,STOCK1,282.00,1000,290.00,1010
1045.551,STOCK1,282.00,1250,290.00,1010
1045.783,STOCK1,282.00,1500,290.00,1010
1045.834,STOCK1,282.00,1750,290.00,1010
1045.986,STOCK1,282.00,2000,290.00,1010
1046.138,STOCK1,282.00,2250,290.00,1010
1046.300,STOCK1,282.00,2500,290.00,1010
1046.530,STOCK2,117.00,500,120.00,2500
1046.690,STOCK2,117.00,500,120.00,4500
1047.010,STOCK2,117.00,500,120.00,4470
1049.185,STOCK2,117.00,500,120.00,6970
1049.591,STOCK2,116.00,1700,120.00,6970
1050.290,STOCK2,116.00,2700,120.00,6970
1050.830,STOCK1,285.00,500,290.00,1010
1051.035,STOCK1,285.00,1000,290.00,1010
1051.155,STOCK1,285.00,1500,290.00,1010
1051.295,STOCK1,285.00,2000,290.00,1010
1051.429,STOCK1,285.00,2500,290.00,1010
1051.571,STOCK1,285.00,3000,290.00,1010
1051.711,STOCK1,285.00,3500,290.00,1010
1053.116,STOCK2,116.00,2700,119.00,2500
1053.860,STOCK1,285.00,3500,288.00,10
1056.020,STOCK1,286.00,250,288.00,10
1056.170,STOCK1,286.00,500,288.00,10
1056.331,STOCK1,286.00,750,288.00,10
1056.502,STOCK1,286.00,1000,288.00,10
1056.817,STOCK1,286.00,1250,288.00,10
1058.036,STOCK1,286.00,1500,288.00,10
1058.218,STOCK1,286.00,1500,290.00,10
1061.000,STOCK1,286.00,500,290.00,10
1061.973,STOCK2,116.00,1700,119.00,2500
1063.630,STOCK1,287.00,500,290.00,10
1063.793,STOCK1,287.00,1000,290.00,10
1063.945,STOCK1,287.00,1500,290.00,10
1064.107,STOCK1,287.00,2000,290.00,10
1065.877,STOCK1,289.00,1000,290.00,10
1069.008,STOCK1,287.00,2000,290.00,10
1073.692,STOCK2,116.00,1700,119.01,1000
1075.384,STOCK1,287.00,2000,289.00,500
1075.836,STOCK2,116.00,1700,119.00,1000
1077.760,STOCK1,287.00,2000,289.00,1500
1082.427,STOCK2,116.00,1700,119.00,2000
1083.273,STOCK2,116.00,1700,117.00,4000
1083.523,STOCK2,116.00,1700,117.00,3500
1084.549,STOCK1,287.00,2000,289.00,500
1085.618,STOCK2,116.00,1700,117.00,3000
1086.214,STOCK2,116.00,1700,117.00,2500
1086.417,STOCK1,287.00,2000,295.00,1510
1088.767,STOCK2,116.00,1700,117.00,2000
1088.896,STOCK2,116.00,1700,117.00,1500
1089.427,STOCK2,116.00,1700,117.00,1000
1089.920,STOCK2,116.00,1700,117.00,500
1090.285,STOCK2,116.00,1700,117.00,5500
1090.346,STOCK1,287.00,1500,295.00,1510
1090.498,STOCK2,116.00,1700,117.00,5000
1092.486,STOCK2,116.00,700,117.00,5000
1093.504,STOCK2,115.50,1700,117.00,5000
1095.741,STOCK2,115.50,700,117.00,5000
1098.069,STOCK1,287.50,250,295.00,1510
1098.955,STOCK1,287.50,250,294.00,1000
1099.866,STOCK2,115.00,5700,117.00,5000
1100.098,STOCK1,287.50,500,294.00,1000
1104.452,STOCK2,115.00,5700,117.00,5100
1105.681,STOCK2,116.00,1000,117.00,5100
1107.549,STOCK2,116.00,1000,117.00,100
1111.561,STOCK1,287.50,500,293.00,1500
1113.943,STOCK2,116.00,1000,118.00,4630
1115.585,STOCK2,116.00,1000,118.00,5630
1117.444,STOCK2,116.00,1000,117.00,1000
1118.703,STOCK2,115.00,5700,117.00,1000
1120.641,STOCK2,115.00,5200,117.00,1000
1121.421,STOCK2,115.00,4700,117.00,1000
1122.130,STOCK2,115.00,4700,117.00,700
1122.637,STOCK2,115.00,3700,117.00,700
1127.746,STOCK1,287.50,500,294.00,500
1129.551,STOCK1,287.50,500,295.00,1010
1129.903,STOCK2,115.00,3700,117.00,1700
1130.390,STOCK1,290.00,500,295.00,1010
1130.845,STOCK1,290.00,500,295.00,10
1131.208,STOCK2,115.00,3700,117.00,2700
1132.814,STOCK1,290.00,500,299.00,1110
1133.594,STOCK1,290.00,500,295.00,100
1135.267,STOCK2,115.00,1000,117.00,2700
1135.369,STOCK1,290.00,500,295.00,2100
1135.450,STOCK1,290.00,1000,295.00,2100
1136.957,STOCK1,291.00,500,295.00,2100
1137.109,STOCK1,291.00,1000,295.00,2100
1137.260,STOCK1,291.00,1500,295.00,2100
1137.391,STOCK1,291.00,2000,295.00,2100
1137.536,STOCK1,291.00,2500,295.00,2100
1137.576,STOCK2,115.00,1000,117.00,200
1137.676,STOCK1,291.00,3000,295.00,2100
1137.847,STOCK2,115.00,1000,118.00,5630
1140.908,STOCK2,112.50,500,118.00,5630
1143.071,STOCK2,112.50,500,118.00,5530
1143.696,STOCK2,111.00,100,118.00,5530
1144.000,STOCK2,111.00,100,118.00,5430
1146.203,STOCK1,291.50,500,295.00,2100
1146.812,STOCK2,110.00,4770,118.00,5430
1149.143,STOCK1,292.00,500,295.00,2100
1149.265,STOCK1,292.00,500,294.00,2000
1149.275,STOCK2,110.00,4770,117.00,500
1149.295,STOCK1,292.00,1000,294.00,2000
1149.457,STOCK1,292.00,1500,294.00,2000
1151.282,STOCK1,292.00,1800,294.00,2000
1151.538,STOCK2,110.00,4770,116.00,1000
1152.735,STOCK2,110.00,5770,116.00,1000
1152.848,STOCK2,110.00,6770,116.00,1000
1153.153,STOCK2,110.00,7770,116.00,1000
1154.376,STOCK1,292.10,300,294.00,2000
1155.463,STOCK1,291.00,1100,294.00,2000
1155.787,STOCK1,291.00,1100,292.00,5000
1156.533,STOCK1,291.00,1100,292.00,10000
1157.280,STOCK1,291.00,1100,292.00,11000
1157.372,STOCK1,291.00,1100,292.00,10900
1157.783,STOCK1,291.00,1100,292.00,10800
1158.843,STOCK1,291.00,1100,292.00,10700
1158.894,STOCK2,110.01,1000,116.00,1000
1159.562,STOCK2,111.00,3000,116.00,1000
1160.128,STOCK1,287.00,1100,292.00,10700
1160.301,STOCK1,287.00,1000,292.00,10700
1160.301,STOCK1,287.00,500,292.00,10700
1160.301,STOCK1,286.00,500,292.00,10700
1161.452,STOCK1,286.00,500,292.00,10600
1161.646,STOCK2,111.00,3300,116.00,1000
1162.192,STOCK1,286.00,500,292.00,9600
1165.545,STOCK1,286.00,500,292.00,6000
1167.037,STOCK2,113.00,1000,116.00,1000
1167.940,STOCK1,286.10,300,292.00,6000
1168.636,STOCK1,286.10,600,292.00,6000
1168.848,STOCK1,286.10,900,292.00,6000
1169.041,STOCK1,286.10,1200,292.00,6000
1171.431,STOCK2,113.00,1000,116.00,500
1171.472,STOCK2,113.00,2000,116.00,500
1171.946,STOCK2,113.00,2000,117.00,2000
1178.105,STOCK2,114.00,1000,117.00,2000
1180.140,STOCK2,115.00,1000,117.00,2000
1188.475,STOCK1,287.00,3500,292.00,6000
1190.004,STOCK2,115.00,1000,116.00,1000
1191.022,STOCK2,115.00,1000,116.00,2000
1191.930,STOCK1,287.00,3000,292.00,6000
1191.941,STOCK2,115.00,900,116.00,2000
1192.905,STOCK2,115.00,800,116.00,2000
1192.996,STOCK1,287.50,4000,292.00,6000
1193.738,STOCK2,115.00,700,116.00,2000
1194.787,STOCK2,115.00,600,116.00,2000
1195.534,STOCK2,115.00,500,116.00,2000
1195.966,STOCK2,115.00,400,116.00,2000
1196.107,STOCK2,115.00,300,116.00,2000
1196.247,STOCK2,115.00,200,116.00,2000
1196.399,STOCK2,115.00,100,116.00,2000
1196.429,STOCK2,114.00,1000,116.00,2000
1196.549,STOCK2,114.00,900,116.00,2000
1196.940,STOCK2,111.10,1000,116.00,2000
1199.947,STOCK1,288.00,1500,292.00,6000
1204.331,STOCK1,288.00,1500,291.00,1000
1206.734,STOCK1,288.00,1500,292.00,6000
1208.507,STOCK1,288.00,1500,290.50,4000
1208.916,STOCK2,112.00,900,116.00,2000
1210.424,STOCK1,288.00,2500,290.50,4000
1210.943,STOCK1,288.00,3500,290.50,4000
1211.155,STOCK1,288.00,3500,292.00,6000
1211.185,STOCK1,289.00,2000,292.00,6000
1213.924,STOCK1,289.00,2000,291.00,1000
1214.966,STOCK1,289.00,2000,290.50,1000
1216.881,STOCK2,111.10,900,116.00,2000
1220.293,STOCK2,111.10,800,116.00,2000
1221.243,STOCK2,111.10,700,116.00,2000
1222.053,STOCK2,111.10,600,116.00,2000
1222.264,STOCK2,111.10,500,116.00,2000
1232.573,STOCK2,111.10,500,115.00,3000
1232.999,STOCK2,112.10,250,115.00,3000
1233.323,STOCK2,111.00,3050,115.00,3000
1238.190,STOCK2,112.10,250,115.00,3000
1240.674,STOCK2,112.10,500,115.00,3000
1240.866,STOCK2,112.10,750,115.00,3000
1241.522,STOCK1,289.00,2000,290.40,1000
1243.108,STOCK2,112.10,750,115.00,2500
1250.351,STOCK1,289.00,1500,290.40,1000
1253.618,STOCK1,289.00,1500,291.00,1600
1260.908,STOCK1,289.00,1500,291.00,600
1263.839,STOCK1,289.00,1500,292.00,5600
1265.293,STOCK1,289.00,1500,292.00,4600
1265.777,STOCK1,289.00,1500,292.00,3600
1266.928,STOCK1,289.00,1500,292.00,2600
1266.989,STOCK1,289.00,1500,292.00,1600
1267.010,STOCK1,289.00,1500,292.00,600
1267.657,STOCK1,289.00,1500,294.95,600
1267.808,STOCK1,289.00,1500,297.50,200
1268.194,STOCK2,112.10,750,115.00,3500
1268.346,STOCK1,289.00,1500,299.00,310
1268.518,STOCK1,289.00,1500,300.00,2760
1269.208,STOCK1,289.00,1500,300.00,1760
1269.926,STOCK1,289.00,1500,300.00,1000
1270.181,STOCK1,289.00,1500,320.00,2000
1270.787,STOCK1,289.00,1500,320.00,1000
1271.031,STOCK1,289.00,1500,330.00,1000
1271.701,STOCK1,290.00,2000,330.00,1000
1272.168,STOCK1,292.00,5000,330.00,1000
1272.278,STOCK1,292.00,10000,330.00,1000
1272.613,STOCK1,292.00,15000,330.00,1000
1276.502,STOCK1,292.00,15000,300.00,2000
1277.312,STOCK1,293.00,2000,300.00,2000
1283.654,STOCK1,294.00,5000,300.00,2000
1283.815,STOCK1,294.00,5000,300.00,1000
1284.058,STOCK1,294.00,5000,310.00,1000
1284.268,STOCK1,294.00,5000,350.00,2500
1284.410,STOCK1,294.00,5000,320.00,300
1284.765,STOCK1,300.00,1000,320.00,300
1285.278,STOCK1,300.00,1000,350.00,1800
1285.987,STOCK1,300.00,1000,350.00,800
1287.146,STOCK1,300.00,1000,400.00,5800
1289.887,STOCK1,301.00,5000,400.00,5800
1290.108,STOCK1,301.00,5000,400.00,6800
1290.522,STOCK1,301.00,4000,400.00,6800
1290.856,STOCK1,301.00,4000,400.00,7300
1291.731,STOCK1,301.00,4000,350.00,1000
1291.964,STOCK1,305.00,1000,350.00,1000
1292.044,STOCK1,305.00,1000,350.00,2000
1292.803,STOCK1,305.00,1000,350.00,3000
1293.494,STOCK1,305.00,1000,350.00,2900
1293.750,STOCK1,305.00,1000,350.00,3900
1293.951,STOCK1,305.00,1000,350.00,4900
1297.306,STOCK1,301.00,4000,350.00,4900
1298.476,STOCK2,112.10,750,113.00,2000
1299.323,STOCK1,301.00,4000,340.00,100
1301.011,STOCK1,301.00,4000,350.00,4900
1303.432,STOCK1,315.00,10,350.00,4900
1304.353,STOCK1,315.00,10,340.00,100
1304.373,STOCK1,301.00,3010,340.00,100
1305.528,STOCK1,301.00,3010,340.00,3100
1306.275,STOCK1,301.00,3010,330.00,500
1308.994,STOCK1,301.00,3010,340.00,2500
1309.278,STOCK1,301.00,3010,329.00,1000
1309.721,STOCK1,301.00,3010,329.00,2000
1309.976,STOCK2,112.10,750,113.00,1000
1310.036,STOCK1,301.00,3010,320.00,10
1310.421,STOCK1,301.00,2010,320.00,10
1310.441,STOCK1,305.00,1000,320.00,10
1310.895,STOCK1,305.00,1000,320.00,3010
1311.490,STOCK2,112.10,750,112.11,1000
1311.925,STOCK1,305.00,1000,320.00,2010
1312.467,STOCK1,305.00,2000,320.00,2010
1312.955,STOCK1,305.00,2000,329.00,2000
1312.986,STOCK1,305.00,2000,320.00,100
1313.227,STOCK1,305.00,1000,320.00,100
1315.029,STOCK1,305.00,1000,328.00,100
1315.143,STOCK1,305.00,2000,328.00,100
1315.985,STOCK1,305.00,1000,328.00,100
1315.996,STOCK2,111.10,750,112.11,1000
1317.296,STOCK1,305.00,1000,329.00,1100
1318.567,STOCK1,305.00,2000,329.00,1100
1319.380,STOCK1,305.00,1000,329.00,1100
1321.369,STOCK1,305.00,1000,329.00,100
1321.862,STOCK1,310.00,10,329.00,100
1322.306,STOCK1,305.00,10,329.00,100
1322.431,STOCK1,310.00,1000,329.00,100
1323.163,STOCK1,310.00,1000,320.00,2000
1323.293,STOCK2,111.10,750,111.50,1000
1326.561,STOCK1,310.00,1000,315.00,10
1332.822,STOCK1,311.00,5000,315.00,10
1333.832,STOCK1,311.00,5500,315.00,10
1335.921,STOCK2,111.10,750,111.11,1000
1336.182,STOCK1,311.00,5500,320.00,1010
1336.509,STOCK1,311.00,5500,312.00,300
1338.878,STOCK1,311.00,4500,312.00,300
1341.638,STOCK1,311.00,4500,319.00,4300
1344.044,STOCK1,311.00,4500,319.00,3300
1344.396,STOCK1,318.00,1000,319.00,3300
1346.480,STOCK2,111.10,750,111.50,1000
1352.134,STOCK1,318.00,1000,319.00,2300
1352.306,STOCK2,111.10,750,112.11,1000
1352.936,STOCK1,318.00,1000,319.00,2400
1354.010,STOCK1,318.00,1000,319.00,1400
1354.082,STOCK1,318.00,1000,319.00,940
1357.871,STOCK1,318.00,1000,325.00,1350
1358.164,STOCK2,111.11,250,112.11,1000
1359.890,STOCK1,318.00,1000,319.00,100
1360.020,STOCK1,311.00,4500,319.00,100
1364.293,STOCK2,111.11,250,111.50,105
1365.296,STOCK1,315.00,1000,319.00,100
1365.764,STOCK1,317.00,1000,319.00,100
1368.411,STOCK2,111.11,250,112.11,1000
1369.844,STOCK1,318.00,1000,319.00,100
1371.089,STOCK2,111.11,250,111.12,1000
1378.330,STOCK2,111.11,250,111.12,2000
1382.113,STOCK1,317.00,1000,319.00,100
1384.656,STOCK1,317.00,1000,327.00,3000
1385.911,STOCK1,311.00,4500,327.00,3000
1386.558,STOCK1,313.00,1000,327.00,3000
1388.469,STOCK2,111.00,2050,111.12,2000
1389.430,STOCK2,111.00,1050,111.12,2000
1391.184,STOCK2,111.00,50,111.12,2000
1391.975,STOCK2,110.00,3350,111.12,2000
1392.766,STOCK2,110.00,2350,111.12,2000
1393.763,STOCK2,110.00,1350,111.12,2000
1394.099,STOCK1,313.00,1000,314.00,1000
1396.279,STOCK1,313.00,1000,314.00,2000
1397.528,STOCK2,110.00,350,111.12,2000
1398.174,STOCK2,107.00,350,111.12,2000
1399.168,STOCK2,100.00,4450,111.12,2000
1399.908,STOCK2,100.00,3450,111.12,2000
1400.041,STOCK2,100.00,3450,105.00,3000
1400.921,STOCK2,100.00,2450,105.00,3000
1400.973,STOCK2,100.00,1450,105.00,3000
1402.070,STOCK2,100.00,450,105.00,3000
1404.620,STOCK2,95.00,3050,105.00,3000
1406.445,STOCK2,95.00,2550,105.00,3000
1409.494,STOCK1,313.00,2000,314.00,2000
1409.881,STOCK2,95.00,2550,105.00,1000
1415.545,STOCK1,313.00,2000,314.00,1000
1417.946,STOCK2,96.00,1000,105.00,1000
1419.111,STOCK2,96.00,1000,104.00,5000
1422.762,STOCK1,313.00,2000,320.00,500
1423.585,STOCK2,96.00,1000,100.00,3000
1424.963,STOCK2,96.00,1000,100.00,6000
1425.964,STOCK1,318.00,1000,320.00,500
1426.992,STOCK2,96.00,1000,100.00,3000
1428.177,STOCK2,96.00,1000,100.00,2500
1431.855,STOCK1,315.00,1000,320.00,500
1432.212,STOCK2,96.00,1000,99.99,1000
1434.454,STOCK1,317.00,1000,320.00,500
1435.519,STOCK1,318.00,1000,320.00,500
1439.786,STOCK2,96.00,1000,99.99,2000
1441.027,STOCK2,95.00,2550,99.99,2000
1442.404,STOCK2,95.00,1550,99.99,2000
1442.525,STOCK1,319.00,1000,320.00,500
1444.634,STOCK2,95.00,550,99.99,2000
1446.306,STOCK2,95.00,550,98.00,500
1446.468,STOCK2,95.00,550,98.00,1000
1446.611,STOCK2,95.00,550,98.00,700
1446.622,STOCK2,95.00,550,98.00,1200
1447.005,STOCK1,319.00,1650,320.00,500
1447.720,STOCK2,95.00,550,98.00,1700
1447.945,STOCK2,95.00,550,98.00,1400
1449.428,STOCK2,95.00,550,98.00,1100
1450.900,STOCK2,95.00,550,98.00,800
1452.609,STOCK2,95.00,550,97.99,1000
1452.630,STOCK2,95.00,550,98.00,800
1452.907,STOCK2,91.00,150,98.00,800
1453.668,STOCK2,91.00,150,98.00,500
1455.563,STOCK1,319.10,650,320.00,500
1458.494,STOCK2,91.00,150,97.99,1000
1459.412,STOCK2,91.00,150,100.00,1000
1460.715,STOCK1,319.10,650,320.00,2500
1461.893,STOCK2,91.00,150,104.00,2000
1462.745,STOCK2,91.00,150,111.12,2000
1463.415,STOCK2,91.00,150,116.00,1020
1464.047,STOCK2,91.00,150,118.00,2450
1464.564,STOCK2,91.00,150,119.00,1000
1464.819,STOCK2,100.00,1000,119.00,1000
1466.399,STOCK1,319.10,650,320.00,1500
1468.793,STOCK2,100.00,1000,118.00,1000
1470.106,STOCK2,100.00,1000,118.00,2000
1470.579,STOCK1,319.10,650,320.00,500
1470.741,STOCK2,100.00,1000,118.00,3000
1471.396,STOCK2,100.00,1000,118.00,4000
1472.034,STOCK2,100.00,1000,118.00,5000
1472.074,STOCK2,91.00,150,118.00,5000
1472.485,STOCK1,319.10,650,322.00,400
1473.302,STOCK2,91.00,150,118.00,6000
1473.436,STOCK1,319.00,650,322.00,400
1473.859,STOCK2,91.00,150,118.00,11000
1474.175,STOCK2,91.00,150,118.00,12000
1474.447,STOCK2,105.00,10,118.00,12000
1474.862,STOCK2,105.00,10,117.00,500
1477.107,STOCK2,105.00,10,115.00,3000
1477.737,STOCK1,319.00,150,322.00,400
1479.539,STOCK2,91.00,10,115.00,3000
1480.217,STOCK1,319.00,1150,322.00,400
1480.388,STOCK2,91.01,1000,115.00,3000
1482.239,STOCK2,91.01,2000,115.00,3000
1482.361,STOCK2,91.01,2000,110.00,500
1484.387,STOCK1,319.00,1150,322.00,500
1484.560,STOCK2,91.01,3000,110.00,500
1484.751,STOCK2,92.00,5000,110.00,500
1485.339,STOCK2,92.00,5000,110.00,510
1486.087,STOCK2,92.00,5000,109.00,1000
1486.268,STOCK2,92.00,5000,109.00,2000
1486.409,STOCK2,92.00,5000,109.00,3000
1486.856,STOCK2,92.00,5000,109.00,4000
1487.007,STOCK2,92.00,5000,109.00,5000
1487.153,STOCK2,92.00,5000,109.00,6000
1487.477,STOCK1,319.00,150,322.00,500
1488.426,STOCK1,319.00,150,321.00,2000
1489.591,STOCK1,312.00,150,321.00,2000
1490.376,STOCK2,93.00,1000,109.00,6000
1490.518,STOCK2,95.00,2500,109.00,6000
1491.793,STOCK2,95.00,2500,108.00,3000
1493.293,STOCK1,312.00,150,320.00,1000
1494.715,STOCK2,96.00,500,108.00,3000
1494.856,STOCK2,96.00,500,107.00,10
1494.989,STOCK2,96.00,500,107.00,1010
1495.129,STOCK2,96.00,500,107.00,2010
1497.830,STOCK1,312.00,150,315.00,5000
1501.567,STOCK2,96.00,500,105.00,5000
1501.934,STOCK2,96.00,500,105.00,6000
1501.974,STOCK2,96.00,500,105.00,5000
1503.595,STOCK1,311.00,4500,315.00,5000
1504.421,STOCK1,311.00,4500,314.00,1000
1505.267,STOCK1,311.00,4000,314.00,1000
1505.671,STOCK2,96.00,500,104.00,1000
1505.841,STOCK2,96.00,500,104.00,2000
1506.424,STOCK2,96.00,500,104.00,2500
1506.978,STOCK2,96.00,500,104.00,3000
1507.129,STOCK2,96.00,500,104.00,6000
1508.352,STOCK2,97.00,5000,104.00,6000
1511.937,STOCK1,311.00,5000,314.00,1000
1512.401,STOCK2,97.00,5000,104.00,11000
1517.072,STOCK2,97.00,6000,104.00,11000
1517.274,STOCK2,97.00,6000,103.00,3000
1518.260,STOCK2,97.20,2000,103.00,3000
1519.370,STOCK1,313.00,500,314.00,1000
1521.042,STOCK2,99.00,1000,103.00,3000
1521.214,STOCK2,99.00,2000,103.00,3000
1521.355,STOCK2,99.00,3000,103.00,3000
1522.752,STOCK2,99.00,4000,103.00,3000
1523.259,STOCK2,99.00,5000,103.00,3000
1523.642,STOCK1,313.00,500,314.00,2000
1524.607,STOCK2,99.00,5000,102.00,500
1525.586,STOCK2,99.00,5000,102.00,1000
1534.423,STOCK2,99.50,3000,102.00,1000
1535.995,STOCK2,99.50,2000,102.00,1000
1539.837,STOCK1,313.00,500,314.00,1000
1542.520,STOCK1,313.00,500,315.00,5000
1543.508,STOCK1,313.00,500,315.00,4000
1544.237,STOCK1,313.00,500,315.00,3000
1544.908,STOCK1,312.00,2000,315.00,3000
1544.978,STOCK1,312.00,2000,315.00,2000
1545.798,STOCK1,312.00,2000,315.00,1000
1546.592,STOCK1,312.00,2000,322.00,500
1547.005,STOCK1,312.00,2000,327.00,3000
1548.429,STOCK1,325.00,1000,327.00,3000
1552.958,STOCK1,325.00,1000,326.00,1000
1553.820,STOCK2,99.50,2000,102.00,500
1554.073,STOCK2,99.50,2000,100.00,1000
1554.448,STOCK1,325.00,1000,326.00,500
1554.882,STOCK1,312.00,2000,326.00,500
1555.399,STOCK1,312.00,2000,326.00,800
1555.507,STOCK1,312.00,2000,340.00,660
1555.648,STOCK1,312.00,2000,340.00,160
1555.761,STOCK1,312.00,2000,349.00,160
1556.374,STOCK1,312.00,2000,350.00,2560
1556.909,STOCK1,312.00,2000,350.00,1560
1558.260,STOCK1,312.00,1000,350.00,1560
1560.021,STOCK1,312.00,1000,320.00,100
1560.434,STOCK1,315.00,1000,320.00,100
1564.847,STOCK1,315.00,1000,350.00,1500
1566.303,STOCK2,99.50,2000,99.51,500
1567.040,STOCK1,315.00,1000,320.00,1000
1567.980,STOCK1,315.00,1000,320.00,1100
1568.021,STOCK1,315.00,1000,320.00,2100
1570.000,STOCK1,312.00,1000,320.00,2100
1570.000,STOCK1,312.00,1000,320.00,1100
1570.000,STOCK1,312.00,1000,320.00,100
1574.130,STOCK2,99.50,1000,99.51,500
1575.526,STOCK1,312.00,1000,339.90,1000
1576.033,STOCK1,320.00,5000,339.90,1000
1576.557,STOCK1,320.00,6000,339.90,1000
1576.701,STOCK1,320.00,6000,335.00,3000
1576.761,STOCK2,97.21,1000,99.51,500
1576.803,STOCK1,320.00,6000,330.00,500
1578.446,STOCK1,320.00,1000,330.00,500
1580.620,STOCK2,97.21,1000,98.00,10
1581.765,STOCK1,325.00,1000,330.00,500
1582.330,STOCK1,325.00,1000,335.00,2500
1583.474,STOCK1,325.00,1000,335.00,1500
1587.240,STOCK1,325.00,1000,335.00,2500
1589.695,STOCK1,320.00,1000,335.00,2500
1589.816,STOCK2,97.21,1000,102.00,410
1594.714,STOCK1,320.00,1000,325.00,100
1596.402,STOCK2,97.21,1000,100.00,3000
1596.452,STOCK1,320.00,1000,335.00,1600
1597.210,STOCK2,97.50,3000,100.00,3000
1598.411,STOCK1,320.00,1000,330.00,1000
1598.421,STOCK1,320.00,1000,325.00,100
1600.767,STOCK2,98.00,5000,100.00,3000
1606.852,STOCK2,98.00,5000,99.90,1000
1607.801,STOCK2,98.00,5000,99.90,2000
1608.216,STOCK1,320.00,1000,330.00,1000
1609.371,STOCK1,320.00,1000,324.00,5000
1610.004,STOCK1,320.00,1000,324.00,4000
1613.962,STOCK2,98.50,3000,99.90,2000
1616.721,STOCK1,320.00,1000,324.00,1000
1617.438,STOCK1,320.00,1000,330.00,1200
1618.466,STOCK1,320.00,1000,322.00,500
1619.100,STOCK2,98.51,5000,99.90,2000
1624.152,STOCK1,320.00,1000,321.00,500
1625.663,STOCK1,320.00,1000,322.00,500
1626.569,STOCK1,320.00,1000,330.00,1200
1629.315,STOCK2,98.53,2000,99.90,2000
1634.882,STOCK1,320.00,1000,328.00,100
1635.422,STOCK1,321.00,1000,328.00,100
1635.522,STOCK1,321.00,1000,328.00,200
1635.646,STOCK1,321.00,1000,328.00,1900
1636.918,STOCK2,98.55,5000,99.90,2000
1639.526,STOCK1,321.00,1000,327.00,1700
1643.456,STOCK1,321.00,6000,327.00,1700
1644.519,STOCK2,99.00,3000,99.90,2000
1647.497,STOCK1,321.00,6000,326.00,100
1647.638,STOCK1,321.00,6000,326.00,200
1651.179,STOCK1,321.00,6000,326.00,700
1652.835,STOCK1,322.00,1000,326.00,700
1657.744,STOCK2,99.89,5000,99.90,2000
1659.206,STOCK1,322.01,1000,326.00,700
1660.861,STOCK1,322.01,1000,325.00,100
1661.383,STOCK1,322.01,1000,325.00,200
1663.230,STOCK2,99.00,3000,99.90,2000
1665.155,STOCK1,322.01,1000,324.00,1700
1666.478,STOCK2,98.53,1500,99.90,2000
1668.756,STOCK2,97.00,3510,99.90,2000
1671.785,STOCK2,97.00,3500,99.90,2000
1672.130,STOCK1,322.01,900,324.00,1700
1673.014,STOCK1,322.01,900,323.00,250
1673.710,STOCK2,95.00,1500,99.90,2000
1674.420,STOCK2,99.80,300,99.90,2000
1676.537,STOCK2,99.80,100,99.90,2000
1677.418,STOCK2,95.00,1500,99.90,2000
1678.627,STOCK1,322.01,900,324.00,950
1679.691,STOCK1,322.01,900,325.00,200
1681.107,STOCK2,95.00,1500,99.80,300
1681.524,STOCK2,95.00,1500,98.00,5000
1681.798,STOCK2,95.00,1000,98.00,5000
1682.826,STOCK1,322.01,900,340.00,2500
1682.919,STOCK1,322.01,900,324.00,200
1685.832,STOCK2,95.00,1000,98.00,4500
1687.981,STOCK2,95.00,500,98.00,4500
1688.429,STOCK1,322.00,900,324.00,200
1690.544,STOCK1,322.00,900,335.00,900
1690.899,STOCK2,94.00,10,98.00,4500
1692.194,STOCK1,321.00,4900,335.00,900
1692.951,STOCK1,321.00,4900,334.00,10
1693.802,STOCK2,92.00,2010,98.00,4500
1694.742,STOCK1,321.00,4900,340.00,2410
1695.085,STOCK1,321.00,4900,324.00,250
1696.716,STOCK2,90.50,10,98.00,4500
1696.976,STOCK1,321.00,4900,324.00,150
1697.921,STOCK2,90.50,10,97.00,2000
1699.163,STOCK2,90.00,1110,97.00,2000
1699.325,STOCK2,90.00,1110,97.00,3000
1699.589,STOCK1,321.00,4900,333.00,200
1700.336,STOCK2,90.00,1110,97.00,8000
1700.395,STOCK2,1.00,140,97.00,8000
1700.456,STOCK1,321.00,4900,340.00,1700
1702.044,STOCK1,321.00,3900,340.00,1700
1703.124,STOCK1,325.00,2000,340.00,1700
1703.997,STOCK2,1.00,140,97.00,7500
1704.406,STOCK1,325.00,2000,340.00,1000
1704.853,STOCK1,325.00,2000,349.00,2000
1704.923,STOCK2,1.00,140,97.00,2500
1706.633,STOCK1,325.00,1000,349.00,2000
1707.466,STOCK2,70.00,500,97.00,2500
1708.343,STOCK1,325.00,1000,349.00,1000
1708.868,STOCK1,325.00,1000,347.00,200
1709.190,STOCK1,325.00,1000,349.00,200
1709.853,STOCK1,324.00,1000,349.00,200
1710.178,STOCK1,324.00,1000,350.00,700
1710.290,STOCK1,329.00,1000,350.00,700
1711.204,STOCK1,329.00,1000,348.00,250
1711.631,STOCK2,80.00,5000,97.00,2500
1712.248,STOCK1,329.00,1000,345.00,1000
1712.378,STOCK1,327.00,1000,345.00,1000
1714.302,STOCK1,327.00,1000,348.00,250
1714.878,STOCK1,330.00,1000,348.00,250
1716.242,STOCK1,331.00,1000,348.00,250
1716.343,STOCK1,330.00,1000,348.00,250
1716.727,STOCK2,81.00,1000,97.00,2500
1717.262,STOCK1,330.00,1000,347.00,200
1717.302,STOCK1,330.00,1000,345.00,1000
1717.979,STOCK1,330.00,1000,347.00,200
1718.284,STOCK2,81.00,1300,97.00,2500
1718.295,STOCK1,330.00,1000,340.00,500
1718.477,STOCK2,81.00,1600,97.00,2500
1718.617,STOCK1,331.00,2000,340.00,500
1719.729,STOCK1,331.00,3000,340.00,500
1720.917,STOCK1,331.00,2000,340.00,500
1722.381,STOCK1,331.00,2000,350.00,650
1723.557,STOCK2,81.00,1300,97.00,2500
1723.953,STOCK1,332.00,1000,350.00,650
1724.319,STOCK2,81.00,1000,97.00,2500
1724.450,STOCK1,331.00,2000,350.00,650
1724.679,STOCK1,332.00,1000,350.00,650
1726.240,STOCK1,332.00,2000,350.00,650
1726.332,STOCK1,332.00,2000,356.00,550
1726.582,STOCK1,332.00,2000,340.00,1000
1727.117,STOCK1,332.00,2000,340.00,2000
1727.369,STOCK1,332.00,1000,340.00,2000
1730.620,STOCK2,82.00,2000,97.00,2500
1731.967,STOCK1,335.00,1000,340.00,2000
1734.207,STOCK1,331.00,1000,340.00,2000
1734.218,STOCK2,83.00,5000,97.00,2500
1734.627,STOCK2,84.00,300,97.00,2500
1734.960,STOCK2,87.00,3000,97.00,2500
1735.354,STOCK1,321.00,3900,340.00,2000
1735.385,STOCK1,321.00,3900,339.00,1000
1736.114,STOCK1,321.00,2900,339.00,1000
1737.266,STOCK1,321.00,1900,339.00,1000
1738.324,STOCK1,321.00,900,339.00,1000
1738.364,STOCK2,88.00,2000,97.00,2500
1739.797,STOCK1,321.00,900,339.00,2000
1740.691,STOCK1,332.00,1000,339.00,2000
1741.949,STOCK1,332.00,500,339.00,2000
1742.141,STOCK2,90.00,5000,97.00,2500
1743.005,STOCK1,332.00,500,335.00,2000
1743.279,STOCK2,90.00,5000,95.00,3000
1744.180,STOCK2,90.00,10000,95.00,3000
1746.757,STOCK1,332.00,2500,335.00,2000
1747.034,STOCK1,332.00,500,335.00,2000
1747.198,STOCK2,90.00,10000,94.00,1000
1747.580,STOCK1,332.00,500,334.00,1000
1748.699,STOCK2,90.00,5000,94.00,1000
1749.133,STOCK2,90.00,5000,94.00,2000
1749.345,STOCK2,90.00,5000,94.00,3000
1749.540,STOCK2,90.00,5000,94.00,4000
1749.803,STOCK1,321.00,400,334.00,1000
1751.082,STOCK2,91.00,2000,94.00,4000
1751.659,STOCK2,92.00,4000,94.00,4000
1754.019,STOCK1,322.00,1000,334.00,1000
1757.700,STOCK1,322.00,1000,335.00,2000
1759.109,STOCK1,321.00,400,335.00,2000
1763.524,STOCK1,321.00,400,335.00,1000
1764.933,STOCK1,322.00,1000,335.00,1000
1765.248,STOCK1,332.00,2000,335.00,1000
1765.449,STOCK1,332.00,1000,335.00,1000
1766.652,STOCK1,332.00,1000,333.00,1000
1767.287,STOCK1,322.00,2000,333.00,1000
1767.954,STOCK1,322.00,3000,333.00,1000
1772.657,STOCK1,322.00,2000,333.00,1000
1774.694,STOCK1,322.00,2000,335.00,1000
1774.889,STOCK1,322.00,2000,332.00,1000
1774.919,STOCK1,323.00,1000,332.00,1000
1776.148,STOCK1,322.00,2000,332.00,1000
1777.657,STOCK1,322.00,2000,335.00,1000
1779.766,STOCK1,322.00,1000,335.00,1000
1779.998,STOCK1,333.00,200,335.00,1000
1782.086,STOCK1,333.00,200,339.00,2000
1784.117,STOCK1,322.00,200,339.00,2000
1785.753,STOCK1,322.00,200,332.00,4000
1787.646,STOCK2,93.00,2000,94.00,4000
1788.548,STOCK2,93.00,2000,94.00,3000
1790.391,STOCK1,323.00,1350,332.00,4000
1794.743,STOCK2,92.00,4000,94.00,3000
1798.018,STOCK1,322.00,200,332.00,4000
1798.631,STOCK1,322.00,200,332.00,5000
1799.461,STOCK2,93.00,2000,94.00,3000
1799.817,STOCK1,322.00,5200,332.00,5000
1801.038,STOCK2,92.00,4000,94.00,3000
1803.960,STOCK1,322.00,5200,331.00,1000
1806.378,STOCK1,322.00,5200,331.00,1500
1806.532,STOCK1,322.00,4200,331.00,1500
1807.153,STOCK2,93.00,4000,94.00,3000
1807.325,STOCK1,321.00,400,331.00,1500
1808.541,STOCK1,321.00,400,330.00,5000
1808.944,STOCK1,322.00,300,330.00,5000
1809.119,STOCK1,322.00,600,330.00,5000
1810.667,STOCK1,323.00,1000,330.00,5000
1812.149,STOCK1,322.00,600,330.00,5000
1813.523,STOCK1,322.00,600,329.00,250
1813.744,STOCK1,319.00,1000,329.00,250
1814.671,STOCK1,320.00,1350,329.00,250
1814.783,STOCK1,320.00,1350,329.00,500
1820.500,STOCK1,320.00,1350,328.00,1000
1821.739,STOCK1,320.00,1350,327.00,1000
1823.305,STOCK2,93.00,1000,94.00,3000
1824.059,STOCK1,320.00,1350,325.00,5000
1824.939,STOCK1,320.10,300,325.00,5000
1827.343,STOCK2,92.00,2000,94.00,3000
1828.467,STOCK1,320.10,300,325.00,6000
1829.363,STOCK1,320.20,1350,325.00,6000
1829.706,STOCK1,320.20,1350,324.00,250
1830.029,STOCK2,91.00,1000,94.00,3000
1831.207,STOCK1,320.20,1350,325.00,5250
1834.663,STOCK1,320.20,1350,324.90,1000
1840.740,STOCK1,320.20,1350,325.00,1250
1841.979,STOCK2,91.50,3000,94.00,3000
1842.311,STOCK1,316.00,2950,325.00,1250
1843.195,STOCK2,93.51,3000,94.00,3000
1846.908,STOCK1,316.00,2950,325.00,250
1851.832,STOCK1,316.00,2950,320.00,3000
1852.346,STOCK1,316.00,2950,320.00,6000
1857.530,STOCK1,316.00,2950,320.00,9000
1858.552,STOCK2,93.51,3000,94.00,2500
1867.157,STOCK1,316.00,2950,319.00,1000
1868.688,STOCK2,91.70,1000,94.00,2500
1874.596,STOCK1,316.00,7950,319.00,1000
1876.362,STOCK2,91.70,4000,94.00,2500
1878.291,STOCK1,317.00,1000,319.00,1000
1879.598,STOCK1,317.00,6000,319.00,1000
1882.071,STOCK1,317.00,5750,319.00,1000
1883.632,STOCK1,317.00,5500,319.00,1000
1883.889,STOCK1,317.00,5250,319.00,1000
1885.433,STOCK1,317.00,2250,319.00,1000
1886.048,STOCK2,91.70,4200,94.00,2500
1888.264,STOCK1,316.00,3200,319.00,1000
1889.385,STOCK1,316.00,200,319.00,1000
1891.012,STOCK1,316.00,200,318.00,1000
1893.260,STOCK1,312.00,3200,318.00,1000
1893.401,STOCK2,92.00,2000,94.00,2500
1894.601,STOCK1,316.00,300,318.00,1000
1895.239,STOCK1,312.00,500,318.00,1000
1897.672,STOCK1,312.00,500,316.00,1000
1898.208,STOCK1,312.00,500,316.00,2000
1899.966,STOCK1,311.00,4300,316.00,2000
1900.160,STOCK1,311.00,1800,316.00,2000
1901.552,STOCK1,313.00,1000,316.00,2000
1905.838,STOCK2,92.00,2000,94.00,1500
1910.223,STOCK1,311.00,1800,316.00,2000
1910.376,STOCK1,311.00,800,316.00,2000
1910.448,STOCK1,314.00,3000,316.00,2000
1912.864,STOCK1,314.00,2500,316.00,2000
1913.300,STOCK2,93.00,3000,94.00,1500
1916.481,STOCK1,314.00,1500,316.00,2000
1917.674,STOCK2,93.00,3000,94.00,500
1918.153,STOCK1,314.00,1500,316.00,3000
1918.602,STOCK2,93.51,2000,94.00,500
1919.260,STOCK1,314.00,4500,316.00,3000
1920.092,STOCK2,93.51,2000,95.00,8500
1920.659,STOCK2,93.51,2000,95.00,7500
1922.263,STOCK2,93.51,2000,95.00,6500
1922.938,STOCK2,93.51,2000,95.00,5500
1923.624,STOCK2,93.51,2000,95.00,4500
1924.252,STOCK2,93.51,2000,95.00,3500
1924.893,STOCK2,93.51,2000,95.00,2500
1925.695,STOCK2,93.51,2000,95.00,1500
1926.049,STOCK2,93.51,2000,95.00,500
1926.242,STOCK2,93.51,2000,96.00,9500
1926.575,STOCK2,93.51,2000,96.00,8500
1928.152,STOCK2,93.51,2000,96.00,7500
1928.274,STOCK2,93.51,2000,96.00,6500
1928.439,STOCK2,93.51,2000,96.00,5500
1928.674,STOCK2,93.51,2000,96.00,4500
1928.735,STOCK2,93.51,2000,96.00,3500
1928.956,STOCK2,93.51,2000,96.00,2500
1929.057,STOCK2,93.51,2000,97.00,2000
1929.106,STOCK2,93.51,2000,97.00,1000
1929.238,STOCK2,93.51,2000,98.00,4500
1930.099,STOCK2,94.99,200,98.00,4500
1933.982,STOCK2,95.00,1000,98.00,4500
1936.190,STOCK2,95.51,2000,98.00,4500
1937.395,STOCK2,95.51,2000,97.00,1000
1938.300,STOCK2,95.51,2000,97.00,2000
1939.689,STOCK1,310.00,9500,316.00,3000
1942.175,STOCK1,310.00,9500,314.00,1000
1943.063,STOCK1,310.00,5000,314.00,1000
1943.568,STOCK1,311.00,1000,314.00,1000
1944.949,STOCK1,311.00,2000,314.00,1000
1945.883,STOCK1,311.00,3000,314.00,1000
1951.347,STOCK1,311.00,3000,313.00,1000
1960.493,STOCK1,312.00,3000,313.00,1000
1961.781,STOCK1,312.00,3000,316.00,2000
1964.599,STOCK1,312.00,3000,319.00,1000
1965.806,STOCK2,95.51,2000,97.00,1990
1965.836,STOCK1,312.00,3000,320.00,200
1967.732,STOCK2,95.51,2000,97.00,1980
1968.236,STOCK1,312.00,3000,330.00,12450
1968.540,STOCK2,95.51,2000,97.00,1970
1969.017,STOCK2,95.51,2000,97.00,1960
1969.521,STOCK2,95.51,2000,97.00,1950
1973.284,STOCK2,95.52,1000,97.00,1950
1974.041,STOCK1,312.00,3000,329.00,3000
1974.716,STOCK1,312.00,3000,325.00,1000
1975.211,STOCK1,313.00,1000,325.00,1000
1975.383,STOCK1,313.00,2000,325.00,1000
1975.880,STOCK1,315.00,10,325.00,1000
1978.096,STOCK1,315.00,10,325.00,2000
1980.096,STOCK1,316.00,1000,325.00,2000
1980.250,STOCK1,316.00,2000,325.00,2000
1982.437,STOCK1,316.00,2000,324.00,1000
1982.974,STOCK1,316.00,2000,320.00,1000
1983.230,STOCK2,96.99,2000,97.00,1950
1989.193,STOCK2,96.99,2000,97.00,950
1990.309,STOCK2,96.99,2000,98.00,4450
1991.093,STOCK2,96.99,2000,98.00,3450
1991.705,STOCK2,96.99,2000,98.00,2450
1992.531,STOCK1,316.00,2000,320.00,6000
1992.674,STOCK2,96.99,2000,98.00,1450
1992.774,STOCK2,96.99,2000,98.00,450
1992.935,STOCK2,96.99,2000,99.00,1000
1993.750,STOCK1,312.00,3000,320.00,6000
1995.249,STOCK1,312.00,3000,320.00,7000
1997.302,STOCK2,98.99,2000,99.00,1000
1997.544,STOCK1,312.00,1000,320.00,7000
2001.070,STOCK1,305.00,1700,320.00,7000
2001.558,STOCK1,305.00,700,320.00,7000
2002.593,STOCK1,302.00,300,320.00,7000
2003.997,STOCK2,98.99,2000,103.00,500
2004.007,STOCK2,98.99,2000,103.90,275
2004.110,STOCK2,98.99,2000,104.00,4275
2004.293,STOCK2,98.99,2000,104.00,3775
2005.269,STOCK2,100.00,10,104.00,3775
2006.240,STOCK2,100.00,10,103.90,3000
2010.719,STOCK1,302.00,300,315.00,1000
2011.093,STOCK2,100.00,10,103.80,1000
2011.459,STOCK2,100.00,10,103.80,2000
2011.633,STOCK2,100.00,10,103.80,3000
2014.071,STOCK2,100.00,1010,103.80,3000
2014.260,STOCK2,100.00,1010,103.80,2000
2015.110,STOCK1,302.00,300,315.00,2000
2015.140,STOCK2,100.00,1010,103.80,1000
2015.140,STOCK2,100.00,1010,102.00,1000
2017.309,STOCK1,301.00,300,315.00,2000
2017.441,STOCK2,100.00,510,102.00,1000
2021.233,STOCK1,302.00,1000,315.00,2000
2021.438,STOCK1,302.00,1000,314.00,1000
2023.173,STOCK2,100.00,510,101.00,1000
2024.691,STOCK2,100.00,510,102.00,1000
2024.926,STOCK2,100.00,10,102.00,1000
2025.210,STOCK2,101.00,2000,102.00,1000
2025.220,STOCK1,302.00,1000,314.00,2000
2025.354,STOCK2,101.00,2000,103.90,4500
2028.435,STOCK1,302.00,1000,313.00,1000
2031.331,STOCK2,101.00,2000,103.90,3500
2033.386,STOCK2,101.00,2000,103.90,2500
2033.597,STOCK2,101.00,2000,103.90,1500
2034.055,STOCK2,101.00,2000,103.90,1400
2034.843,STOCK2,101.00,2000,103.90,400
2035.159,STOCK2,101.00,2000,104.00,3675
2035.925,STOCK2,101.00,2000,104.00,3575
2036.676,STOCK1,302.00,1000,310.00,400
2037.407,STOCK2,101.00,2000,104.00,3475
2037.477,STOCK1,302.00,1000,310.00,800
2037.991,STOCK1,302.00,1000,310.00,1200
2038.246,STOCK1,302.00,1000,310.00,1600
2038.256,STOCK2,101.00,2000,104.00,3375
2039.336,STOCK2,101.00,2000,104.00,3275
2039.859,STOCK2,101.00,2000,104.00,3175
2040.072,STOCK2,101.00,2000,104.00,3075
2040.337,STOCK2,101.00,2000,104.00,2975
2040.499,STOCK2,101.00,2000,104.00,2875
2040.862,STOCK2,101.00,2000,104.00,2775
2041.114,STOCK1,300.00,2490,310.00,1600
2041.214,STOCK1,300.00,2490,308.00,1000
2041.590,STOCK2,101.00,2000,104.00,2675
2042.888,STOCK2,101.00,2000,104.00,3175
2046.395,STOCK2,101.00,2000,104.00,3075
2047.161,STOCK2,101.00,2000,104.00,2975
2047.825,STOCK2,102.00,1000,104.00,2975
2047.835,STOCK1,300.00,2030,308.00,1000
2048.006,STOCK2,102.00,2000,104.00,2975
2048.231,STOCK2,102.00,3000,104.00,2975
2048.374,STOCK2,102.00,3000,104.00,2875
2049.061,STOCK2,102.00,3000,104.00,2775
2049.475,STOCK2,102.00,3000,104.00,2675
2051.781,STOCK2,102.00,3000,103.90,3000
2056.610,STOCK2,102.00,3000,103.89,500
2056.771,STOCK2,102.00,3000,103.90,2500
2057.641,STOCK2,102.00,3000,103.89,1000
2058.320,STOCK1,300.00,2030,307.00,400
2058.806,STOCK2,102.10,1000,103.89,1000
2060.243,STOCK1,300.00,2030,306.00,1000
2060.719,STOCK2,102.10,1000,103.90,2500
2062.046,STOCK2,102.10,1000,103.90,1500
2062.833,STOCK2,102.10,1000,103.89,500
2062.884,STOCK2,102.10,1000,103.90,1000
2062.954,STOCK2,102.11,500,103.90,1000
2063.772,STOCK2,102.11,500,103.99,500
2064.234,STOCK2,102.11,500,104.00,2175
2066.540,STOCK1,301.00,100,306.00,1000
2066.943,STOCK1,301.00,200,306.00,1000
2067.633,STOCK2,102.11,500,104.00,1175
2067.806,STOCK1,301.00,1200,306.00,1000
2068.081,STOCK1,301.00,2200,306.00,1000
2068.141,STOCK1,301.00,170,306.00,1000
2069.122,STOCK2,102.11,500,104.00,175
2069.943,STOCK2,102.11,500,103.90,3000
2070.399,STOCK1,300.00,170,306.00,1000
2070.953,STOCK2,102.11,500,103.90,2000
2072.524,STOCK2,102.12,1000,103.90,2000
2073.457,STOCK2,102.12,1000,103.90,1000
2077.342,STOCK1,300.00,170,305.00,4500
2078.395,STOCK2,102.12,1000,104.00,175
2079.244,STOCK2,102.12,1000,105.00,6035
2079.947,STOCK2,102.12,1000,105.00,5035
2080.158,STOCK1,300.00,170,305.00,5500
2080.502,STOCK1,300.00,170,304.00,1000
2081.253,STOCK1,295.00,5000,304.00,1000
2082.393,STOCK1,295.00,5000,300.00,2000
2083.534,STOCK2,103.90,1000,105.00,5035
2089.588,STOCK1,297.00,1000,300.00,2000
2089.738,STOCK1,297.00,2000,300.00,2000
2089.932,STOCK1,297.00,2000,300.00,1500
2090.244,STOCK1,297.00,2000,300.00,1000
2095.256,STOCK1,297.00,2000,298.00,1000
2096.135,STOCK1,297.00,2000,300.00,1000
2099.114,STOCK1,297.00,2000,298.00,1000
2100.109,STOCK2,104.00,500,105.00,5035
2100.805,STOCK1,297.00,2000,300.00,1000
2102.184,STOCK1,297.00,2000,298.00,1000
2103.812,STOCK1,297.00,2000,300.00,1000
2104.692,STOCK1,297.00,2000,298.00,1000
2104.957,STOCK2,104.10,1000,105.00,5035
2105.796,STOCK1,297.00,1000,298.00,1000
2106.131,STOCK1,297.00,1000,298.00,2000
2106.295,STOCK1,297.00,1000,298.00,3000
2107.308,STOCK1,297.00,1000,298.00,4000
2108.798,STOCK1,297.00,1000,298.00,3000
2109.432,STOCK1,297.00,1000,298.00,2000
2110.582,STOCK1,297.00,1000,298.00,2500
2113.214,STOCK1,297.00,1000,298.00,1500
2113.214,STOCK1,297.00,1000,298.00,500
2115.904,STOCK1,297.00,1000,297.99,400
2117.786,STOCK1,295.00,5000,297.99,400
2118.334,STOCK2,104.10,1000,105.00,4535
2118.687,STOCK1,295.00,5000,300.00,900
2122.261,STOCK1,295.00,5000,296.00,1000
2123.415,STOCK2,104.10,1000,105.00,4035
2124.215,STOCK2,104.10,1000,105.00,3535
2125.584,STOCK2,104.10,1000,105.00,3035
2125.787,STOCK1,295.00,6000,296.00,1000
2126.258,STOCK2,104.10,1000,105.00,2535
2126.913,STOCK2,104.10,1000,105.00,2035
2127.802,STOCK2,104.10,1000,105.00,1535
2128.145,STOCK1,295.00,6000,299.00,1000
2131.764,STOCK1,295.00,6000,298.99,400
2131.764,STOCK1,295.00,6000,298.99,800
2131.875,STOCK1,295.00,6000,298.99,1200
2131.966,STOCK1,295.00,6000,296.00,500
2132.191,STOCK1,295.00,6000,296.00,1500
2132.342,STOCK2,104.10,1000,105.00,1035
2136.005,STOCK2,104.00,500,105.00,1035
2136.434,STOCK2,102.00,3000,105.00,1035
2136.475,STOCK1,295.00,6000,296.00,500
2140.176,STOCK2,102.00,3000,105.00,35
2140.436,STOCK1,295.00,6000,298.99,700
2141.194,STOCK1,295.00,6000,296.00,1000
2141.640,STOCK1,295.00,6000,295.50,1000
2142.181,STOCK1,295.00,6000,295.50,2000
2142.596,STOCK1,295.00,6000,295.50,1500
2143.566,STOCK1,295.00,5000,295.50,1500
2143.841,STOCK1,295.00,5000,295.50,1000
2144.458,STOCK1,295.00,5000,295.50,500
2144.689,STOCK1,295.00,5000,296.00,1000
2144.794,STOCK1,295.00,5000,296.00,500
2144.956,STOCK1,295.00,5000,298.99,700
2145.564,STOCK1,295.00,5000,298.99,200
2146.921,STOCK1,295.00,5000,296.00,1000
2148.056,STOCK1,295.00,5000,296.00,2000
2148.926,STOCK1,295.00,5000,296.00,1500
2149.451,STOCK1,295.00,5000,296.00,1000
2149.594,STOCK1,295.00,5000,296.00,500
2149.714,STOCK1,295.00,5000,298.99,200
2152.144,STOCK1,295.00,5000,299.00,200
2155.824,STOCK1,295.00,5000,296.00,1000
2157.110,STOCK1,295.00,5000,296.00,500
2157.882,STOCK1,295.00,5000,299.00,200
2160.183,STOCK1,295.00,5000,296.00,1000
2161.235,STOCK1,295.00,5000,296.00,500
2161.465,STOCK1,295.00,5000,299.00,200
2161.506,STOCK1,295.00,5000,300.00,600
2165.519,STOCK1,296.00,1000,300.00,600
2174.073,STOCK2,102.00,3000,104.00,500
2175.229,STOCK2,102.25,3000,104.00,500
2175.813,STOCK2,102.25,6000,104.00,500
2176.854,STOCK2,102.25,9000,104.00,500
2179.168,STOCK1,296.00,1000,298.00,400
2181.859,STOCK1,295.00,5000,298.00,400
2184.792,STOCK1,295.00,4000,298.00,400
2185.974,STOCK1,295.00,4000,297.00,1000
2187.680,STOCK1,292.00,5000,297.00,1000
2188.417,STOCK1,296.00,100,297.00,1000
2191.047,STOCK2,102.30,1000,104.00,500
2191.203,STOCK1,292.00,5000,297.00,1000
2195.898,STOCK1,292.00,5000,298.00,400
2198.859,STOCK1,292.00,5000,295.00,2000
2199.100,STOCK1,293.00,100,295.00,2000
2219.655,STOCK2,102.30,1000,108.00,10
2219.880,STOCK2,102.33,1000,108.00,10
2220.053,STOCK2,102.33,2000,108.00,10
2221.300,STOCK2,102.33,3000,108.00,10
2221.462,STOCK2,102.33,4000,108.00,10
2221.634,STOCK2,102.33,5000,108.00,10
2221.807,STOCK2,102.33,6000,108.00,10
2224.785,STOCK1,292.01,400,295.00,2000
2227.040,STOCK1,292.00,4400,295.00,2000
2229.928,STOCK1,292.00,4400,294.00,400
2230.443,STOCK2,102.33,5000,108.00,10
2231.275,STOCK1,292.00,3400,294.00,400
2233.355,STOCK2,102.33,5000,108.00,510
2233.456,STOCK2,103.00,1000,108.00,510
2233.788,STOCK2,103.00,1000,106.00,1000
2242.571,STOCK2,103.10,1000,106.00,1000
2243.964,STOCK1,292.01,650,294.00,400
2245.615,STOCK1,292.01,650,294.00,1400
2245.798,STOCK1,292.01,650,294.00,2400
2245.984,STOCK1,292.01,650,294.00,3400
2248.889,STOCK1,292.50,5000,294.00,3400
2249.578,STOCK1,292.50,10000,294.00,3400
2249.843,STOCK2,103.10,1000,108.00,510
2251.758,STOCK2,103.10,1000,109.00,3510
2251.910,STOCK2,103.10,1000,110.00,6510
2252.262,STOCK2,103.10,1000,110.00,5510
2253.078,STOCK2,103.10,1000,110.00,4510
2253.251,STOCK1,292.50,10000,294.00,2400
2253.623,STOCK2,103.10,1000,110.00,3510
2254.177,STOCK2,103.10,1000,110.00,2510
2254.220,STOCK1,292.50,10000,294.00,1400
2254.737,STOCK2,103.10,1000,110.00,1510
2255.353,STOCK2,103.10,1000,110.00,510
2255.887,STOCK2,103.10,1000,115.00,610
2256.433,STOCK2,103.10,1000,120.00,6585
2257.709,STOCK2,105.00,1000,120.00,6585
2257.872,STOCK2,105.00,2000,120.00,6585
2259.683,STOCK1,293.00,100,294.00,1400
2261.516,STOCK2,105.00,2000,115.00,1000
2262.600,STOCK2,105.00,3000,115.00,1000
2263.084,STOCK1,293.00,100,294.00,400
2263.307,STOCK2,105.00,4000,115.00,1000
2263.448,STOCK2,105.00,5000,115.00,1000
2263.599,STOCK2,105.00,6000,115.00,1000
2264.162,STOCK2,105.00,7000,115.00,1000
2264.324,STOCK2,105.00,8000,115.00,1000
2264.476,STOCK2,105.00,9000,115.00,1000
2264.678,STOCK2,105.00,9000,114.00,5000
2264.824,STOCK1,293.00,100,294.00,900
2267.336,STOCK1,290.00,1300,294.00,900
2269.196,STOCK2,106.00,1000,114.00,5000
2269.327,STOCK2,106.00,2000,114.00,5000
2269.481,STOCK2,106.00,3000,114.00,5000
2269.613,STOCK2,106.00,4000,114.00,5000
2269.783,STOCK2,106.00,5000,114.00,5000
2271.285,STOCK2,106.25,3000,114.00,5000
2271.511,STOCK2,106.25,3000,113.00,200
2272.161,STOCK2,107.00,4900,113.00,200
2272.798,STOCK2,107.00,4900,113.00,400
2274.789,STOCK2,107.00,4900,113.00,600
2275.044,STOCK2,107.00,4900,113.00,800
2275.307,STOCK2,107.00,4900,113.00,1000
2275.852,STOCK2,109.00,4900,113.00,1000
2276.481,STOCK1,290.00,300,294.00,900
2279.055,STOCK2,110.00,640,113.00,1000
2280.588,STOCK1,293.00,1000,294.00,900
2281.712,STOCK2,112.80,5000,113.00,1000
2281.832,STOCK1,290.00,300,294.00,900
2285.284,STOCK2,109.00,540,113.00,1000
2288.373,STOCK2,110.00,3000,113.00,1000
2288.534,STOCK2,112.00,1000,113.00,1000
2290.570,STOCK2,112.00,1000,115.00,2000
2292.277,STOCK2,112.00,1000,115.00,1000
2293.454,STOCK1,290.00,300,293.00,1000
2295.657,STOCK1,290.01,650,293.00,1000
2295.688,STOCK1,290.01,650,293.00,2000
2296.483,STOCK2,112.00,1000,114.00,5000
2297.217,STOCK1,290.01,650,293.00,4000
2303.782,STOCK1,290.11,650,293.00,4000
2312.362,STOCK1,288.00,1500,293.00,4000
2313.173,STOCK1,291.00,1000,293.00,4000
2313.344,STOCK1,288.00,500,293.00,4000
2314.029,STOCK1,287.00,2500,293.00,4000
2315.719,STOCK1,287.00,1500,293.00,4000
2316.984,STOCK1,287.00,500,293.00,4000
2318.992,STOCK1,287.00,500,292.00,1000
2319.449,STOCK1,285.00,4180,292.00,1000
2326.080,STOCK2,112.00,1000,114.00,4000
2326.936,STOCK1,286.00,300,292.00,1000
2327.983,STOCK1,285.00,3010,292.00,1000
2328.912,STOCK1,285.00,1540,292.00,1000
2329.508,STOCK1,285.00,1540,292.00,900
2332.162,STOCK1,286.00,300,292.00,900
2332.475,STOCK1,285.00,4840,292.00,900
2332.894,STOCK1,285.00,4840,290.00,2000
2332.946,STOCK1,285.00,3840,290.00,2000
2333.048,STOCK1,285.00,2780,290.00,2000
2333.783,STOCK1,285.00,1780,290.00,2000
2336.084,STOCK1,280.00,11000,290.00,2000
2339.124,STOCK2,112.00,1000,114.00,3000
2340.237,STOCK1,281.00,100,290.00,2000
2341.046,STOCK1,281.00,200,290.00,2000
2342.160,STOCK2,112.00,1000,114.00,2000
2345.328,STOCK1,281.00,200,288.00,1000
2345.808,STOCK1,280.00,10200,288.00,1000
2348.048,STOCK1,280.00,10000,288.00,1000
2349.204,STOCK2,112.00,1000,114.00,1000
2350.512,STOCK2,112.00,1000,114.99,1000
2351.075,STOCK1,280.00,10000,287.00,1000
2351.513,STOCK2,112.00,1000,115.00,7900
2351.987,STOCK1,280.00,10000,287.00,2000
2354.813,STOCK1,280.00,9000,287.00,2000
2355.645,STOCK1,280.00,9000,282.00,500
2356.532,STOCK2,112.00,1000,115.00,6900
2357.288,STOCK1,280.00,9000,282.00,1000
2360.008,STOCK2,113.00,5000,115.00,6900
2360.370,STOCK2,113.00,5000,114.00,100
2363.169,STOCK2,113.20,1000,114.00,100
2363.312,STOCK2,113.20,2000,114.00,100
2363.464,STOCK2,113.20,3000,114.00,100
2363.948,STOCK2,113.20,4000,114.00,100
2364.257,STOCK2,113.20,5000,114.00,100
2364.442,STOCK2,113.20,6000,114.00,100
2364.577,STOCK2,113.20,7000,114.00,100
2364.799,STOCK2,113.20,8000,114.00,100
2365.006,STOCK2,113.20,9000,114.00,100
2366.778,STOCK1,280.00,4000,282.00,1000
2367.521,STOCK2,113.30,5000,114.00,100
2369.836,STOCK1,280.00,4000,281.00,200
2371.100,STOCK2,113.30,4700,114.00,100
2379.050,STOCK1,280.00,4000,280.90,500
2379.394,STOCK1,278.00,5000,280.90,500
2379.706,STOCK1,278.00,10000,280.90,500
2381.560,STOCK1,278.00,10000,282.00,700
2383.963,STOCK1,278.00,10000,287.00,700
2386.065,STOCK1,281.00,1000,287.00,700
2387.334,STOCK2,113.30,3700,114.00,100
2388.584,STOCK1,281.00,1000,287.00,800
2389.550,STOCK1,281.00,1000,286.00,200
2389.580,STOCK2,113.30,2700,114.00,100
2389.996,STOCK1,282.00,1000,286.00,200
2390.209,STOCK1,282.00,2000,286.00,200
2390.441,STOCK1,282.00,3000,286.00,200
2392.321,STOCK1,282.00,3000,286.00,400
2394.886,STOCK1,282.00,3000,285.00,1000
2395.048,STOCK1,282.00,3000,285.00,2000
2397.236,STOCK1,283.00,1000,285.00,2000
2397.529,STOCK2,113.30,2700,115.00,6000
2397.852,STOCK2,113.30,1700,115.00,6000
2398.157,STOCK2,113.30,700,115.00,6000
2399.119,STOCK2,113.30,700,115.00,5000
2404.115,STOCK2,113.40,1000,115.00,5000
2404.257,STOCK2,113.40,2000,115.00,5000
2404.413,STOCK2,113.40,3000,115.00,5000
2404.862,STOCK1,283.00,1000,286.00,400
2406.388,STOCK2,113.40,2000,115.00,5000
2406.388,STOCK2,113.40,1000,115.00,5000
2406.388,STOCK2,113.30,700,115.00,5000
2407.899,STOCK2,113.40,1000,115.00,5000
2408.112,STOCK2,113.40,2000,115.00,5000
2411.962,STOCK2,113.50,700,115.00,5000
2415.351,STOCK2,112.00,700,115.00,5000
2418.167,STOCK2,112.00,700,115.00,4000
2434.199,STOCK1,281.00,5000,286.00,400
2439.509,STOCK1,281.00,5000,283.00,2000
2439.580,STOCK1,281.00,4000,283.00,2000
2439.974,STOCK1,281.00,3000,283.00,2000
2440.591,STOCK1,281.00,2000,283.00,2000
2445.143,STOCK2,112.50,500,115.00,4000
2450.017,STOCK1,281.00,2000,286.00,400
2453.098,STOCK1,282.00,1000,286.00,400
2453.963,STOCK1,282.00,2000,286.00,400
2454.372,STOCK1,282.00,2000,286.80,400
2454.696,STOCK2,112.50,500,114.50,1000
2454.960,STOCK1,282.00,2000,287.00,700
2455.204,STOCK2,112.50,500,114.50,2000
2455.563,STOCK2,112.50,500,114.50,3000
2455.686,STOCK1,282.00,2000,287.00,200
2456.473,STOCK1,282.00,2000,288.00,700
2457.386,STOCK1,283.00,1000,288.00,700
2459.717,STOCK1,283.00,2000,288.00,700
2461.346,STOCK1,284.00,1000,288.00,700
2462.420,STOCK1,284.00,1000,287.00,200
2462.581,STOCK2,112.50,500,114.00,2000
2463.295,STOCK2,112.00,700,114.00,2000
2464.373,STOCK1,284.00,1000,288.00,400
2467.014,STOCK1,284.00,1000,287.00,200
2471.976,STOCK2,112.00,700,113.99,1000
2472.045,STOCK1,284.00,1000,288.00,400
2473.426,STOCK1,284.00,1000,287.00,200
2474.095,STOCK2,112.50,500,113.99,1000
2475.835,STOCK1,284.00,1000,287.00,400
2476.425,STOCK1,284.20,1000,287.00,400
2476.580,STOCK1,284.20,2000,287.00,400
2476.650,STOCK2,112.50,1000,113.99,1000
2476.752,STOCK1,284.20,3000,287.00,400
2477.859,STOCK1,284.20,4000,287.00,400
2478.010,STOCK1,284.20,5000,287.00,400
2478.153,STOCK1,284.20,6000,287.00,400
2480.666,STOCK2,112.00,700,113.99,1000
2483.030,STOCK1,284.20,6000,285.00,2000
2483.121,STOCK2,111.00,1200,113.99,1000
2485.156,STOCK2,111.00,200,113.99,1000
2486.586,STOCK2,110.00,8100,113.99,1000
2486.798,STOCK1,284.20,6000,285.00,1000
2489.747,STOCK1,284.20,6000,285.00,200
2490.521,STOCK2,110.00,7100,113.99,1000
2492.101,STOCK2,110.00,6100,113.99,1000
2492.613,STOCK1,284.20,5000,285.00,200
2492.884,STOCK1,284.21,250,285.00,200
2493.733,STOCK1,284.21,250,293.00,1000
2494.175,STOCK2,110.00,5100,113.99,1000
2495.450,STOCK2,110.00,4100,113.99,1000
2496.058,STOCK2,110.00,3100,113.99,1000
2496.673,STOCK2,110.00,2100,113.99,1000
2497.161,STOCK1,284.22,1000,293.00,1000
2497.327,STOCK1,284.22,2000,293.00,1000
2497.505,STOCK1,284.22,3000,293.00,1000
2498.806,STOCK2,110.00,1100,113.99,1000
2499.198,STOCK1,284.30,2000,293.00,1000
2500.109,STOCK1,284.30,4000,293.00,1000
2500.474,STOCK1,284.30,6000,293.00,1000
2500.728,STOCK2,110.00,1100,114.00,2000
2503.476,STOCK1,284.32,1000,293.00,1000
2503.636,STOCK1,284.32,2000,293.00,1000
2504.112,STOCK1,284.32,2000,290.00,2700
2507.624,STOCK2,110.00,100,114.00,2000
2508.024,STOCK1,284.32,2000,288.00,100
2510.834,STOCK1,284.32,2000,287.00,800
2516.967,STOCK1,285.00,100,287.00,800
2518.547,STOCK1,285.00,200,287.00,800
2519.024,STOCK2,110.00,100,114.00,1000
2522.057,STOCK1,285.00,1200,287.00,800
2522.243,STOCK2,109.00,1640,114.00,1000
2523.337,STOCK2,109.00,1640,114.50,3000
2523.460,STOCK2,109.00,3640,114.50,3000
2525.866,STOCK2,109.00,2640,114.50,3000
2526.047,STOCK2,109.00,2640,113.00,100
2526.626,STOCK2,109.00,2640,114.50,2100
2526.676,STOCK1,285.00,200,287.00,800
2529.799,STOCK2,109.00,1640,114.50,2100
2530.649,STOCK2,109.00,1640,114.50,1100
2530.944,STOCK2,109.00,1640,114.50,100
2532.414,STOCK2,108.00,1010,114.50,100
2532.762,STOCK1,284.30,5500,287.00,800
2533.397,STOCK2,108.00,10,114.50,100
2539.367,STOCK2,108.00,10,115.00,3100
2541.027,STOCK2,107.00,4410,115.00,3100
2541.248,STOCK2,107.00,5410,115.00,3100
2542.762,STOCK2,107.00,5410,115.00,2100
2543.228,STOCK2,107.00,5410,113.00,10
2543.662,STOCK2,107.00,4410,113.00,10
2544.853,STOCK2,108.00,200,113.00,10
2545.791,STOCK2,108.00,400,113.00,10
2545.862,STOCK2,108.00,400,115.00,1110
2546.723,STOCK1,284.30,5500,286.00,1000
2548.120,STOCK2,108.00,600,115.00,1110
2548.403,STOCK2,108.00,800,115.00,1110
2548.423,STOCK2,107.00,4210,115.00,1110
2549.655,STOCK2,108.00,200,115.00,1110
2550.192,STOCK2,108.00,200,115.00,3110
2550.661,STOCK2,108.00,400,115.00,3110
2550.792,STOCK2,108.00,400,115.00,5110
2551.837,STOCK2,108.00,600,115.00,5110
2551.878,STOCK2,108.00,600,115.00,4110
2554.260,STOCK2,107.00,3810,115.00,4110
2554.523,STOCK1,284.30,3500,286.00,1000
2554.848,STOCK2,107.00,3820,115.00,4110
2555.595,STOCK2,108.00,200,115.00,4110
2560.132,STOCK2,108.00,200,114.00,1000
2563.086,STOCK2,110.00,1000,114.00,1000
2563.714,STOCK1,284.32,1000,286.00,1000
2563.916,STOCK1,284.32,2000,286.00,1000
2564.088,STOCK1,284.32,3000,286.00,1000
2564.290,STOCK1,284.32,4000,286.00,1000
2567.053,STOCK1,284.32,3000,286.00,1000
2567.053,STOCK1,284.32,2000,286.00,1000
2567.053,STOCK1,284.32,1000,286.00,1000
2567.053,STOCK1,284.30,3500,286.00,1000
2567.770,STOCK2,110.00,1000,115.00,4110
2569.753,STOCK2,110.00,1000,114.00,100
2569.904,STOCK2,110.00,1000,114.00,200
2570.066,STOCK2,110.00,1000,114.00,300
2571.928,STOCK1,284.32,1000,286.00,1000
2572.070,STOCK1,284.32,2000,286.00,1000
2575.147,STOCK2,110.00,1000,113.00,3000
2575.157,STOCK2,111.00,1000,113.00,3000
2581.032,STOCK1,284.32,2000,285.00,3000
2581.253,STOCK2,111.00,1000,112.90,100
2581.761,STOCK1,284.32,2000,285.00,6000
2586.293,STOCK1,284.32,2000,285.00,1020
2587.586,STOCK2,111.00,1000,112.90,200
2592.960,STOCK1,284.32,1000,285.00,1020
2593.325,STOCK2,108.00,200,112.90,200
2597.690,STOCK1,284.32,1000,285.00,920
2597.791,STOCK2,108.00,200,113.00,1200
2604.577,STOCK1,284.50,1000,285.00,920
2605.691,STOCK1,284.50,1000,286.90,920
2607.822,STOCK1,284.50,1000,286.90,820
2608.707,STOCK2,108.00,200,112.00,1000
2610.607,STOCK1,285.00,1000,286.90,820
2611.421,STOCK2,108.00,300,112.00,1000
2611.442,STOCK1,285.00,2000,286.90,820
2611.593,STOCK2,108.00,300,112.00,3000
2611.734,STOCK2,109.00,1000,112.00,3000
2612.552,STOCK2,108.00,300,112.00,3000
2613.968,STOCK2,107.00,2120,112.00,3000
2617.727,STOCK2,108.00,200,112.00,3000
2621.551,STOCK1,286.00,1000,286.90,820
2622.334,STOCK2,108.00,200,110.00,1000
2628.844,STOCK2,108.50,1000,110.00,1000
2629.039,STOCK2,108.50,1000,109.00,1135
2629.223,STOCK2,108.50,1000,109.00,135
2629.294,STOCK1,286.01,1000,286.90,820
2637.180,STOCK2,108.50,1000,110.00,135
2648.735,STOCK2,108.50,1000,112.00,1000
2649.653,STOCK2,108.50,900,112.00,1000
2650.130,STOCK1,286.01,1000,286.90,920
2650.501,STOCK2,108.50,800,112.00,1000
2650.899,STOCK2,108.50,700,112.00,1000
2650.940,STOCK1,285.00,1000,286.90,920
2651.192,STOCK2,108.50,600,112.00,1000
2651.283,STOCK1,284.32,1000,286.90,920
2651.437,STOCK2,108.50,500,112.00,1000
2651.709,STOCK1,284.32,1000,286.90,820
2652.465,STOCK1,284.32,1000,286.90,920
2652.707,STOCK2,108.50,400,112.00,1000
2652.877,STOCK2,108.50,300,112.00,1000
2653.069,STOCK2,108.50,200,112.00,1000
2653.171,STOCK1,284.30,3500,286.90,920
2653.283,STOCK1,284.30,3500,286.90,820
2653.749,STOCK2,108.50,100,112.00,1000
2653.809,STOCK1,284.30,3500,286.90,720
2654.002,STOCK1,284.30,3500,286.90,620
2654.162,STOCK1,284.30,3500,286.90,520
2654.242,STOCK1,284.30,3500,286.90,620
2654.334,STOCK1,284.30,3500,286.90,520
2654.534,STOCK1,284.30,3500,286.90,420
2655.101,STOCK1,284.30,3500,286.90,320
2655.261,STOCK1,284.30,3500,286.90,220
2655.725,STOCK1,284.30,2500,286.90,220
2664.147,STOCK1,284.30,2500,286.90,200
2664.623,STOCK2,108.50,100,111.00,100
2665.607,STOCK2,109.00,1000,111.00,100
2666.611,STOCK1,284.30,2500,286.90,300
2666.672,STOCK2,109.00,2000,111.00,100
2666.672,STOCK2,109.00,2000,112.00,100
2668.387,STOCK1,284.50,2000,286.90,300
2668.857,STOCK2,109.00,2000,111.00,100
2668.898,STOCK2,109.00,1000,111.00,100
2669.422,STOCK2,109.00,1000,111.00,200
2669.582,STOCK2,109.00,1000,111.00,300
2669.997,STOCK1,284.50,2000,286.90,400
2671.518,STOCK2,109.01,1000,111.00,300
2671.739,STOCK1,284.50,2000,285.00,1000
2672.076,STOCK2,109.01,2000,111.00,300
2673.259,STOCK1,284.50,2000,285.00,3000
2673.705,STOCK1,284.50,2000,285.00,5000
2681.672,STOCK1,284.50,2000,285.00,3000
2682.663,STOCK1,284.30,2500,285.00,3000
2687.007,STOCK1,284.30,1500,285.00,3000
2687.262,STOCK1,284.30,500,285.00,3000
2687.950,STOCK2,109.01,2000,113.90,1400
2688.912,STOCK1,282.40,3500,285.00,3000
2689.135,STOCK2,109.01,2000,113.90,400
2690.239,STOCK1,282.40,2500,285.00,3000
2691.448,STOCK1,282.40,1500,285.00,3000
2693.842,STOCK1,280.00,4650,285.00,3000
2694.770,STOCK1,280.00,2650,285.00,3000
2695.175,STOCK2,109.01,2000,115.00,3820
2695.255,STOCK1,280.00,650,285.00,3000
2695.694,STOCK1,279.90,7650,285.00,3000
2695.885,STOCK1,279.90,5650,285.00,3000
2696.514,STOCK2,109.01,2000,114.00,100
2696.524,STOCK1,279.90,3650,285.00,3000
2696.564,STOCK1,279.90,2650,285.00,3000
2696.645,STOCK2,109.01,2000,114.00,200
2696.805,STOCK2,109.01,2000,114.00,300
2696.890,STOCK1,279.90,650,285.00,3000
2697.457,STOCK1,274.50,1650,285.00,3000
2697.679,STOCK1,274.50,1650,285.00,1000
2697.955,STOCK1,274.50,1650,286.90,400
2698.806,STOCK2,109.01,2000,114.00,200
2698.806,STOCK2,109.01,2000,114.00,100
2698.806,STOCK2,109.01,2000,115.00,3820
2702.631,STOCK2,111.00,1000,115.00,3820
2704.178,STOCK1,274.50,1650,290.00,590
2705.652,STOCK2,111.00,1000,115.00,2820
2706.313,STOCK1,274.50,1650,294.00,90
2708.012,STOCK1,274.50,650,294.00,90
2708.873,STOCK2,112.00,10,115.00,2820
2710.527,STOCK1,274.50,650,296.99,290
2710.588,STOCK2,112.00,10,114.00,1000
2711.204,STOCK1,274.50,650,300.00,40
2711.405,STOCK1,274.50,650,305.00,2765
2711.415,STOCK1,274.50,650,285.99,2000
2711.607,STOCK1,274.50,650,307.00,165
2711.779,STOCK1,274.50,650,310.00,2365
2712.442,STOCK1,274.50,650,310.00,2000
2712.442,STOCK1,274.50,650,310.00,1600
2712.585,STOCK1,274.50,650,310.00,600
2715.698,STOCK1,275.00,5000,310.00,600
2717.699,STOCK1,275.00,4000,310.00,600
2718.160,STOCK1,276.00,1000,310.00,600
2718.322,STOCK1,276.00,2000,310.00,600
2719.899,STOCK1,276.00,2000,300.00,2000
2720.397,STOCK1,276.00,2000,300.00,4000
2720.843,STOCK1,276.00,3000,300.00,4000
2721.018,STOCK1,276.00,4000,300.00,4000
2721.180,STOCK1,276.00,5000,300.00,4000
2721.827,STOCK1,277.00,1490,300.00,4000
2722.508,STOCK1,278.00,5000,300.00,4000
2723.451,STOCK1,277.00,2980,300.00,4000
2723.755,STOCK1,277.00,2980,300.00,2000
2724.704,STOCK1,277.00,1980,300.00,2000
2724.745,STOCK1,277.00,3470,300.00,2000
2724.878,STOCK1,277.00,3470,310.00,600
2725.953,STOCK1,277.00,4960,310.00,600
2726.415,STOCK1,277.00,3960,310.00,600
2726.739,STOCK1,277.00,3960,280.00,2000
2726.948,STOCK1,277.00,2960,280.00,2000
2727.434,STOCK1,278.00,5000,280.00,2000
2727.728,STOCK1,278.00,5000,280.00,4000
2729.141,STOCK1,278.00,5000,280.00,3500
2731.390,STOCK1,278.20,1000,280.00,3500
2731.441,STOCK1,278.20,1000,280.00,3000
2731.551,STOCK1,278.20,2000,280.00,3000
2731.715,STOCK1,278.20,3000,280.00,3000
2731.875,STOCK1,278.20,4000,280.00,3000
2731.916,STOCK1,278.20,4000,280.00,2500
2732.353,STOCK2,112.00,10,115.00,2820
2733.323,STOCK1,278.20,4000,280.00,2000
2733.624,STOCK2,112.00,10,119.00,820
2733.654,STOCK1,278.20,4000,280.00,1500
2734.262,STOCK1,278.20,4000,280.00,1000
2735.251,STOCK1,279.00,3000,280.00,1000
2736.633,STOCK1,279.00,3500,280.00,1000
2736.837,STOCK1,279.00,3500,280.00,750
2737.730,STOCK1,279.00,3500,280.00,500
2738.623,STOCK1,279.00,3500,302.00,1000
2739.132,STOCK1,279.00,3500,302.00,500
2740.497,STOCK2,113.00,1000,119.00,820
2741.494,STOCK1,279.20,1000,302.00,500
2741.635,STOCK1,279.20,2000,302.00,500
2741.778,STOCK1,279.20,3000,302.00,500
2742.477,STOCK1,279.20,3000,300.00,220
2743.993,STOCK2,113.00,1000,118.99,1000
2744.186,STOCK1,279.30,5000,300.00,220
2745.044,STOCK1,280.00,100,300.00,220
2746.806,STOCK1,280.00,200,300.00,220
2746.815,STOCK1,280.00,300,300.00,220
2751.203,STOCK1,280.00,300,301.00,4435
2752.153,STOCK2,113.00,1000,118.99,2000
2752.726,STOCK1,280.00,300,299.00,3000
2753.080,STOCK1,280.10,1000,299.00,3000
2753.222,STOCK1,280.10,2000,299.00,3000
2753.384,STOCK1,280.10,3000,299.00,3000
2753.566,STOCK1,280.10,4000,299.00,3000
2753.891,STOCK2,113.00,1500,118.99,2000
2756.974,STOCK2,113.00,1500,118.99,1000
2756.974,STOCK2,113.00,1500,119.00,820
2759.862,STOCK1,280.10,4000,298.00,1000
2759.993,STOCK1,280.10,3000,298.00,1000
2760.864,STOCK1,286.00,1000,298.00,1000
2761.006,STOCK1,286.00,2000,298.00,1000
2761.157,STOCK1,286.00,3000,298.00,1000
2761.288,STOCK1,286.00,4000,298.00,1000
2761.426,STOCK1,286.00,5000,298.00,1000
2762.397,STOCK1,286.00,5000,299.00,3000
2762.886,STOCK2,113.00,1500,119.00,810
2763.258,STOCK1,286.00,5000,290.00,5000
2767.769,STOCK1,286.00,4000,290.00,5000
2767.820,STOCK1,280.10,2000,290.00,5000
2774.863,STOCK1,280.10,2000,288.00,1000
2774.978,STOCK1,280.10,2000,288.00,2000
2775.224,STOCK1,280.10,2000,288.00,3000
2775.444,STOCK1,280.10,2000,288.00,4000
2775.881,STOCK1,280.10,2000,288.00,5000
2778.601,STOCK2,113.00,1500,118.00,100
2778.674,STOCK2,113.00,1500,118.00,200
2778.818,STOCK2,113.00,1500,118.00,300
2778.818,STOCK1,282.00,500,288.00,5000
2779.778,STOCK1,282.00,500,285.00,2000
2782.481,STOCK2,115.00,10,118.00,300
2787.392,STOCK2,115.00,10,119.00,110
2792.890,STOCK2,115.00,10,119.90,2000
2796.800,STOCK2,115.00,10,119.90,1900
2797.295,STOCK2,115.00,10,119.90,900
2798.398,STOCK2,115.00,10,119.90,800
2800.480,STOCK2,115.00,10,120.00,3800
2802.948,STOCK2,115.00,10,120.00,2800
2804.240,STOCK2,115.00,10,120.00,1800
2805.186,STOCK2,115.00,10,120.00,800
2807.015,STOCK2,115.00,10,120.00,700
2807.469,STOCK1,280.10,1500,285.00,2000
2807.649,STOCK2,115.00,10,120.00,600
2809.484,STOCK2,115.00,10,119.90,2000
2810.421,STOCK1,280.10,1500,285.00,7000
2814.033,STOCK2,115.50,500,119.90,2000
2815.482,STOCK1,280.10,500,285.00,7000
2815.947,STOCK2,115.50,500,119.90,1000
2816.901,STOCK2,116.00,10,119.90,1000
2818.265,STOCK2,116.00,10,120.00,600
2819.793,STOCK1,279.20,1800,285.00,7000
2820.647,STOCK1,279.20,1800,285.00,6900
2821.381,STOCK2,116.00,10,124.88,600
2821.431,STOCK1,279.20,800,285.00,6900
2822.935,STOCK1,279.00,3500,285.00,6900
2823.339,STOCK1,280.10,100,285.00,6900
2823.549,STOCK2,116.00,10,124.90,500
2824.256,STOCK1,280.10,100,285.00,5000
2824.461,STOCK2,117.00,10,124.90,500
2824.755,STOCK1,278.20,3600,285.00,5000
2825.912,STOCK1,278.20,2600,285.00,5000
2826.055,STOCK1,278.20,1600,285.00,5000
2826.368,STOCK1,278.20,600,285.00,5000
2826.672,STOCK1,277.00,4450,285.00,5000
2830.402,STOCK1,277.00,3450,285.00,5000
2830.877,STOCK1,277.00,3450,283.00,500
2831.027,STOCK1,277.00,2450,283.00,500
2831.220,STOCK1,277.00,1450,283.00,500
2831.390,STOCK1,277.00,450,283.00,500
2831.571,STOCK1,270.00,11600,283.00,500
2831.728,STOCK1,270.00,10600,283.00,500
2831.859,STOCK1,270.00,9600,283.00,500
2832.005,STOCK1,270.00,8600,283.00,500
2832.156,STOCK1,270.00,7600,283.00,500
2832.308,STOCK1,270.00,6600,283.00,500
2832.471,STOCK1,270.00,5600,283.00,500
2832.673,STOCK1,270.00,4600,283.00,500
2832.826,STOCK1,270.00,3600,283.00,500
2832.987,STOCK1,270.00,2600,283.00,500
2833.176,STOCK1,270.00,1600,283.00,500
2833.328,STOCK1,270.00,600,283.00,500
2833.512,STOCK1,265.00,1500,283.00,500
2833.685,STOCK1,265.00,500,283.00,500
2833.826,STOCK1,230.00,3550,283.00,500
2833.987,STOCK1,230.00,2550,283.00,500
2834.138,STOCK1,230.00,1550,283.00,500
2834.188,STOCK1,225.00,1550,283.00,500
2834.288,STOCK1,225.00,550,283.00,500
2834.441,STOCK1,220.00,1550,283.00,500
2834.593,STOCK1,220.00,550,283.00,500
2834.796,STOCK1,215.00,4550,283.00,500
2835.144,STOCK1,215.00,3550,283.00,500
2835.801,STOCK1,215.00,2550,283.00,500
2835.892,STOCK1,215.00,2550,285.00,5000
2835.993,STOCK1,215.00,1550,285.00,5000
2836.517,STOCK1,215.00,550,285.00,5000
2837.492,STOCK1,255.00,1000,285.00,5000
2839.963,STOCK2,117.00,10,124.88,100
2840.497,STOCK1,255.00,1000,285.00,4000
2841.196,STOCK1,255.00,1000,285.00,3000
2841.851,STOCK1,255.00,1000,285.00,2000
2841.861,STOCK2,117.00,10,124.88,200
2842.095,STOCK1,255.00,3000,285.00,2000
2845.010,STOCK1,260.00,1000,285.00,2000
2846.061,STOCK1,260.00,2000,285.00,2000
2846.277,STOCK1,260.00,1000,285.00,2000
2846.390,STOCK1,260.00,1000,280.00,5000
2846.564,STOCK1,260.00,2000,280.00,5000
2847.131,STOCK1,260.00,1000,280.00,5000
2848.043,STOCK1,255.00,3000,280.00,5000
2848.891,STOCK1,265.00,500,280.00,5000
2853.494,STOCK2,117.00,10,124.00,1500
2855.596,STOCK1,250.00,1500,280.00,5000
2856.082,STOCK1,260.00,1000,280.00,5000
2856.243,STOCK1,260.00,2000,280.00,5000
2856.423,STOCK1,260.00,3000,280.00,5000
2856.999,STOCK1,260.00,3100,280.00,5000
2859.516,STOCK1,261.00,100,280.00,5000
2859.614,STOCK1,261.00,100,280.00,4000
2860.730,STOCK1,261.00,100,280.00,3000
2862.122,STOCK1,260.00,2200,280.00,3000
2864.794,STOCK1,260.00,2200,279.00,500
2865.286,STOCK1,260.00,2100,279.00,500
2865.286,STOCK1,260.00,1100,279.00,500
2865.286,STOCK1,260.00,100,279.00,500
2867.576,STOCK1,261.00,1000,279.00,500
2867.629,STOCK2,117.50,3000,124.00,1500
2867.743,STOCK1,261.00,2000,279.00,500
2868.256,STOCK2,117.50,6000,124.00,1500
2868.407,STOCK2,117.50,6000,124.00,3000
2869.155,STOCK1,261.00,2000,274.00,500
2869.705,STOCK2,117.50,9000,124.00,3000
2870.199,STOCK2,117.50,12000,124.00,3000
2870.786,STOCK2,117.50,12000,124.00,1500
2870.991,STOCK1,262.00,1890,274.00,500
2872.565,STOCK1,261.00,890,274.00,500
2880.314,STOCK2,118.00,10,124.00,1500
2880.563,STOCK1,261.00,1890,274.00,500
2880.919,STOCK1,261.00,1990,274.00,500
2884.969,STOCK1,261.00,1890,274.00,500
2889.249,STOCK2,118.00,10,124.00,1490
2889.971,STOCK1,261.00,1890,279.00,500
2890.772,STOCK2,117.50,12000,124.00,1490
2891.115,STOCK1,261.00,1890,272.00,1000
2891.287,STOCK1,261.00,1890,272.00,2000
2891.491,STOCK1,261.00,1890,272.00,1500
2892.061,STOCK2,119.00,500,124.00,1490
2895.461,STOCK1,261.00,1890,272.00,2500
2895.593,STOCK1,261.00,890,272.00,2500
2896.457,STOCK1,261.00,890,272.00,2000
2897.440,STOCK1,261.00,890,272.00,1500
2898.081,STOCK2,119.00,500,124.00,1090
2898.456,STOCK1,261.00,890,270.00,5000
2901.603,STOCK1,261.00,890,270.00,5750
2901.784,STOCK2,119.00,500,123.98,100
2903.837,STOCK2,119.00,500,124.00,790
2906.697,STOCK1,261.00,890,269.00,1000
2907.407,STOCK1,255.00,1890,269.00,1000
2907.578,STOCK1,250.00,1390,269.00,1000
2907.729,STOCK1,250.00,1390,269.00,2000
2907.759,STOCK1,195.00,3240,269.00,2000
2907.919,STOCK2,119.00,500,124.90,490
2908.496,STOCK1,170.00,540,269.00,2000
2908.678,STOCK1,,,269.00,2000
2909.530,STOCK1,253.00,1000,269.00,2000
2910.631,STOCK1,253.00,2000,269.00,2000
2910.794,STOCK1,253.00,3000,269.00,2000
2911.274,STOCK1,253.00,4000,269.00,2000
2911.448,STOCK1,253.00,5000,269.00,2000
2911.539,STOCK1,253.00,5000,270.00,2750
2911.694,STOCK1,253.00,5000,279.99,1250
2911.796,STOCK1,253.00,5000,279.99,250
2911.846,STOCK1,253.00,5000,285.00,250
2912.008,STOCK1,253.00,5000,288.00,250
2912.159,STOCK1,253.00,5000,290.00,300
2912.320,STOCK1,253.00,5000,299.00,1300
2912.461,STOCK1,253.00,5000,305.00,1300
2912.967,STOCK1,253.00,5000,315.00,200
2912.977,STOCK2,120.00,500,124.90,490
2913.139,STOCK1,253.00,5000,330.00,6505
2913.309,STOCK1,253.00,5000,330.00,1505
2913.472,STOCK1,253.00,5000,350.00,555
2913.674,STOCK1,253.00,5000,360.00,1555
2914.240,STOCK1,255.00,5000,360.00,1555
2914.662,STOCK1,255.00,10000,360.00,1555
2914.844,STOCK1,255.00,9000,360.00,1555
2914.904,STOCK1,255.00,9000,280.00,1000
2916.938,STOCK1,255.00,9500,280.00,1000
2917.109,STOCK1,255.00,9500,360.00,1555
2917.119,STOCK1,255.00,10000,360.00,1555
2917.301,STOCK1,255.00,10000,280.00,1000
2917.311,STOCK1,255.00,10500,280.00,1000
2917.469,STOCK1,255.00,10500,360.00,1555
2917.639,STOCK1,255.00,10500,360.00,555
2917.762,STOCK1,255.00,10500,389.90,55
2917.833,STOCK1,255.00,10500,390.00,1055
2918.086,STOCK1,255.00,10500,390.00,55
2918.461,STOCK1,255.00,10000,390.00,55
2918.765,STOCK1,255.00,9500,390.00,55
2918.929,STOCK1,255.00,4500,390.00,55
2918.969,STOCK1,255.00,4500,400.00,2315
2919.094,STOCK1,253.00,6500,400.00,2315
2919.134,STOCK1,253.00,6500,400.00,1315
2919.236,STOCK1,253.00,1500,400.00,1315
2919.387,STOCK1,253.00,1500,400.00,315
2919.387,STOCK1,100.00,2500,400.00,315
2919.541,STOCK1,,,400.00,315
2919.631,STOCK1,,,420.00,315
2919.782,STOCK1,,,600.00,1915
2920.234,STOCK1,253.00,1000,600.00,1915
2920.429,STOCK1,253.00,1000,600.00,915
2920.781,STOCK1,253.00,1000,600.00,415
2920.801,STOCK1,253.00,1000,750.00,415
2920.971,STOCK1,253.00,1000,800.00,1415
2920.982,STOCK1,253.00,2000,800.00,1415
2921.137,STOCK1,253.00,2000,800.00,415
2921.179,STOCK1,253.00,3000,800.00,415
2921.289,STOCK1,253.00,3000,1000.00,415
2921.339,STOCK1,253.00,2000,1000.00,415
2921.479,STOCK1,253.00,2000,,
2921.519,STOCK1,253.00,2000,2700.00,500
2921.660,STOCK1,253.00,2000,,
2924.700,STOCK1,253.00,2000,400.00,1450
2927.351,STOCK2,119.00,500,124.90,490
2928.437,STOCK1,253.00,2000,,
2928.611,STOCK1,253.00,2000,3000.00,500
2928.776,STOCK1,253.00,2000,360.00,5000
2931.987,STOCK1,253.00,1000,360.00,5000
2932.420,STOCK1,253.00,1000,280.00,1000
2932.915,STOCK1,253.00,1000,280.00,2000
2936.371,STOCK1,253.00,1000,270.00,500
2941.691,STOCK1,253.00,1000,260.00,1000
2943.115,STOCK1,200.00,2200,260.00,1000
2943.519,STOCK2,119.00,500,124.80,100
2943.759,STOCK1,254.00,3000,260.00,1000
2946.499,STOCK2,119.00,500,124.00,500
2946.539,STOCK1,254.00,2900,260.00,1000
2948.549,STOCK1,200.00,2200,260.00,1000
2948.689,STOCK2,119.00,500,122.00,500
2950.299,STOCK2,119.00,500,125.00,3890
2950.492,STOCK2,119.00,500,127.00,900
2950.793,STOCK2,119.00,500,130.00,3200
2951.129,STOCK2,119.00,500,165.00,3805
2951.310,STOCK2,119.00,500,185.00,3155
2951.795,STOCK2,119.00,500,200.00,4205
2952.606,STOCK2,119.00,500,204.00,1205
2953.344,STOCK2,119.00,500,250.00,2315
2953.809,STOCK1,201.00,3000,260.00,1000
2955.977,STOCK1,201.00,6000,260.00,1000
2956.000,STOCK2,117.50,11500,250.00,2315
2956.455,STOCK1,210.00,500,260.00,1000
2956.635,STOCK1,220.00,1000,260.00,1000
2959.935,STOCK1,222.00,5000,260.00,1000
2960.349,STOCK2,117.50,11500,200.00,500
2963.832,STOCK2,117.50,11500,199.00,100
2964.015,STOCK2,117.50,11500,250.00,1915
2964.854,STOCK2,117.50,11500,199.00,100
2965.005,STOCK2,117.50,11500,140.00,1000
2966.583,STOCK2,117.50,10500,140.00,1000
2967.098,STOCK1,225.00,4000,260.00,1000
2969.294,STOCK1,235.00,1000,260.00,1000
2971.040,STOCK2,117.50,10500,130.00,500
2971.712,STOCK2,120.00,5000,130.00,500
2977.293,STOCK1,236.00,4000,260.00,1000
2977.445,STOCK1,236.00,8000,260.00,1000
2977.586,STOCK1,236.00,12000,260.00,1000
2977.712,STOCK1,236.00,16000,260.00,1000
2977.844,STOCK1,236.00,20000,260.00,1000
2978.840,STOCK1,236.00,21000,260.00,1000
2979.673,STOCK1,240.00,4000,260.00,1000
2979.876,STOCK2,120.00,5000,130.00,1500
2982.679,STOCK2,120.00,5000,130.00,500
2983.832,STOCK1,241.00,1000,260.00,1000
2984.702,STOCK1,241.00,2000,260.00,1000
2984.957,STOCK1,241.00,3000,260.00,1000
2985.290,STOCK1,241.00,4000,260.00,1000
2985.562,STOCK2,120.00,5000,150.00,500
2986.003,STOCK1,241.00,4000,259.00,3000
2986.245,STOCK2,120.00,5000,199.00,100
2987.034,STOCK2,120.00,5000,199.00,90
2987.709,STOCK2,120.00,5000,225.00,90
2988.299,STOCK2,120.00,5000,300.00,3090
2989.167,STOCK2,120.00,5000,300.00,2090
2989.833,STOCK2,120.00,5000,300.00,1090
2990.107,STOCK2,120.01,3500,300.00,1090
2991.799,STOCK2,120.01,3500,230.00,10
2993.847,STOCK2,120.01,2500,230.00,10
2994.705,STOCK2,122.00,5000,230.00,10
2997.263,STOCK2,122.00,5000,215.00,1000
2998.526,STOCK2,130.00,500,215.00,1000
3001.006,STOCK1,242.00,1000,259.00,3000
3001.713,STOCK1,242.00,1000,255.00,1050
3002.304,STOCK2,130.00,500,214.00,3000
3002.756,STOCK2,130.00,500,140.00,445
3005.598,STOCK2,131.00,1000,140.00,445
3006.594,STOCK2,131.00,1000,200.00,1445
3007.641,STOCK2,131.00,1000,135.00,2000
3007.985,STOCK1,242.00,1000,255.00,850
3009.459,STOCK1,242.00,1000,255.00,650
3010.211,STOCK2,130.00,500,135.00,2000
3010.798,STOCK1,242.00,1000,255.00,450
3014.769,STOCK2,131.00,1000,135.00,2000
3015.386,STOCK2,132.00,500,135.00,2000
3015.496,STOCK2,132.00,500,133.00,1000
3015.546,STOCK2,132.00,1000,133.00,1000
3018.521,STOCK2,132.00,1000,134.00,10
3019.099,STOCK1,241.00,4000,255.00,450
3019.630,STOCK2,132.00,1000,135.00,1010
3020.115,STOCK1,241.00,3000,255.00,450
3023.800,STOCK1,243.00,4000,255.00,450
3024.400,STOCK2,132.00,1500,135.00,1010
3031.041,STOCK1,245.00,1000,255.00,450
3034.578,STOCK2,133.00,4000,135.00,1010
3034.782,STOCK2,133.00,8000,135.00,1010
3034.993,STOCK2,133.00,12000,135.00,1010
3035.215,STOCK2,133.00,16000,135.00,1010
3035.416,STOCK2,133.00,20000,135.00,1010
3036.971,STOCK2,133.00,24000,135.00,1010
3043.391,STOCK2,134.00,2500,135.00,1010
3044.157,STOCK2,134.00,5500,135.00,1010
3047.264,STOCK2,134.50,3000,135.00,1010
3047.970,STOCK2,134.50,6000,135.00,1010
3049.045,STOCK2,134.50,1000,135.00,1010
3049.765,STOCK1,245.00,1000,252.00,450
3049.919,STOCK2,134.00,1500,135.00,1010
3050.432,STOCK2,133.00,21500,135.00,1010
3050.932,STOCK2,133.00,16500,135.00,1010
3051.328,STOCK2,133.00,11500,135.00,1010
3051.741,STOCK2,133.00,6500,135.00,1010
3052.159,STOCK2,133.00,1500,135.00,1010
3052.976,STOCK2,134.00,500,135.00,1010
3054.176,STOCK2,134.50,3000,135.00,1010
3054.209,STOCK1,246.00,5000,252.00,450
3054.880,STOCK1,246.00,10000,252.00,450
3057.678,STOCK2,131.00,1000,135.00,1010
3058.342,STOCK1,246.00,5000,252.00,450
3066.592,STOCK1,245.00,1000,252.00,450
3069.889,STOCK2,133.10,500,135.00,1010
3072.245,STOCK2,133.10,500,192.00,10
3074.260,STOCK2,133.10,500,138.10,500
3076.206,STOCK1,245.00,1000,259.00,2450
3078.780,STOCK1,245.00,1000,250.00,1000
3079.843,STOCK1,246.00,1500,250.00,1000
3089.172,STOCK2,130.00,2000,138.10,500
3091.685,STOCK2,130.00,1000,138.10,500
3093.325,STOCK2,130.00,1000,177.00,15500
3093.571,STOCK1,247.00,1000,250.00,1000
3094.426,STOCK1,247.00,1000,255.00,5000
3095.530,STOCK2,125.01,2500,177.00,15500
3096.782,STOCK2,125.01,2500,176.00,100
3098.167,STOCK2,125.01,2500,176.00,200
3098.402,STOCK2,125.01,2500,176.00,300
3100.017,STOCK2,125.01,2500,175.00,4000
3102.554,STOCK1,247.00,1000,252.00,1000
3104.473,STOCK1,247.00,1000,255.00,4500
3105.715,STOCK1,247.00,1000,257.00,5000
3108.214,STOCK2,125.01,2500,174.00,100
3108.608,STOCK2,126.00,500,174.00,100
3108.709,STOCK2,126.00,500,160.00,10
3109.859,STOCK2,126.00,500,175.00,3610
3110.365,STOCK2,126.00,500,175.00,6110
3113.438,STOCK2,126.00,500,175.00,8610
3113.922,STOCK2,140.00,10,175.00,8610
3113.992,STOCK2,140.00,10,155.00,1600
3115.509,STOCK1,247.00,1000,256.00,200
3115.619,STOCK2,140.00,10,150.00,500
3120.109,STOCK1,248.00,2000,256.00,200
3120.454,STOCK2,140.00,10,145.00,1600
3123.292,STOCK2,125.01,2010,145.00,1600
3123.334,STOCK1,248.00,3000,256.00,200
3124.579,STOCK2,125.01,2010,143.00,500
3126.419,STOCK2,125.01,2010,143.00,4500
3126.811,STOCK2,125.01,2010,143.00,8500
3127.136,STOCK2,125.01,2010,143.00,12500
3127.199,STOCK1,248.00,5000,256.00,200
3127.735,STOCK1,249.00,1000,256.00,200
3132.434,STOCK2,126.00,500,143.00,12500
3133.874,STOCK2,126.00,500,140.00,1600
3136.867,STOCK2,126.00,500,136.00,500
3138.627,STOCK2,127.00,500,136.00,500
3140.124,STOCK1,249.01,2000,256.00,200
3142.132,STOCK1,249.01,2000,253.00,200
3142.385,STOCK2,127.00,500,135.00,1000
3146.470,STOCK1,249.01,2000,257.00,5000
3149.324,STOCK2,127.00,500,134.60,500
3151.566,STOCK2,127.01,500,134.60,500
3151.779,STOCK2,127.01,500,134.00,1000
3152.790,STOCK1,249.01,2000,256.00,4000
3153.496,STOCK1,249.01,2000,256.00,6000
3153.576,STOCK1,250.00,1000,256.00,6000
3155.977,STOCK1,250.00,6000,256.00,6000
3156.572,STOCK1,250.00,11000,256.00,6000
3161.104,STOCK1,250.00,11200,256.00,6000
3161.285,STOCK2,127.01,500,132.60,500
3162.196,STOCK1,250.00,11200,256.00,2000
3164.372,STOCK2,127.01,500,132.00,1600
3166.054,STOCK1,251.00,100,256.00,2000
3166.104,STOCK1,251.00,100,255.80,400
3166.155,STOCK2,127.50,1000,132.00,1600
3166.921,STOCK1,251.00,200,255.80,400
3167.483,STOCK1,251.00,300,255.80,400
3167.614,STOCK1,251.00,400,255.80,400
3168.571,STOCK2,127.50,2000,132.00,1600
3168.631,STOCK2,127.50,2000,131.60,500
3168.934,STOCK1,252.00,500,255.80,400
3172.830,STOCK2,128.00,100,131.60,500
3173.071,STOCK2,128.00,100,132.00,1100
3176.959,STOCK2,128.01,500,132.00,1100
3179.269,STOCK1,253.00,1000,255.80,400
3179.461,STOCK1,253.00,1100,255.80,400
3183.652,STOCK1,253.10,100,255.80,400
3184.783,STOCK1,253.10,100,255.00,2000
3186.188,STOCK2,128.01,500,134.00,1000
3186.753,STOCK2,128.02,1000,134.00,1000
3188.789,STOCK2,128.02,2000,134.00,1000
3189.485,STOCK1,253.10,100,254.00,5000
3193.091,STOCK2,129.01,500,134.00,1000
3195.115,STOCK1,253.10,100,254.00,10000
3204.219,STOCK2,129.69,1000,134.00,1000
3206.397,STOCK2,131.00,500,134.00,1000
3210.936,STOCK1,253.10,100,254.00,9900
3213.143,STOCK2,131.00,500,134.00,490
3214.167,STOCK1,249.00,800,254.00,9900
3215.131,STOCK2,129.69,1000,134.00,490
3218.383,STOCK2,129.69,490,134.00,490
3218.789,STOCK1,249.00,800,254.00,9400
3222.011,STOCK1,251.00,4000,254.00,9400
3222.163,STOCK1,253.00,1000,254.00,9400
3229.674,STOCK2,128.02,1990,134.00,490
3229.826,STOCK1,253.00,1000,254.00,8400
3230.181,STOCK2,128.02,1990,133.00,1100
3231.306,STOCK1,253.00,1000,254.00,7400
3231.589,STOCK1,253.00,1000,254.00,5400
3234.639,STOCK2,129.00,500,133.00,1100
3235.514,STOCK1,249.00,800,254.00,5400
3236.429,STOCK1,253.01,2000,254.00,5400
3237.934,STOCK1,253.01,2000,254.00,4900
3239.038,STOCK1,253.01,2000,254.00,4400
3239.553,STOCK2,129.00,500,133.00,100
3241.563,STOCK1,248.00,590,254.00,4400
3241.714,STOCK1,248.00,590,256.00,3000
3241.773,STOCK1,248.00,590,256.00,2000
3245.803,STOCK2,129.01,500,133.00,100
3248.216,STOCK1,248.00,590,255.00,500
3248.340,STOCK1,248.00,590,256.00,1500
3248.370,STOCK1,248.00,590,255.00,500
3248.543,STOCK1,248.00,590,255.00,1000
3249.182,STOCK1,248.00,590,254.00,600
3250.195,STOCK1,248.00,590,254.00,100
3250.366,STOCK1,248.00,590,255.00,600
3250.933,STOCK1,248.00,590,256.00,1100
3253.350,STOCK2,129.01,500,132.90,500
3256.499,STOCK1,248.00,590,256.00,100
3258.534,STOCK2,129.01,500,131.00,600
3258.716,STOCK2,129.01,500,131.00,1200
3258.887,STOCK2,129.01,500,131.00,1800
3259.773,STOCK2,129.01,500,131.00,2400
3259.945,STOCK2,129.01,500,131.00,3000
3260.851,STOCK1,248.00,590,256.80,1100
3262.027,STOCK2,129.01,500,131.00,2400
3262.197,STOCK2,129.02,500,131.00,2400
3262.318,STOCK2,129.02,500,131.00,1800
3263.788,STOCK2,129.02,500,131.00,1200
3263.927,STOCK1,248.00,590,256.80,100
3264.193,STOCK1,248.00,590,256.80,500
3268.846,STOCK1,248.00,590,256.99,500
3269.271,STOCK2,129.02,500,131.00,600
3269.482,STOCK2,129.02,500,132.90,500
3274.185,STOCK2,129.03,500,132.90,500
3279.708,STOCK1,249.00,500,256.99,500
3280.175,STOCK1,249.00,500,259.00,2350
3282.295,STOCK2,129.04,500,132.90,500
3283.971,STOCK2,129.04,500,131.00,500
3284.152,STOCK2,129.04,500,131.00,1000
3290.957,STOCK1,250.00,1000,259.00,2350
3293.051,STOCK1,250.00,1000,258.00,500
3293.191,STOCK1,250.00,1000,258.00,1000
3293.505,STOCK2,129.05,500,131.00,1000
3293.747,STOCK2,129.05,500,131.00,500
3294.042,STOCK2,129.05,500,132.90,500
3295.135,STOCK1,250.00,1000,258.00,1500
3298.994,STOCK2,129.05,500,130.00,1000
3300.466,STOCK1,249.00,500,258.00,1500
3301.152,STOCK2,129.05,500,132.90,500
3301.202,STOCK1,235.01,890,258.00,1500
3302.076,STOCK2,129.05,500,132.90,400
3303.839,STOCK1,235.01,890,258.00,2000
3303.921,STOCK2,129.05,500,150.00,4700
3304.657,STOCK2,129.05,500,150.00,4600
3308.279,STOCK2,129.05,500,148.00,1000
3308.390,STOCK1,235.01,890,258.00,2500
3308.571,STOCK1,235.01,890,258.00,3000
3309.647,STOCK1,235.01,890,258.00,3500
3309.899,STOCK1,235.01,890,245.00,1000
3310.615,STOCK1,235.01,890,245.00,2000
3311.201,STOCK1,235.01,890,245.00,3000
3311.482,STOCK1,235.01,890,245.00,4000
3312.301,STOCK1,235.01,1490,245.00,4000
3312.455,STOCK2,129.05,500,148.00,2000
3313.198,STOCK2,131.00,100,148.00,2000
3316.843,STOCK1,235.01,1490,245.00,3000
3316.843,STOCK1,235.01,1490,245.00,2000
3316.843,STOCK1,235.01,1490,245.00,1000
3316.843,STOCK1,235.01,1490,258.00,3500
3317.802,STOCK2,129.00,100,148.00,2000
3318.660,STOCK1,235.01,1490,245.00,1000
3319.733,STOCK2,129.00,100,140.00,100
3320.394,STOCK2,130.00,500,140.00,100
3320.590,STOCK2,133.00,1000,140.00,100
3322.810,STOCK2,133.00,1000,148.00,1100
3325.031,STOCK2,130.00,500,148.00,1100
3326.289,STOCK2,130.00,500,145.00,200
3327.516,STOCK1,235.01,1490,244.00,5000
3328.238,STOCK1,235.01,1490,243.00,1500
3328.715,STOCK2,130.00,500,144.00,250
3329.721,STOCK2,131.00,1000,144.00,250
3334.162,STOCK2,133.00,100,144.00,250
3334.575,STOCK2,133.00,100,143.00,1000
3334.746,STOCK2,133.00,100,143.00,2000
3334.907,STOCK2,133.00,100,143.00,3000
3335.876,STOCK2,133.00,100,143.00,4000
3336.048,STOCK2,133.00,100,143.00,5000
3338.604,STOCK2,133.00,100,143.00,6000
3338.766,STOCK2,133.00,100,143.00,7000
3338.918,STOCK2,133.00,100,143.00,8000
3339.060,STOCK2,133.00,100,143.00,9000
3339.212,STOCK2,133.00,100,143.00,10000
3339.333,STOCK2,133.00,100,142.00,500
3344.494,STOCK2,133.00,100,141.00,1000
3344.667,STOCK2,133.00,100,141.00,2000
3344.840,STOCK2,133.00,100,141.00,3000
3344.962,STOCK2,133.00,100,141.00,4000
3347.240,STOCK2,133.00,100,140.00,1000
3349.997,STOCK1,235.01,1490,240.00,500
3351.560,STOCK2,133.00,100,138.00,300
3352.673,STOCK2,133.00,100,138.00,600
3354.642,STOCK2,133.00,100,137.00,1000
3354.794,STOCK2,133.00,100,137.00,2000
3354.944,STOCK2,133.00,100,137.00,3000
3355.109,STOCK2,133.00,100,137.00,4000
3355.250,STOCK2,133.00,100,137.00,5000
3355.381,STOCK2,133.00,100,137.00,6000
3355.542,STOCK2,133.00,100,137.00,7000
3357.160,STOCK2,135.00,2900,137.00,7000
3358.507,STOCK2,135.00,2900,137.00,6000
3358.507,STOCK2,135.00,2900,137.00,5000
3358.507,STOCK2,135.00,2900,137.00,4000
3358.507,STOCK2,135.00,2900,137.00,3000
3358.507,STOCK2,135.00,2900,137.00,2000
3358.507,STOCK2,135.00,2900,137.00,1000
3358.507,STOCK2,135.00,2900,138.00,600
3359.977,STOCK1,235.01,1490,239.00,1500
3360.869,STOCK2,135.00,2900,137.00,1000
3361.677,STOCK2,135.00,2900,137.00,2000
3362.665,STOCK1,235.01,1490,239.00,3500
3363.625,STOCK1,235.01,990,239.00,3500
3365.562,STOCK2,135.00,2900,137.00,3000
3365.734,STOCK2,135.00,2900,137.00,4000
3365.875,STOCK2,135.00,2900,137.00,5000
3368.272,STOCK2,135.00,1900,137.00,5000
3369.499,STOCK2,135.00,900,137.00,5000
3371.623,STOCK2,135.00,900,137.00,4200
3374.879,STOCK2,135.00,900,137.00,4190
3374.971,STOCK1,236.00,1000,239.00,3500
3381.239,STOCK2,132.80,500,137.00,4190
3387.860,STOCK2,129.11,300,137.00,4190
3388.190,STOCK2,129.11,300,136.00,250
3394.733,STOCK2,129.11,300,136.00,500
3394.733,STOCK2,129.11,300,134.60,500
3398.911,STOCK2,129.11,300,133.00,250
3400.412,STOCK2,129.11,300,132.60,1000
3402.071,STOCK2,130.00,300,132.60,1000
3402.283,STOCK2,130.00,600,132.60,1000
3402.556,STOCK2,130.00,600,132.60,500
3403.178,STOCK2,130.00,900,132.60,500
3403.399,STOCK2,130.00,900,133.00,250
3404.298,STOCK2,131.00,1000,133.00,250
3406.718,STOCK2,131.00,1000,132.00,1000
3406.881,STOCK2,131.00,1000,132.00,2000
3407.045,STOCK2,131.00,1000,132.00,3000
3407.085,STOCK1,236.00,1000,238.00,500
3407.969,STOCK2,131.00,1000,132.00,2700
3408.303,STOCK2,131.00,1000,132.00,2400
3408.655,STOCK2,131.00,1000,132.00,2100
3410.819,STOCK2,131.00,1000,132.00,1600
3411.021,STOCK2,131.00,1000,132.00,600
3411.172,STOCK2,131.00,1000,133.00,250
3411.423,STOCK2,131.00,1000,134.30,2750
3415.720,STOCK2,131.00,1000,134.30,2450
3417.501,STOCK2,130.00,900,134.30,2450
3417.801,STOCK2,130.00,900,134.30,1950
3417.924,STOCK2,133.00,1000,134.30,1950
3418.064,STOCK2,133.00,1000,134.30,1450
3418.254,STOCK2,133.00,1000,134.30,950
3418.720,STOCK2,133.00,1000,134.30,450
3418.952,STOCK2,133.00,1000,134.60,450
3419.219,STOCK2,133.00,1000,136.00,450
3421.208,STOCK2,133.00,1000,137.00,4140
3421.715,STOCK2,133.00,1000,137.00,4040
3422.343,STOCK1,236.00,500,238.00,500
3423.071,STOCK1,235.01,990,238.00,500
3429.097,STOCK1,235.01,990,236.00,2000
3429.450,STOCK2,133.00,1000,136.00,300
3429.620,STOCK2,133.00,1000,136.00,600
3429.732,STOCK2,133.00,1000,136.00,900
3429.884,STOCK2,133.00,1000,136.00,1200
3430.278,STOCK2,133.00,1000,136.00,1500
3430.430,STOCK2,133.00,1000,136.00,1800
3430.601,STOCK2,133.00,1000,136.00,2100
3431.869,STOCK2,132.00,100,136.00,2100
3431.889,STOCK1,235.01,490,236.00,2000
3438.490,STOCK1,235.00,490,236.00,2000
3441.235,STOCK1,235.00,490,236.00,1900
3441.729,STOCK1,230.01,2000,236.00,1900
3457.000,STOCK2,132.00,100,136.00,1100
3460.516,STOCK1,230.01,1500,236.00,1900
3461.887,STOCK2,132.00,100,136.00,100
3461.967,STOCK2,132.01,1000,136.00,100
3465.075,STOCK2,132.01,1000,137.00,3140
3465.095,STOCK1,222.00,5000,236.00,1900
3465.767,STOCK2,132.01,1000,137.00,2540
3468.369,STOCK2,132.01,1000,137.00,1540
3469.605,STOCK1,223.00,500,236.00,1900
3469.666,STOCK2,132.01,1000,135.00,1000
3471.002,STOCK2,132.89,10,135.00,1000
3472.321,STOCK2,132.89,10,137.00,1540
3473.924,STOCK2,132.89,10,137.00,540
3475.243,STOCK2,132.89,10,138.00,140
3477.821,STOCK1,225.00,500,236.00,1900
3480.593,STOCK2,132.89,10,142.00,500
3488.062,STOCK2,132.89,10,141.00,610
3495.783,STOCK2,132.89,10,140.00,900
3496.735,STOCK1,225.00,500,236.00,1400
3503.139,STOCK2,132.89,10,140.00,429
3507.456,STOCK1,225.00,500,239.90,400
3511.696,STOCK1,225.00,500,238.00,1500
3515.284,STOCK2,132.89,10,141.00,568
3519.520,STOCK1,227.00,500,238.00,1500
3519.631,STOCK1,227.00,1000,238.00,1500
3521.279,STOCK2,132.89,10,139.99,1000
3523.215,STOCK1,227.00,500,238.00,1500
3529.584,STOCK2,132.89,10,140.00,1000
3531.036,STOCK2,132.89,10,141.00,568
3539.672,STOCK2,132.89,10,140.00,471
3540.501,STOCK1,227.00,500,235.00,500
3541.144,STOCK2,132.01,1000,140.00,471
3550.753,STOCK1,227.00,500,234.00,1500
3553.434,STOCK1,225.00,500,234.00,1500
3557.040,STOCK1,223.00,500,234.00,1500
3557.706,STOCK2,131.00,10,140.00,471
3559.268,STOCK1,223.00,500,234.00,3000
3566.033,STOCK2,131.00,10,139.00,568
3570.760,STOCK1,223.00,500,234.00,1500
3571.076,STOCK1,223.00,500,238.00,1500
3573.226,STOCK2,129.13,1000,139.00,568
3575.321,STOCK1,222.00,4500,238.00,1500
3581.209,STOCK1,222.00,4500,230.00,500
3586.451,STOCK1,222.00,4500,229.00,500
3587.499,STOCK1,222.00,3500,229.00,500
3590.539,STOCK1,222.00,3500,226.00,500
3591.787,STOCK2,129.14,400,139.00,568
3592.134,STOCK1,222.00,2500,226.00,500
3592.439,STOCK1,222.00,2500,226.00,400
3596.074,STOCK1,222.00,1010,226.00,400
3596.787,STOCK1,222.00,1010,226.00,300
3597.624,STOCK1,222.00,1010,226.00,200
3598.339,STOCK1,222.00,1010,226.00,100
3599.237,STOCK1,222.00,1010,229.00,500
3600.886,STOCK1,222.00,1010,229.00,400
3602.100,STOCK2,129.14,400,140.00,471
3602.853,STOCK1,222.00,1010,229.00,300
3603.075,STOCK2,129.15,1000,140.00,471
3603.105,STOCK1,222.00,1010,244.00,4700
3607.249,STOCK2,129.15,1000,140.00,221
3609.978,STOCK1,222.00,1010,240.00,4500
3610.670,STOCK2,129.15,432,140.00,221
3613.604,STOCK1,222.00,10,240.00,4500
3613.694,STOCK1,223.00,1500,240.00,4500
3615.320,STOCK1,223.00,3000,240.00,4500
3618.248,STOCK2,130.00,100,140.00,221
3618.694,STOCK1,223.00,2000,240.00,4500
3620.529,STOCK1,223.00,1000,240.00,4500
3621.613,STOCK2,130.00,100,148.00,2500
3624.448,STOCK1,223.00,2500,240.00,4500
3625.003,STOCK1,223.00,4000,240.00,4500
3625.063,STOCK2,129.15,32,148.00,2500
3625.190,STOCK2,129.12,532,148.00,2500
3625.321,STOCK1,220.00,10,240.00,4500
3625.381,STOCK2,129.12,32,148.00,2500
3625.432,STOCK1,223.00,1500,240.00,4500
3625.565,STOCK2,127.00,632,148.00,2500
3625.687,STOCK1,223.00,3000,240.00,4500
3625.868,STOCK2,124.00,3000,148.00,2500
3626.352,STOCK2,124.00,3000,148.00,1500
3626.610,STOCK1,223.00,4500,240.00,4500
3626.822,STOCK1,223.00,4500,244.00,4200
3626.962,STOCK1,223.00,4500,259.00,2050
3627.092,STOCK1,223.00,4500,275.00,550
3627.204,STOCK1,223.00,6000,275.00,550
3627.204,STOCK1,223.00,6000,300.00,6550
3627.274,STOCK1,223.00,4000,300.00,6550
3627.337,STOCK1,223.00,4000,300.00,1550
3627.478,STOCK1,223.00,4000,330.00,11550
3627.598,STOCK1,223.00,4000,330.00,6550
3627.729,STOCK1,223.00,4000,330.00,1550
3628.123,STOCK2,124.00,2500,148.00,1500
3628.244,STOCK2,124.00,2000,148.00,1500
3628.384,STOCK2,124.00,1500,148.00,1500
3628.514,STOCK2,124.00,1000,148.00,1500
3628.626,STOCK2,124.00,500,148.00,1500
3628.760,STOCK2,120.00,10282,148.00,1500
3628.892,STOCK2,120.00,9782,148.00,1500
3628.912,STOCK2,120.00,8782,148.00,1500
3629.013,STOCK2,120.00,8282,148.00,1500
3629.144,STOCK2,120.00,7782,148.00,1500
3629.256,STOCK2,120.00,7282,148.00,1500
3629.397,STOCK2,120.00,6782,148.00,1500
3629.507,STOCK2,120.00,6282,148.00,1500
3629.629,STOCK2,120.00,5782,148.00,1500
3629.770,STOCK2,120.00,5282,148.00,1500
3629.930,STOCK2,120.00,4782,148.00,1500
3630.000,STOCK1,,,,
3630.000,STOCK2,,,,
