id,t_sec,symbol,price,qty,taker_side,buyer,seller,bid,ask
1,30.899,STOCK2,994.00,100,buy,T-023,T-008,40.01,994.00
2,38.461,STOCK2,994.00,100,buy,T-023,T-008,100.00,994.00
3,42.212,STOCK2,994.00,10,buy,T-004,T-008,150.00,994.00
4,43.794,STOCK2,994.00,10,buy,T-010,T-008,150.00,994.00
5,58.041,STOCK2,890.00,10,buy,T-004,T-008,150.00,890.00
6,61.983,STOCK2,150.00,1000,sell,T-011,T-035,150.00,890.00
7,101.353,STOCK2,250.00,10,sell,T-010,T-004,250.00,699.00
8,101.353,STOCK2,220.00,90,sell,T-022,T-004,250.00,699.00
9,119.109,STOCK2,221.00,100,sell,T-010,T-035,221.00,599.00
10,119.109,STOCK2,220.00,900,sell,T-022,T-035,221.00,599.00
11,144.162,STOCK2,225.01,1000,sell,T-011,T-035,225.01,300.00
12,147.316,STOCK2,225.01,1000,sell,T-011,T-004,225.01,300.00
13,150.768,STOCK2,225.01,3000,sell,T-011,T-029,225.01,300.00
14,150.768,STOCK2,222.00,100,sell,T-009,T-029,225.01,300.00
15,150.768,STOCK2,221.00,1000,sell,T-010,T-029,225.01,300.00
16,150.768,STOCK2,221.00,900,sell,T-010,T-029,225.01,300.00
17,152.565,STOCK2,225.02,1000,sell,T-010,T-004,225.02,299.00
18,159.668,STOCK2,230.00,10,sell,T-005,T-004,230.00,299.00
19,159.668,STOCK2,225.02,990,sell,T-010,T-004,230.00,299.00
20,161.158,STOCK2,225.02,10,sell,T-010,T-004,225.02,298.00
21,161.158,STOCK2,221.00,100,sell,T-010,T-004,225.02,298.00
22,161.158,STOCK2,200.00,890,sell,T-033,T-004,225.02,298.00
23,161.595,STOCK2,200.00,1000,sell,T-033,T-020,200.00,298.00
24,167.649,STOCK2,200.00,1000,sell,T-033,T-020,200.00,290.00
25,173.960,STOCK2,200.00,1000,sell,T-033,T-020,200.00,224.00
26,175.740,STOCK2,200.01,1000,sell,T-010,T-020,200.01,224.00
27,181.994,STOCK2,200.00,1000,sell,T-006,T-020,200.00,225.00
28,198.360,STOCK2,200.01,1000,sell,T-013,T-020,200.01,210.00
29,202.714,STOCK2,202.00,20,sell,T-005,T-020,202.00,210.00
30,202.714,STOCK2,190.00,980,sell,T-019,T-020,202.00,210.00
31,205.594,STOCK2,190.00,20,sell,T-019,T-020,190.00,210.00
32,205.594,STOCK2,190.00,100,sell,T-009,T-020,190.00,210.00
33,205.594,STOCK2,160.00,880,sell,T-024,T-020,190.00,210.00
34,208.765,STOCK2,160.00,120,sell,T-024,T-020,160.00,210.00
35,208.765,STOCK2,150.00,880,sell,T-011,T-020,160.00,210.00
36,216.210,STOCK2,208.00,20,buy,T-026,T-005,150.00,208.00
37,216.210,STOCK2,210.00,10,buy,T-026,T-005,150.00,208.00
38,216.210,STOCK2,220.00,20,buy,T-026,T-001,150.00,208.00
39,216.868,STOCK2,150.00,1000,sell,T-011,T-020,150.00,220.00
40,231.856,STOCK2,160.00,20,sell,T-005,T-020,160.00,200.01
41,231.856,STOCK2,150.00,980,sell,T-011,T-020,160.00,200.01
42,249.668,STOCK2,190.00,20,buy,T-023,T-005,160.00,190.00
43,251.716,STOCK2,160.00,20,sell,T-005,T-020,160.00,180.00
44,251.716,STOCK2,150.00,980,sell,T-011,T-020,160.00,180.00
45,259.864,STOCK2,150.00,160,sell,T-011,T-020,150.00,180.00
46,259.864,STOCK2,150.00,840,sell,T-006,T-020,150.00,180.00
47,268.155,STOCK2,180.00,1000,buy,T-035,T-024,150.00,180.00
48,268.155,STOCK2,200.01,200,buy,T-035,T-010,150.00,180.00
49,268.155,STOCK2,210.00,100,buy,T-035,T-029,150.00,180.00
50,268.155,STOCK2,210.00,100,buy,T-035,T-029,150.00,180.00
51,268.155,STOCK2,220.00,980,buy,T-035,T-001,150.00,180.00
52,268.155,STOCK2,220.00,1620,buy,T-035,T-033,150.00,180.00
53,272.447,STOCK2,220.00,1000,buy,T-039,T-033,150.00,220.00
54,272.698,STOCK2,220.00,1000,buy,T-039,T-033,150.00,220.00
55,272.891,STOCK2,220.00,1000,buy,T-039,T-033,150.00,220.00
56,273.053,STOCK2,220.00,380,buy,T-039,T-033,150.00,220.00
57,273.053,STOCK2,220.00,620,buy,T-039,T-006,150.00,220.00
58,273.194,STOCK2,220.00,380,buy,T-039,T-006,150.00,220.00
59,273.194,STOCK2,225.00,620,buy,T-039,T-001,150.00,220.00
60,273.335,STOCK2,225.00,380,buy,T-039,T-001,150.00,225.00
61,273.335,STOCK2,225.00,620,buy,T-039,T-001,150.00,225.00
62,278.966,STOCK2,175.00,1000,buy,T-023,T-007,150.00,175.00
63,282.067,STOCK2,175.00,500,buy,T-023,T-007,150.00,175.00
64,282.067,STOCK2,225.00,380,buy,T-023,T-001,150.00,175.00
65,282.067,STOCK2,275.00,120,buy,T-023,T-007,150.00,175.00
66,287.628,STOCK2,150.00,160,sell,T-006,T-004,150.00,275.00
67,287.628,STOCK2,150.00,840,sell,T-014,T-004,150.00,275.00
68,288.298,STOCK2,150.00,160,sell,T-014,T-004,150.00,275.00
69,288.298,STOCK2,150.00,840,sell,T-014,T-004,150.00,275.00
70,288.942,STOCK2,150.00,160,sell,T-014,T-004,150.00,250.00
71,288.942,STOCK2,150.00,840,sell,T-031,T-004,150.00,250.00
72,289.815,STOCK2,150.00,1000,sell,T-031,T-004,150.00,250.00
73,298.262,STOCK2,150.00,300,sell,T-031,T-035,150.00,250.00
74,307.745,STOCK2,160.00,700,sell,T-033,T-035,160.00,200.00
75,319.302,STOCK2,180.00,1000,sell,T-031,T-035,180.00,200.00
76,321.345,STOCK2,180.00,1000,sell,T-031,T-004,180.00,200.00
77,325.177,STOCK2,180.00,1000,sell,T-031,T-020,180.00,200.00
78,326.986,STOCK2,180.00,100,sell,T-009,T-020,180.00,200.00
79,326.986,STOCK2,160.00,900,sell,T-033,T-020,180.00,200.00
80,329.992,STOCK2,160.00,900,sell,T-033,T-020,160.00,200.00
81,329.992,STOCK2,150.00,100,sell,T-031,T-020,160.00,200.00
82,332.737,STOCK2,180.00,100,sell,T-009,T-020,180.00,200.00
83,332.737,STOCK2,180.00,100,sell,T-009,T-020,180.00,200.00
84,332.737,STOCK2,150.00,800,sell,T-031,T-020,180.00,200.00
85,341.307,STOCK2,180.00,100,sell,T-009,T-020,180.00,200.00
86,341.307,STOCK2,180.00,100,sell,T-009,T-020,180.00,200.00
87,341.307,STOCK2,170.00,800,sell,T-037,T-020,180.00,200.00
88,344.532,STOCK2,170.00,1000,sell,T-037,T-035,170.00,190.00
89,348.334,STOCK1,235.00,1000,buy,T-024,T-006,245.00,165.00
90,348.334,STOCK1,235.00,1000,buy,T-024,T-006,245.00,165.00
91,348.334,STOCK1,235.00,1000,buy,T-026,T-019,245.00,165.00
92,348.334,STOCK1,235.00,1000,buy,T-027,T-019,245.00,165.00
93,348.334,STOCK1,235.00,1000,buy,T-027,T-014,245.00,165.00
94,348.334,STOCK1,235.00,2000,buy,T-027,T-019,245.00,165.00
95,348.334,STOCK1,235.00,1000,buy,T-027,T-013,245.00,165.00
96,348.334,STOCK1,235.00,1000,buy,T-026,T-013,245.00,165.00
97,348.334,STOCK1,235.00,2000,buy,T-024,T-013,245.00,165.00
98,348.334,STOCK1,235.00,1000,buy,T-026,T-031,245.00,165.00
99,348.334,STOCK1,235.00,1000,buy,T-026,T-031,245.00,165.00
100,348.334,STOCK1,235.00,2000,buy,T-033,T-031,245.00,165.00
101,348.334,STOCK1,235.00,1000,buy,T-033,T-006,245.00,165.00
102,348.334,STOCK1,235.00,500,buy,T-033,T-025,245.00,165.00
103,348.334,STOCK1,235.00,1500,buy,T-033,T-037,245.00,165.00
104,348.334,STOCK1,235.00,500,buy,T-033,T-037,245.00,165.00
105,348.334,STOCK1,235.00,100,buy,T-033,T-025,245.00,165.00
106,349.239,STOCK1,250.00,10,buy,T-023,T-012,235.00,250.00
107,349.239,STOCK1,250.00,990,buy,T-023,T-014,235.00,250.00
108,349.290,STOCK2,170.00,200,sell,T-037,T-004,170.00,190.00
109,349.290,STOCK2,150.00,800,sell,T-031,T-004,170.00,190.00
110,349.832,STOCK1,250.00,10,buy,T-023,T-014,235.00,250.00
111,349.832,STOCK1,250.00,100,buy,T-023,T-029,235.00,250.00
112,349.832,STOCK1,250.00,100,buy,T-023,T-029,235.00,250.00
113,349.832,STOCK1,250.00,100,buy,T-023,T-029,235.00,250.00
114,349.832,STOCK1,250.00,100,buy,T-023,T-029,235.00,250.00
115,349.832,STOCK1,275.00,590,buy,T-023,T-014,235.00,250.00
116,350.176,STOCK2,150.00,160,sell,T-031,T-020,150.00,190.00
117,350.176,STOCK2,120.30,840,sell,T-003,T-020,150.00,190.00
118,351.218,STOCK1,240.00,100,buy,T-023,T-010,235.00,240.00
119,351.218,STOCK1,275.00,410,buy,T-023,T-014,235.00,240.00
120,351.218,STOCK1,300.00,490,buy,T-023,T-014,235.00,240.00
121,354.283,STOCK1,300.00,510,buy,T-023,T-014,235.00,300.00
122,354.283,STOCK1,300.00,490,buy,T-023,T-001,235.00,300.00
123,355.745,STOCK1,300.00,510,buy,T-023,T-001,235.00,300.00
124,355.745,STOCK1,300.00,300,buy,T-023,T-025,235.00,300.00
125,355.745,STOCK1,300.00,190,buy,T-023,T-014,235.00,300.00
126,357.391,STOCK2,190.00,10,buy,T-020,T-005,175.00,190.00
127,357.391,STOCK2,200.00,100,buy,T-020,T-010,175.00,190.00
128,357.391,STOCK2,239.99,890,buy,T-020,T-011,175.00,190.00
129,362.116,STOCK2,175.00,10,sell,T-005,T-004,175.00,200.00
130,362.116,STOCK2,122.00,990,sell,T-015,T-004,175.00,200.00
131,363.211,STOCK1,300.00,810,buy,T-022,T-014,245.00,300.00
132,363.211,STOCK1,300.00,100,buy,T-022,T-010,245.00,300.00
133,363.211,STOCK1,300.00,1000,buy,T-022,T-026,245.00,300.00
134,363.211,STOCK1,400.00,1090,buy,T-022,T-033,245.00,300.00
135,363.945,STOCK2,122.00,10,sell,T-015,T-035,122.00,200.00
136,363.945,STOCK2,120.30,160,sell,T-003,T-035,122.00,200.00
137,363.945,STOCK2,112.00,100,sell,T-009,T-035,122.00,200.00
138,363.945,STOCK2,110.00,100,sell,T-038,T-035,122.00,200.00
139,363.945,STOCK2,110.00,630,sell,T-014,T-035,122.00,200.00
140,369.106,STOCK1,400.00,3000,buy,T-022,T-033,260.00,400.00
141,370.071,STOCK1,400.00,910,buy,T-022,T-033,260.00,400.00
142,370.071,STOCK1,400.00,2090,buy,T-022,T-033,260.00,400.00
143,371.500,STOCK2,130.00,1000,buy,T-035,T-015,110.00,130.00
144,380.677,STOCK2,130.00,1000,buy,T-023,T-003,112.00,130.00
145,384.235,STOCK1,400.00,500,buy,T-002,T-001,260.00,400.00
146,385.543,STOCK1,400.00,500,buy,T-002,T-001,260.00,400.00
147,389.640,STOCK2,198.00,10,buy,T-035,T-005,130.00,198.00
148,389.640,STOCK2,199.00,10,buy,T-035,T-005,130.00,198.00
149,389.640,STOCK2,200.00,180,buy,T-035,T-020,130.00,198.00
150,395.982,STOCK2,150.00,1800,buy,T-035,T-018,130.00,150.00
151,396.470,STOCK2,150.00,200,buy,T-023,T-018,130.00,150.00
152,396.470,STOCK2,200.00,800,buy,T-023,T-020,130.00,150.00
153,397.328,STOCK2,130.00,1000,sell,T-014,T-020,130.00,200.00
154,397.328,STOCK2,130.00,1000,sell,T-037,T-020,130.00,200.00
155,397.328,STOCK2,115.00,1000,sell,T-015,T-020,130.00,200.00
156,399.095,STOCK2,200.00,20,buy,T-023,T-020,130.00,200.00
157,399.095,STOCK2,200.00,980,buy,T-023,T-020,130.00,200.00
158,399.690,STOCK2,130.00,1000,sell,T-020,T-004,130.00,200.00
159,405.437,STOCK2,131.00,2000,sell,T-019,T-035,131.00,200.00
160,413.181,STOCK2,199.00,1000,buy,T-023,T-008,135.00,199.00
161,415.073,STOCK1,260.00,1000,sell,T-007,T-004,260.00,380.00
162,417.432,STOCK1,380.00,1000,buy,T-035,T-006,260.00,380.00
163,417.432,STOCK1,400.00,1000,buy,T-035,T-037,260.00,380.00
164,418.604,STOCK1,260.00,500,sell,T-007,T-004,260.00,400.00
165,418.604,STOCK1,260.00,500,sell,T-007,T-004,260.00,400.00
166,419.461,STOCK2,190.00,100,buy,T-023,T-017,135.00,190.00
167,419.461,STOCK2,199.00,900,buy,T-023,T-008,135.00,190.00
168,424.858,STOCK2,199.00,100,buy,T-023,T-008,140.00,199.00
169,431.351,STOCK2,199.00,100,buy,T-023,T-008,150.00,199.00
170,433.500,STOCK2,199.00,100,buy,T-023,T-008,150.00,199.00
171,433.753,STOCK2,199.00,100,buy,T-023,T-008,150.00,199.00
172,433.953,STOCK2,199.00,100,buy,T-023,T-008,150.00,199.00
173,434.185,STOCK2,199.00,100,buy,T-023,T-008,150.00,199.00
174,434.316,STOCK2,199.00,100,buy,T-023,T-008,150.00,199.00
175,434.379,STOCK1,350.00,800,buy,T-035,T-001,260.00,350.00
176,434.439,STOCK2,199.00,100,buy,T-023,T-008,150.00,199.00
177,434.579,STOCK2,199.00,100,buy,T-023,T-008,150.00,199.00
178,434.721,STOCK2,199.00,100,buy,T-023,T-008,150.00,199.00
179,434.864,STOCK2,199.00,100,buy,T-023,T-008,150.00,199.00
180,436.251,STOCK1,260.00,1000,sell,T-007,T-004,260.00,350.00
181,442.360,STOCK1,300.00,20,buy,T-030,T-010,260.00,300.00
182,442.360,STOCK1,350.00,200,buy,T-030,T-001,260.00,300.00
183,442.360,STOCK1,400.00,780,buy,T-030,T-027,260.00,300.00
184,442.976,STOCK2,160.00,1,sell,T-005,ME,160.00,197.00
185,444.388,STOCK2,197.00,1000,buy,T-023,T-008,160.00,197.00
186,445.400,STOCK2,198.00,1000,buy,T-023,T-026,160.00,198.00
187,447.397,STOCK2,199.00,1000,buy,T-023,T-008,160.00,199.00
188,448.073,STOCK2,199.00,1000,buy,T-023,T-008,160.00,199.00
189,449.737,STOCK1,300.00,20,buy,T-035,T-010,260.00,300.00
190,449.737,STOCK1,300.00,20,buy,T-035,T-010,260.00,300.00
191,449.737,STOCK1,300.00,20,buy,T-035,T-010,260.00,300.00
192,449.737,STOCK1,300.00,20,buy,T-035,T-010,260.00,300.00
193,449.737,STOCK1,400.00,920,buy,T-035,T-027,260.00,300.00
194,451.228,STOCK2,197.00,1000,buy,T-023,T-008,160.00,197.00
195,459.137,STOCK2,170.00,10,sell,T-005,T-020,170.00,197.00
196,460.643,STOCK2,160.00,100,sell,T-017,T-035,160.00,197.00
197,460.643,STOCK2,150.00,3000,sell,T-020,T-035,160.00,197.00
198,460.643,STOCK2,140.00,100,sell,T-012,T-035,160.00,197.00
199,460.643,STOCK2,140.00,1000,sell,T-006,T-035,160.00,197.00
200,460.643,STOCK2,132.00,800,sell,T-024,T-035,160.00,197.00
201,463.287,STOCK2,199.00,10,buy,T-008,T-038,132.00,197.00
202,463.287,STOCK2,200.00,20,buy,T-008,T-020,132.00,197.00
203,463.287,STOCK2,200.00,970,buy,T-008,T-020,132.00,197.00
204,464.342,STOCK2,200.00,30,buy,T-008,T-020,132.00,197.00
205,464.342,STOCK2,200.00,970,buy,T-008,T-020,132.00,197.00
206,466.537,STOCK2,132.00,100,sell,T-024,T-020,132.00,197.00
207,467.490,STOCK2,132.00,100,sell,T-024,T-020,132.00,197.00
208,470.449,STOCK2,197.00,1000,buy,T-013,T-008,133.00,197.00
209,472.569,STOCK2,200.00,30,buy,T-008,T-020,133.00,200.00
210,472.569,STOCK2,200.00,970,buy,T-008,T-020,133.00,200.00
211,491.460,STOCK1,270.00,10,sell,T-005,T-013,270.00,350.00
212,491.460,STOCK1,270.00,990,sell,T-031,T-013,270.00,350.00
213,492.887,STOCK1,270.00,1000,sell,T-031,T-013,270.00,350.00
214,494.059,STOCK1,350.00,1000,buy,T-035,T-001,270.00,350.00
215,494.059,STOCK1,375.00,1000,buy,T-035,T-024,270.00,350.00
216,494.059,STOCK1,399.00,20,buy,T-035,T-010,270.00,350.00
217,494.059,STOCK1,399.00,20,buy,T-035,T-010,270.00,350.00
218,494.059,STOCK1,399.00,20,buy,T-035,T-010,270.00,350.00
219,494.059,STOCK1,400.00,1300,buy,T-035,T-027,270.00,350.00
220,494.059,STOCK1,400.00,1000,buy,T-035,T-004,270.00,350.00
221,494.059,STOCK1,450.00,100,buy,T-035,T-009,270.00,350.00
222,494.059,STOCK1,450.00,540,buy,T-035,T-030,270.00,350.00
223,507.176,STOCK2,170.00,1000,buy,T-008,T-003,140.00,170.00
224,508.215,STOCK2,140.00,1,sell,T-037,T-007,140.00,170.00
225,509.546,STOCK2,170.00,1000,buy,T-008,T-003,140.00,170.00
226,514.977,STOCK2,155.00,1000,buy,T-008,T-024,140.00,155.00
227,519.749,STOCK1,350.00,1000,sell,T-006,T-004,350.00,360.00
228,522.299,STOCK2,150.00,1000,buy,T-030,T-018,140.00,150.00
229,525.813,STOCK1,280.00,1000,sell,T-033,T-004,280.00,360.00
230,526.681,STOCK2,140.00,999,sell,T-037,T-035,140.00,150.00
231,526.681,STOCK2,135.00,100,sell,T-032,T-035,140.00,150.00
232,526.681,STOCK2,132.00,1000,sell,T-025,T-035,140.00,150.00
233,526.681,STOCK2,131.00,401,sell,T-019,T-035,140.00,150.00
234,535.900,STOCK2,150.00,1000,buy,T-004,T-018,131.00,150.00
235,544.311,STOCK1,280.00,1000,sell,T-033,T-035,280.00,300.00
236,544.311,STOCK1,270.00,1500,sell,T-031,T-035,280.00,300.00
237,548.344,STOCK1,266.00,300,sell,T-029,T-035,266.00,300.00
238,548.344,STOCK1,266.00,300,sell,T-029,T-035,266.00,300.00
239,548.344,STOCK1,265.00,1900,sell,T-024,T-035,266.00,300.00
240,549.296,STOCK1,265.00,100,sell,T-024,T-035,265.00,300.00
241,549.296,STOCK1,265.00,2000,sell,T-018,T-035,265.00,300.00
242,549.296,STOCK1,261.00,400,sell,T-011,T-035,265.00,300.00
243,550.014,STOCK1,261.00,600,sell,T-011,T-035,261.00,300.00
244,550.014,STOCK1,261.00,300,sell,T-029,T-035,261.00,300.00
245,550.014,STOCK1,260.00,1600,sell,T-034,T-035,261.00,300.00
246,550.922,STOCK1,260.00,2500,sell,T-034,T-035,260.00,300.00
247,559.085,STOCK1,299.00,300,buy,T-029,T-017,260.00,299.00
248,570.556,STOCK1,270.00,1000,buy,T-013,T-018,255.00,270.00
249,571.116,STOCK1,270.00,1000,buy,T-013,T-018,255.00,270.00
250,571.299,STOCK2,149.00,100,buy,T-016,T-032,140.00,149.00
251,577.794,STOCK2,150.00,1000,buy,T-035,T-018,145.00,150.00
252,582.383,STOCK2,150.00,1000,buy,T-033,T-018,145.00,150.00
253,596.669,STOCK2,179.00,1000,buy,T-013,T-036,145.00,179.00
254,596.840,STOCK2,180.00,10,buy,T-035,ME,145.00,180.00
255,596.840,STOCK2,180.00,10,buy,T-035,ME,145.00,180.00
256,596.840,STOCK2,180.00,980,buy,T-035,T-033,145.00,180.00
257,600.960,STOCK2,170.00,1000,buy,T-013,T-018,145.00,170.00
258,601.963,STOCK1,269.00,1000,buy,T-004,T-034,260.00,269.00
259,605.515,STOCK1,265.00,1000,buy,T-004,T-024,260.00,265.00
260,610.185,STOCK2,145.00,1000,sell,T-007,T-004,145.00,170.00
261,615.256,STOCK1,265.00,1000,buy,T-035,T-024,262.00,265.00
262,620.662,STOCK2,146.00,1000,buy,T-037,T-015,145.00,146.00
263,622.856,STOCK1,264.00,400,buy,T-008,T-034,262.00,264.00
264,623.316,STOCK2,170.00,1000,buy,T-016,T-018,145.00,170.00
265,623.904,STOCK1,264.00,400,buy,T-008,T-034,262.00,264.00
266,625.782,STOCK2,145.00,1000,sell,T-036,T-004,145.00,170.00
267,626.440,STOCK1,264.00,400,buy,T-008,T-034,262.00,264.00
268,626.581,STOCK1,264.00,400,buy,T-008,T-034,262.00,264.00
269,626.753,STOCK1,264.00,400,buy,T-008,T-034,262.00,264.00
270,626.905,STOCK1,264.00,400,buy,T-008,T-034,262.00,264.00
271,634.265,STOCK1,265.00,40,buy,T-035,T-010,262.00,265.00
272,634.265,STOCK1,270.00,960,buy,T-035,T-001,262.00,265.00
273,655.335,STOCK2,155.00,100,buy,T-033,T-032,150.00,155.00
274,661.919,STOCK1,265.00,1000,buy,T-004,T-024,263.00,265.00
275,663.561,STOCK1,265.00,1000,buy,T-004,T-010,263.00,265.00
276,664.515,STOCK2,155.00,1000,buy,T-035,T-018,152.00,155.00
277,666.044,STOCK1,270.00,40,buy,T-004,T-001,263.00,270.00
278,666.044,STOCK1,270.00,960,buy,T-004,T-003,263.00,270.00
279,668.283,STOCK1,269.00,700,buy,T-004,T-034,263.00,269.00
280,668.283,STOCK1,270.00,300,buy,T-004,T-003,263.00,269.00
281,669.807,STOCK2,152.00,1000,sell,T-014,T-004,152.00,155.00
282,670.674,STOCK2,152.00,500,sell,T-012,T-004,152.00,155.00
283,670.674,STOCK2,150.00,500,sell,T-033,T-004,152.00,155.00
284,670.750,STOCK2,150.00,500,sell,T-033,T-024,150.00,155.00
285,670.750,STOCK2,150.00,1000,sell,T-033,T-024,150.00,155.00
286,670.750,STOCK2,150.00,1000,sell,T-033,T-024,150.00,155.00
287,670.750,STOCK2,146.00,100,sell,T-032,T-024,150.00,155.00
288,670.750,STOCK2,140.00,2000,sell,T-003,T-024,150.00,155.00
289,670.750,STOCK2,138.00,400,sell,T-009,T-024,150.00,155.00
290,673.223,STOCK1,270.00,740,buy,T-030,T-003,264.00,270.00
291,673.223,STOCK1,280.00,260,buy,T-030,T-024,264.00,270.00
292,673.375,STOCK2,132.00,1000,sell,T-025,T-004,132.00,155.00
293,682.501,STOCK2,133.00,500,sell,T-032,T-020,133.00,150.00
294,682.501,STOCK2,131.00,500,sell,T-019,T-020,133.00,150.00
295,686.118,STOCK2,132.00,1000,sell,T-011,T-035,132.00,150.00
296,697.367,STOCK2,131.00,99,sell,T-019,T-020,131.00,144.00
297,697.367,STOCK2,130.00,901,sell,T-030,T-020,131.00,144.00
298,707.778,STOCK1,279.00,300,buy,T-017,T-019,270.00,279.00
299,709.407,STOCK2,130.00,99,sell,T-030,T-020,130.00,140.00
300,709.407,STOCK2,130.00,901,sell,T-016,T-020,130.00,140.00
301,710.014,STOCK1,279.00,700,buy,T-004,T-019,270.00,279.00
302,710.014,STOCK1,280.00,300,buy,T-004,T-024,270.00,279.00
303,710.875,STOCK1,280.00,440,buy,T-004,T-024,270.00,280.00
304,710.875,STOCK1,295.00,560,buy,T-004,T-011,270.00,280.00
305,715.475,STOCK2,130.00,99,sell,T-016,T-020,130.00,140.00
306,715.475,STOCK2,130.00,901,sell,T-003,T-020,130.00,140.00
307,718.393,STOCK2,140.00,1000,buy,T-035,T-026,130.00,140.00
308,720.792,STOCK2,130.00,1000,sell,T-003,T-020,130.00,140.00
309,725.027,STOCK1,272.00,1000,sell,T-034,T-013,272.00,290.00
310,726.526,STOCK2,130.00,99,sell,T-003,T-020,130.00,139.00
311,726.526,STOCK2,130.00,100,sell,T-009,T-020,130.00,139.00
312,726.526,STOCK2,129.50,801,sell,T-014,T-020,130.00,139.00
313,727.679,STOCK1,290.00,1000,buy,T-004,T-024,272.00,290.00
314,730.473,STOCK2,129.50,199,sell,T-014,T-020,130.00,135.00
315,730.473,STOCK2,128.00,801,sell,T-024,T-020,130.00,135.00
316,731.997,STOCK2,135.00,1000,buy,T-013,T-018,130.00,135.00
317,733.832,STOCK2,128.00,1000,sell,T-024,T-020,130.00,135.00
318,736.491,STOCK2,130.00,1000,sell,T-020,T-035,130.00,135.00
319,752.111,STOCK1,290.00,1000,buy,T-035,T-034,285.00,290.00
320,757.540,STOCK2,130.01,1000,buy,T-020,T-015,130.00,130.01
321,763.799,STOCK2,129.00,1000,sell,T-019,T-035,129.00,132.00
322,764.441,STOCK2,132.00,2000,buy,T-024,T-018,128.00,132.00
323,764.441,STOCK2,133.00,1000,buy,T-024,T-015,128.00,132.00
324,764.887,STOCK2,134.00,1000,buy,T-020,T-031,128.00,134.00
325,768.666,STOCK2,130.00,1000,buy,T-030,T-003,128.00,130.00
326,770.527,STOCK2,130.00,1000,buy,T-020,T-003,128.00,130.00
327,773.145,STOCK2,128.00,400,sell,T-024,T-008,128.00,130.00
328,773.528,STOCK2,128.00,1,sell,T-024,T-027,128.00,130.00
329,775.658,STOCK2,128.00,400,sell,T-024,T-008,128.00,129.99
330,777.024,STOCK2,128.00,400,sell,T-024,T-008,128.00,129.99
331,781.635,STOCK2,129.99,1000,buy,T-020,T-015,128.00,129.99
332,783.469,STOCK2,130.00,1000,buy,T-020,T-003,128.00,130.00
333,786.539,STOCK2,130.00,60,buy,T-020,T-038,128.00,130.00
334,786.539,STOCK2,134.00,940,buy,T-020,T-031,128.00,130.00
335,798.776,STOCK2,128.00,1000,sell,T-006,T-018,128.00,133.00
336,798.776,STOCK2,125.00,1000,sell,T-014,T-018,128.00,133.00
337,809.754,STOCK2,130.00,2000,buy,T-035,T-018,126.00,130.00
338,809.754,STOCK2,132.00,1000,buy,T-035,T-026,126.00,130.00
339,816.156,STOCK1,285.00,1500,sell,T-007,T-024,285.00,290.00
340,818.058,STOCK1,290.00,10,buy,T-036,T-005,285.00,290.00
341,818.058,STOCK1,290.00,500,buy,T-036,T-010,285.00,290.00
342,818.058,STOCK1,290.00,490,buy,T-036,T-001,285.00,290.00
343,818.608,STOCK1,290.00,510,buy,T-036,T-001,285.00,290.00
344,818.608,STOCK1,295.00,440,buy,T-036,T-011,285.00,290.00
345,818.608,STOCK1,298.70,50,buy,T-036,T-025,285.00,290.00
346,819.097,STOCK1,298.70,450,buy,T-036,T-025,285.00,298.70
347,819.097,STOCK1,298.90,400,buy,T-036,T-009,285.00,298.70
348,819.097,STOCK1,299.00,150,buy,T-036,T-025,285.00,298.70
349,819.582,STOCK1,299.00,850,buy,T-036,T-025,285.00,299.00
350,819.582,STOCK1,300.00,150,buy,T-036,T-014,285.00,299.00
351,827.524,STOCK1,300.00,500,buy,T-025,T-014,285.00,300.00
352,828.739,STOCK2,127.00,1000,sell,T-012,T-035,127.00,130.00
353,828.739,STOCK2,126.00,500,sell,T-032,T-035,127.00,130.00
354,828.739,STOCK2,125.00,500,sell,T-020,T-035,127.00,130.00
355,837.544,STOCK2,130.00,1000,buy,T-004,T-020,125.00,130.00
356,837.936,STOCK2,132.00,1000,buy,T-004,T-016,125.00,132.00
357,838.363,STOCK2,133.00,11,buy,T-004,T-005,125.00,133.00
358,838.363,STOCK2,134.00,989,buy,T-004,T-031,125.00,133.00
359,840.096,STOCK1,290.00,1000,sell,T-017,T-004,290.00,294.00
360,842.932,STOCK1,285.00,500,sell,T-007,T-004,285.00,290.00
361,842.932,STOCK1,273.00,500,sell,T-018,T-004,285.00,290.00
362,851.265,STOCK2,126.00,10,sell,T-005,T-035,126.00,134.00
363,851.265,STOCK2,125.00,490,sell,T-020,T-035,126.00,134.00
364,855.103,STOCK1,289.00,500,buy,T-004,T-024,274.00,289.00
365,855.103,STOCK1,290.00,500,buy,T-004,T-001,274.00,289.00
366,875.718,STOCK2,125.00,100,sell,T-009,ME,125.00,130.00
367,885.006,STOCK1,280.00,1000,buy,T-036,T-003,275.00,280.00
368,901.606,STOCK2,125.00,300,sell,T-009,T-020,125.00,129.00
369,901.809,STOCK2,129.00,1000,buy,T-013,T-024,121.00,129.00
370,904.201,STOCK1,285.00,1000,buy,T-036,T-027,280.00,285.00
371,908.152,STOCK2,121.00,300,sell,T-003,T-020,121.00,125.00
372,910.532,STOCK2,121.00,300,sell,T-003,T-020,121.00,125.00
373,912.168,STOCK2,121.00,300,sell,T-003,T-020,121.00,124.00
374,915.761,STOCK2,121.00,100,sell,T-003,T-020,121.00,124.00
375,915.761,STOCK2,120.00,200,sell,T-025,T-020,121.00,124.00
376,923.180,STOCK2,124.00,2000,buy,T-035,T-018,120.00,124.00
377,923.180,STOCK2,125.00,100,buy,T-035,T-010,120.00,124.00
378,923.180,STOCK2,125.00,900,buy,T-035,T-026,120.00,124.00
379,928.979,STOCK1,285.00,1000,sell,T-007,T-013,285.00,288.00
380,931.915,STOCK2,122.00,10,buy,ME,T-005,121.00,122.00
381,931.915,STOCK2,129.00,2,buy,ME,T-024,121.00,122.00
382,931.915,STOCK2,130.00,88,buy,ME,T-018,121.00,122.00
383,941.285,STOCK1,285.00,500,sell,T-002,T-004,285.00,288.00
384,941.285,STOCK1,280.10,100,sell,T-029,T-004,285.00,288.00
385,941.285,STOCK1,280.10,100,sell,T-029,T-004,285.00,288.00
386,941.285,STOCK1,280.10,100,sell,T-029,T-004,285.00,288.00
387,941.285,STOCK1,280.00,200,sell,T-033,T-004,285.00,288.00
388,948.256,STOCK2,125.00,500,buy,T-011,T-018,121.00,125.00
389,957.789,STOCK2,125.00,1000,buy,T-013,T-018,121.00,125.00
390,961.492,STOCK2,125.00,500,buy,T-011,T-018,121.00,125.00
391,964.092,STOCK2,121.00,1000,sell,T-015,T-034,121.00,130.00
392,978.626,STOCK1,281.00,500,buy,T-007,T-034,280.00,281.00
393,979.477,STOCK1,281.00,500,buy,T-007,T-034,280.00,281.00
394,981.245,STOCK2,128.00,1000,buy,T-004,T-018,123.00,128.00
395,993.239,STOCK1,280.00,1000,sell,T-033,T-034,280.00,283.00
396,999.003,STOCK1,283.00,1000,buy,T-004,T-019,280.00,283.00
397,1000.784,STOCK1,283.50,300,buy,T-004,T-009,280.00,283.50
398,1000.784,STOCK1,284.00,700,buy,T-004,T-031,280.00,283.50
399,1001.769,STOCK1,284.00,1000,buy,T-004,T-031,280.00,284.00
400,1002.822,STOCK1,284.00,1000,buy,T-004,T-031,280.00,284.00
401,1003.273,STOCK1,284.00,300,buy,T-034,T-031,280.00,284.00
402,1003.273,STOCK1,285.00,700,buy,T-034,T-001,280.00,284.00
403,1003.809,STOCK1,285.00,300,buy,T-004,T-001,280.00,285.00
404,1003.809,STOCK1,285.00,700,buy,T-004,T-010,280.00,285.00
405,1006.749,STOCK1,285.00,300,buy,T-004,T-010,280.00,285.00
406,1006.749,STOCK1,288.00,700,buy,T-004,T-034,280.00,285.00
407,1007.188,STOCK1,288.00,500,buy,T-004,T-002,280.00,288.00
408,1007.188,STOCK1,290.00,500,buy,T-004,T-001,280.00,288.00
409,1008.899,STOCK1,290.00,1000,buy,T-004,T-036,280.00,290.00
410,1010.664,STOCK1,290.00,1000,buy,T-018,T-036,280.00,290.00
411,1010.664,STOCK1,291.00,300,buy,T-018,T-009,280.00,290.00
412,1010.664,STOCK1,295.00,300,buy,T-018,T-009,280.00,290.00
413,1010.664,STOCK1,298.90,400,buy,T-018,T-025,280.00,290.00
414,1012.322,STOCK1,298.90,100,buy,T-004,T-025,280.00,298.90
415,1012.322,STOCK1,299.00,900,buy,T-004,T-017,280.00,298.90
416,1022.228,STOCK2,122.10,1000,sell,T-019,T-004,122.10,125.00
417,1022.889,STOCK2,122.00,1000,sell,T-033,T-004,122.00,125.00
418,1023.546,STOCK2,122.00,1000,sell,T-033,T-004,122.00,124.00
419,1024.358,STOCK2,122.00,1000,sell,T-033,T-004,122.00,124.00
420,1025.018,STOCK2,122.00,1000,sell,T-033,T-004,122.00,124.00
421,1025.716,STOCK2,122.00,1000,sell,T-033,T-034,122.00,124.00
422,1028.884,STOCK2,121.00,500,sell,T-025,T-004,121.00,124.00
423,1028.884,STOCK2,120.00,500,sell,T-025,T-004,121.00,124.00
424,1031.404,STOCK2,124.00,1000,buy,T-034,T-024,120.00,124.00
425,1032.269,STOCK2,124.00,1000,buy,T-034,T-024,120.00,124.00
426,1033.894,STOCK2,120.00,300,sell,T-025,T-024,120.00,122.00
427,1033.894,STOCK2,120.00,1000,sell,T-014,T-024,120.00,122.00
428,1033.894,STOCK2,119.00,300,sell,T-009,T-024,120.00,122.00
429,1033.894,STOCK2,119.00,300,sell,T-009,T-024,120.00,122.00
430,1033.894,STOCK2,119.00,300,sell,T-009,T-024,120.00,122.00
431,1033.894,STOCK2,119.00,1000,sell,T-020,T-024,120.00,122.00
432,1033.894,STOCK2,118.00,1000,sell,T-020,T-024,120.00,122.00
433,1033.894,STOCK2,116.00,800,sell,T-020,T-024,120.00,122.00
434,1037.176,STOCK1,284.00,500,sell,T-032,T-004,284.00,295.00
435,1037.176,STOCK1,283.00,250,sell,T-008,T-004,284.00,295.00
436,1037.176,STOCK1,282.00,10,sell,T-005,T-004,284.00,295.00
437,1037.176,STOCK1,280.00,240,sell,T-033,T-004,284.00,295.00
438,1044.438,STOCK2,120.00,2500,sell,T-033,T-035,120.00,122.00
439,1044.438,STOCK2,117.00,500,sell,T-006,T-035,120.00,122.00
440,1047.010,STOCK2,120.00,30,buy,T-038,T-033,117.00,120.00
441,1049.591,STOCK2,117.00,500,sell,T-006,T-004,117.00,120.00
442,1049.591,STOCK2,116.00,500,sell,T-020,T-004,117.00,120.00
443,1058.218,STOCK1,288.00,10,buy,T-004,T-005,286.00,288.00
444,1058.218,STOCK1,290.00,990,buy,T-004,T-001,286.00,288.00
445,1061.000,STOCK1,286.00,250,sell,T-008,T-034,286.00,290.00
446,1061.000,STOCK1,286.00,250,sell,T-008,T-034,286.00,290.00
447,1061.000,STOCK1,286.00,250,sell,T-008,T-034,286.00,290.00
448,1061.000,STOCK1,286.00,250,sell,T-008,T-034,286.00,290.00
449,1061.973,STOCK2,116.00,1000,sell,T-020,T-004,116.00,119.00
450,1069.008,STOCK1,289.00,1000,sell,T-027,T-034,289.00,290.00
451,1073.692,STOCK2,119.00,2500,buy,T-024,T-033,116.00,119.00
452,1083.523,STOCK2,117.00,500,buy,T-011,T-003,116.00,117.00
453,1084.549,STOCK1,289.00,500,buy,T-004,T-032,287.00,289.00
454,1084.549,STOCK1,289.00,500,buy,T-004,T-010,287.00,289.00
455,1085.618,STOCK2,117.00,500,buy,T-011,T-003,116.00,117.00
456,1086.214,STOCK2,117.00,500,buy,T-011,T-003,116.00,117.00
457,1086.417,STOCK1,289.00,500,buy,T-004,T-010,287.00,289.00
458,1086.417,STOCK1,290.00,10,buy,T-004,T-001,287.00,289.00
459,1086.417,STOCK1,295.00,490,buy,T-004,T-018,287.00,289.00
460,1088.767,STOCK2,117.00,500,buy,T-011,T-003,116.00,117.00
461,1088.896,STOCK2,117.00,500,buy,T-011,T-003,116.00,117.00
462,1089.427,STOCK2,117.00,500,buy,T-011,T-003,116.00,117.00
463,1089.920,STOCK2,117.00,500,buy,T-011,T-003,116.00,117.00
464,1090.498,STOCK2,117.00,500,buy,T-011,T-003,116.00,117.00
465,1092.486,STOCK2,116.00,700,sell,T-020,T-004,116.00,117.00
466,1092.486,STOCK2,116.00,300,sell,T-020,T-004,116.00,117.00
467,1093.504,STOCK2,116.00,700,sell,T-020,T-004,116.00,117.00
468,1093.504,STOCK2,115.50,300,sell,T-024,T-004,116.00,117.00
469,1095.741,STOCK2,115.50,1000,sell,T-024,T-004,115.50,117.00
470,1099.866,STOCK2,115.50,700,sell,T-024,T-004,115.50,117.00
471,1099.866,STOCK2,115.00,300,sell,T-020,T-004,115.50,117.00
472,1113.943,STOCK2,117.00,100,buy,T-013,T-026,116.00,117.00
473,1113.943,STOCK2,118.00,30,buy,T-013,T-038,116.00,117.00
474,1113.943,STOCK2,118.00,370,buy,T-013,T-033,116.00,117.00
475,1118.703,STOCK2,116.00,1000,sell,T-037,T-020,116.00,117.00
476,1120.641,STOCK2,115.00,500,sell,T-020,T-013,115.00,117.00
477,1121.421,STOCK2,115.00,200,sell,T-020,T-013,115.00,117.00
478,1121.421,STOCK2,115.00,300,sell,T-020,T-013,115.00,117.00
479,1122.130,STOCK2,117.00,300,buy,T-029,T-026,115.00,117.00
480,1122.637,STOCK2,115.00,1000,sell,T-014,T-020,115.00,117.00
481,1127.746,STOCK1,293.00,1500,buy,T-034,T-024,287.50,293.00
482,1127.746,STOCK1,294.00,500,buy,T-034,T-027,287.50,293.00
483,1129.551,STOCK1,294.00,500,buy,T-004,T-027,287.50,294.00
484,1129.551,STOCK1,295.00,500,buy,T-004,T-018,287.50,294.00
485,1130.845,STOCK1,295.00,1000,buy,T-004,T-018,290.00,295.00
486,1132.814,STOCK1,295.00,10,buy,T-004,T-018,290.00,295.00
487,1132.814,STOCK1,299.00,100,buy,T-004,T-017,290.00,295.00
488,1132.814,STOCK1,299.00,890,buy,T-004,T-037,290.00,295.00
489,1137.576,STOCK2,117.00,700,buy,T-024,T-026,115.00,117.00
490,1137.576,STOCK2,117.00,1000,buy,T-024,T-026,115.00,117.00
491,1137.576,STOCK2,117.00,800,buy,T-024,T-026,115.00,117.00
492,1140.908,STOCK2,115.00,1000,sell,T-012,T-004,115.00,118.00
493,1143.071,STOCK2,118.00,100,buy,T-002,T-033,112.50,118.00
494,1143.696,STOCK2,112.50,500,sell,T-014,T-004,112.50,118.00
495,1143.696,STOCK2,111.00,300,sell,T-009,T-004,112.50,118.00
496,1143.696,STOCK2,111.00,200,sell,T-009,T-004,112.50,118.00
497,1144.000,STOCK2,118.00,100,buy,T-002,T-033,111.00,118.00
498,1146.812,STOCK2,111.00,100,sell,T-009,T-004,111.00,118.00
499,1146.812,STOCK2,110.00,370,sell,T-014,T-004,111.00,118.00
500,1146.812,STOCK2,110.00,530,sell,T-025,T-004,111.00,118.00
501,1155.463,STOCK1,292.10,300,sell,T-029,T-003,292.10,294.00
502,1155.463,STOCK1,292.00,500,sell,T-007,T-003,292.10,294.00
503,1155.463,STOCK1,292.00,500,sell,T-007,T-003,292.10,294.00
504,1155.463,STOCK1,292.00,500,sell,T-007,T-003,292.10,294.00
505,1155.463,STOCK1,292.00,300,sell,T-029,T-003,292.10,294.00
506,1155.463,STOCK1,291.00,500,sell,T-007,T-003,292.10,294.00
507,1155.463,STOCK1,291.00,500,sell,T-007,T-003,292.10,294.00
508,1155.463,STOCK1,291.00,500,sell,T-007,T-003,292.10,294.00
509,1155.463,STOCK1,291.00,400,sell,T-007,T-003,292.10,294.00
510,1157.372,STOCK1,292.00,100,buy,T-002,T-033,291.00,292.00
511,1157.783,STOCK1,292.00,100,buy,T-002,T-033,291.00,292.00
512,1158.843,STOCK1,292.00,100,buy,T-002,T-033,291.00,292.00
513,1160.128,STOCK1,291.00,100,sell,T-007,T-034,291.00,292.00
514,1160.128,STOCK1,291.00,500,sell,T-007,T-034,291.00,292.00
515,1160.128,STOCK1,291.00,500,sell,T-007,T-034,291.00,292.00
516,1160.128,STOCK1,287.50,250,sell,T-008,T-034,291.00,292.00
517,1160.128,STOCK1,287.50,250,sell,T-008,T-034,291.00,292.00
518,1160.128,STOCK1,287.00,400,sell,T-007,T-034,291.00,292.00
519,1161.452,STOCK1,292.00,100,buy,T-002,T-033,286.00,292.00
520,1162.192,STOCK1,292.00,1000,buy,T-004,T-033,286.00,292.00
521,1171.431,STOCK2,116.00,500,buy,T-011,T-017,113.00,116.00
522,1171.946,STOCK2,116.00,500,buy,T-011,T-017,113.00,116.00
523,1191.930,STOCK1,287.00,500,sell,T-024,T-013,287.00,292.00
524,1191.941,STOCK2,115.00,100,sell,T-026,T-002,115.00,116.00
525,1192.905,STOCK2,115.00,100,sell,T-026,T-002,115.00,116.00
526,1193.738,STOCK2,115.00,100,sell,T-026,T-002,115.00,116.00
527,1194.787,STOCK2,115.00,100,sell,T-026,T-002,115.00,116.00
528,1195.534,STOCK2,115.00,100,sell,T-026,T-002,115.00,116.00
529,1195.966,STOCK2,115.00,100,sell,T-026,T-002,115.00,116.00
530,1196.107,STOCK2,115.00,100,sell,T-026,T-002,115.00,116.00
531,1196.247,STOCK2,115.00,100,sell,T-026,T-002,115.00,116.00
532,1196.399,STOCK2,115.00,100,sell,T-026,T-002,115.00,116.00
533,1196.549,STOCK2,114.00,100,sell,T-017,T-002,114.00,116.00
534,1206.734,STOCK1,291.00,1000,buy,T-004,T-037,288.00,291.00
535,1216.881,STOCK2,112.00,900,sell,T-017,T-020,112.00,116.00
536,1216.881,STOCK2,111.11,1000,sell,T-015,T-020,112.00,116.00
537,1216.881,STOCK2,111.10,100,sell,T-019,T-020,112.00,116.00
538,1220.293,STOCK2,111.10,100,sell,T-019,T-002,111.10,116.00
539,1221.243,STOCK2,111.10,100,sell,T-019,T-002,111.10,116.00
540,1222.053,STOCK2,111.10,100,sell,T-019,T-002,111.10,116.00
541,1222.264,STOCK2,111.10,100,sell,T-019,T-002,111.10,116.00
542,1233.323,STOCK2,112.10,250,sell,T-008,T-035,112.10,115.00
543,1233.323,STOCK2,111.10,500,sell,T-019,T-035,112.10,115.00
544,1233.323,STOCK2,111.00,250,sell,T-024,T-035,112.10,115.00
545,1243.108,STOCK2,115.00,500,buy,T-013,T-031,112.10,115.00
546,1250.351,STOCK1,289.00,500,sell,T-027,T-013,289.00,290.40
547,1253.618,STOCK1,290.40,1000,buy,T-026,T-019,289.00,290.40
548,1253.618,STOCK1,290.50,1000,buy,T-026,T-003,289.00,290.40
549,1260.908,STOCK1,291.00,1000,buy,T-003,T-037,289.00,291.00
550,1263.839,STOCK1,291.00,300,buy,T-003,T-009,289.00,291.00
551,1263.839,STOCK1,291.00,300,buy,T-003,T-009,289.00,291.00
552,1263.839,STOCK1,292.00,400,buy,T-003,T-033,289.00,291.00
553,1265.293,STOCK1,292.00,1000,buy,T-003,T-033,289.00,292.00
554,1265.777,STOCK1,292.00,1000,buy,T-018,T-033,289.00,292.00
555,1266.928,STOCK1,292.00,1000,buy,T-004,T-033,289.00,292.00
556,1267.010,STOCK1,292.00,1000,buy,T-003,T-033,289.00,292.00
557,1267.657,STOCK1,292.00,600,buy,T-004,T-033,289.00,292.00
558,1267.657,STOCK1,294.95,400,buy,T-004,T-007,289.00,292.00
559,1267.808,STOCK1,294.95,600,buy,T-036,T-007,289.00,294.95
560,1267.808,STOCK1,295.00,100,buy,T-036,T-010,289.00,294.95
561,1267.808,STOCK1,297.50,300,buy,T-036,T-025,289.00,294.95
562,1268.346,STOCK1,297.50,200,buy,T-018,T-025,289.00,297.50
563,1268.346,STOCK1,299.00,110,buy,T-018,T-037,289.00,297.50
564,1268.346,STOCK1,299.00,690,buy,T-018,T-030,289.00,297.50
565,1268.518,STOCK1,299.00,310,buy,T-004,T-030,289.00,299.00
566,1268.518,STOCK1,299.40,500,buy,T-004,T-025,289.00,299.00
567,1268.518,STOCK1,300.00,190,buy,T-004,T-014,289.00,299.00
568,1269.208,STOCK1,300.00,160,buy,T-004,T-014,289.00,300.00
569,1269.208,STOCK1,300.00,100,buy,T-004,T-009,289.00,300.00
570,1269.208,STOCK1,300.00,100,buy,T-004,T-009,289.00,300.00
571,1269.208,STOCK1,300.00,400,buy,T-004,T-009,289.00,300.00
572,1269.208,STOCK1,300.00,240,buy,T-004,T-001,289.00,300.00
573,1270.181,STOCK1,300.00,1000,buy,T-004,T-006,289.00,300.00
574,1270.787,STOCK1,320.00,1000,buy,T-018,T-025,289.00,320.00
575,1271.031,STOCK1,320.00,1000,buy,T-004,T-036,289.00,320.00
576,1283.815,STOCK1,300.00,1000,buy,T-016,T-026,294.00,300.00
577,1284.058,STOCK1,300.00,1000,buy,T-003,T-026,294.00,300.00
578,1284.268,STOCK1,310.00,1000,buy,T-024,T-018,294.00,310.00
579,1284.268,STOCK1,330.00,1000,buy,T-024,T-025,294.00,310.00
580,1284.268,STOCK1,350.00,1000,buy,T-024,T-033,294.00,310.00
581,1284.268,STOCK1,350.00,500,buy,T-024,T-033,294.00,310.00
582,1285.278,STOCK1,320.00,300,buy,T-036,T-009,300.00,320.00
583,1285.278,STOCK1,350.00,700,buy,T-036,T-024,300.00,320.00
584,1285.987,STOCK1,350.00,300,buy,T-036,T-024,300.00,350.00
585,1285.987,STOCK1,350.00,500,buy,T-036,T-033,300.00,350.00
586,1285.987,STOCK1,350.00,200,buy,T-036,T-014,300.00,350.00
587,1287.146,STOCK1,350.00,800,buy,T-036,T-014,300.00,350.00
588,1287.146,STOCK1,400.00,200,buy,T-036,T-014,300.00,350.00
589,1290.522,STOCK1,301.00,1000,sell,T-033,T-004,301.00,400.00
590,1293.494,STOCK1,350.00,100,buy,T-002,T-036,305.00,350.00
591,1297.306,STOCK1,305.00,1000,sell,T-001,T-004,305.00,350.00
592,1301.011,STOCK1,340.00,100,buy,T-002,T-026,301.00,340.00
593,1304.373,STOCK1,315.00,10,sell,T-005,T-016,315.00,340.00
594,1304.373,STOCK1,301.00,990,sell,T-033,T-016,315.00,340.00
595,1308.994,STOCK1,330.00,500,buy,T-004,T-032,301.00,330.00
596,1308.994,STOCK1,340.00,500,buy,T-004,T-003,301.00,330.00
597,1309.976,STOCK2,113.00,1000,buy,T-035,T-027,112.10,113.00
598,1310.421,STOCK1,301.00,1000,sell,T-033,T-004,301.00,320.00
599,1311.925,STOCK1,320.00,10,buy,T-004,T-005,305.00,320.00
600,1311.925,STOCK1,320.00,990,buy,T-004,T-003,305.00,320.00
601,1313.227,STOCK1,305.00,1000,sell,T-001,T-004,305.00,320.00
602,1315.029,STOCK1,320.00,100,buy,T-004,T-010,305.00,320.00
603,1315.029,STOCK1,328.00,900,buy,T-004,T-017,305.00,320.00
604,1315.985,STOCK1,305.00,1000,sell,T-018,T-004,305.00,328.00
605,1315.996,STOCK2,112.10,250,sell,T-008,T-020,112.10,112.11
606,1315.996,STOCK2,112.10,250,sell,T-008,T-020,112.10,112.11
607,1315.996,STOCK2,112.10,250,sell,T-008,T-020,112.10,112.11
608,1315.996,STOCK2,111.10,250,sell,T-003,T-020,112.10,112.11
609,1317.296,STOCK1,328.00,100,buy,T-004,T-017,305.00,328.00
610,1317.296,STOCK1,329.00,900,buy,T-004,T-036,305.00,328.00
611,1319.380,STOCK1,305.00,1000,sell,T-001,T-004,305.00,329.00
612,1321.369,STOCK1,329.00,100,buy,T-004,T-036,305.00,329.00
613,1321.369,STOCK1,329.00,900,buy,T-004,T-036,305.00,329.00
614,1322.306,STOCK1,310.00,10,sell,T-005,T-004,310.00,329.00
615,1322.306,STOCK1,305.00,990,sell,T-001,T-004,310.00,329.00
616,1336.182,STOCK1,315.00,10,buy,T-004,T-005,311.00,315.00
617,1336.182,STOCK1,320.00,990,buy,T-004,T-034,311.00,315.00
618,1338.878,STOCK1,311.00,1000,sell,T-033,T-004,311.00,312.00
619,1341.638,STOCK1,312.00,300,buy,T-004,T-009,311.00,312.00
620,1341.638,STOCK1,319.00,700,buy,T-004,T-033,311.00,312.00
621,1344.044,STOCK1,319.00,1000,buy,T-004,T-033,311.00,319.00
622,1346.480,STOCK2,111.11,1000,buy,T-003,T-015,111.10,111.11
623,1352.134,STOCK1,319.00,1000,buy,T-004,T-033,318.00,319.00
624,1352.306,STOCK2,111.50,1000,buy,T-003,T-018,111.10,111.50
625,1354.010,STOCK1,319.00,1000,buy,T-018,T-033,318.00,319.00
626,1354.082,STOCK1,319.00,460,buy,T-030,T-033,318.00,319.00
627,1357.871,STOCK1,319.00,840,buy,T-031,T-033,318.00,319.00
628,1357.871,STOCK1,319.00,100,buy,T-031,T-010,318.00,319.00
629,1357.871,STOCK1,320.00,1010,buy,T-031,T-034,318.00,319.00
630,1357.871,STOCK1,320.00,300,buy,T-031,T-029,318.00,319.00
631,1357.871,STOCK1,320.00,300,buy,T-031,T-029,318.00,319.00
632,1357.871,STOCK1,320.00,300,buy,T-031,T-029,318.00,319.00
633,1357.871,STOCK1,325.00,150,buy,T-031,T-024,318.00,319.00
634,1360.020,STOCK1,318.00,1000,sell,T-001,T-027,318.00,319.00
635,1384.656,STOCK1,319.00,100,buy,T-026,T-010,317.00,319.00
636,1384.656,STOCK1,320.00,300,buy,T-026,T-029,317.00,319.00
637,1384.656,STOCK1,320.00,300,buy,T-026,T-029,317.00,319.00
638,1384.656,STOCK1,322.00,300,buy,T-026,T-009,317.00,319.00
639,1388.469,STOCK2,111.11,250,sell,T-014,T-013,111.11,111.12
640,1388.469,STOCK2,111.10,750,sell,T-003,T-013,111.11,111.12
641,1388.469,STOCK2,111.00,1000,sell,T-024,T-013,111.11,111.12
642,1389.430,STOCK2,111.00,1000,sell,T-024,T-004,111.00,111.12
643,1391.184,STOCK2,111.00,750,sell,T-024,T-004,111.00,111.12
644,1391.184,STOCK2,111.00,250,sell,T-009,T-004,111.00,111.12
645,1391.975,STOCK2,111.00,50,sell,T-009,T-004,111.00,111.12
646,1391.975,STOCK2,110.00,300,sell,T-009,T-004,111.00,111.12
647,1391.975,STOCK2,110.00,650,sell,T-003,T-004,111.00,111.12
648,1392.766,STOCK2,110.00,1000,sell,T-003,T-004,110.00,111.12
649,1393.763,STOCK2,110.00,1000,sell,T-003,T-004,110.00,111.12
650,1397.528,STOCK2,110.00,1000,sell,T-003,T-004,110.00,111.12
651,1398.174,STOCK2,110.00,350,sell,T-003,T-004,110.00,111.12
652,1398.174,STOCK2,107.00,650,sell,T-012,T-004,110.00,111.12
653,1399.168,STOCK2,107.00,350,sell,T-012,T-018,107.00,111.12
654,1399.168,STOCK2,105.90,500,sell,T-025,T-018,107.00,111.12
655,1399.168,STOCK2,100.00,100,sell,T-009,T-018,107.00,111.12
656,1399.168,STOCK2,100.00,50,sell,T-030,T-018,107.00,111.12
657,1399.908,STOCK2,100.00,950,sell,T-030,T-004,100.00,111.12
658,1399.908,STOCK2,100.00,50,sell,T-009,T-004,100.00,111.12
659,1400.921,STOCK2,100.00,50,sell,T-009,T-004,100.00,105.00
660,1400.921,STOCK2,100.00,100,sell,T-009,T-004,100.00,105.00
661,1400.921,STOCK2,100.00,100,sell,T-009,T-004,100.00,105.00
662,1400.921,STOCK2,100.00,100,sell,T-009,T-004,100.00,105.00
663,1400.921,STOCK2,100.00,650,sell,T-020,T-004,100.00,105.00
664,1400.973,STOCK2,100.00,1000,sell,T-020,T-018,100.00,105.00
665,1402.070,STOCK2,100.00,1000,sell,T-020,T-018,100.00,105.00
666,1404.620,STOCK2,100.00,350,sell,T-020,T-004,100.00,105.00
667,1404.620,STOCK2,100.00,100,sell,T-010,T-004,100.00,105.00
668,1404.620,STOCK2,99.00,500,sell,T-014,T-004,100.00,105.00
669,1404.620,STOCK2,95.00,50,sell,T-009,T-004,100.00,105.00
670,1406.445,STOCK2,95.00,50,sell,T-009,ME,95.00,105.00
671,1406.445,STOCK2,95.00,450,sell,T-020,ME,95.00,105.00
672,1409.881,STOCK2,105.00,2000,buy,T-013,T-024,95.00,105.00
673,1415.545,STOCK1,314.00,1000,buy,T-016,T-003,313.00,314.00
674,1422.762,STOCK1,314.00,1000,buy,T-018,T-003,313.00,314.00
675,1428.177,STOCK2,100.00,500,buy,T-013,T-031,96.00,100.00
676,1431.855,STOCK1,318.00,1000,sell,T-001,T-016,318.00,320.00
677,1441.027,STOCK2,96.00,1000,sell,T-006,T-026,96.00,99.99
678,1442.404,STOCK2,95.00,1000,sell,T-020,T-026,95.00,99.99
679,1444.634,STOCK2,95.00,1000,sell,T-020,T-026,95.00,99.99
680,1446.611,STOCK2,98.00,300,buy,T-029,T-007,95.00,98.00
681,1447.945,STOCK2,98.00,200,buy,T-029,T-007,95.00,98.00
682,1447.945,STOCK2,98.00,100,buy,T-029,T-007,95.00,98.00
683,1449.428,STOCK2,98.00,300,buy,T-029,T-007,95.00,98.00
684,1450.900,STOCK2,98.00,100,buy,T-029,T-007,95.00,98.00
685,1450.900,STOCK2,98.00,200,buy,T-029,T-007,95.00,98.00
686,1452.630,STOCK2,97.99,1000,buy,T-037,T-015,95.00,97.99
687,1452.907,STOCK2,95.00,550,sell,T-020,T-004,95.00,98.00
688,1452.907,STOCK2,91.00,300,sell,T-009,T-004,95.00,98.00
689,1452.907,STOCK2,91.00,150,sell,T-009,T-004,95.00,98.00
690,1453.668,STOCK2,98.00,300,buy,T-029,T-007,91.00,98.00
691,1459.412,STOCK2,97.99,1000,buy,T-002,T-015,91.00,97.99
692,1459.412,STOCK2,98.00,500,buy,T-002,T-007,91.00,97.99
693,1459.412,STOCK2,99.99,1000,buy,T-002,T-015,91.00,97.99
694,1459.412,STOCK2,99.99,1000,buy,T-002,T-015,91.00,97.99
695,1459.412,STOCK2,100.00,1500,buy,T-002,T-031,91.00,97.99
696,1461.893,STOCK2,100.00,1000,buy,T-002,T-031,91.00,100.00
697,1461.893,STOCK2,103.99,1000,buy,T-002,T-015,91.00,100.00
698,1461.893,STOCK2,104.00,3000,buy,T-002,T-033,91.00,100.00
699,1462.745,STOCK2,104.00,2000,buy,T-002,T-033,91.00,104.00
700,1462.745,STOCK2,104.99,1000,buy,T-002,T-015,91.00,104.00
701,1462.745,STOCK2,105.00,1000,buy,T-002,T-024,91.00,104.00
702,1462.745,STOCK2,105.00,1000,buy,T-002,T-026,91.00,104.00
703,1463.415,STOCK2,111.12,1000,buy,T-002,T-015,91.00,111.12
704,1463.415,STOCK2,111.12,1000,buy,T-002,T-015,91.00,111.12
705,1463.415,STOCK2,112.00,20,buy,T-002,T-038,91.00,111.12
706,1463.415,STOCK2,112.11,1000,buy,T-002,T-015,91.00,111.12
707,1463.415,STOCK2,114.00,1000,buy,T-002,T-015,91.00,111.12
708,1463.415,STOCK2,116.00,980,buy,T-002,T-018,91.00,111.12
709,1464.047,STOCK2,116.00,20,buy,T-002,T-018,91.00,116.00
710,1464.047,STOCK2,116.00,1000,buy,T-002,T-015,91.00,116.00
711,1464.047,STOCK2,117.00,500,buy,T-002,ME,91.00,116.00
712,1464.047,STOCK2,117.00,500,buy,T-002,ME,91.00,116.00
713,1464.047,STOCK2,117.00,500,buy,T-002,ME,91.00,116.00
714,1464.047,STOCK2,117.00,500,buy,T-002,ME,91.00,116.00
715,1464.047,STOCK2,118.00,1930,buy,T-002,T-033,91.00,116.00
716,1464.047,STOCK2,118.00,50,buy,T-002,T-033,91.00,116.00
717,1464.564,STOCK2,118.00,2450,buy,T-002,T-033,91.00,118.00
718,1464.564,STOCK2,118.50,1000,buy,T-002,T-007,91.00,118.00
719,1464.564,STOCK2,118.50,1000,buy,T-002,T-007,91.00,118.00
720,1464.564,STOCK2,119.10,300,buy,T-002,T-029,91.00,118.00
721,1464.564,STOCK2,119.10,250,buy,T-002,T-029,91.00,118.00
722,1466.399,STOCK1,320.00,500,buy,T-004,T-027,319.10,320.00
723,1466.399,STOCK1,320.00,500,buy,T-004,T-034,319.10,320.00
724,1470.579,STOCK1,320.00,1000,buy,T-016,T-034,319.10,320.00
725,1472.074,STOCK2,100.00,1000,sell,T-006,T-004,100.00,118.00
726,1473.436,STOCK1,319.10,650,sell,T-024,T-016,319.10,322.00
727,1473.436,STOCK1,319.00,350,sell,T-018,T-016,319.10,322.00
728,1477.737,STOCK1,319.00,500,sell,T-018,T-013,319.00,322.00
729,1479.539,STOCK2,105.00,10,sell,T-005,T-026,105.00,115.00
730,1479.539,STOCK2,91.00,140,sell,T-009,T-026,105.00,115.00
731,1487.477,STOCK1,319.00,150,sell,T-018,T-004,319.00,322.00
732,1487.477,STOCK1,319.00,850,sell,T-017,T-004,319.00,322.00
733,1489.591,STOCK1,319.00,150,sell,T-017,T-004,319.00,321.00
734,1489.591,STOCK1,312.00,850,sell,T-001,T-004,319.00,321.00
735,1501.974,STOCK2,105.00,1000,buy,T-004,T-033,96.00,105.00
736,1505.267,STOCK1,311.00,500,sell,T-033,T-013,311.00,314.00
737,1535.995,STOCK2,99.50,1000,sell,T-020,T-004,99.50,102.00
738,1539.837,STOCK1,314.00,1000,buy,T-004,T-037,313.00,314.00
739,1542.520,STOCK1,314.00,1000,buy,T-004,T-001,313.00,314.00
740,1543.508,STOCK1,315.00,1000,buy,T-004,T-003,313.00,315.00
741,1544.237,STOCK1,315.00,1000,buy,T-004,T-003,313.00,315.00
742,1544.908,STOCK1,313.00,500,sell,T-027,T-033,313.00,315.00
743,1544.978,STOCK1,315.00,1000,buy,T-004,T-003,312.00,315.00
744,1545.798,STOCK1,315.00,1000,buy,T-004,T-003,312.00,315.00
745,1546.592,STOCK1,315.00,1000,buy,T-004,T-003,312.00,315.00
746,1547.005,STOCK1,322.00,100,buy,T-016,T-010,312.00,322.00
747,1547.005,STOCK1,322.00,100,buy,T-016,T-010,312.00,322.00
748,1547.005,STOCK1,322.00,100,buy,T-016,T-010,312.00,322.00
749,1547.005,STOCK1,322.00,100,buy,T-016,T-010,312.00,322.00
750,1547.005,STOCK1,322.00,100,buy,T-016,T-010,312.00,322.00
751,1547.005,STOCK1,325.00,500,buy,T-016,T-007,312.00,322.00
752,1553.820,STOCK2,102.00,500,buy,T-013,T-007,99.50,102.00
753,1554.448,STOCK1,326.00,500,buy,T-033,T-037,325.00,326.00
754,1555.507,STOCK1,326.00,500,buy,T-003,T-037,312.00,326.00
755,1555.507,STOCK1,326.00,300,buy,T-003,T-009,312.00,326.00
756,1555.507,STOCK1,327.00,3000,buy,T-003,T-031,312.00,326.00
757,1555.507,STOCK1,328.90,300,buy,T-003,T-025,312.00,326.00
758,1555.507,STOCK1,329.00,100,buy,T-003,T-036,312.00,326.00
759,1555.507,STOCK1,330.00,460,buy,T-003,T-030,312.00,326.00
760,1555.507,STOCK1,340.00,340,buy,T-003,T-006,312.00,326.00
761,1555.648,STOCK1,340.00,500,buy,T-033,T-006,312.00,340.00
762,1555.761,STOCK1,340.00,160,buy,T-026,T-006,312.00,340.00
763,1555.761,STOCK1,349.00,840,buy,T-026,T-036,312.00,340.00
764,1556.374,STOCK1,349.00,160,buy,T-024,T-036,312.00,349.00
765,1556.374,STOCK1,350.00,900,buy,T-024,T-036,312.00,349.00
766,1556.374,STOCK1,350.00,1000,buy,T-024,T-036,312.00,349.00
767,1556.374,STOCK1,350.00,940,buy,T-024,T-036,312.00,349.00
768,1556.909,STOCK1,350.00,60,buy,T-030,T-036,312.00,350.00
769,1556.909,STOCK1,350.00,940,buy,T-030,T-036,312.00,350.00
770,1558.260,STOCK1,312.00,1000,sell,T-034,T-004,312.00,350.00
771,1564.847,STOCK1,320.00,100,buy,T-026,T-010,315.00,320.00
772,1574.130,STOCK2,99.50,1000,sell,T-020,T-027,99.50,99.51
773,1575.526,STOCK1,320.00,100,buy,T-003,T-010,312.00,320.00
774,1576.761,STOCK2,99.50,1000,sell,T-020,T-027,99.50,99.51
775,1582.330,STOCK1,330.00,500,buy,T-030,T-032,325.00,330.00
776,1582.330,STOCK1,335.00,500,buy,T-030,T-024,325.00,330.00
777,1583.474,STOCK1,335.00,1000,buy,T-004,T-024,325.00,335.00
778,1589.695,STOCK1,325.00,1000,sell,T-018,T-004,325.00,335.00
779,1589.816,STOCK2,98.00,10,buy,T-010,T-005,97.21,98.00
780,1589.816,STOCK2,102.00,90,buy,T-010,T-007,97.21,98.00
781,1596.452,STOCK1,325.00,100,buy,T-030,T-010,320.00,325.00
782,1596.452,STOCK1,335.00,900,buy,T-030,T-024,320.00,325.00
783,1608.216,STOCK1,325.00,100,buy,T-024,T-010,320.00,325.00
784,1610.004,STOCK1,324.00,1000,buy,T-030,T-002,320.00,324.00
785,1616.721,STOCK1,324.00,3000,buy,T-003,T-002,320.00,324.00
786,1625.663,STOCK1,321.00,500,buy,T-024,T-037,320.00,321.00
787,1626.569,STOCK1,322.00,500,buy,T-024,T-027,320.00,322.00
788,1663.230,STOCK2,99.89,5000,sell,T-015,T-002,99.89,99.90
789,1666.478,STOCK2,99.00,3000,sell,T-020,T-002,99.00,99.90
790,1666.478,STOCK2,98.90,1000,sell,T-019,T-002,99.00,99.90
791,1666.478,STOCK2,98.56,500,sell,T-037,T-002,99.00,99.90
792,1666.478,STOCK2,98.53,500,sell,T-006,T-002,99.00,99.90
793,1668.756,STOCK2,98.53,1500,sell,T-006,T-002,98.53,99.90
794,1668.756,STOCK2,98.00,2000,sell,T-006,T-002,98.53,99.90
795,1668.756,STOCK2,97.00,1500,sell,T-033,T-002,98.53,99.90
796,1672.130,STOCK1,322.01,100,sell,T-026,T-007,322.01,324.00
797,1673.710,STOCK2,97.00,3500,sell,T-033,T-002,97.00,99.90
798,1673.710,STOCK2,96.00,500,sell,T-032,T-002,97.00,99.90
799,1673.710,STOCK2,95.00,1000,sell,T-012,T-002,97.00,99.90
800,1676.537,STOCK2,99.80,200,sell,T-029,T-010,99.80,99.90
801,1678.627,STOCK1,323.00,250,buy,T-004,T-008,322.01,323.00
802,1678.627,STOCK1,324.00,750,buy,T-004,T-024,322.01,323.00
803,1681.798,STOCK2,95.00,500,sell,T-012,T-027,95.00,98.00
804,1682.826,STOCK1,325.00,100,buy,T-034,T-007,322.01,325.00
805,1682.826,STOCK1,325.00,100,buy,T-034,T-007,322.01,325.00
806,1682.826,STOCK1,325.50,1000,buy,T-034,T-019,322.01,325.00
807,1682.826,STOCK1,326.00,500,buy,T-034,T-032,322.01,325.00
808,1682.826,STOCK1,330.00,1000,buy,T-034,T-016,322.01,325.00
809,1682.826,STOCK1,330.00,200,buy,T-034,T-010,322.01,325.00
810,1682.826,STOCK1,335.00,600,buy,T-034,T-024,322.01,325.00
811,1682.826,STOCK1,335.00,1000,buy,T-034,T-001,322.01,325.00
812,1682.826,STOCK1,340.00,500,buy,T-034,T-036,322.01,325.00
813,1685.832,STOCK2,98.00,500,buy,T-013,T-033,95.00,98.00
814,1687.981,STOCK2,95.00,500,sell,T-012,T-027,95.00,98.00
815,1688.429,STOCK1,322.01,900,sell,T-026,T-004,322.01,324.00
816,1688.429,STOCK1,322.00,100,sell,T-001,T-004,322.01,324.00
817,1690.544,STOCK1,324.00,200,buy,T-004,T-010,322.00,324.00
818,1690.544,STOCK1,335.00,800,buy,T-004,T-024,322.00,324.00
819,1690.899,STOCK2,95.00,500,sell,T-012,T-027,95.00,98.00
820,1692.194,STOCK1,322.00,900,sell,T-001,T-004,322.00,335.00
821,1692.194,STOCK1,321.00,100,sell,T-002,T-004,322.00,335.00
822,1693.802,STOCK2,94.00,10,sell,T-009,T-020,94.00,98.00
823,1693.802,STOCK2,92.00,2990,sell,T-033,T-020,94.00,98.00
824,1694.742,STOCK1,334.00,10,buy,T-004,T-009,321.00,334.00
825,1694.742,STOCK1,335.00,900,buy,T-004,T-024,321.00,334.00
826,1694.742,STOCK1,340.00,90,buy,T-004,T-036,321.00,334.00
827,1696.716,STOCK2,92.00,2010,sell,T-033,T-020,92.00,98.00
828,1696.716,STOCK2,91.02,500,sell,T-025,T-020,92.00,98.00
829,1696.716,STOCK2,90.50,490,sell,T-025,T-020,92.00,98.00
830,1696.976,STOCK1,324.00,100,buy,T-003,T-008,321.00,324.00
831,1699.163,STOCK2,90.50,10,sell,T-025,T-002,90.50,97.00
832,1699.163,STOCK2,90.00,4990,sell,T-033,T-002,90.50,97.00
833,1700.395,STOCK2,90.00,10,sell,T-033,T-020,90.00,97.00
834,1700.395,STOCK2,90.00,1000,sell,T-006,T-020,90.00,97.00
835,1700.395,STOCK2,90.00,100,sell,T-010,T-020,90.00,97.00
836,1700.395,STOCK2,80.00,1000,sell,T-025,T-020,90.00,97.00
837,1700.395,STOCK2,75.00,20,sell,T-038,T-020,90.00,97.00
838,1700.395,STOCK2,25.01,10,sell,T-004,T-020,90.00,97.00
839,1700.395,STOCK2,1.00,860,sell,T-030,T-020,90.00,97.00
840,1700.456,STOCK1,333.00,200,buy,T-004,T-010,321.00,333.00
841,1700.456,STOCK1,334.00,90,buy,T-004,T-009,321.00,333.00
842,1700.456,STOCK1,340.00,410,buy,T-004,T-036,321.00,333.00
843,1700.456,STOCK1,340.00,300,buy,T-004,T-036,321.00,333.00
844,1702.044,STOCK1,321.00,1000,sell,T-002,T-004,321.00,340.00
845,1703.997,STOCK2,97.00,500,buy,T-037,T-015,1.00,97.00
846,1704.853,STOCK1,340.00,500,buy,T-004,T-033,325.00,340.00
847,1704.853,STOCK1,340.00,500,buy,T-004,T-033,325.00,340.00
848,1704.923,STOCK2,97.00,1500,buy,T-002,T-015,1.00,97.00
849,1704.923,STOCK2,97.00,1000,buy,T-002,T-017,1.00,97.00
850,1704.923,STOCK2,97.00,2500,buy,T-002,T-033,1.00,97.00
851,1706.633,STOCK1,325.00,1000,sell,T-024,T-004,325.00,349.00
852,1708.343,STOCK1,349.00,500,buy,T-004,T-033,325.00,349.00
853,1708.343,STOCK1,349.00,500,buy,T-004,T-033,325.00,349.00
854,1709.190,STOCK1,347.00,200,buy,T-016,T-010,325.00,347.00
855,1709.190,STOCK1,349.00,500,buy,T-016,T-033,325.00,347.00
856,1709.190,STOCK1,349.00,300,buy,T-016,T-033,325.00,347.00
857,1709.853,STOCK1,325.00,1000,sell,T-024,T-004,325.00,349.00
858,1710.178,STOCK1,349.00,200,buy,T-016,T-033,324.00,349.00
859,1710.178,STOCK1,350.00,800,buy,T-016,T-012,324.00,349.00
860,1712.378,STOCK1,329.00,1000,sell,T-026,T-004,329.00,345.00
861,1714.302,STOCK1,345.00,1000,buy,T-004,T-001,327.00,345.00
862,1716.343,STOCK1,331.00,1000,sell,T-018,T-004,331.00,348.00
863,1717.979,STOCK1,345.00,1000,buy,T-004,T-034,330.00,345.00
864,1720.917,STOCK1,331.00,1000,sell,T-024,T-004,331.00,340.00
865,1722.381,STOCK1,340.00,500,buy,T-004,T-032,331.00,340.00
866,1722.381,STOCK1,347.00,200,buy,T-004,T-010,331.00,340.00
867,1722.381,STOCK1,348.00,250,buy,T-004,T-008,331.00,340.00
868,1722.381,STOCK1,350.00,50,buy,T-004,T-012,331.00,340.00
869,1724.450,STOCK1,332.00,1000,sell,T-036,T-004,332.00,350.00
870,1726.332,STOCK1,350.00,150,buy,T-004,T-012,332.00,350.00
871,1726.332,STOCK1,350.00,500,buy,T-004,T-014,332.00,350.00
872,1726.332,STOCK1,356.00,300,buy,T-004,T-009,332.00,350.00
873,1726.332,STOCK1,356.00,50,buy,T-004,T-009,332.00,350.00
874,1727.369,STOCK1,332.00,1000,sell,T-036,T-004,332.00,340.00
875,1734.207,STOCK1,335.00,1000,sell,T-032,T-004,335.00,340.00
876,1735.354,STOCK1,331.00,1000,sell,T-024,T-004,331.00,340.00
877,1736.114,STOCK1,321.00,1000,sell,T-002,T-004,321.00,339.00
878,1737.266,STOCK1,321.00,1000,sell,T-002,T-004,321.00,339.00
879,1738.324,STOCK1,321.00,1000,sell,T-002,T-004,321.00,339.00
880,1741.949,STOCK1,332.00,500,sell,T-011,T-013,332.00,339.00
881,1747.034,STOCK1,332.00,500,sell,T-011,T-024,332.00,335.00
882,1747.034,STOCK1,332.00,1500,sell,T-011,T-024,332.00,335.00
883,1749.803,STOCK1,332.00,500,sell,T-011,T-004,332.00,334.00
884,1749.803,STOCK1,321.00,500,sell,T-002,T-004,332.00,334.00
885,1757.700,STOCK1,334.00,1000,buy,T-004,T-034,322.00,334.00
886,1759.109,STOCK1,322.00,1000,sell,T-032,T-004,322.00,335.00
887,1763.524,STOCK1,335.00,1000,buy,T-004,T-024,321.00,335.00
888,1765.449,STOCK1,332.00,1000,sell,T-011,T-004,332.00,335.00
889,1767.287,STOCK1,332.00,1000,sell,T-011,T-004,332.00,333.00
890,1772.657,STOCK1,322.00,1000,sell,T-036,T-004,322.00,333.00
891,1774.694,STOCK1,333.00,1000,buy,T-004,T-032,322.00,333.00
892,1776.148,STOCK1,323.00,1000,sell,T-032,T-004,323.00,332.00
893,1777.657,STOCK1,332.00,1000,buy,T-004,T-034,322.00,332.00
894,1779.766,STOCK1,322.00,1000,sell,T-036,T-004,322.00,335.00
895,1782.086,STOCK1,335.00,1000,buy,T-004,T-024,333.00,335.00
896,1784.117,STOCK1,333.00,200,sell,T-010,T-004,333.00,339.00
897,1784.117,STOCK1,322.00,800,sell,T-036,T-004,333.00,339.00
898,1788.548,STOCK2,94.00,1000,buy,T-017,T-036,93.00,94.00
899,1806.532,STOCK1,322.00,200,sell,T-036,T-004,322.00,331.00
900,1806.532,STOCK1,322.00,800,sell,T-002,T-004,322.00,331.00
901,1812.149,STOCK1,323.00,1000,sell,T-032,T-004,323.00,330.00
902,1813.744,STOCK1,322.00,300,sell,T-029,T-004,322.00,329.00
903,1813.744,STOCK1,322.00,300,sell,T-029,T-004,322.00,329.00
904,1813.744,STOCK1,321.00,400,sell,T-002,T-004,322.00,329.00
905,1823.305,STOCK2,93.00,3000,sell,T-018,T-031,93.00,94.00
906,1827.343,STOCK2,93.00,1000,sell,T-018,T-031,93.00,94.00
907,1827.343,STOCK2,92.00,2000,sell,T-018,T-031,93.00,94.00
908,1830.029,STOCK2,92.00,2000,sell,T-018,T-031,92.00,94.00
909,1830.029,STOCK2,91.00,1000,sell,T-015,T-031,92.00,94.00
910,1831.207,STOCK1,324.00,250,buy,T-004,T-008,320.20,324.00
911,1831.207,STOCK1,325.00,750,buy,T-004,T-027,320.20,324.00
912,1840.740,STOCK1,324.90,1000,buy,T-016,T-019,320.20,324.90
913,1840.740,STOCK1,325.00,4000,buy,T-016,T-027,320.20,324.90
914,1842.311,STOCK1,320.20,1350,sell,T-024,T-033,320.20,325.00
915,1842.311,STOCK1,320.10,300,sell,T-029,T-033,320.20,325.00
916,1842.311,STOCK1,320.10,300,sell,T-029,T-033,320.20,325.00
917,1842.311,STOCK1,319.00,1000,sell,T-001,T-033,320.20,325.00
918,1842.311,STOCK1,316.00,2050,sell,T-002,T-033,320.20,325.00
919,1846.908,STOCK1,325.00,250,buy,T-004,T-027,316.00,325.00
920,1846.908,STOCK1,325.00,750,buy,T-004,T-001,316.00,325.00
921,1858.552,STOCK2,94.00,500,buy,T-013,T-036,93.51,94.00
922,1868.688,STOCK2,93.51,3000,sell,T-015,T-002,93.51,94.00
923,1868.688,STOCK2,91.70,2000,sell,T-020,T-002,93.51,94.00
924,1882.071,STOCK1,317.00,250,sell,T-032,T-008,317.00,319.00
925,1883.632,STOCK1,317.00,250,sell,T-032,T-008,317.00,319.00
926,1883.889,STOCK1,317.00,250,sell,T-032,T-008,317.00,319.00
927,1885.433,STOCK1,317.00,250,sell,T-032,T-003,317.00,319.00
928,1885.433,STOCK1,317.00,2750,sell,T-027,T-003,317.00,319.00
929,1888.264,STOCK1,317.00,2250,sell,T-027,T-003,317.00,319.00
930,1888.264,STOCK1,316.00,750,sell,T-002,T-003,317.00,319.00
931,1889.385,STOCK1,316.00,2200,sell,T-002,T-003,316.00,319.00
932,1889.385,STOCK1,316.00,800,sell,T-034,T-003,316.00,319.00
933,1893.260,STOCK1,316.00,200,sell,T-034,T-004,316.00,318.00
934,1893.260,STOCK1,315.00,3000,sell,T-031,T-004,316.00,318.00
935,1893.260,STOCK1,312.00,1800,sell,T-033,T-004,316.00,318.00
936,1895.239,STOCK1,316.00,300,sell,T-029,T-003,316.00,318.00
937,1895.239,STOCK1,312.00,2700,sell,T-033,T-003,316.00,318.00
938,1899.966,STOCK1,312.00,500,sell,T-033,T-024,312.00,316.00
939,1899.966,STOCK1,311.00,1000,sell,T-033,T-024,312.00,316.00
940,1905.838,STOCK2,94.00,500,buy,T-004,T-036,92.00,94.00
941,1905.838,STOCK2,94.00,500,buy,T-004,T-036,92.00,94.00
942,1910.223,STOCK1,313.00,1000,sell,T-036,T-024,313.00,316.00
943,1910.376,STOCK1,311.00,300,sell,T-029,T-034,311.00,316.00
944,1910.376,STOCK1,311.00,300,sell,T-029,T-034,311.00,316.00
945,1910.376,STOCK1,311.00,300,sell,T-029,T-034,311.00,316.00
946,1910.376,STOCK1,311.00,100,sell,T-029,T-034,311.00,316.00
947,1912.864,STOCK1,314.00,500,sell,T-031,T-013,314.00,316.00
948,1916.481,STOCK1,314.00,1000,sell,T-031,T-024,314.00,316.00
949,1917.674,STOCK2,94.00,500,buy,T-020,T-036,93.00,94.00
950,1917.674,STOCK2,94.00,500,buy,T-020,T-036,93.00,94.00
951,1920.092,STOCK2,94.00,500,buy,T-020,T-036,93.51,94.00
952,1920.092,STOCK2,94.99,500,buy,T-020,T-013,93.51,94.00
953,1920.659,STOCK2,95.00,1000,buy,T-020,T-003,93.51,95.00
954,1922.263,STOCK2,95.00,1000,buy,T-020,T-003,93.51,95.00
955,1922.938,STOCK2,95.00,1000,buy,T-020,T-003,93.51,95.00
956,1923.624,STOCK2,95.00,1000,buy,T-020,T-033,93.51,95.00
957,1924.252,STOCK2,95.00,1000,buy,T-020,T-033,93.51,95.00
958,1924.893,STOCK2,95.00,1000,buy,T-020,T-033,93.51,95.00
959,1925.695,STOCK2,95.00,1000,buy,T-020,T-033,93.51,95.00
960,1926.049,STOCK2,95.00,1000,buy,T-020,T-033,93.51,95.00
961,1926.242,STOCK2,95.00,500,buy,T-020,ME,93.51,95.00
962,1926.242,STOCK2,96.00,500,buy,T-020,T-002,93.51,95.00
963,1926.575,STOCK2,96.00,1000,buy,T-020,T-002,93.51,96.00
964,1928.152,STOCK2,96.00,1000,buy,T-020,T-002,93.51,96.00
965,1928.274,STOCK2,96.00,1000,buy,T-020,T-002,93.51,96.00
966,1928.439,STOCK2,96.00,1000,buy,T-020,T-002,93.51,96.00
967,1928.674,STOCK2,96.00,500,buy,T-020,T-002,93.51,96.00
968,1928.674,STOCK2,96.00,500,buy,T-020,T-002,93.51,96.00
969,1928.735,STOCK2,96.00,1000,buy,T-020,T-002,93.51,96.00
970,1928.956,STOCK2,96.00,1000,buy,T-020,T-002,93.51,96.00
971,1929.057,STOCK2,96.00,2500,buy,T-027,T-002,93.51,96.00
972,1929.057,STOCK2,97.00,500,buy,T-027,T-033,93.51,96.00
973,1929.106,STOCK2,97.00,1000,buy,T-020,T-033,93.51,97.00
974,1929.238,STOCK2,97.00,1000,buy,T-020,T-033,93.51,97.00
975,1939.689,STOCK1,314.00,1500,sell,T-031,T-033,314.00,316.00
976,1939.689,STOCK1,314.00,3000,sell,T-031,T-033,314.00,316.00
977,1939.689,STOCK1,310.00,500,sell,T-003,T-033,314.00,316.00
978,1961.781,STOCK1,313.00,1000,buy,T-031,T-001,312.00,313.00
979,1961.781,STOCK1,314.00,1000,buy,T-031,T-034,312.00,313.00
980,1961.781,STOCK1,316.00,1000,buy,T-031,T-034,312.00,313.00
981,1964.599,STOCK1,316.00,1000,buy,T-031,T-034,312.00,316.00
982,1964.599,STOCK1,316.00,1000,buy,T-031,T-001,312.00,316.00
983,1964.599,STOCK1,318.00,1000,buy,T-031,T-032,312.00,316.00
984,1965.806,STOCK2,97.00,10,buy,T-010,T-036,95.51,97.00
985,1965.836,STOCK1,319.00,1000,buy,T-031,T-001,312.00,319.00
986,1965.836,STOCK1,320.00,200,buy,T-031,T-010,312.00,319.00
987,1965.836,STOCK1,320.00,1800,buy,T-031,T-006,312.00,319.00
988,1967.732,STOCK2,97.00,10,buy,T-010,T-036,95.51,97.00
989,1968.236,STOCK1,320.00,200,buy,T-031,T-006,312.00,320.00
990,1968.236,STOCK1,321.00,400,buy,T-031,T-009,312.00,320.00
991,1968.236,STOCK1,323.00,200,buy,T-031,T-010,312.00,320.00
992,1968.236,STOCK1,325.00,250,buy,T-031,T-001,312.00,320.00
993,1968.236,STOCK1,325.00,200,buy,T-031,T-010,312.00,320.00
994,1968.236,STOCK1,325.00,200,buy,T-031,T-010,312.00,320.00
995,1968.236,STOCK1,330.00,1550,buy,T-031,T-034,312.00,320.00
996,1968.540,STOCK2,97.00,10,buy,T-010,T-036,95.51,97.00
997,1969.017,STOCK2,97.00,10,buy,T-010,T-036,95.51,97.00
998,1969.521,STOCK2,97.00,10,buy,T-010,T-036,95.51,97.00
999,1989.193,STOCK2,97.00,950,buy,T-020,T-036,96.99,97.00
1000,1989.193,STOCK2,97.00,50,buy,T-020,T-036,96.99,97.00
1001,1990.309,STOCK2,97.00,950,buy,T-020,T-036,96.99,97.00
1002,1990.309,STOCK2,98.00,50,buy,T-020,T-033,96.99,97.00
1003,1991.093,STOCK2,98.00,1000,buy,T-020,T-033,96.99,98.00
1004,1991.705,STOCK2,98.00,1000,buy,T-020,T-033,96.99,98.00
1005,1992.674,STOCK2,98.00,1000,buy,T-020,T-033,96.99,98.00
1006,1992.774,STOCK2,98.00,1000,buy,T-020,T-033,96.99,98.00
1007,1992.935,STOCK2,98.00,450,buy,T-020,T-033,96.99,98.00
1008,1992.935,STOCK2,99.00,15,buy,T-020,T-038,96.99,98.00
1009,1992.935,STOCK2,99.80,300,buy,T-020,T-029,96.99,98.00
1010,1992.935,STOCK2,99.80,235,buy,T-020,T-029,96.99,98.00
1011,1993.067,STOCK2,99.80,65,buy,T-020,T-029,96.99,99.00
1012,1993.067,STOCK2,99.80,300,buy,T-020,T-029,96.99,99.00
1013,1993.067,STOCK2,99.90,635,buy,T-020,T-036,96.99,99.00
1014,1993.207,STOCK2,99.90,365,buy,T-020,T-036,96.99,99.00
1015,1993.207,STOCK2,99.90,635,buy,T-020,T-036,96.99,99.00
1016,1993.341,STOCK2,99.90,365,buy,T-020,T-036,96.99,99.00
1017,1993.341,STOCK2,100.00,635,buy,T-020,T-003,96.99,99.00
1018,1993.740,STOCK2,100.00,1000,buy,T-020,T-003,96.99,99.00
1019,1993.750,STOCK1,316.00,1000,sell,T-036,T-024,316.00,320.00
1020,1993.750,STOCK1,316.00,1000,sell,T-036,T-024,316.00,320.00
1021,1994.045,STOCK2,100.00,1000,buy,T-020,T-003,96.99,99.00
1022,1994.307,STOCK2,100.00,365,buy,T-020,T-003,96.99,99.00
1023,1994.307,STOCK2,102.00,410,buy,T-020,T-007,96.99,99.00
1024,1994.307,STOCK2,102.00,225,buy,T-020,T-031,96.99,99.00
1025,1994.457,STOCK2,102.00,1000,buy,T-020,T-031,96.99,99.00
1026,1994.600,STOCK2,102.00,1000,buy,T-020,T-031,96.99,99.00
1027,1995.074,STOCK2,102.00,775,buy,T-020,T-031,96.99,99.00
1028,1995.074,STOCK2,103.90,225,buy,T-020,T-029,96.99,99.00
1029,1995.940,STOCK2,103.90,75,buy,T-020,T-029,96.99,99.00
1030,1995.940,STOCK2,103.90,300,buy,T-020,T-029,96.99,99.00
1031,1995.940,STOCK2,103.90,300,buy,T-020,T-029,96.99,99.00
1032,1995.940,STOCK2,103.90,300,buy,T-020,T-029,96.99,99.00
1033,1995.940,STOCK2,103.90,25,buy,T-020,T-029,96.99,99.00
1034,1997.544,STOCK1,312.00,2000,sell,T-027,T-024,312.00,320.00
1035,2001.070,STOCK1,312.00,1000,sell,T-027,T-033,312.00,320.00
1036,2001.070,STOCK1,307.60,500,sell,T-029,T-033,312.00,320.00
1037,2001.070,STOCK1,306.00,300,sell,T-029,T-033,312.00,320.00
1038,2001.070,STOCK1,306.00,300,sell,T-029,T-033,312.00,320.00
1039,2001.070,STOCK1,306.00,300,sell,T-029,T-033,312.00,320.00
1040,2001.070,STOCK1,306.00,300,sell,T-029,T-033,312.00,320.00
1041,2001.070,STOCK1,306.00,300,sell,T-029,T-033,312.00,320.00
1042,2001.070,STOCK1,306.00,300,sell,T-029,T-033,312.00,320.00
1043,2001.070,STOCK1,306.00,300,sell,T-029,T-033,312.00,320.00
1044,2001.070,STOCK1,306.00,300,sell,T-029,T-033,312.00,320.00
1045,2001.070,STOCK1,306.00,300,sell,T-029,T-033,312.00,320.00
1046,2001.070,STOCK1,305.00,500,sell,ME,T-033,312.00,320.00
1047,2001.070,STOCK1,305.00,300,sell,T-034,T-033,312.00,320.00
1048,2003.997,STOCK2,99.00,1000,buy,T-027,T-020,98.99,99.00
1049,2004.007,STOCK2,103.00,500,buy,T-015,T-029,98.99,103.00
1050,2004.007,STOCK2,103.90,275,buy,T-015,T-029,98.99,103.00
1051,2004.007,STOCK2,103.90,300,buy,T-015,T-029,98.99,103.00
1052,2004.007,STOCK2,103.90,300,buy,T-015,T-029,98.99,103.00
1053,2004.007,STOCK2,103.90,300,buy,T-015,T-029,98.99,103.00
1054,2004.007,STOCK2,103.90,300,buy,T-015,T-029,98.99,103.00
1055,2004.007,STOCK2,103.90,25,buy,T-015,T-029,98.99,103.00
1056,2004.110,STOCK2,103.90,275,buy,T-020,T-029,98.99,103.90
1057,2004.110,STOCK2,104.00,725,buy,T-020,T-033,98.99,103.90
1058,2004.293,STOCK2,104.00,500,buy,T-037,T-033,98.99,104.00
1059,2017.441,STOCK2,100.00,10,sell,T-005,T-016,100.00,102.00
1060,2017.441,STOCK2,100.00,490,sell,T-010,T-016,100.00,102.00
1061,2024.691,STOCK2,101.00,1000,buy,T-027,T-007,100.00,101.00
1062,2024.926,STOCK2,100.00,500,sell,T-010,T-037,100.00,102.00
1063,2025.354,STOCK2,102.00,1000,buy,T-011,T-026,101.00,102.00
1064,2025.354,STOCK2,103.80,1000,buy,T-011,T-007,101.00,102.00
1065,2031.331,STOCK2,103.90,1000,buy,T-015,T-031,101.00,103.90
1066,2033.386,STOCK2,103.90,1000,buy,T-015,T-031,101.00,103.90
1067,2033.597,STOCK2,103.90,1000,buy,T-027,T-031,101.00,103.90
1068,2034.055,STOCK2,103.90,100,buy,T-020,T-029,101.00,103.90
1069,2034.843,STOCK2,103.90,400,buy,T-015,T-029,101.00,103.90
1070,2034.843,STOCK2,103.90,500,buy,T-015,T-002,101.00,103.90
1071,2034.843,STOCK2,103.90,100,buy,T-015,T-002,101.00,103.90
1072,2035.159,STOCK2,103.90,400,buy,T-015,T-002,101.00,103.90
1073,2035.159,STOCK2,104.00,600,buy,T-015,T-033,101.00,103.90
1074,2035.925,STOCK2,104.00,100,buy,T-020,T-033,101.00,104.00
1075,2037.407,STOCK2,104.00,100,buy,T-020,T-033,101.00,104.00
1076,2038.256,STOCK2,104.00,100,buy,T-020,T-033,101.00,104.00
1077,2039.336,STOCK2,104.00,100,buy,T-020,T-033,101.00,104.00
1078,2039.859,STOCK2,104.00,100,buy,T-020,T-033,101.00,104.00
1079,2040.072,STOCK2,104.00,100,buy,T-020,T-033,101.00,104.00
1080,2040.337,STOCK2,104.00,100,buy,T-020,T-033,101.00,104.00
1081,2040.499,STOCK2,104.00,100,buy,T-020,T-033,101.00,104.00
1082,2040.862,STOCK2,104.00,100,buy,T-020,T-033,101.00,104.00
1083,2041.590,STOCK2,104.00,100,buy,T-020,T-033,101.00,104.00
1084,2046.395,STOCK2,104.00,100,buy,T-020,T-033,101.00,104.00
1085,2047.161,STOCK2,104.00,100,buy,T-020,T-033,101.00,104.00
1086,2048.374,STOCK2,104.00,100,buy,T-020,T-033,102.00,104.00
1087,2049.061,STOCK2,104.00,100,buy,T-020,T-033,102.00,104.00
1088,2049.475,STOCK2,104.00,100,buy,T-020,T-033,102.00,104.00
1089,2056.771,STOCK2,103.89,500,buy,T-020,T-029,102.00,103.89
1090,2056.771,STOCK2,103.90,500,buy,T-020,T-031,102.00,103.89
1091,2060.719,STOCK2,103.89,1000,buy,T-015,T-008,102.10,103.89
1092,2062.046,STOCK2,103.90,1000,buy,T-020,T-031,102.10,103.90
1093,2062.884,STOCK2,103.89,500,buy,T-020,T-029,102.10,103.89
1094,2062.884,STOCK2,103.90,500,buy,T-020,T-031,102.10,103.89
1095,2063.772,STOCK2,103.90,1000,buy,T-020,T-031,102.11,103.90
1096,2064.234,STOCK2,103.99,500,buy,T-015,T-029,102.11,103.99
1097,2064.234,STOCK2,104.00,500,buy,T-015,T-033,102.11,103.99
1098,2067.633,STOCK2,104.00,1000,buy,T-015,T-033,102.11,104.00
1099,2068.141,STOCK1,301.00,100,sell,T-002,T-024,301.00,306.00
1100,2068.141,STOCK1,301.00,100,sell,T-002,T-024,301.00,306.00
1101,2068.141,STOCK1,301.00,1000,sell,T-007,T-024,301.00,306.00
1102,2068.141,STOCK1,301.00,830,sell,T-007,T-024,301.00,306.00
1103,2069.122,STOCK2,104.00,175,buy,T-015,T-033,102.11,104.00
1104,2069.122,STOCK2,104.00,500,buy,T-015,T-037,102.11,104.00
1105,2069.122,STOCK2,104.00,325,buy,T-015,T-029,102.11,104.00
1106,2070.399,STOCK1,301.00,170,sell,T-007,T-024,301.00,306.00
1107,2070.399,STOCK1,300.00,30,sell,T-038,T-024,301.00,306.00
1108,2070.399,STOCK1,300.00,1000,sell,T-003,T-024,301.00,306.00
1109,2070.399,STOCK1,300.00,830,sell,T-003,T-024,301.00,306.00
1110,2070.953,STOCK2,103.90,1000,buy,T-015,T-031,102.11,103.90
1111,2073.457,STOCK2,103.90,1000,buy,T-020,T-031,102.12,103.90
1112,2078.395,STOCK2,103.90,1000,buy,T-020,T-031,102.12,103.90
1113,2079.244,STOCK2,104.00,175,buy,T-020,T-029,102.12,104.00
1114,2079.244,STOCK2,105.00,825,buy,T-020,T-033,102.12,104.00
1115,2079.947,STOCK2,105.00,1000,buy,T-020,T-033,102.12,105.00
1116,2081.253,STOCK1,300.00,170,sell,T-003,T-024,300.00,304.00
1117,2089.932,STOCK1,300.00,500,buy,T-013,T-010,297.00,300.00
1118,2090.244,STOCK1,300.00,500,buy,T-013,T-010,297.00,300.00
1119,2096.135,STOCK1,298.00,1000,buy,T-027,T-001,297.00,298.00
1120,2100.805,STOCK1,298.00,1000,buy,T-027,T-001,297.00,298.00
1121,2103.812,STOCK1,298.00,1000,buy,T-027,T-001,297.00,298.00
1122,2105.796,STOCK1,297.00,1000,sell,T-007,T-024,297.00,298.00
1123,2108.798,STOCK1,298.00,1000,buy,T-024,T-001,297.00,298.00
1124,2109.432,STOCK1,298.00,1000,buy,T-024,T-001,297.00,298.00
1125,2117.786,STOCK1,297.00,1000,sell,T-007,T-026,297.00,297.99
1126,2118.334,STOCK2,105.00,500,buy,T-010,T-033,104.10,105.00
1127,2118.687,STOCK1,297.99,400,buy,T-024,T-009,295.00,297.99
1128,2118.687,STOCK1,298.00,500,buy,T-024,T-010,295.00,297.99
1129,2118.687,STOCK1,300.00,100,buy,T-024,T-010,295.00,297.99
1130,2123.415,STOCK2,105.00,500,buy,T-010,T-033,104.10,105.00
1131,2124.215,STOCK2,105.00,500,buy,T-010,T-033,104.10,105.00
1132,2125.584,STOCK2,105.00,500,buy,T-010,T-033,104.10,105.00
1133,2126.258,STOCK2,105.00,175,buy,T-010,T-033,104.10,105.00
1134,2126.258,STOCK2,105.00,325,buy,T-010,T-030,104.10,105.00
1135,2126.913,STOCK2,105.00,500,buy,T-010,T-030,104.10,105.00
1136,2127.802,STOCK2,105.00,35,buy,T-010,T-030,104.10,105.00
1137,2127.802,STOCK2,105.00,465,buy,T-010,T-006,104.10,105.00
1138,2128.145,STOCK1,296.00,1000,buy,T-027,T-001,295.00,296.00
1139,2132.342,STOCK2,105.00,500,buy,T-008,T-006,104.10,105.00
1140,2136.434,STOCK2,104.00,500,sell,T-037,T-035,104.00,105.00
1141,2136.434,STOCK2,102.11,500,sell,T-037,T-035,104.00,105.00
1142,2136.475,STOCK1,296.00,500,buy,T-024,T-010,295.00,296.00
1143,2136.475,STOCK1,296.00,500,buy,T-024,T-001,295.00,296.00
1144,2140.176,STOCK2,105.00,1000,buy,T-019,T-006,102.00,105.00
1145,2140.436,STOCK1,296.00,500,buy,T-027,T-001,295.00,296.00
1146,2140.436,STOCK1,298.99,400,buy,T-027,T-009,295.00,296.00
1147,2140.436,STOCK1,298.99,100,buy,T-027,T-009,295.00,296.00
1148,2142.596,STOCK1,295.50,500,buy,T-024,T-036,295.00,295.50
1149,2143.841,STOCK1,295.50,500,buy,T-024,T-036,295.00,295.50
1150,2144.458,STOCK1,295.50,500,buy,T-024,T-036,295.00,295.50
1151,2144.689,STOCK1,295.50,500,buy,T-024,T-036,295.00,295.50
1152,2144.794,STOCK1,296.00,500,buy,T-024,T-001,295.00,296.00
1153,2144.956,STOCK1,296.00,500,buy,T-024,T-001,295.00,296.00
1154,2145.564,STOCK1,298.99,300,buy,T-024,T-009,295.00,298.99
1155,2145.564,STOCK1,298.99,200,buy,T-024,T-009,295.00,298.99
1156,2148.926,STOCK1,296.00,500,buy,T-024,T-001,295.00,296.00
1157,2149.451,STOCK1,296.00,500,buy,T-024,T-001,295.00,296.00
1158,2149.594,STOCK1,296.00,500,buy,T-024,T-001,295.00,296.00
1159,2149.714,STOCK1,296.00,500,buy,T-024,T-001,295.00,296.00
1160,2152.144,STOCK1,298.99,200,buy,T-027,T-009,295.00,298.99
1161,2152.144,STOCK1,299.00,800,buy,T-027,T-034,295.00,298.99
1162,2157.110,STOCK1,296.00,500,buy,T-024,T-001,295.00,296.00
1163,2157.882,STOCK1,296.00,500,buy,T-024,T-001,295.00,296.00
1164,2161.235,STOCK1,296.00,500,buy,T-024,T-001,295.00,296.00
1165,2161.465,STOCK1,296.00,500,buy,T-024,T-001,295.00,296.00
1166,2161.506,STOCK1,299.00,200,buy,T-024,T-034,295.00,299.00
1167,2161.506,STOCK1,300.00,300,buy,T-024,T-010,295.00,299.00
1168,2181.859,STOCK1,296.00,1000,sell,T-017,T-004,296.00,298.00
1169,2184.792,STOCK1,295.00,1000,sell,T-024,T-004,295.00,298.00
1170,2195.898,STOCK1,297.00,1000,buy,T-004,T-036,292.00,297.00
1171,2219.655,STOCK2,104.00,500,buy,T-016,T-037,102.30,104.00
1172,2219.655,STOCK2,105.00,35,buy,T-016,T-006,102.30,104.00
1173,2224.785,STOCK1,293.00,100,sell,T-008,T-003,293.00,295.00
1174,2224.785,STOCK1,292.01,650,sell,T-029,T-003,293.00,295.00
1175,2224.785,STOCK1,292.01,250,sell,T-029,T-003,293.00,295.00
1176,2227.040,STOCK1,292.01,400,sell,T-029,T-003,292.01,295.00
1177,2227.040,STOCK1,292.00,600,sell,T-033,T-003,292.01,295.00
1178,2231.275,STOCK1,292.00,1000,sell,T-033,T-003,292.00,294.00
1179,2249.843,STOCK2,106.00,1000,buy,T-004,T-032,103.10,106.00
1180,2251.758,STOCK2,108.00,10,buy,T-004,T-005,103.10,108.00
1181,2251.758,STOCK2,108.00,500,buy,T-004,T-037,103.10,108.00
1182,2251.758,STOCK2,109.00,490,buy,T-004,T-020,103.10,108.00
1183,2251.910,STOCK2,109.00,1510,buy,T-024,T-020,103.10,109.00
1184,2251.910,STOCK2,109.00,2000,buy,T-024,T-006,103.10,109.00
1185,2251.910,STOCK2,110.00,1000,buy,T-024,T-030,103.10,109.00
1186,2251.910,STOCK2,110.00,490,buy,T-024,T-006,103.10,109.00
1187,2252.262,STOCK2,110.00,1000,buy,T-004,T-006,103.10,110.00
1188,2253.078,STOCK2,110.00,510,buy,T-004,T-006,103.10,110.00
1189,2253.078,STOCK2,110.00,490,buy,T-004,T-031,103.10,110.00
1190,2253.623,STOCK2,110.00,1000,buy,T-004,T-031,103.10,110.00
1191,2254.177,STOCK2,110.00,1000,buy,T-004,T-031,103.10,110.00
1192,2254.737,STOCK2,110.00,510,buy,T-004,T-031,103.10,110.00
1193,2254.737,STOCK2,110.00,490,buy,T-004,T-020,103.10,110.00
1194,2255.353,STOCK2,110.00,1000,buy,T-004,T-020,103.10,110.00
1195,2255.887,STOCK2,110.00,510,buy,T-004,T-020,103.10,110.00
1196,2255.887,STOCK2,115.00,490,buy,T-004,T-030,103.10,110.00
1197,2256.433,STOCK2,115.00,510,buy,T-004,T-030,103.10,115.00
1198,2256.433,STOCK2,115.00,100,buy,T-004,T-014,103.10,115.00
1199,2256.433,STOCK2,120.00,390,buy,T-004,T-033,103.10,115.00
1200,2263.084,STOCK1,294.00,400,buy,T-017,T-001,293.00,294.00
1201,2263.084,STOCK1,294.00,600,buy,T-017,T-036,293.00,294.00
1202,2267.336,STOCK1,293.00,100,sell,T-008,T-027,293.00,294.00
1203,2267.336,STOCK1,292.01,650,sell,T-029,T-027,293.00,294.00
1204,2267.336,STOCK1,292.00,3400,sell,T-033,T-027,293.00,294.00
1205,2267.336,STOCK1,291.00,650,sell,T-029,T-027,293.00,294.00
1206,2267.336,STOCK1,290.00,200,sell,T-024,T-027,293.00,294.00
1207,2276.481,STOCK1,290.00,1000,sell,T-024,T-004,290.00,294.00
1208,2281.832,STOCK1,293.00,1000,sell,T-019,T-004,293.00,294.00
1209,2283.797,STOCK2,110.00,640,sell,T-010,T-024,112.80,113.00
1210,2283.797,STOCK2,109.00,4360,sell,T-033,T-024,112.80,113.00
1211,2290.570,STOCK2,113.00,200,buy,T-004,T-037,112.00,113.00
1212,2290.570,STOCK2,113.00,200,buy,T-004,T-037,112.00,113.00
1213,2290.570,STOCK2,113.00,200,buy,T-004,T-037,112.00,113.00
1214,2290.570,STOCK2,113.00,200,buy,T-004,T-037,112.00,113.00
1215,2290.570,STOCK2,113.00,200,buy,T-004,T-037,112.00,113.00
1216,2292.277,STOCK2,115.00,1000,buy,T-004,T-032,112.00,115.00
1217,2312.362,STOCK1,290.11,650,sell,T-029,T-024,290.11,293.00
1218,2312.362,STOCK1,285.00,100,sell,T-033,T-024,290.11,293.00
1219,2312.362,STOCK1,285.00,720,sell,T-033,T-024,290.11,293.00
1220,2313.344,STOCK1,291.00,1000,sell,T-032,T-012,291.00,293.00
1221,2313.344,STOCK1,288.00,1000,sell,T-024,T-012,291.00,293.00
1222,2314.029,STOCK1,288.00,500,sell,T-024,T-004,288.00,293.00
1223,2314.029,STOCK1,287.00,500,sell,T-024,T-004,288.00,293.00
1224,2315.719,STOCK1,287.00,1000,sell,T-024,T-004,287.00,293.00
1225,2316.984,STOCK1,287.00,1000,sell,T-024,T-004,287.00,293.00
1226,2326.080,STOCK2,114.00,1000,buy,T-019,T-024,112.00,114.00
1227,2327.983,STOCK1,286.00,300,sell,T-029,T-024,286.00,292.00
1228,2327.983,STOCK1,285.00,1170,sell,T-033,T-024,286.00,292.00
1229,2328.912,STOCK1,285.00,1470,sell,T-033,T-024,285.00,292.00
1230,2329.508,STOCK1,292.00,100,buy,T-008,T-007,285.00,292.00
1231,2332.475,STOCK1,286.00,300,sell,T-029,T-004,286.00,292.00
1232,2332.475,STOCK1,285.00,700,sell,T-033,T-004,286.00,292.00
1233,2332.946,STOCK1,285.00,840,sell,T-033,T-019,285.00,290.00
1234,2332.946,STOCK1,285.00,160,sell,T-026,T-019,285.00,290.00
1235,2333.048,STOCK1,285.00,1060,sell,T-026,T-024,285.00,290.00
1236,2333.783,STOCK1,285.00,1000,sell,T-026,T-019,285.00,290.00
1237,2339.124,STOCK2,114.00,1000,buy,T-004,T-024,112.00,114.00
1238,2342.160,STOCK2,114.00,1000,buy,T-004,T-024,112.00,114.00
1239,2345.808,STOCK1,281.00,100,sell,T-008,T-004,281.00,288.00
1240,2345.808,STOCK1,281.00,100,sell,T-008,T-004,281.00,288.00
1241,2345.808,STOCK1,280.00,800,sell,T-034,T-004,281.00,288.00
1242,2349.204,STOCK2,114.00,1000,buy,T-004,T-024,112.00,114.00
1243,2350.512,STOCK2,114.00,1000,buy,T-004,T-024,112.00,114.00
1244,2351.513,STOCK2,114.99,1000,buy,T-004,T-015,112.00,114.99
1245,2354.813,STOCK1,280.00,1000,sell,T-003,T-004,280.00,287.00
1246,2371.100,STOCK2,113.30,300,sell,T-024,T-029,113.30,114.00
1247,2379.394,STOCK1,280.00,4000,sell,T-003,T-026,280.00,280.90
1248,2381.560,STOCK1,280.90,500,buy,T-004,T-009,278.00,280.90
1249,2381.560,STOCK1,281.00,200,buy,T-004,T-037,278.00,280.90
1250,2381.560,STOCK1,282.00,300,buy,T-004,T-009,278.00,280.90
1251,2383.963,STOCK1,282.00,200,buy,T-004,T-009,278.00,282.00
1252,2383.963,STOCK1,282.00,500,buy,T-004,T-009,278.00,282.00
1253,2383.963,STOCK1,287.00,300,buy,T-004,T-036,278.00,282.00
1254,2387.334,STOCK2,113.30,1000,sell,T-024,T-015,113.30,114.00
1255,2389.580,STOCK2,113.30,1000,sell,T-024,T-015,113.30,114.00
1256,2397.529,STOCK2,114.00,100,buy,T-004,T-008,113.30,114.00
1257,2397.529,STOCK2,115.00,900,buy,T-004,T-006,113.30,114.00
1258,2397.852,STOCK2,113.30,1000,sell,T-024,T-013,113.30,115.00
1259,2398.157,STOCK2,113.30,1000,sell,T-024,T-013,113.30,115.00
1260,2399.119,STOCK2,115.00,1000,buy,T-004,T-006,113.30,115.00
1261,2404.862,STOCK1,285.00,1000,buy,T-003,T-036,283.00,285.00
1262,2404.862,STOCK1,285.00,1000,buy,T-003,T-036,283.00,285.00
1263,2415.351,STOCK2,113.50,700,sell,T-024,T-020,113.50,115.00
1264,2415.351,STOCK2,113.40,1000,sell,T-036,T-020,113.50,115.00
1265,2415.351,STOCK2,113.40,1000,sell,T-036,T-020,113.50,115.00
1266,2415.351,STOCK2,112.00,300,sell,T-026,T-020,113.50,115.00
1267,2418.167,STOCK2,115.00,100,buy,T-004,T-006,112.00,115.00
1268,2418.167,STOCK2,115.00,900,buy,T-004,T-033,112.00,115.00
1269,2434.199,STOCK1,283.00,1000,sell,T-007,T-004,283.00,286.00
1270,2450.017,STOCK1,283.00,2000,buy,T-003,T-027,281.00,283.00
1271,2454.372,STOCK1,286.00,200,buy,T-024,T-037,282.00,286.00
1272,2454.372,STOCK1,286.00,200,buy,T-024,T-037,282.00,286.00
1273,2454.372,STOCK1,286.80,100,buy,T-024,T-009,282.00,286.00
1274,2454.960,STOCK1,286.80,400,buy,T-024,T-009,282.00,286.80
1275,2454.960,STOCK1,287.00,100,buy,T-024,T-036,282.00,286.80
1276,2455.686,STOCK1,287.00,500,buy,T-024,T-036,282.00,287.00
1277,2456.473,STOCK1,287.00,100,buy,T-024,T-036,282.00,287.00
1278,2456.473,STOCK1,287.00,100,buy,T-024,T-010,282.00,287.00
1279,2456.473,STOCK1,288.00,300,buy,T-024,T-007,282.00,287.00
1280,2464.373,STOCK1,287.00,200,buy,T-024,T-037,284.00,287.00
1281,2464.373,STOCK1,288.00,300,buy,T-024,T-007,284.00,287.00
1282,2472.045,STOCK1,287.00,200,buy,T-024,T-037,284.00,287.00
1283,2480.666,STOCK2,112.50,500,sell,T-009,T-020,112.50,113.99
1284,2480.666,STOCK2,112.50,500,sell,T-009,T-020,112.50,113.99
1285,2483.121,STOCK2,112.00,700,sell,T-026,T-020,112.00,113.99
1286,2483.121,STOCK2,111.00,300,sell,T-009,T-020,112.00,113.99
1287,2485.156,STOCK2,111.00,200,sell,T-009,T-020,111.00,113.99
1288,2485.156,STOCK2,111.00,800,sell,T-012,T-020,111.00,113.99
1289,2486.586,STOCK2,111.00,200,sell,T-012,T-020,111.00,113.99
1290,2486.586,STOCK2,110.00,800,sell,T-003,T-020,111.00,113.99
1291,2486.798,STOCK1,285.00,1000,buy,T-001,T-027,284.20,285.00
1292,2489.747,STOCK1,285.00,800,buy,T-026,T-027,284.20,285.00
1293,2490.521,STOCK2,110.00,1000,sell,T-003,T-020,110.00,113.99
1294,2492.101,STOCK2,110.00,1000,sell,T-003,T-020,110.00,113.99
1295,2493.733,STOCK1,285.00,200,buy,T-001,T-027,284.21,285.00
1296,2493.733,STOCK1,287.00,200,buy,T-001,T-037,284.21,285.00
1297,2493.733,STOCK1,287.00,200,buy,T-001,T-037,284.21,285.00
1298,2493.733,STOCK1,288.00,400,buy,T-001,T-007,284.21,285.00
1299,2494.175,STOCK2,110.00,200,sell,T-003,T-020,110.00,113.99
1300,2494.175,STOCK2,110.00,500,sell,T-009,T-020,110.00,113.99
1301,2494.175,STOCK2,110.00,300,sell,T-009,T-020,110.00,113.99
1302,2495.450,STOCK2,110.00,200,sell,T-009,T-020,110.00,113.99
1303,2495.450,STOCK2,110.00,800,sell,T-033,T-020,110.00,113.99
1304,2496.058,STOCK2,110.00,1000,sell,T-033,T-020,110.00,113.99
1305,2496.673,STOCK2,110.00,1000,sell,T-033,T-020,110.00,113.99
1306,2498.806,STOCK2,110.00,1000,sell,T-033,T-020,110.00,113.99
1307,2500.728,STOCK2,113.99,1000,buy,T-004,T-015,110.00,113.99
1308,2507.624,STOCK2,110.00,1000,sell,T-033,T-020,110.00,114.00
1309,2519.024,STOCK2,114.00,1000,buy,T-004,T-027,110.00,114.00
1310,2522.243,STOCK2,110.00,100,sell,T-033,T-004,110.00,114.00
1311,2522.243,STOCK2,109.00,540,sell,T-033,T-004,110.00,114.00
1312,2522.243,STOCK2,109.00,360,sell,T-033,T-004,110.00,114.00
1313,2523.337,STOCK2,114.00,1000,buy,T-004,T-027,109.00,114.00
1314,2525.866,STOCK2,109.00,1000,sell,T-033,T-004,109.00,114.50
1315,2526.626,STOCK2,113.00,100,buy,T-004,T-008,109.00,113.00
1316,2526.626,STOCK2,114.50,900,buy,T-004,T-036,109.00,113.00
1317,2529.799,STOCK2,109.00,640,sell,T-033,T-004,109.00,114.50
1318,2529.799,STOCK2,109.00,360,sell,T-033,T-004,109.00,114.50
1319,2530.649,STOCK2,114.50,100,buy,T-004,T-036,109.00,114.50
1320,2530.649,STOCK2,114.50,900,buy,T-004,T-036,109.00,114.50
1321,2532.762,STOCK1,285.00,100,sell,T-008,T-024,285.00,287.00
1322,2532.762,STOCK1,285.00,100,sell,T-008,T-024,285.00,287.00
1323,2532.762,STOCK1,284.32,1000,sell,T-036,T-024,285.00,287.00
1324,2532.762,STOCK1,284.32,1000,sell,T-036,T-024,285.00,287.00
1325,2532.762,STOCK1,284.30,500,sell,T-003,T-024,285.00,287.00
1326,2533.397,STOCK2,108.00,500,sell,T-009,T-004,108.00,114.50
1327,2533.397,STOCK2,108.00,500,sell,T-009,T-004,108.00,114.50
1328,2539.367,STOCK2,114.50,100,buy,T-004,T-036,108.00,114.50
1329,2539.367,STOCK2,115.00,900,buy,T-004,T-033,108.00,114.50
1330,2541.027,STOCK2,108.00,10,sell,T-005,T-004,108.00,115.00
1331,2541.027,STOCK2,107.90,500,sell,T-009,T-004,108.00,115.00
1332,2541.027,STOCK2,107.00,490,sell,T-033,T-004,108.00,115.00
1333,2542.762,STOCK2,115.00,1000,buy,T-004,T-033,107.00,115.00
1334,2543.662,STOCK2,107.00,1000,sell,T-033,T-004,107.00,113.00
1335,2545.862,STOCK2,113.00,10,buy,T-004,T-005,108.00,113.00
1336,2545.862,STOCK2,115.00,990,buy,T-004,T-033,108.00,113.00
1337,2548.423,STOCK2,108.00,200,sell,T-037,T-004,108.00,115.00
1338,2548.423,STOCK2,108.00,200,sell,T-037,T-004,108.00,115.00
1339,2548.423,STOCK2,108.00,200,sell,T-037,T-004,108.00,115.00
1340,2548.423,STOCK2,108.00,200,sell,T-037,T-004,108.00,115.00
1341,2548.423,STOCK2,107.00,200,sell,T-033,T-004,108.00,115.00
1342,2551.878,STOCK2,115.00,1000,buy,T-004,T-033,108.00,115.00
1343,2554.260,STOCK2,108.00,200,sell,T-037,T-004,108.00,115.00
1344,2554.260,STOCK2,108.00,200,sell,T-037,T-004,108.00,115.00
1345,2554.260,STOCK2,108.00,200,sell,T-037,T-004,108.00,115.00
1346,2554.260,STOCK2,107.00,400,sell,T-033,T-004,108.00,115.00
1347,2567.770,STOCK2,114.00,1000,buy,T-004,T-032,110.00,114.00
1348,2586.293,STOCK1,285.00,3000,buy,T-026,T-031,284.32,285.00
1349,2586.293,STOCK1,285.00,1980,buy,T-026,T-031,284.32,285.00
1350,2592.960,STOCK1,284.32,1000,sell,T-036,T-034,284.32,285.00
1351,2593.325,STOCK2,111.00,1000,sell,T-032,T-020,111.00,112.90
1352,2597.690,STOCK1,285.00,100,buy,T-008,T-031,284.32,285.00
1353,2597.791,STOCK2,112.90,100,buy,T-003,T-008,108.00,112.90
1354,2597.791,STOCK2,112.90,100,buy,T-003,T-008,108.00,112.90
1355,2597.791,STOCK2,113.00,1800,buy,T-003,T-020,108.00,112.90
1356,2605.691,STOCK1,285.00,920,buy,T-003,T-031,284.50,285.00
1357,2605.691,STOCK1,286.90,1080,buy,T-003,T-013,284.50,285.00
1358,2607.822,STOCK1,286.90,100,buy,T-008,T-013,284.50,286.90
1359,2612.552,STOCK2,109.00,1000,sell,T-032,T-020,109.00,112.00
1360,2613.968,STOCK2,108.00,200,sell,T-037,T-003,108.00,112.00
1361,2613.968,STOCK2,108.00,100,sell,T-037,T-003,108.00,112.00
1362,2613.968,STOCK2,107.00,1700,sell,T-033,T-003,108.00,112.00
1363,2629.223,STOCK2,109.00,1000,buy,T-004,T-016,108.50,109.00
1364,2637.180,STOCK2,109.00,135,buy,T-004,T-016,108.50,109.00
1365,2637.180,STOCK2,110.00,865,buy,T-004,T-020,108.50,109.00
1366,2649.653,STOCK2,108.50,100,sell,T-027,T-002,108.50,112.00
1367,2650.501,STOCK2,108.50,100,sell,T-027,T-002,108.50,112.00
1368,2650.899,STOCK2,108.50,100,sell,T-027,T-002,108.50,112.00
1369,2650.940,STOCK1,286.01,1000,sell,T-034,T-024,286.01,286.90
1370,2650.940,STOCK1,285.00,1000,sell,T-034,T-024,286.01,286.90
1371,2651.192,STOCK2,108.50,100,sell,T-027,T-002,108.50,112.00
1372,2651.437,STOCK2,108.50,100,sell,T-027,T-002,108.50,112.00
1373,2651.709,STOCK1,286.90,100,buy,T-008,T-013,284.32,286.90
1374,2652.707,STOCK2,108.50,100,sell,T-027,T-002,108.50,112.00
1375,2652.877,STOCK2,108.50,100,sell,T-027,T-002,108.50,112.00
1376,2653.069,STOCK2,108.50,100,sell,T-027,T-002,108.50,112.00
1377,2653.171,STOCK1,284.32,1000,sell,T-036,T-004,284.32,286.90
1378,2653.283,STOCK1,286.90,100,buy,T-008,T-013,284.30,286.90
1379,2653.749,STOCK2,108.50,100,sell,T-027,T-002,108.50,112.00
1380,2653.809,STOCK1,286.90,100,buy,T-008,T-013,284.30,286.90
1381,2654.002,STOCK1,286.90,100,buy,T-008,T-013,284.30,286.90
1382,2654.162,STOCK1,286.90,100,buy,T-008,T-013,284.30,286.90
1383,2654.334,STOCK1,286.90,100,buy,T-008,T-013,284.30,286.90
1384,2654.534,STOCK1,286.90,100,buy,T-008,T-013,284.30,286.90
1385,2655.101,STOCK1,286.90,100,buy,T-008,T-013,284.30,286.90
1386,2655.261,STOCK1,286.90,20,buy,T-008,T-013,284.30,286.90
1387,2655.261,STOCK1,286.90,80,buy,T-008,T-010,284.30,286.90
1388,2655.725,STOCK1,284.30,1000,sell,T-003,T-004,284.30,286.90
1389,2666.672,STOCK2,111.00,100,buy,T-004,T-008,109.00,111.00
1390,2666.672,STOCK2,112.00,900,buy,T-004,T-032,109.00,111.00
1391,2681.672,STOCK1,285.00,1000,buy,T-024,T-001,284.50,285.00
1392,2681.672,STOCK1,285.00,1000,buy,T-024,T-003,284.50,285.00
1393,2687.007,STOCK1,284.30,500,sell,T-003,T-034,284.30,285.00
1394,2687.007,STOCK1,284.30,500,sell,T-013,T-034,284.30,285.00
1395,2687.262,STOCK1,284.30,1000,sell,T-013,T-004,284.30,285.00
1396,2687.950,STOCK2,111.00,100,buy,T-015,T-008,109.01,111.00
1397,2687.950,STOCK2,111.00,100,buy,T-015,T-008,109.01,111.00
1398,2687.950,STOCK2,111.00,100,buy,T-015,T-008,109.01,111.00
1399,2687.950,STOCK2,112.00,100,buy,T-015,T-032,109.01,111.00
1400,2687.950,STOCK2,113.90,600,buy,T-015,T-006,109.01,111.00
1401,2688.912,STOCK1,284.30,500,sell,T-013,T-004,284.30,285.00
1402,2688.912,STOCK1,282.40,500,sell,T-003,T-004,284.30,285.00
1403,2689.135,STOCK2,113.90,1000,buy,T-015,T-006,109.01,113.90
1404,2690.239,STOCK1,282.40,1000,sell,T-003,T-004,282.40,285.00
1405,2691.448,STOCK1,282.40,500,sell,T-003,T-004,282.40,285.00
1406,2691.448,STOCK1,282.40,500,sell,T-003,T-004,282.40,285.00
1407,2693.842,STOCK1,282.40,1500,sell,T-003,T-024,282.40,285.00
1408,2693.842,STOCK1,280.00,500,sell,T-033,T-024,282.40,285.00
1409,2694.770,STOCK1,280.00,2000,sell,T-033,T-024,280.00,285.00
1410,2695.175,STOCK2,113.90,400,buy,ME,T-006,109.01,113.90
1411,2695.175,STOCK2,114.00,100,buy,ME,T-008,109.01,113.90
1412,2695.175,STOCK2,114.00,100,buy,ME,T-008,109.01,113.90
1413,2695.175,STOCK2,114.00,100,buy,ME,T-008,109.01,113.90
1414,2695.175,STOCK2,114.00,10,buy,ME,T-005,109.01,113.90
1415,2695.175,STOCK2,115.00,110,buy,ME,T-033,109.01,113.90
1416,2695.175,STOCK2,115.00,180,buy,ME,T-033,109.01,113.90
1417,2695.255,STOCK1,280.00,2000,sell,T-033,T-024,280.00,285.00
1418,2695.694,STOCK1,280.00,400,sell,T-033,T-004,280.00,285.00
1419,2695.694,STOCK1,280.00,250,sell,T-029,T-004,280.00,285.00
1420,2695.694,STOCK1,279.90,350,sell,T-003,T-004,280.00,285.00
1421,2695.885,STOCK1,279.90,1650,sell,T-003,T-024,279.90,285.00
1422,2695.885,STOCK1,279.90,350,sell,T-003,T-024,279.90,285.00
1423,2696.524,STOCK1,279.90,1650,sell,T-003,T-024,279.90,285.00
1424,2696.524,STOCK1,279.90,350,sell,T-003,T-024,279.90,285.00
1425,2696.564,STOCK1,279.90,1000,sell,T-003,T-001,279.90,285.00
1426,2696.890,STOCK1,279.90,650,sell,T-003,T-024,279.90,285.00
1427,2696.890,STOCK1,279.90,1350,sell,T-003,T-024,279.90,285.00
1428,2697.457,STOCK1,279.90,650,sell,T-003,T-034,279.90,285.00
1429,2697.457,STOCK1,274.50,350,sell,T-024,T-034,279.90,285.00
1430,2697.669,STOCK1,270.00,2000,sell,T-033,T-024,274.50,285.00
1431,2704.178,STOCK1,286.90,100,buy,T-026,T-010,274.50,286.90
1432,2704.178,STOCK1,286.90,100,buy,T-026,T-010,274.50,286.90
1433,2704.178,STOCK1,286.90,100,buy,T-026,T-010,274.50,286.90
1434,2704.178,STOCK1,286.90,100,buy,T-026,T-010,274.50,286.90
1435,2704.178,STOCK1,287.30,500,buy,T-026,T-009,274.50,286.90
1436,2704.178,STOCK1,289.30,500,buy,T-026,T-009,274.50,286.90
1437,2704.178,STOCK1,290.00,2700,buy,T-026,T-024,274.50,286.90
1438,2704.178,STOCK1,290.00,900,buy,T-026,T-031,274.50,286.90
1439,2705.652,STOCK2,115.00,1000,buy,T-015,T-033,111.00,115.00
1440,2706.313,STOCK1,290.00,590,buy,T-026,T-031,274.50,290.00
1441,2706.313,STOCK1,290.89,1000,buy,T-026,T-025,274.50,290.00
1442,2706.313,STOCK1,291.00,500,buy,T-026,T-009,274.50,290.00
1443,2706.313,STOCK1,293.00,1000,buy,T-026,T-032,274.50,290.00
1444,2706.313,STOCK1,293.40,1000,buy,T-026,T-025,274.50,290.00
1445,2706.313,STOCK1,294.00,910,buy,T-026,T-032,274.50,290.00
1446,2708.012,STOCK1,274.50,150,sell,T-024,T-004,274.50,294.00
1447,2708.012,STOCK1,274.50,500,sell,T-024,T-004,274.50,294.00
1448,2708.012,STOCK1,274.50,350,sell,T-024,T-004,274.50,294.00
1449,2710.527,STOCK1,294.00,90,buy,T-026,T-032,274.50,294.00
1450,2710.527,STOCK1,294.90,1000,buy,T-026,T-025,274.50,294.00
1451,2710.527,STOCK1,294.99,500,buy,T-026,T-009,274.50,294.00
1452,2710.527,STOCK1,294.99,500,buy,T-026,T-009,274.50,294.00
1453,2710.527,STOCK1,295.00,2000,buy,T-026,T-012,274.50,294.00
1454,2710.527,STOCK1,295.99,400,buy,T-026,T-009,274.50,294.00
1455,2710.527,STOCK1,296.99,400,buy,T-026,T-009,274.50,294.00
1456,2710.527,STOCK1,296.99,110,buy,T-026,T-009,274.50,294.00
1457,2711.204,STOCK1,296.99,290,buy,T-026,T-009,274.50,296.99
1458,2711.204,STOCK1,297.00,1000,buy,T-026,T-034,274.50,296.99
1459,2711.204,STOCK1,297.00,100,buy,T-026,T-033,274.50,296.99
1460,2711.204,STOCK1,298.90,1000,buy,T-026,T-025,274.50,296.99
1461,2711.204,STOCK1,299.00,2000,buy,T-026,T-017,274.50,296.99
1462,2711.204,STOCK1,300.00,400,buy,T-026,T-009,274.50,296.99
1463,2711.204,STOCK1,300.00,210,buy,T-026,T-014,274.50,296.99
1464,2711.405,STOCK1,300.00,40,buy,T-026,T-014,274.50,300.00
1465,2711.405,STOCK1,301.00,400,buy,T-026,T-009,274.50,300.00
1466,2711.405,STOCK1,301.00,400,buy,T-026,T-009,274.50,300.00
1467,2711.405,STOCK1,301.00,400,buy,T-026,T-009,274.50,300.00
1468,2711.405,STOCK1,301.99,1000,buy,T-026,T-013,274.50,300.00
1469,2711.405,STOCK1,303.50,10,buy,T-026,T-038,274.50,300.00
1470,2711.405,STOCK1,305.00,2750,buy,T-026,T-012,274.50,300.00
1471,2711.607,STOCK1,285.99,2000,buy,T-026,T-013,274.50,285.99
1472,2711.607,STOCK1,305.00,1750,buy,T-026,T-012,274.50,285.99
1473,2711.607,STOCK1,305.00,15,buy,T-026,T-038,274.50,285.99
1474,2711.607,STOCK1,305.00,1000,buy,T-026,T-029,274.50,285.99
1475,2711.607,STOCK1,307.00,235,buy,T-026,T-009,274.50,285.99
1476,2711.779,STOCK1,307.00,165,buy,T-026,T-009,274.50,307.00
1477,2711.779,STOCK1,309.99,2000,buy,T-026,T-013,274.50,307.00
1478,2711.779,STOCK1,309.99,2000,buy,T-026,T-013,274.50,307.00
1479,2711.779,STOCK1,310.00,400,buy,T-026,T-009,274.50,307.00
1480,2711.779,STOCK1,310.00,400,buy,T-026,T-009,274.50,307.00
1481,2711.779,STOCK1,310.00,35,buy,T-026,T-009,274.50,307.00
1482,2712.585,STOCK1,310.00,600,buy,T-027,T-025,274.50,310.00
1483,2712.585,STOCK1,310.00,400,buy,T-027,T-029,274.50,310.00
1484,2717.699,STOCK1,275.00,1000,sell,T-024,T-004,275.00,310.00
1485,2723.451,STOCK1,278.00,5000,sell,T-024,T-026,278.00,300.00
1486,2723.755,STOCK1,300.00,2000,buy,T-013,T-003,277.00,300.00
1487,2724.704,STOCK1,277.00,1000,sell,T-031,T-007,277.00,300.00
1488,2724.878,STOCK1,300.00,2000,buy,T-013,T-003,277.00,300.00
1489,2726.415,STOCK1,277.00,490,sell,T-031,T-027,277.00,310.00
1490,2726.415,STOCK1,277.00,510,sell,T-031,T-027,277.00,310.00
1491,2726.948,STOCK1,277.00,980,sell,T-031,T-004,277.00,280.00
1492,2726.948,STOCK1,277.00,20,sell,T-031,T-004,277.00,280.00
1493,2729.141,STOCK1,280.00,500,buy,T-009,T-003,278.00,280.00
1494,2731.441,STOCK1,280.00,500,buy,T-009,T-003,278.20,280.00
1495,2731.916,STOCK1,280.00,500,buy,T-009,T-003,278.20,280.00
1496,2733.323,STOCK1,280.00,500,buy,T-009,T-003,278.20,280.00
1497,2733.624,STOCK2,115.00,820,buy,T-030,T-033,112.00,115.00
1498,2733.624,STOCK2,115.00,2000,buy,T-030,T-033,112.00,115.00
1499,2733.624,STOCK2,115.90,2000,buy,T-030,T-006,112.00,115.00
1500,2733.624,STOCK2,119.00,180,buy,T-030,T-002,112.00,115.00
1501,2733.654,STOCK1,280.00,500,buy,T-009,T-003,278.20,280.00
1502,2734.262,STOCK1,280.00,500,buy,T-009,T-003,278.20,280.00
1503,2736.837,STOCK1,280.00,250,buy,T-029,T-003,279.00,280.00
1504,2737.730,STOCK1,280.00,250,buy,T-029,T-003,279.00,280.00
1505,2738.623,STOCK1,280.00,500,buy,T-009,T-003,279.00,280.00
1506,2739.132,STOCK1,302.00,500,buy,T-009,T-017,279.00,302.00
1507,2751.203,STOCK1,300.00,220,buy,T-009,T-010,280.00,300.00
1508,2751.203,STOCK1,301.00,565,buy,T-009,T-033,280.00,300.00
1509,2759.993,STOCK1,280.10,1000,sell,T-036,T-004,280.10,298.00
1510,2762.397,STOCK1,298.00,1000,buy,T-013,T-027,286.00,298.00
1511,2762.886,STOCK2,119.00,10,buy,T-005,T-002,113.00,119.00
1512,2767.769,STOCK1,286.00,1000,sell,T-007,T-004,286.00,290.00
1513,2767.820,STOCK1,286.00,1000,sell,T-007,T-034,286.00,290.00
1514,2767.820,STOCK1,286.00,1000,sell,T-007,T-034,286.00,290.00
1515,2767.820,STOCK1,286.00,1000,sell,T-007,T-034,286.00,290.00
1516,2767.820,STOCK1,286.00,1000,sell,T-007,T-034,286.00,290.00
1517,2767.820,STOCK1,280.10,1000,sell,T-036,T-034,286.00,290.00
1518,2787.392,STOCK2,118.00,100,buy,T-027,T-008,115.00,118.00
1519,2787.392,STOCK2,118.00,100,buy,T-027,T-008,115.00,118.00
1520,2787.392,STOCK2,118.00,100,buy,T-027,T-008,115.00,118.00
1521,2787.392,STOCK2,119.00,700,buy,T-027,T-002,115.00,118.00
1522,2796.800,STOCK2,119.90,100,buy,T-020,T-006,115.00,119.90
1523,2797.295,STOCK2,119.90,1000,buy,T-027,T-006,115.00,119.90
1524,2798.398,STOCK2,119.90,100,buy,T-020,T-006,115.00,119.90
1525,2800.480,STOCK2,119.90,800,buy,T-027,T-006,115.00,119.90
1526,2800.480,STOCK2,120.00,200,buy,T-027,T-006,115.00,119.90
1527,2802.948,STOCK2,120.00,1000,buy,T-027,T-006,115.00,120.00
1528,2804.240,STOCK2,120.00,800,buy,T-027,T-006,115.00,120.00
1529,2804.240,STOCK2,120.00,200,buy,T-027,ME,115.00,120.00
1530,2805.186,STOCK2,120.00,1000,buy,T-027,ME,115.00,120.00
1531,2807.015,STOCK2,120.00,100,buy,T-020,ME,115.00,120.00
1532,2807.469,STOCK1,282.00,500,sell,T-017,T-004,282.00,285.00
1533,2807.469,STOCK1,280.10,500,sell,T-036,T-004,282.00,285.00
1534,2807.649,STOCK2,120.00,100,buy,T-020,ME,115.00,120.00
1535,2815.947,STOCK2,119.90,1000,buy,T-027,T-006,115.50,119.90
1536,2818.265,STOCK2,119.90,1000,buy,T-027,T-006,116.00,119.90
1537,2819.793,STOCK1,280.10,500,sell,T-036,T-003,280.10,285.00
1538,2819.793,STOCK1,280.00,100,sell,T-008,T-003,280.10,285.00
1539,2819.793,STOCK1,280.00,100,sell,T-008,T-003,280.10,285.00
1540,2819.793,STOCK1,280.00,100,sell,T-008,T-003,280.10,285.00
1541,2819.793,STOCK1,279.20,1000,sell,T-036,T-003,280.10,285.00
1542,2819.793,STOCK1,279.20,200,sell,T-036,T-003,280.10,285.00
1543,2820.647,STOCK1,285.00,100,buy,T-008,T-003,279.20,285.00
1544,2821.381,STOCK2,120.00,600,buy,T-027,ME,116.00,120.00
1545,2821.381,STOCK2,124.88,400,buy,T-027,T-015,116.00,120.00
1546,2821.431,STOCK1,279.20,800,sell,T-036,T-026,279.20,285.00
1547,2821.431,STOCK1,279.20,200,sell,T-036,T-026,279.20,285.00
1548,2824.755,STOCK1,280.10,100,sell,T-008,T-016,280.10,285.00
1549,2824.755,STOCK1,279.00,3000,sell,T-031,T-016,280.10,285.00
1550,2824.755,STOCK1,279.00,500,sell,T-002,T-016,280.10,285.00
1551,2824.755,STOCK1,278.20,400,sell,T-036,T-016,280.10,285.00
1552,2830.402,STOCK1,277.00,1000,sell,T-031,T-026,277.00,285.00
1553,2831.027,STOCK1,277.00,470,sell,T-031,T-026,277.00,283.00
1554,2831.027,STOCK1,277.00,530,sell,T-031,T-026,277.00,283.00
1555,2831.220,STOCK1,277.00,960,sell,T-031,T-026,277.00,283.00
1556,2831.220,STOCK1,277.00,40,sell,T-031,T-026,277.00,283.00
1557,2831.390,STOCK1,277.00,1000,sell,T-031,T-026,277.00,283.00
1558,2831.571,STOCK1,277.00,450,sell,T-031,T-026,277.00,283.00
1559,2831.571,STOCK1,274.50,150,sell,T-024,T-026,277.00,283.00
1560,2831.571,STOCK1,270.00,400,sell,T-033,T-026,277.00,283.00
1561,2831.728,STOCK1,270.00,1000,sell,T-033,T-026,270.00,283.00
1562,2831.859,STOCK1,270.00,600,sell,T-033,T-026,270.00,283.00
1563,2831.859,STOCK1,270.00,400,sell,T-024,T-026,270.00,283.00
1564,2832.005,STOCK1,270.00,1000,sell,T-024,T-026,270.00,283.00
1565,2832.156,STOCK1,270.00,1000,sell,T-024,T-026,270.00,283.00
1566,2832.308,STOCK1,270.00,1000,sell,T-024,T-026,270.00,283.00
1567,2832.471,STOCK1,270.00,1000,sell,T-024,T-026,270.00,283.00
1568,2832.673,STOCK1,270.00,600,sell,T-024,T-026,270.00,283.00
1569,2832.673,STOCK1,270.00,400,sell,T-024,T-026,270.00,283.00
1570,2832.826,STOCK1,270.00,1000,sell,T-024,T-026,270.00,283.00
1571,2832.987,STOCK1,270.00,1000,sell,T-024,T-026,270.00,283.00
1572,2833.176,STOCK1,270.00,1000,sell,T-024,T-026,270.00,283.00
1573,2833.328,STOCK1,270.00,1000,sell,T-024,T-026,270.00,283.00
1574,2833.512,STOCK1,270.00,600,sell,T-024,T-026,270.00,283.00
1575,2833.512,STOCK1,265.00,400,sell,T-006,T-026,270.00,283.00
1576,2833.685,STOCK1,265.00,600,sell,T-006,T-026,265.00,283.00
1577,2833.685,STOCK1,265.00,400,sell,T-029,T-026,265.00,283.00
1578,2833.826,STOCK1,265.00,500,sell,T-029,T-026,265.00,283.00
1579,2833.826,STOCK1,260.00,30,sell,T-038,T-026,265.00,283.00
1580,2833.826,STOCK1,230.00,470,sell,T-024,T-026,265.00,283.00
1581,2833.987,STOCK1,230.00,1000,sell,T-024,T-026,230.00,283.00
1582,2834.138,STOCK1,230.00,530,sell,T-024,T-026,230.00,283.00
1583,2834.138,STOCK1,230.00,470,sell,T-030,T-026,230.00,283.00
1584,2834.188,STOCK1,230.00,530,sell,T-030,T-016,230.00,283.00
1585,2834.188,STOCK1,230.00,1000,sell,T-030,T-016,230.00,283.00
1586,2834.188,STOCK1,230.00,20,sell,T-038,T-016,230.00,283.00
1587,2834.188,STOCK1,225.00,2450,sell,T-024,T-016,230.00,283.00
1588,2834.288,STOCK1,225.00,550,sell,T-024,T-026,225.00,283.00
1589,2834.288,STOCK1,225.00,450,sell,T-004,T-026,225.00,283.00
1590,2834.441,STOCK1,225.00,550,sell,T-004,T-026,225.00,283.00
1591,2834.441,STOCK1,220.00,450,sell,T-004,T-026,225.00,283.00
1592,2834.593,STOCK1,220.00,550,sell,T-004,T-026,220.00,283.00
1593,2834.593,STOCK1,220.00,450,sell,T-006,T-026,220.00,283.00
1594,2834.796,STOCK1,220.00,550,sell,T-006,T-026,220.00,283.00
1595,2834.796,STOCK1,215.00,450,sell,T-024,T-026,220.00,283.00
1596,2835.144,STOCK1,215.00,1000,sell,T-024,T-026,215.00,283.00
1597,2835.801,STOCK1,215.00,1000,sell,T-024,T-026,215.00,283.00
1598,2835.993,STOCK1,215.00,1000,sell,T-024,T-026,215.00,285.00
1599,2836.517,STOCK1,215.00,1000,sell,T-024,T-026,215.00,285.00
1600,2840.497,STOCK1,285.00,1000,buy,T-026,T-033,255.00,285.00
1601,2841.196,STOCK1,285.00,1000,buy,T-026,T-033,255.00,285.00
1602,2841.851,STOCK1,285.00,1000,buy,T-026,T-033,255.00,285.00
1603,2846.277,STOCK1,260.00,1000,sell,T-034,T-026,260.00,285.00
1604,2847.131,STOCK1,260.00,1000,sell,T-034,T-026,260.00,280.00
1605,2848.043,STOCK1,260.00,1000,sell,T-034,T-026,260.00,280.00
1606,2855.596,STOCK1,265.00,500,sell,T-032,T-024,265.00,280.00
1607,2855.596,STOCK1,255.00,1000,sell,T-001,T-024,265.00,280.00
1608,2855.596,STOCK1,250.00,3500,sell,T-033,T-024,265.00,280.00
1609,2859.614,STOCK1,280.00,1000,buy,T-004,T-024,261.00,280.00
1610,2860.730,STOCK1,280.00,1000,buy,T-004,T-024,261.00,280.00
1611,2862.122,STOCK1,261.00,100,sell,T-008,T-004,261.00,280.00
1612,2862.122,STOCK1,260.00,900,sell,T-034,T-004,261.00,280.00
1613,2872.565,STOCK1,262.00,1890,sell,T-003,T-024,262.00,274.00
1614,2872.565,STOCK1,261.00,1000,sell,T-007,T-024,262.00,274.00
1615,2872.565,STOCK1,261.00,110,sell,T-007,T-024,262.00,274.00
1616,2889.249,STOCK2,124.00,10,buy,T-005,T-006,118.00,124.00
1617,2889.971,STOCK1,274.00,500,buy,T-013,T-032,261.00,274.00
1618,2891.491,STOCK1,272.00,500,buy,T-013,T-007,261.00,272.00
1619,2895.593,STOCK1,261.00,890,sell,T-007,T-004,261.00,272.00
1620,2895.593,STOCK1,261.00,110,sell,T-007,T-004,261.00,272.00
1621,2896.457,STOCK1,272.00,500,buy,T-013,T-007,261.00,272.00
1622,2897.440,STOCK1,272.00,500,buy,T-013,T-007,261.00,272.00
1623,2898.081,STOCK2,124.00,400,buy,T-037,T-006,119.00,124.00
1624,2903.837,STOCK2,123.98,100,buy,T-037,T-008,119.00,123.98
1625,2903.837,STOCK2,124.00,300,buy,T-037,T-006,119.00,123.98
1626,2907.407,STOCK1,261.00,890,sell,T-007,T-026,261.00,269.00
1627,2907.407,STOCK1,259.00,1000,sell,T-012,T-026,261.00,269.00
1628,2907.407,STOCK1,256.00,500,sell,T-002,T-026,261.00,269.00
1629,2907.407,STOCK1,255.00,500,sell,T-009,T-026,261.00,269.00
1630,2907.407,STOCK1,255.00,1000,sell,T-034,T-026,261.00,269.00
1631,2907.407,STOCK1,255.00,1000,sell,T-034,T-026,261.00,269.00
1632,2907.407,STOCK1,255.00,110,sell,T-034,T-026,261.00,269.00
1633,2907.578,STOCK1,255.00,890,sell,T-034,T-026,255.00,269.00
1634,2907.578,STOCK1,255.00,1000,sell,T-034,T-026,255.00,269.00
1635,2907.578,STOCK1,253.00,1000,sell,T-001,T-026,255.00,269.00
1636,2907.578,STOCK1,250.00,1500,sell,T-033,T-026,255.00,269.00
1637,2907.578,STOCK1,250.00,610,sell,T-007,T-026,255.00,269.00
1638,2907.759,STOCK1,250.00,390,sell,T-007,T-026,250.00,269.00
1639,2907.759,STOCK1,250.00,1000,sell,T-007,T-026,250.00,269.00
1640,2907.759,STOCK1,220.00,1000,sell,T-030,T-026,250.00,269.00
1641,2907.759,STOCK1,215.00,550,sell,T-024,T-026,250.00,269.00
1642,2907.759,STOCK1,205.10,300,sell,T-025,T-026,250.00,269.00
1643,2907.759,STOCK1,195.00,1760,sell,T-024,T-026,250.00,269.00
1644,2907.919,STOCK2,124.00,790,buy,T-027,T-006,119.00,124.00
1645,2907.919,STOCK2,124.88,100,buy,T-027,T-008,119.00,124.00
1646,2907.919,STOCK2,124.88,100,buy,T-027,T-008,119.00,124.00
1647,2907.919,STOCK2,124.90,10,buy,T-027,T-002,119.00,124.00
1648,2908.496,STOCK1,195.00,3240,sell,T-024,T-026,195.00,269.00
1649,2908.496,STOCK1,190.00,1000,sell,T-030,T-026,195.00,269.00
1650,2908.496,STOCK1,190.00,300,sell,T-025,T-026,195.00,269.00
1651,2908.496,STOCK1,170.00,460,sell,T-020,T-026,195.00,269.00
1652,2908.678,STOCK1,170.00,540,sell,T-020,T-026,170.00,269.00
1653,2908.678,STOCK1,160.00,1000,sell,T-006,T-026,170.00,269.00
1654,2908.678,STOCK1,150.00,100,sell,T-020,T-026,170.00,269.00
1655,2908.678,STOCK1,150.00,1000,sell,T-006,T-026,170.00,269.00
1656,2908.678,STOCK1,150.00,1000,sell,T-020,T-026,170.00,269.00
1657,2908.678,STOCK1,16.00,100,sell,T-020,T-026,170.00,269.00
1658,2911.539,STOCK1,269.00,1000,buy,T-026,T-007,253.00,269.00
1659,2911.539,STOCK1,269.00,1000,buy,T-026,T-007,253.00,269.00
1660,2911.539,STOCK1,270.00,3000,buy,T-026,T-033,253.00,269.00
1661,2911.694,STOCK1,270.00,2000,buy,T-026,T-033,253.00,270.00
1662,2911.694,STOCK1,270.00,750,buy,T-026,T-024,253.00,270.00
1663,2911.694,STOCK1,272.00,500,buy,T-026,T-007,253.00,270.00
1664,2911.694,STOCK1,272.00,1000,buy,T-026,T-001,253.00,270.00
1665,2911.694,STOCK1,279.99,750,buy,T-026,T-013,253.00,270.00
1666,2911.796,STOCK1,279.99,1000,buy,T-004,T-013,253.00,279.99
1667,2911.846,STOCK1,279.99,250,buy,T-026,T-013,253.00,279.99
1668,2911.846,STOCK1,280.00,3000,buy,T-026,T-024,253.00,279.99
1669,2911.846,STOCK1,285.00,1750,buy,T-026,T-033,253.00,279.99
1670,2912.008,STOCK1,285.00,250,buy,T-026,T-033,253.00,285.00
1671,2912.008,STOCK1,288.00,1000,buy,T-026,T-007,253.00,285.00
1672,2912.008,STOCK1,288.00,1000,buy,T-026,T-007,253.00,285.00
1673,2912.008,STOCK1,288.00,1000,buy,T-026,T-007,253.00,285.00
1674,2912.008,STOCK1,288.00,1000,buy,T-026,T-007,253.00,285.00
1675,2912.008,STOCK1,288.00,750,buy,T-026,T-007,253.00,285.00
1676,2912.159,STOCK1,288.00,250,buy,T-026,T-007,253.00,288.00
1677,2912.159,STOCK1,290.00,4750,buy,T-026,T-033,253.00,288.00
1678,2912.320,STOCK1,290.00,250,buy,T-026,T-033,253.00,290.00
1679,2912.320,STOCK1,290.00,50,buy,T-026,T-038,253.00,290.00
1680,2912.320,STOCK1,299.00,3000,buy,T-026,T-031,253.00,290.00
1681,2912.320,STOCK1,299.00,1700,buy,T-026,T-031,253.00,290.00
1682,2912.461,STOCK1,299.00,1300,buy,T-026,T-031,253.00,299.00
1683,2912.461,STOCK1,304.00,3000,buy,T-026,T-031,253.00,299.00
1684,2912.461,STOCK1,305.00,700,buy,T-026,ME,253.00,299.00
1685,2912.967,STOCK1,305.00,1300,buy,T-026,ME,253.00,305.00
1686,2912.967,STOCK1,310.00,600,buy,T-026,T-029,253.00,305.00
1687,2912.967,STOCK1,315.00,2000,buy,T-026,T-006,253.00,305.00
1688,2912.967,STOCK1,315.00,300,buy,T-026,T-025,253.00,305.00
1689,2912.967,STOCK1,315.00,800,buy,T-026,T-029,253.00,305.00
1690,2913.139,STOCK1,315.00,200,buy,T-026,T-029,253.00,315.00
1691,2913.139,STOCK1,320.00,2000,buy,T-026,T-018,253.00,315.00
1692,2913.139,STOCK1,320.00,5,buy,T-026,T-038,253.00,315.00
1693,2913.139,STOCK1,328.90,300,buy,T-026,T-025,253.00,315.00
1694,2913.139,STOCK1,330.00,2495,buy,T-026,T-016,253.00,315.00
1695,2913.309,STOCK1,330.00,2505,buy,T-026,T-016,253.00,330.00
1696,2913.309,STOCK1,330.00,2495,buy,T-026,T-018,253.00,330.00
1697,2913.472,STOCK1,330.00,1505,buy,T-026,T-018,253.00,330.00
1698,2913.472,STOCK1,331.00,500,buy,T-026,T-037,253.00,330.00
1699,2913.472,STOCK1,340.00,2000,buy,T-026,T-006,253.00,330.00
1700,2913.472,STOCK1,349.00,200,buy,T-026,T-025,253.00,330.00
1701,2913.472,STOCK1,350.00,795,buy,T-026,T-030,253.00,330.00
1702,2913.674,STOCK1,350.00,205,buy,T-026,T-030,253.00,350.00
1703,2913.674,STOCK1,350.00,250,buy,T-026,T-014,253.00,350.00
1704,2913.674,STOCK1,350.00,100,buy,T-026,T-037,253.00,350.00
1705,2913.674,STOCK1,355.00,2000,buy,T-026,T-016,253.00,350.00
1706,2913.674,STOCK1,360.00,1000,buy,T-026,T-030,253.00,350.00
1707,2913.674,STOCK1,360.00,1000,buy,T-026,T-030,253.00,350.00
1708,2913.674,STOCK1,360.00,445,buy,T-026,T-006,253.00,350.00
1709,2914.844,STOCK1,255.00,1000,sell,T-033,T-004,255.00,360.00
1710,2917.109,STOCK1,280.00,1000,buy,T-016,T-030,255.00,280.00
1711,2917.469,STOCK1,280.00,1000,buy,T-016,T-030,255.00,280.00
1712,2917.639,STOCK1,360.00,1000,buy,T-016,T-006,255.00,360.00
1713,2917.762,STOCK1,360.00,555,buy,T-007,T-006,255.00,360.00
1714,2917.762,STOCK1,389.90,445,buy,T-007,T-025,255.00,360.00
1715,2917.833,STOCK1,389.90,55,buy,T-016,T-025,255.00,389.90
1716,2917.833,STOCK1,390.00,945,buy,T-016,T-025,255.00,389.90
1717,2918.086,STOCK1,390.00,55,buy,T-016,T-025,255.00,390.00
1718,2918.086,STOCK1,390.00,945,buy,T-016,T-006,255.00,390.00
1719,2918.929,STOCK1,255.00,4000,sell,T-033,T-026,255.00,390.00
1720,2918.929,STOCK1,255.00,1000,sell,T-033,T-026,255.00,390.00
1721,2918.969,STOCK1,390.00,55,buy,T-016,T-006,255.00,390.00
1722,2918.969,STOCK1,400.00,800,buy,T-016,T-014,255.00,390.00
1723,2918.969,STOCK1,400.00,145,buy,T-016,T-025,255.00,390.00
1724,2919.094,STOCK1,255.00,4000,sell,T-033,T-026,255.00,400.00
1725,2919.094,STOCK1,255.00,500,sell,T-029,T-026,255.00,400.00
1726,2919.094,STOCK1,253.00,500,sell,T-001,T-026,255.00,400.00
1727,2919.134,STOCK1,400.00,355,buy,T-016,T-025,253.00,400.00
1728,2919.134,STOCK1,400.00,460,buy,T-016,T-030,253.00,400.00
1729,2919.134,STOCK1,400.00,185,buy,T-016,T-030,253.00,400.00
1730,2919.236,STOCK1,253.00,500,sell,T-001,T-026,253.00,400.00
1731,2919.236,STOCK1,253.00,1000,sell,T-001,T-026,253.00,400.00
1732,2919.236,STOCK1,253.00,1000,sell,T-001,T-026,253.00,400.00
1733,2919.236,STOCK1,253.00,1000,sell,T-001,T-026,253.00,400.00
1734,2919.236,STOCK1,253.00,1000,sell,T-001,T-026,253.00,400.00
1735,2919.236,STOCK1,253.00,500,sell,T-001,T-026,253.00,400.00
1736,2919.387,STOCK1,400.00,815,buy,T-016,T-030,253.00,400.00
1737,2919.387,STOCK1,400.00,185,buy,T-016,T-023,253.00,400.00
1738,2919.387,STOCK1,253.00,500,sell,T-001,T-026,253.00,400.00
1739,2919.387,STOCK1,253.00,1000,sell,T-001,T-026,253.00,400.00
1740,2919.387,STOCK1,100.00,1000,sell,T-034,T-026,253.00,400.00
1741,2919.387,STOCK1,100.00,1000,sell,T-034,T-026,253.00,400.00
1742,2919.387,STOCK1,100.00,1000,sell,T-034,T-026,253.00,400.00
1743,2919.387,STOCK1,100.00,500,sell,T-034,T-026,253.00,400.00
1744,2919.541,STOCK1,100.00,500,sell,T-034,T-026,100.00,400.00
1745,2919.541,STOCK1,100.00,1000,sell,T-034,T-026,100.00,400.00
1746,2919.541,STOCK1,100.00,1000,sell,T-034,T-026,100.00,400.00
1747,2919.541,STOCK1,51.00,500,sell,T-002,T-026,100.00,400.00
1748,2919.631,STOCK1,400.00,315,buy,T-016,T-023,,400.00
1749,2919.631,STOCK1,420.00,685,buy,T-016,T-006,,400.00
1750,2919.782,STOCK1,420.00,315,buy,T-016,T-006,,420.00
1751,2919.782,STOCK1,500.00,500,buy,T-016,T-023,,420.00
1752,2919.782,STOCK1,600.00,100,buy,T-016,T-025,,420.00
1753,2919.782,STOCK1,600.00,85,buy,T-016,T-023,,420.00
1754,2920.429,STOCK1,600.00,1000,buy,T-016,T-023,253.00,600.00
1755,2920.781,STOCK1,600.00,500,buy,T-029,T-023,253.00,600.00
1756,2920.801,STOCK1,600.00,415,buy,T-016,T-023,253.00,600.00
1757,2920.801,STOCK1,750.00,585,buy,T-016,T-006,253.00,600.00
1758,2920.971,STOCK1,750.00,415,buy,T-016,T-006,253.00,750.00
1759,2920.971,STOCK1,800.00,585,buy,T-016,T-023,253.00,750.00
1760,2921.137,STOCK1,800.00,1000,buy,T-016,T-023,253.00,800.00
1761,2921.289,STOCK1,800.00,415,buy,T-016,T-023,253.00,800.00
1762,2921.289,STOCK1,1000.00,585,buy,T-016,T-014,253.00,800.00
1763,2921.339,STOCK1,253.00,1000,sell,T-001,T-004,253.00,1000.00
1764,2921.479,STOCK1,1000.00,415,buy,T-016,T-014,253.00,1000.00
1765,2921.660,STOCK1,2700.00,500,buy,T-016,T-009,253.00,2700.00
1766,2927.351,STOCK2,120.00,500,sell,T-017,T-020,120.00,124.90
1767,2928.437,STOCK1,400.00,1450,buy,T-026,T-031,253.00,400.00
1768,2931.987,STOCK1,253.00,1000,sell,T-001,T-004,253.00,360.00
1769,2943.115,STOCK1,253.00,1000,sell,T-001,T-024,253.00,260.00
1770,2946.539,STOCK1,254.00,100,sell,T-031,T-002,254.00,260.00
1771,2950.299,STOCK2,122.00,500,buy,T-026,T-032,119.00,122.00
1772,2950.299,STOCK2,124.00,500,buy,T-026,T-017,119.00,122.00
1773,2950.299,STOCK2,124.80,100,buy,T-026,T-008,119.00,122.00
1774,2950.299,STOCK2,124.90,490,buy,T-026,T-002,119.00,122.00
1775,2950.299,STOCK2,124.98,100,buy,T-026,T-008,119.00,122.00
1776,2950.299,STOCK2,124.98,100,buy,T-026,T-008,119.00,122.00
1777,2950.299,STOCK2,124.98,100,buy,T-026,T-008,119.00,122.00
1778,2950.299,STOCK2,125.00,1000,buy,T-026,T-030,119.00,122.00
1779,2950.299,STOCK2,125.00,2110,buy,T-026,T-030,119.00,122.00
1780,2950.492,STOCK2,125.00,2890,buy,T-026,T-030,119.00,125.00
1781,2950.492,STOCK2,125.00,1000,buy,T-026,T-020,119.00,125.00
1782,2950.492,STOCK2,126.00,10,buy,T-026,T-005,119.00,125.00
1783,2950.492,STOCK2,127.00,1100,buy,T-026,T-020,119.00,125.00
1784,2950.793,STOCK2,127.00,900,buy,T-026,T-020,119.00,127.00
1785,2950.793,STOCK2,129.00,100,buy,T-026,T-008,119.00,127.00
1786,2950.793,STOCK2,129.00,100,buy,T-026,T-008,119.00,127.00
1787,2950.793,STOCK2,129.00,100,buy,T-026,T-008,119.00,127.00
1788,2950.793,STOCK2,130.00,1000,buy,T-026,T-030,119.00,127.00
1789,2950.793,STOCK2,130.00,2800,buy,T-026,T-033,119.00,127.00
1790,2951.129,STOCK2,130.00,2200,buy,T-026,T-033,119.00,130.00
1791,2951.129,STOCK2,130.00,1000,buy,T-026,T-020,119.00,130.00
1792,2951.129,STOCK2,135.00,5,buy,T-026,T-038,119.00,130.00
1793,2951.129,STOCK2,140.00,500,buy,T-026,T-029,119.00,130.00
1794,2951.129,STOCK2,150.00,1000,buy,T-026,T-006,119.00,130.00
1795,2951.129,STOCK2,150.00,100,buy,T-026,T-014,119.00,130.00
1796,2951.129,STOCK2,165.00,195,buy,T-026,T-033,119.00,130.00
1797,2951.310,STOCK2,165.00,3805,buy,T-026,T-033,119.00,165.00
1798,2951.310,STOCK2,175.00,10,buy,T-026,T-038,119.00,165.00
1799,2951.310,STOCK2,180.00,20,buy,T-026,T-033,119.00,165.00
1800,2951.310,STOCK2,180.00,1000,buy,T-026,T-033,119.00,165.00
1801,2951.310,STOCK2,185.00,165,buy,T-026,T-023,119.00,165.00
1802,2951.795,STOCK2,185.00,3155,buy,T-026,T-023,119.00,185.00
1803,2951.795,STOCK2,200.00,1000,buy,T-026,T-006,119.00,185.00
1804,2951.795,STOCK2,200.00,845,buy,T-026,T-011,119.00,185.00
1805,2952.606,STOCK2,200.00,4155,buy,T-026,T-011,119.00,200.00
1806,2952.606,STOCK2,200.00,50,buy,T-026,T-014,119.00,200.00
1807,2952.606,STOCK2,204.00,795,buy,T-026,T-033,119.00,200.00
1808,2953.344,STOCK2,204.00,1205,buy,T-026,T-033,119.00,204.00
1809,2953.344,STOCK2,239.99,1110,buy,T-026,T-011,119.00,204.00
1810,2953.344,STOCK2,250.00,2685,buy,T-026,T-023,119.00,204.00
1811,2956.000,STOCK2,119.00,500,sell,T-032,T-004,119.00,250.00
1812,2956.000,STOCK2,117.50,500,sell,T-031,T-004,119.00,250.00
1813,2964.015,STOCK2,199.00,100,buy,T-004,T-008,117.50,199.00
1814,2964.015,STOCK2,200.00,500,buy,T-004,T-032,117.50,199.00
1815,2964.015,STOCK2,250.00,400,buy,T-004,T-023,117.50,199.00
1816,2966.583,STOCK2,117.50,1000,sell,T-031,T-004,117.50,140.00
1817,2982.679,STOCK2,130.00,500,buy,T-004,T-032,120.00,130.00
1818,2982.679,STOCK2,130.00,500,buy,T-004,T-032,120.00,130.00
1819,2985.562,STOCK2,130.00,500,buy,T-004,T-032,120.00,130.00
1820,2985.562,STOCK2,150.00,500,buy,T-004,T-020,120.00,130.00
1821,2986.245,STOCK2,150.00,500,buy,T-004,T-020,120.00,150.00
1822,2986.245,STOCK2,175.00,500,buy,T-004,T-017,120.00,150.00
1823,2987.034,STOCK2,199.00,10,buy,T-005,T-008,120.00,199.00
1824,2987.709,STOCK2,199.00,90,buy,T-004,T-008,120.00,199.00
1825,2987.709,STOCK2,225.00,910,buy,T-004,T-007,120.00,199.00
1826,2988.299,STOCK2,225.00,90,buy,T-004,T-007,120.00,225.00
1827,2988.299,STOCK2,300.00,910,buy,T-004,T-039,120.00,225.00
1828,2989.167,STOCK2,300.00,1000,buy,T-004,T-039,120.00,300.00
1829,2989.833,STOCK2,300.00,1000,buy,T-004,T-039,120.00,300.00
1830,2993.847,STOCK2,120.01,1000,sell,T-013,T-004,120.01,230.00
1831,3006.594,STOCK2,140.00,445,buy,T-004,T-020,131.00,140.00
1832,3006.594,STOCK2,200.00,555,buy,T-004,T-011,131.00,140.00
1833,3007.985,STOCK1,255.00,200,buy,T-029,T-024,242.00,255.00
1834,3009.459,STOCK1,255.00,200,buy,T-029,T-024,242.00,255.00
1835,3010.211,STOCK2,131.00,1000,sell,T-007,T-004,131.00,135.00
1836,3010.798,STOCK1,255.00,200,buy,T-029,T-024,242.00,255.00
1837,3019.630,STOCK2,134.00,10,buy,T-004,T-005,132.00,134.00
1838,3019.630,STOCK2,135.00,990,buy,T-004,T-015,132.00,134.00
1839,3049.045,STOCK2,134.50,3000,sell,T-031,T-026,134.50,135.00
1840,3049.045,STOCK2,134.50,2000,sell,T-031,T-026,134.50,135.00
1841,3049.919,STOCK2,134.50,1000,sell,T-031,T-026,134.50,135.00
1842,3049.919,STOCK2,134.00,2500,sell,T-032,T-026,134.50,135.00
1843,3049.919,STOCK2,134.00,1500,sell,T-031,T-026,134.50,135.00
1844,3050.432,STOCK2,134.00,1500,sell,T-031,T-026,134.00,135.00
1845,3050.432,STOCK2,133.10,500,sell,T-009,T-026,134.00,135.00
1846,3050.432,STOCK2,133.10,500,sell,T-009,T-026,134.00,135.00
1847,3050.432,STOCK2,133.00,2500,sell,T-039,T-026,134.00,135.00
1848,3050.932,STOCK2,133.00,1500,sell,T-039,T-026,133.00,135.00
1849,3050.932,STOCK2,133.00,3500,sell,T-039,T-026,133.00,135.00
1850,3051.328,STOCK2,133.00,500,sell,T-039,T-026,133.00,135.00
1851,3051.328,STOCK2,133.00,4000,sell,T-039,T-026,133.00,135.00
1852,3051.328,STOCK2,133.00,500,sell,T-039,T-026,133.00,135.00
1853,3051.741,STOCK2,133.00,3500,sell,T-039,T-026,133.00,135.00
1854,3051.741,STOCK2,133.00,1500,sell,T-039,T-026,133.00,135.00
1855,3052.159,STOCK2,133.00,2500,sell,T-039,T-026,133.00,135.00
1856,3052.159,STOCK2,133.00,2500,sell,T-039,T-026,133.00,135.00
1857,3057.678,STOCK2,134.50,3000,sell,T-031,T-026,134.50,135.00
1858,3057.678,STOCK2,134.00,500,sell,T-017,T-026,134.50,135.00
1859,3057.678,STOCK2,133.00,1500,sell,T-039,T-026,134.50,135.00
1860,3066.592,STOCK1,246.00,5000,sell,T-034,T-026,246.00,252.00
1861,3072.245,STOCK2,135.00,1010,buy,T-031,T-015,133.10,135.00
1862,3072.245,STOCK2,192.00,1000,buy,T-031,T-007,133.10,135.00
1863,3072.245,STOCK2,192.00,990,buy,T-031,T-007,133.10,135.00
1864,3076.206,STOCK1,252.00,450,buy,T-004,T-024,245.00,252.00
1865,3076.206,STOCK1,259.00,550,buy,T-004,T-031,245.00,252.00
1866,3089.172,STOCK2,133.10,500,sell,T-009,T-030,133.10,138.10
1867,3089.172,STOCK2,130.00,500,sell,T-006,T-030,133.10,138.10
1868,3091.685,STOCK2,130.00,1000,sell,T-006,T-004,130.00,138.10
1869,3093.325,STOCK2,138.10,500,buy,T-030,T-009,130.00,138.10
1870,3093.325,STOCK2,177.00,500,buy,T-030,T-039,130.00,138.10
1871,3094.426,STOCK1,250.00,1000,buy,T-024,T-020,247.00,250.00
1872,3095.530,STOCK2,130.00,1000,sell,T-006,T-004,130.00,177.00
1873,3104.473,STOCK1,252.00,1000,buy,T-006,T-020,247.00,252.00
1874,3104.473,STOCK1,254.00,1000,buy,T-006,T-024,247.00,252.00
1875,3104.473,STOCK1,255.00,500,buy,T-006,T-026,247.00,252.00
1876,3109.859,STOCK2,160.00,10,buy,T-007,T-005,126.00,160.00
1877,3109.859,STOCK2,170.00,500,buy,T-007,T-032,126.00,160.00
1878,3109.859,STOCK2,174.00,100,buy,T-007,T-008,126.00,160.00
1879,3109.859,STOCK2,175.00,390,buy,T-007,T-039,126.00,160.00
1880,3123.292,STOCK2,140.00,10,sell,T-005,T-004,140.00,145.00
1881,3123.292,STOCK2,126.00,500,sell,T-009,T-004,140.00,145.00
1882,3123.292,STOCK2,125.01,490,sell,T-013,T-004,140.00,145.00
1883,3146.470,STOCK1,253.00,200,buy,T-024,T-020,249.01,253.00
1884,3146.470,STOCK1,256.00,200,buy,T-024,T-020,249.01,253.00
1885,3173.071,STOCK2,131.60,500,buy,T-004,T-009,128.00,131.60
1886,3173.071,STOCK2,132.00,500,buy,T-004,T-015,128.00,131.60
1887,3210.936,STOCK1,254.00,100,buy,T-008,T-039,253.10,254.00
1888,3213.143,STOCK2,134.00,510,buy,T-002,T-007,131.00,134.00
1889,3214.167,STOCK1,253.10,100,sell,T-008,T-039,253.10,254.00
1890,3214.167,STOCK1,253.00,1000,sell,T-001,T-039,253.10,254.00
1891,3214.167,STOCK1,253.00,100,sell,T-008,T-039,253.10,254.00
1892,3214.167,STOCK1,251.00,100,sell,T-008,T-039,253.10,254.00
1893,3214.167,STOCK1,251.00,100,sell,T-008,T-039,253.10,254.00
1894,3214.167,STOCK1,251.00,100,sell,T-008,T-039,253.10,254.00
1895,3214.167,STOCK1,251.00,100,sell,T-008,T-039,253.10,254.00
1896,3214.167,STOCK1,250.00,1000,sell,T-001,T-039,253.10,254.00
1897,3214.167,STOCK1,250.00,200,sell,T-020,T-039,253.10,254.00
1898,3214.167,STOCK1,249.01,2000,sell,T-034,T-039,253.10,254.00
1899,3214.167,STOCK1,249.00,200,sell,T-001,T-039,253.10,254.00
1900,3218.383,STOCK2,129.69,510,sell,T-007,T-002,129.69,134.00
1901,3218.789,STOCK1,254.00,500,buy,T-037,T-039,249.00,254.00
1902,3229.674,STOCK2,129.69,490,sell,T-007,T-039,129.69,134.00
1903,3229.674,STOCK2,129.01,500,sell,T-037,T-039,129.69,134.00
1904,3229.674,STOCK2,128.02,10,sell,T-007,T-039,129.69,134.00
1905,3229.826,STOCK1,254.00,1000,buy,T-001,T-039,253.00,254.00
1906,3231.306,STOCK1,254.00,1000,buy,T-001,T-039,253.00,254.00
1907,3231.589,STOCK1,254.00,2000,buy,T-024,T-039,253.00,254.00
1908,3235.514,STOCK1,253.00,1000,sell,T-001,T-026,253.00,254.00
1909,3235.514,STOCK1,251.00,4000,sell,T-033,T-026,253.00,254.00
1910,3237.934,STOCK1,254.00,400,buy,T-007,T-039,253.01,254.00
1911,3237.934,STOCK1,254.00,100,buy,T-007,T-039,253.01,254.00
1912,3239.038,STOCK1,254.00,500,buy,T-007,T-039,253.01,254.00
1913,3239.553,STOCK2,133.00,1000,buy,T-004,T-015,129.00,133.00
1914,3241.563,STOCK1,253.01,2000,sell,T-034,T-026,253.01,254.00
1915,3241.563,STOCK1,249.00,800,sell,T-001,T-026,253.01,254.00
1916,3241.563,STOCK1,248.00,1410,sell,T-034,T-026,253.01,254.00
1917,3241.773,STOCK1,256.00,1000,buy,T-001,T-031,248.00,256.00
1918,3248.340,STOCK1,255.00,500,buy,T-001,T-007,248.00,255.00
1919,3248.340,STOCK1,256.00,500,buy,T-001,T-031,248.00,255.00
1920,3250.195,STOCK1,254.00,500,buy,T-013,T-039,248.00,254.00
1921,3250.366,STOCK1,254.00,100,buy,T-013,T-039,248.00,254.00
1922,3250.366,STOCK1,255.00,400,buy,T-013,T-007,248.00,254.00
1923,3250.933,STOCK1,255.00,100,buy,T-001,T-007,248.00,255.00
1924,3250.933,STOCK1,255.00,500,buy,T-001,T-007,248.00,255.00
1925,3250.933,STOCK1,256.00,400,buy,T-001,T-031,248.00,255.00
1926,3256.499,STOCK1,256.00,1000,buy,T-001,T-031,248.00,256.00
1927,3260.851,STOCK1,256.00,100,buy,T-001,T-031,248.00,256.00
1928,3260.851,STOCK1,256.80,900,buy,T-001,T-024,248.00,256.00
1929,3263.927,STOCK1,256.80,1000,buy,T-033,T-024,248.00,256.80
1930,3268.846,STOCK1,256.80,100,buy,T-033,T-024,248.00,256.80
1931,3268.846,STOCK1,256.80,400,buy,T-033,T-024,248.00,256.80
1932,3268.846,STOCK1,256.99,500,buy,T-033,T-013,248.00,256.80
1933,3280.175,STOCK1,256.99,500,buy,T-039,T-013,249.00,256.99
1934,3280.175,STOCK1,259.00,100,buy,T-039,T-031,249.00,256.99
1935,3293.747,STOCK2,131.00,500,buy,T-013,T-007,129.05,131.00
1936,3294.042,STOCK2,131.00,500,buy,T-013,T-007,129.05,131.00
1937,3301.152,STOCK2,130.00,1000,buy,T-002,T-027,129.05,130.00
1938,3301.202,STOCK1,249.00,500,sell,T-032,T-033,249.00,258.00
1939,3301.202,STOCK1,248.00,590,sell,T-034,T-033,249.00,258.00
1940,3301.202,STOCK1,246.00,1500,sell,T-024,T-033,249.00,258.00
1941,3301.202,STOCK1,240.00,2000,sell,ME,T-033,249.00,258.00
1942,3301.202,STOCK1,240.00,100,sell,T-008,T-033,249.00,258.00
1943,3301.202,STOCK1,240.00,100,sell,T-008,T-033,249.00,258.00
1944,3301.202,STOCK1,240.00,100,sell,T-008,T-033,249.00,258.00
1945,3301.202,STOCK1,235.01,110,sell,T-025,T-033,249.00,258.00
1946,3302.076,STOCK2,132.90,100,buy,T-020,T-009,129.05,132.90
1947,3303.921,STOCK2,132.90,400,buy,T-002,T-009,129.05,132.90
1948,3303.921,STOCK2,133.00,100,buy,T-002,T-015,129.05,132.90
1949,3303.921,STOCK2,134.00,100,buy,T-002,T-008,129.05,132.90
1950,3303.921,STOCK2,134.00,100,buy,T-002,T-008,129.05,132.90
1951,3303.921,STOCK2,150.00,300,buy,T-002,T-011,129.05,132.90
1952,3304.657,STOCK2,150.00,100,buy,T-020,T-011,129.05,150.00
1953,3317.802,STOCK2,131.00,100,sell,T-005,T-004,131.00,148.00
1954,3317.802,STOCK2,129.05,500,sell,T-037,T-004,131.00,148.00
1955,3317.802,STOCK2,129.00,400,sell,T-032,T-004,131.00,148.00
1956,3322.810,STOCK2,140.00,100,buy,T-004,T-005,133.00,140.00
1957,3322.810,STOCK2,148.00,900,buy,T-004,T-002,133.00,140.00
1958,3363.625,STOCK1,235.01,500,sell,T-025,ME,235.01,239.00
1959,3368.272,STOCK2,135.00,1000,sell,T-012,T-039,135.00,137.00
1960,3369.499,STOCK2,135.00,1000,sell,T-012,T-039,135.00,137.00
1961,3371.623,STOCK2,137.00,800,buy,T-025,T-039,135.00,137.00
1962,3374.879,STOCK2,137.00,10,buy,T-013,T-039,135.00,137.00
1963,3381.239,STOCK2,135.00,900,sell,T-012,T-039,135.00,137.00
1964,3387.860,STOCK2,132.80,500,sell,T-009,T-035,132.80,137.00
1965,3387.860,STOCK2,132.60,500,sell,T-009,T-035,132.80,137.00
1966,3402.556,STOCK2,132.60,500,buy,T-033,T-008,130.00,132.60
1967,3407.969,STOCK2,132.00,300,buy,T-007,T-039,131.00,132.00
1968,3408.303,STOCK2,132.00,300,buy,T-007,T-039,131.00,132.00
1969,3408.655,STOCK2,132.00,300,buy,T-007,T-039,131.00,132.00
1970,3410.819,STOCK2,132.00,100,buy,T-033,T-039,131.00,132.00
1971,3410.819,STOCK2,132.00,400,buy,T-033,T-039,131.00,132.00
1972,3411.423,STOCK2,133.00,250,buy,T-033,T-029,131.00,133.00
1973,3411.423,STOCK2,134.30,250,buy,T-033,T-039,131.00,133.00
1974,3415.720,STOCK2,134.30,300,buy,T-007,T-039,131.00,134.30
1975,3417.501,STOCK2,131.00,1000,sell,T-015,T-039,131.00,134.30
1976,3417.801,STOCK2,134.30,450,buy,T-033,T-039,130.00,134.30
1977,3417.801,STOCK2,134.30,50,buy,T-033,T-039,130.00,134.30
1978,3418.064,STOCK2,134.30,500,buy,T-033,T-039,133.00,134.30
1979,3418.254,STOCK2,134.30,450,buy,T-033,T-039,133.00,134.30
1980,3418.254,STOCK2,134.30,50,buy,T-033,T-039,133.00,134.30
1981,3418.720,STOCK2,134.30,500,buy,T-033,T-039,133.00,134.30
1982,3418.952,STOCK2,134.30,450,buy,T-033,T-039,133.00,134.30
1983,3418.952,STOCK2,134.60,50,buy,T-033,T-009,133.00,134.30
1984,3419.219,STOCK2,134.60,450,buy,T-033,T-009,133.00,134.60
1985,3419.219,STOCK2,136.00,50,buy,T-033,T-029,133.00,134.60
1986,3421.208,STOCK2,136.00,200,buy,T-033,T-029,133.00,136.00
1987,3421.208,STOCK2,136.00,250,buy,T-033,T-029,133.00,136.00
1988,3421.208,STOCK2,137.00,50,buy,T-033,T-039,133.00,136.00
1989,3421.715,STOCK2,137.00,100,buy,T-020,T-039,133.00,137.00
1990,3422.343,STOCK1,236.00,500,sell,T-027,T-024,236.00,238.00
1991,3423.071,STOCK1,236.00,500,sell,T-027,T-024,236.00,238.00
1992,3431.869,STOCK2,133.00,1000,sell,T-027,T-039,133.00,136.00
1993,3431.889,STOCK1,235.01,390,sell,T-025,T-024,235.01,236.00
1994,3431.889,STOCK1,235.01,110,sell,T-039,T-024,235.01,236.00
1995,3438.490,STOCK1,235.01,490,sell,T-039,T-016,235.01,236.00
1996,3438.490,STOCK1,235.00,510,sell,T-027,T-016,235.01,236.00
1997,3441.235,STOCK1,236.00,100,buy,T-008,T-034,235.00,236.00
1998,3441.729,STOCK1,235.00,490,sell,T-027,T-034,235.00,236.00
1999,3457.000,STOCK2,136.00,300,buy,T-015,T-007,132.00,136.00
2000,3457.000,STOCK2,136.00,300,buy,T-015,T-007,132.00,136.00
2001,3457.000,STOCK2,136.00,300,buy,T-015,T-007,132.00,136.00
2002,3457.000,STOCK2,136.00,100,buy,T-015,T-007,132.00,136.00
2003,3460.516,STOCK1,230.01,500,sell,T-025,T-024,230.01,236.00
2004,3461.887,STOCK2,136.00,200,buy,T-015,T-007,132.00,136.00
2005,3461.887,STOCK2,136.00,300,buy,T-015,T-007,132.00,136.00
2006,3461.887,STOCK2,136.00,300,buy,T-015,T-007,132.00,136.00
2007,3461.887,STOCK2,136.00,200,buy,T-015,T-007,132.00,136.00
2008,3465.075,STOCK2,136.00,100,buy,T-015,T-007,132.01,136.00
2009,3465.075,STOCK2,137.00,40,buy,T-015,T-039,132.01,136.00
2010,3465.075,STOCK2,137.00,860,buy,T-015,T-039,132.01,136.00
2011,3465.095,STOCK1,230.01,500,sell,T-025,T-034,230.01,236.00
2012,3465.095,STOCK1,230.01,1000,sell,T-025,T-034,230.01,236.00
2013,3465.767,STOCK2,137.00,140,buy,T-025,T-039,132.01,137.00
2014,3465.767,STOCK2,137.00,460,buy,T-025,T-039,132.01,137.00
2015,3468.369,STOCK2,137.00,540,buy,T-027,T-039,132.01,137.00
2016,3468.369,STOCK2,137.00,460,buy,T-027,T-039,132.01,137.00
2017,3472.321,STOCK2,135.00,1000,buy,T-027,T-002,132.89,135.00
2018,3473.924,STOCK2,137.00,540,buy,T-027,T-039,132.89,137.00
2019,3473.924,STOCK2,137.00,460,buy,T-027,T-039,132.89,137.00
2020,3475.243,STOCK2,137.00,540,buy,T-027,T-039,132.89,137.00
2021,3475.243,STOCK2,138.00,300,buy,T-027,T-007,132.89,137.00
2022,3475.243,STOCK2,138.00,160,buy,T-027,T-007,132.89,137.00
2023,3496.735,STOCK1,236.00,500,buy,T-024,T-034,225.00,236.00
2024,3503.139,STOCK2,140.00,471,buy,T-007,T-039,132.89,140.00
2025,3515.284,STOCK2,140.00,429,buy,T-007,T-039,132.89,140.00
2026,3515.284,STOCK2,141.00,42,buy,T-007,T-002,132.89,140.00
2027,3575.321,STOCK1,223.00,500,sell,T-024,T-016,223.00,238.00
2028,3575.321,STOCK1,222.00,500,sell,T-033,T-016,223.00,238.00
2029,3587.499,STOCK1,222.00,1000,sell,T-033,T-016,222.00,229.00
2030,3592.134,STOCK1,222.00,1000,sell,T-033,T-016,222.00,226.00
2031,3592.439,STOCK1,226.00,100,buy,T-027,T-024,222.00,226.00
2032,3596.074,STOCK1,222.00,1490,sell,T-033,T-012,222.00,226.00
2033,3596.787,STOCK1,226.00,100,buy,T-027,T-024,222.00,226.00
2034,3597.624,STOCK1,226.00,100,buy,T-027,T-024,222.00,226.00
2035,3598.339,STOCK1,226.00,100,buy,T-027,T-024,222.00,226.00
2036,3599.237,STOCK1,226.00,100,buy,T-027,T-024,222.00,226.00
2037,3600.886,STOCK1,229.00,100,buy,T-027,T-032,222.00,229.00
2038,3602.853,STOCK1,229.00,100,buy,T-027,T-032,222.00,229.00
2039,3603.105,STOCK1,229.00,300,buy,T-004,T-032,222.00,229.00
2040,3603.105,STOCK1,239.90,400,buy,T-004,T-025,222.00,229.00
2041,3603.105,STOCK1,244.00,300,buy,T-004,T-033,222.00,229.00
2042,3607.249,STOCK2,140.00,250,buy,T-029,T-007,129.15,140.00
2043,3610.670,STOCK2,129.15,568,sell,T-013,T-002,129.15,140.00
2044,3613.604,STOCK1,222.00,1000,sell,T-033,T-016,222.00,240.00
2045,3618.694,STOCK1,223.00,1000,sell,T-034,T-016,223.00,240.00
2046,3620.529,STOCK1,223.00,500,sell,T-034,T-016,223.00,240.00
2047,3620.529,STOCK1,223.00,500,sell,T-034,T-016,223.00,240.00
2048,3621.613,STOCK2,140.00,221,buy,ME,T-007,130.00,140.00
2049,3621.613,STOCK2,146.00,300,buy,ME,T-020,130.00,140.00
2050,3621.613,STOCK2,147.99,1000,buy,ME,T-015,130.00,140.00
2051,3621.613,STOCK2,148.00,2500,buy,ME,T-011,130.00,140.00
2052,3625.063,STOCK2,130.00,100,sell,T-032,T-023,130.00,148.00
2053,3625.063,STOCK2,129.15,400,sell,T-013,T-023,130.00,148.00
2054,3625.190,STOCK2,129.15,32,sell,T-013,T-023,129.15,148.00
2055,3625.190,STOCK2,129.14,400,sell,T-025,T-023,129.15,148.00
2056,3625.190,STOCK2,129.12,68,sell,T-025,T-023,129.15,148.00
2057,3625.321,STOCK1,223.00,1000,sell,T-034,T-007,223.00,240.00
2058,3625.321,STOCK1,223.00,1500,sell,T-034,T-007,223.00,240.00
2059,3625.321,STOCK1,223.00,1500,sell,T-034,T-007,223.00,240.00
2060,3625.321,STOCK1,222.00,10,sell,T-033,T-007,223.00,240.00
2061,3625.321,STOCK1,220.00,100,sell,T-008,T-007,223.00,240.00
2062,3625.321,STOCK1,220.00,100,sell,T-008,T-007,223.00,240.00
2063,3625.321,STOCK1,220.00,100,sell,T-008,T-007,223.00,240.00
2064,3625.321,STOCK1,220.00,100,sell,T-008,T-007,223.00,240.00
2065,3625.321,STOCK1,220.00,90,sell,T-008,T-007,223.00,240.00
2066,3625.381,STOCK2,129.12,500,sell,T-025,T-023,129.12,148.00
2067,3625.565,STOCK2,129.12,32,sell,T-025,T-023,129.12,148.00
2068,3625.565,STOCK2,129.11,300,sell,T-025,T-023,129.12,148.00
2069,3625.565,STOCK2,127.00,168,sell,T-025,T-023,129.12,148.00
2070,3625.868,STOCK2,127.00,632,sell,T-025,T-031,127.00,148.00
2071,3625.868,STOCK2,125.02,500,sell,T-025,T-031,127.00,148.00
2072,3625.868,STOCK2,124.01,500,sell,T-025,T-031,127.00,148.00
2073,3625.868,STOCK2,120.20,1000,sell,T-025,T-031,127.00,148.00
2074,3625.868,STOCK2,120.00,368,sell,T-033,T-031,127.00,148.00
2075,3626.352,STOCK2,148.00,1000,buy,T-013,T-011,124.00,148.00
2076,3626.822,STOCK1,240.00,4500,buy,T-008,T-007,223.00,240.00
2077,3626.822,STOCK1,244.00,500,buy,T-008,T-033,223.00,240.00
2078,3626.962,STOCK1,244.00,4200,buy,T-008,T-033,223.00,244.00
2079,3626.962,STOCK1,258.00,500,buy,T-008,T-007,223.00,244.00
2080,3626.962,STOCK1,259.00,300,buy,T-008,T-031,223.00,244.00
2081,3627.092,STOCK1,259.00,2050,buy,T-008,T-031,223.00,259.00
2082,3627.092,STOCK1,265.00,1000,buy,T-008,T-030,223.00,259.00
2083,3627.092,STOCK1,275.00,1950,buy,T-008,T-011,223.00,259.00
2084,3627.204,STOCK1,275.00,550,buy,T-008,T-011,223.00,275.00
2085,3627.204,STOCK1,280.00,1000,buy,T-008,T-030,223.00,275.00
2086,3627.204,STOCK1,300.00,3450,buy,T-008,T-033,223.00,275.00
2087,3627.274,STOCK1,223.00,1500,sell,T-034,T-030,223.00,300.00
2088,3627.274,STOCK1,223.00,500,sell,T-034,T-030,223.00,300.00
2089,3627.337,STOCK1,300.00,1550,buy,T-008,T-033,223.00,300.00
2090,3627.337,STOCK1,300.00,3450,buy,T-008,T-033,223.00,300.00
2091,3627.478,STOCK1,300.00,1550,buy,T-008,T-033,223.00,300.00
2092,3627.478,STOCK1,330.00,1000,buy,T-008,T-001,223.00,300.00
2093,3627.478,STOCK1,330.00,1000,buy,T-008,T-001,223.00,300.00
2094,3627.478,STOCK1,330.00,1000,buy,T-008,T-001,223.00,300.00
2095,3627.478,STOCK1,330.00,450,buy,T-008,T-001,223.00,300.00
2096,3627.598,STOCK1,330.00,550,buy,T-008,T-001,223.00,330.00
2097,3627.598,STOCK1,330.00,1000,buy,T-008,T-001,223.00,330.00
2098,3627.598,STOCK1,330.00,1000,buy,T-008,T-001,223.00,330.00
2099,3627.598,STOCK1,330.00,1000,buy,T-008,T-001,223.00,330.00
2100,3627.598,STOCK1,330.00,1000,buy,T-008,T-001,223.00,330.00
2101,3627.598,STOCK1,330.00,450,buy,T-008,T-001,223.00,330.00
2102,3627.729,STOCK1,330.00,550,buy,T-008,T-001,223.00,330.00
2103,3627.729,STOCK1,330.00,1000,buy,T-008,T-001,223.00,330.00
2104,3627.729,STOCK1,330.00,1000,buy,T-008,T-001,223.00,330.00
2105,3627.729,STOCK1,330.00,1000,buy,T-008,T-001,223.00,330.00
2106,3627.729,STOCK1,330.00,1000,buy,T-008,T-001,223.00,330.00
2107,3627.729,STOCK1,330.00,450,buy,T-008,T-001,223.00,330.00
2108,3628.123,STOCK2,124.00,500,sell,T-031,T-023,124.00,148.00
2109,3628.244,STOCK2,124.00,500,sell,T-031,T-023,124.00,148.00
2110,3628.384,STOCK2,124.00,500,sell,T-031,T-023,124.00,148.00
2111,3628.514,STOCK2,124.00,500,sell,T-031,T-023,124.00,148.00
2112,3628.626,STOCK2,124.00,500,sell,T-031,T-023,124.00,148.00
2113,3628.760,STOCK2,124.00,500,sell,T-031,T-023,124.00,148.00
2114,3628.892,STOCK2,120.00,500,sell,T-033,T-023,120.00,148.00
2115,3628.912,STOCK2,120.00,1000,sell,T-033,T-013,120.00,148.00
2116,3629.013,STOCK2,120.00,500,sell,T-033,T-023,120.00,148.00
2117,3629.144,STOCK2,120.00,500,sell,T-033,T-023,120.00,148.00
2118,3629.256,STOCK2,120.00,500,sell,T-033,T-023,120.00,148.00
2119,3629.397,STOCK2,120.00,500,sell,T-033,T-023,120.00,148.00
2120,3629.507,STOCK2,120.00,500,sell,T-033,T-023,120.00,148.00
2121,3629.629,STOCK2,120.00,500,sell,T-033,T-023,120.00,148.00
2122,3629.770,STOCK2,120.00,132,sell,T-033,T-023,120.00,148.00
2123,3629.770,STOCK2,120.00,368,sell,T-012,T-023,120.00,148.00
2124,3629.930,STOCK2,120.00,500,sell,T-012,T-023,120.00,148.00
