t_sec,security,action,trader,price,qty
9,1,Bid,T-003,1,1
10,1,Ask,T-025,110,5
12,1,Ask,T-036,1000,1
12,1,Ask,T-036,1000,1
16,1,Bid,T-006,2,1
17,1,Bid,T-003,1,100
17,1,Ask,T-024,23,5
18,1,Ask,T-020,10,10
18,1,Ask,T-007,5000,1
19,1,Bid,T-003,3,100
21,1,ClearAsk,T-007,0,0
22,1,Bid,T-006,2,1
22,1,Bid,T-006,2,1
23,1,Bid,T-006,2,1
24,1,Bid,T-012,10,10
26,1,Bid,T-003,5,100
27,1,Bid,T-011,1.5,50
27,1,Bid,T-006,2,1
31,1,Ask,T-032,25,10
32,1,Bid,T-019,23,5
33,1,Bid,T-030,10,3
34,1,Ask,T-030,10,3
35,1,Bid,T-038,9,3
36,1,Bid,T-006,2,1
36,1,Bid,T-019,25,5
37,1,ClearBid,T-003,0,0
37,1,Ask,T-012,20,15
37,1,ClearAsk,T-003,0,0
40,1,Bid,T-036,10,10
41,1,Ask,T-022,20,1
42,1,Bid,T-019,20,13
42,1,Bid,T-006,2,2
43,1,ClearAsk,T-036,0,0
44,1,Bid,T-006,2,2
45,1,Bid,T-038,9,3
45,1,Bid,T-030,60.8,6
45,1,Ask,T-030,60.8,6
46,1,Bid,T-033,5,5
47,1,Bid,T-024,1,5
49,1,Bid,T-019,61,6
50,1,Bid,T-040,15,4
51,1,Bid,T-006,2,2
52,1,Bid,T-020,10,10
53,1,Bid,T-040,15,4
54,1,Bid,T-040,15,4
54,1,Ask,T-022,80,1
56,1,Ask,T-002,50,10
56,1,Bid,T-030,60.8,6
57,1,Ask,T-002,50,10
57,1,Bid,T-030,60.8,6
58,1,ClearBid,T-030,0,0
59,1,Ask,T-018,50,30
59,1,ClearBid,T-030,0,0
59,1,ClearBid,T-030,0,0
60,1,ClearBid,T-030,0,0
62,1,Ask,T-029,60,1
63,1,Ask,T-006,2,2
64,1,Ask,T-010,60,2
64,1,Ask,T-022,20,1
65,1,Bid,T-034,20,10
67,1,Bid,T-034,20,10
67,1,Bid,T-024,1,5
68,1,Bid,T-038,49,3
68,1,ClearBid,T-011,0,0
68,1,Bid,T-019,30,1
68,1,ClearBid,T-029,0,0
69,1,ClearBid,T-020,0,0
69,1,Ask,T-036,40,10
69,1,Bid,T-024,1,5
70,1,Ask,T-012,17,10
70,1,Ask,T-007,5000,1
72,1,Bid,T-020,20.01,10
72,1,Bid,T-037,16,5
73,1,Ask,T-006,49,2
73,1,Bid,T-019,30,20
74,1,Ask,T-007,5000,1
76,1,Ask,T-006,49,1
76,1,Bid,T-033,20,5
78,1,Bid,T-004,20,5
78,1,Ask,T-012,25,10
78,1,Ask,T-007,5000,1
79,1,Bid,T-011,18,15
80,1,Ask,T-006,49,1
80,1,Ask,T-030,90,6
80,1,Bid,T-002,35,10
81,1,Bid,T-036,20,10
81,1,ClearBid,T-010,0,0
81,1,Ask,T-038,30,3
81,1,ClearAsk,T-007,0,0
81,1,Ask,T-035,1.9,5
81,1,Ask,T-006,49,1
81,1,ClearAsk,T-010,0,0
82,1,Bid,T-030,90,6
83,1,Bid,T-034,25,10
83,1,Ask,T-006,49,1
84,1,Ask,T-006,49,1
85,1,Ask,T-032,50,10
85,1,Ask,T-035,1.9,5
86,1,Ask,T-024,3,50
86,1,Bid,T-030,90,6
87,1,Bid,T-019,50,20
89,1,Ask,T-022,30,1
89,1,Ask,T-006,49,1
89,1,Bid,T-019,50,20
92,1,Bid,T-036,20,10
92,1,Bid,T-019,50,20
93,1,Ask,T-031,45,1
94,1,Ask,T-006,60,1
96,1,Ask,T-010,30,1
97,1,Ask,T-022,30,1
97,1,Bid,T-003,8,25
98,1,Ask,T-038,30,3
98,1,Ask,T-001,50,10
98,1,Ask,T-036,40,10
98,1,Ask,T-006,60,1
98,1,Ask,T-011,20,15
101,1,Ask,T-001,50,10
102,1,Bid,T-034,25,10
103,1,Bid,T-035,1.9,5
104,1,Bid,T-001,20,10
104,1,Ask,T-029,30,5
105,1,Ask,T-036,35,10
105,1,Ask,T-004,30,5
106,1,Ask,T-026,60,10
110,1,Ask,T-030,70,5
110,1,Ask,T-033,30,5
110,1,Bid,T-011,20,50
110,1,Bid,T-019,10,3
110,1,Ask,T-023,28,5
111,1,Ask,T-036,30,10
111,1,Bid,T-024,1,10
112,1,Bid,T-030,70,5
113,1,Bid,T-035,1.9,5
113,1,Ask,T-006,29,1
114,1,Bid,T-006,29,1
115,1,Bid,T-024,1,10
115,1,Ask,T-007,29,10
116,1,Bid,T-024,1,10
118,1,Bid,T-024,1,10
118,1,Ask,T-026,60,10
118,1,Bid,T-002,30,10
119,1,Ask,T-037,35,5
120,1,Bid,T-036,20,10
120,1,Ask,T-025,25,5
120,1,Bid,T-038,25,3
120,1,Ask,T-029,39,5
120,1,Bid,T-019,25,5
120,1,Ask,T-034,30,10
121,1,Bid,T-024,1,10
121,1,Bid,T-024,1,10
121,1,Bid,T-024,1,10
121,1,Bid,T-024,1,10
122,1,Ask,T-022,26,10
122,1,ClearAsk,T-029,0,0
123,1,Bid,T-019,25,5
123,1,Bid,T-006,29,1
123,1,Bid,T-019,25,5
123,1,Bid,T-006,29,1
123,1,Bid,T-019,25,5
123,1,Bid,T-019,25,5
123,1,Bid,T-006,29,1
123,1,Bid,T-004,25,5
123,1,Bid,T-024,3,10
123,1,Bid,T-006,29,1
125,1,Ask,T-030,10,8
126,1,Bid,T-024,3,10
126,1,Bid,T-024,3,10
126,1,Ask,T-029,30,5
126,1,Ask,T-032,33,25
128,1,Bid,T-019,25.01,5
128,1,ClearBid,T-024,0,0
129,1,Bid,T-006,29,1
129,1,Bid,T-006,29,1
129,1,Bid,T-028,1000,1
129,1,Bid,T-006,29,1
130,1,Bid,T-012,27,10
131,1,Ask,T-036,29,10
131,1,Ask,T-030,25,8
133,1,Bid,T-004,26,5
133,1,Ask,T-034,30,10
134,1,Ask,T-034,30,10
134,1,Ask,T-031,30,10
135,1,Bid,T-040,20,5
136,1,Ask,T-034,30,10
137,1,Bid,T-004,26,5
138,1,Bid,T-003,19,5
138,1,Ask,T-031,30,10
138,1,Ask,T-007,28,10
139,1,ClearBid,T-011,0,0
139,1,Bid,T-029,35,10
139,1,Ask,T-005,29,4
140,1,Ask,T-001,20,10
141,1,Ask,T-006,30,1
141,1,Ask,T-030,50,15
142,1,ClearAsk,T-037,0,0
142,1,Ask,T-006,30,1
142,1,ClearBid,T-037,0,0
143,1,Ask,T-026,29.5,1
143,1,Bid,T-001,40,10
144,1,Ask,T-006,30,1
144,1,Ask,T-006,30,1
144,1,Bid,T-006,30,1
145,1,Ask,T-006,30,1
145,1,Ask,T-006,30,1
146,1,Ask,T-006,30,1
147,1,Ask,T-019,80,50
147,1,Ask,T-037,25,5
147,1,Ask,T-026,29.5,1
148,1,Ask,T-030,50,15
149,1,Ask,T-034,28,10
149,1,Bid,T-020,50,5
149,1,Ask,T-034,28,10
150,1,Ask,T-034,28,10
150,1,Ask,T-003,33,5
151,1,Ask,T-034,28,10
153,1,Ask,T-006,30,1
153,1,Ask,T-019,80,50
153,1,Bid,T-038,20,2
156,1,Ask,T-035,27,5
156,1,Ask,T-007,27,10
159,1,Ask,T-012,26,10
159,1,Ask,T-030,35,9
160,1,Ask,T-004,29,10
160,1,Bid,T-012,26,10
162,1,Bid,T-011,25.5,5
162,1,ClearAsk,T-012,0,0
162,1,Bid,T-038,25,2
162,1,Ask,T-007,29,10
163,1,Bid,T-006,25,1
165,1,Bid,T-006,25,1
165,1,Ask,T-025,28,5
165,1,Ask,T-027,27,5
166,1,Bid,T-006,25,1
166,1,Bid,T-011,25.5,5
167,1,Bid,T-006,25,1
168,1,Bid,T-004,25,10
168,1,Bid,T-011,25.5,5
168,1,Bid,T-001,40,10
169,1,Bid,T-001,40,10
169,1,Bid,T-006,25,1
169,1,Bid,T-001,40,10
170,1,ClearBid,T-011,0,0
170,1,Bid,T-034,26,10
171,1,Bid,T-006,25,1
172,1,Ask,T-034,26,10
172,1,Bid,T-006,25,1
172,1,Bid,T-006,25,1
172,1,Bid,T-006,25,1
172,1,Ask,T-034,26,10
173,1,Bid,T-030,25,9
173,1,Ask,T-034,26,10
173,1,Ask,T-029,25,10
174,1,Bid,T-037,26,10
175,1,Bid,T-030,25,9
175,1,Ask,T-035,25,5
175,1,Bid,T-002,27,10
176,1,Ask,T-038,25,10
176,1,Bid,T-010,25,10
176,1,Ask,T-021,27,10
177,1,Ask,T-034,26,10
178,1,Bid,T-037,25,10
178,1,Bid,T-006,25,1
178,1,Bid,T-006,25,1
178,1,Ask,T-021,27,10
179,1,Bid,T-002,27,10
179,1,Ask,T-039,26.99,5
179,1,Bid,T-036,25,10
179,1,Ask,T-034,26,10
179,1,Bid,T-006,25,1
180,1,Bid,T-022,25,10
180,1,Bid,T-006,25,1
180,1,Bid,T-006,25,1
180,1,Bid,T-003,25.9,1
181,1,Bid,T-019,28,10
182,1,Bid,T-030,25,4
183,1,Bid,T-011,25.5,5
184,1,Bid,T-019,28,10
184,1,Ask,T-031,30,10
185,1,Bid,T-030,25,4
186,1,Ask,T-030,25,4
186,1,Bid,T-003,26,1
186,1,ClearBid,T-004,0,0
187,1,Bid,T-006,25.1,1
187,1,ClearAsk,T-004,0,0
188,1,ClearBid,T-004,0,0
188,1,Bid,T-019,26,10
188,1,Bid,T-006,25.1,1
189,1,Bid,T-012,27,10
190,1,Bid,T-006,25.1,1
190,1,ClearBid,T-012,0,0
191,1,Bid,T-006,25.1,1
191,1,Ask,T-012,27,10
192,1,Bid,T-006,25.1,1
195,1,Bid,T-006,25.1,1
195,1,Bid,T-006,25.1,1
196,1,Bid,T-005,26,5
196,1,Ask,T-002,28,25
197,1,Bid,T-006,25.1,1
198,1,Ask,T-029,20,10
198,1,Bid,T-011,25,5
198,1,Bid,T-024,1,5
199,1,Ask,T-036,29,10
200,1,Bid,T-026,25,3
200,1,Ask,T-023,27,10
201,1,Ask,T-034,28,10
201,1,Ask,T-019,30,30
201,1,Ask,T-004,29,10
202,1,Bid,T-036,27,10
204,1,Ask,T-033,27,5
204,1,ClearBid,T-022,0,0
204,1,ClearBid,T-022,0,0
205,1,Bid,T-030,10,4
205,1,ClearBid,T-022,0,0
205,1,ClearBid,T-022,0,0
205,1,Ask,T-037,28,15
205,1,Ask,T-010,28,15
205,1,ClearBid,T-022,0,0
205,1,ClearBid,T-022,0,0
205,1,ClearBid,T-022,0,0
206,1,Ask,T-011,26,5
206,1,ClearAsk,T-022,0,0
206,1,ClearAsk,T-022,0,0
207,1,ClearAsk,T-022,0,0
207,1,Ask,T-030,10,4
208,1,Ask,T-001,25,10
209,1,Bid,T-034,25,10
211,1,Bid,T-034,25,10
211,1,Bid,T-034,25,10
211,1,Bid,T-034,25,10
213,1,Ask,T-019,30,30
213,1,Bid,T-021,26,10
213,1,Ask,T-001,25,10
214,1,Bid,T-002,26,15
215,1,ClearBid,T-030,0,0
215,1,Bid,T-038,25,10
215,1,Bid,T-025,25,5
216,1,ClearBid,T-030,0,0
216,1,Ask,T-019,30,30
216,1,Bid,T-001,25,10
216,1,Bid,T-029,25,10
216,1,Ask,T-012,27,10
216,1,ClearAsk,T-030,0,0
217,1,ClearAsk,T-030,0,0
217,1,ClearAsk,T-030,0,0
217,1,ClearAsk,T-030,0,0
219,1,Ask,T-019,30,30
219,1,Ask,T-019,30,30
219,1,Ask,T-019,30,30
219,1,Ask,T-019,30,30
219,1,Bid,T-031,26,10
222,1,Ask,T-019,30,30
223,1,Bid,T-001,25,10
223,1,Ask,T-002,28,15
223,1,Bid,T-001,25,10
224,1,Ask,T-004,28,10
225,1,Bid,T-025,25,5
225,1,Bid,T-011,25,15
227,1,Bid,T-038,25,10
228,1,Bid,T-025,25,5
229,1,Ask,T-006,28,1
229,1,ClearAsk,T-032,0,0
229,1,ClearAsk,T-032,0,0
229,1,ClearAsk,T-032,0,0
229,1,Bid,T-035,26,10
230,1,Ask,T-006,28,1
230,1,Ask,T-006,28,1
230,1,Ask,T-006,28,1
230,1,Bid,T-021,26,10
231,1,Ask,T-006,28,1
231,1,Bid,T-001,25,10
231,1,Bid,T-001,25,10
231,1,Bid,T-001,25,10
232,1,Ask,T-019,26,10
233,1,Ask,T-006,28,1
233,1,Ask,T-012,27,10
235,1,Bid,T-025,25,5
236,1,ClearBid,T-026,0,0
236,1,ClearBid,T-011,0,0
238,1,Ask,T-001,35,10
238,1,Bid,T-026,25.5,3
239,1,Ask,T-001,35,10
239,1,Bid,T-037,25.2,5
239,1,Bid,T-011,25,15
241,1,Ask,T-030,27,20
241,1,Ask,T-006,28,5
242,1,Ask,T-006,28,5
242,1,Bid,T-029,26,10
244,1,Bid,T-030,27,20
244,1,Ask,T-006,28,5
244,1,Bid,T-033,26,10
245,1,Ask,T-019,27,10
245,1,Bid,T-036,26,10
245,1,Ask,T-019,27,10
245,1,Ask,T-006,28,5
246,1,Ask,T-010,30,20
246,1,Bid,T-031,25,10
246,1,Ask,T-019,27,10
246,1,Ask,T-025,28,5
246,1,Ask,T-019,27,10
246,1,Ask,T-020,5,1
246,1,Ask,T-019,27,10
247,1,Ask,T-006,28,5
248,1,Bid,T-038,25,10
249,1,Ask,T-006,28,5
251,1,Ask,T-006,28,5
252,1,Bid,T-022,27,10
252,1,Ask,T-001,35,10
253,1,Bid,T-031,26,10
254,1,Bid,T-021,26,10
254,1,Bid,T-037,26,5
255,1,Bid,T-008,27,10
256,1,Ask,T-012,27,10
258,1,Ask,T-036,26,10
259,1,ClearBid,T-011,0,0
259,1,Ask,T-005,29,5
261,1,Bid,T-038,25,3
262,1,Bid,T-023,24,10
262,1,Bid,T-024,20,5
262,1,Bid,T-008,27,10
262,1,Ask,T-031,29,10
262,1,Bid,T-037,26,5
263,1,Ask,T-020,60,10
264,1,ClearBid,T-010,0,0
264,1,ClearAsk,T-010,0,0
265,1,Bid,T-026,28,1
266,1,Bid,T-039,27,5
267,1,Ask,T-032,27.99,15
268,1,Ask,T-035,27,10
270,1,Ask,T-037,28,10
272,1,Ask,T-029,28,20
274,1,Ask,T-036,27,10
274,1,Bid,T-038,27,3
275,1,Bid,T-033,25,10
276,1,ClearBid,T-008,0,0
277,1,Ask,T-022,28,10
278,1,Bid,T-006,27,5
278,1,Ask,T-036,28,10
279,1,Bid,T-038,27,3
280,1,Bid,T-006,27,5
281,1,Bid,T-038,27,3
281,1,Bid,T-023,25,10
282,1,Bid,T-037,26,15
282,1,Bid,T-029,26,20
282,1,Ask,T-001,29,30
283,1,Bid,T-012,27,20
283,1,Bid,T-005,27,10
284,1,Bid,T-007,24,20
284,1,Bid,T-036,27,10
284,1,Bid,T-006,27,5
284,1,Bid,T-033,25,10
284,1,Bid,T-002,26,15
284,1,Bid,T-002,26,15
284,1,Ask,T-031,28,10
284,1,Bid,T-038,27,3
285,1,Bid,T-004,27,20
287,1,Ask,T-021,30,10
287,1,Bid,T-024,26.5,5
288,1,Bid,T-006,27,5
289,1,ClearAsk,T-031,0,0
289,1,ClearBid,T-031,0,0
290,1,ClearBid,T-005,0,0
291,1,Ask,T-021,29,10
292,1,Bid,T-024,27,5
292,1,Bid,T-029,27,25
293,1,Ask,T-037,29,15
294,1,Ask,T-039,28,10
294,1,Ask,T-040,20,5
294,1,Bid,T-024,27,5
295,1,Bid,T-002,26,15
297,1,Ask,T-012,29,15
297,1,Ask,T-019,30,5
297,1,Ask,T-019,30,5
297,1,Ask,T-019,30,5
298,1,Ask,T-019,30,5
298,1,Bid,T-023,27,5
298,1,Ask,T-019,30,5
298,1,Bid,T-006,27,5
298,1,Ask,T-019,30,5
298,1,Ask,T-019,30,5
298,1,Ask,T-019,30,5
298,1,Ask,T-019,30,5
299,1,Ask,T-019,30,5
299,1,Ask,T-019,30,5
299,1,Ask,T-019,30,5
299,1,Ask,T-019,30,5
300,1,Ask,T-019,30,5
300,1,Bid,T-013,27,10
301,1,Ask,T-019,30,5
301,1,Bid,T-011,27,10
303,1,Ask,T-029,29,50
304,1,Ask,T-026,27,10
304,1,ClearBid,T-002,0,0
304,1,Ask,T-022,28.5,6
305,1,Bid,T-002,26,15
305,1,Bid,T-034,27,10
306,1,Bid,T-036,27,10
306,1,Ask,T-004,29,20
307,1,Ask,T-030,26,80
308,1,Ask,T-029,29,50
308,1,Ask,T-031,29,10
308,1,Ask,T-006,30,5
308,1,Bid,T-033,27,10
309,1,Ask,T-006,30,5
310,1,ClearBid,T-001,0,0
310,1,ClearAsk,T-001,0,0
311,1,Ask,T-006,30,5
311,1,Bid,T-031,27,10
312,1,Ask,T-006,30,5
312,1,Ask,T-011,26,10
313,1,Ask,T-025,29,5
314,1,Ask,T-019,29,10
314,1,Bid,T-039,27,10
315,1,Bid,T-024,26.2,5
316,1,Bid,T-034,27,10
316,1,Ask,T-019,29,10
316,1,Ask,T-012,28,15
317,1,Ask,T-002,28,30
318,1,Ask,T-033,29,10
318,1,Bid,T-024,26.2,5
319,1,Ask,T-019,29,10
319,1,Ask,T-019,29,10
319,1,Ask,T-019,29,10
319,1,Ask,T-019,29,10
319,1,Ask,T-019,29,10
319,1,Ask,T-019,29,10
320,1,Bid,T-036,27,10
320,1,Ask,T-019,29,10
321,1,Ask,T-019,29,10
321,1,Ask,T-006,30,5
321,1,Ask,T-034,28,10
321,1,Ask,T-019,29,10
322,1,Ask,T-019,29,10
322,1,Ask,T-019,29,10
322,1,Bid,T-021,26,10
322,1,Ask,T-006,30,5
322,1,Ask,T-019,29,10
323,1,Ask,T-019,29,10
323,1,Ask,T-019,29,10
323,1,Ask,T-036,28,10
323,1,Ask,T-036,28,10
323,1,Ask,T-019,29,10
324,1,Ask,T-019,29,10
324,1,Ask,T-019,29,10
324,1,Bid,T-011,26,20
324,1,Ask,T-019,29,10
324,1,Ask,T-019,29,10
325,1,Bid,T-002,26,30
325,1,Bid,T-004,26,10
325,1,Ask,T-019,29,10
325,1,Ask,T-019,29,10
326,1,Ask,T-019,29,10
326,1,Ask,T-019,29,10
326,1,Ask,T-034,29,10
326,1,Ask,T-019,29,10
326,1,Ask,T-039,28,10
326,1,Ask,T-019,29,10
327,1,Bid,T-037,26,15
328,1,Ask,T-019,29,10
328,1,ClearAsk,T-020,0,0
328,1,Ask,T-019,29,10
328,1,Ask,T-019,29,10
328,1,Ask,T-019,29,10
328,1,Ask,T-019,29,10
329,1,Bid,T-036,26,10
329,1,Bid,T-005,25,10
330,1,Ask,T-008,29,20
330,1,Ask,T-031,28,10
331,1,Bid,T-013,27,10
332,1,ClearAsk,T-031,0,0
332,1,Ask,T-008,29,20
333,1,ClearAsk,T-031,0,0
333,1,Bid,T-003,25,4
334,1,Ask,T-019,28,10
334,1,Ask,T-033,29,10
335,1,Bid,T-035,25,30
335,1,Ask,T-037,29,20
335,1,Bid,T-027,25,5
336,1,Ask,T-001,30,12
337,1,Ask,T-011,28,35
337,1,ClearBid,T-029,0,0
337,1,Ask,T-031,28,10
338,1,ClearAsk,T-029,0,0
338,1,Bid,T-040,29,5
338,1,Bid,T-013,27,13
338,1,Bid,T-022,27,15
339,1,Bid,T-025,25,10
339,1,ClearAsk,T-031,0,0
339,1,ClearAsk,T-031,0,0
341,1,Bid,T-012,26.75,20
341,1,ClearAsk,T-034,0,0
341,1,Ask,T-019,30,5
342,1,ClearBid,T-034,0,0
342,1,Ask,T-024,28,5
342,1,Ask,T-001,29,12
342,1,Bid,T-036,27,10
343,1,Bid,T-007,27.1,20
343,1,Ask,T-019,30,5
344,1,ClearBid,T-034,0,0
344,1,ClearAsk,T-008,0,0
345,1,ClearAsk,T-034,0,0
345,1,Ask,T-036,28,10
345,1,Bid,T-006,27,5
346,1,Bid,T-026,25,5
346,1,Ask,T-008,29,20
346,1,Ask,T-019,30,5
347,1,Ask,T-029,28,30
347,1,Bid,T-021,26,10
347,1,Ask,T-019,30,5
348,1,Ask,T-019,30,5
348,1,Ask,T-019,30,5
348,1,Ask,T-019,30,5
348,1,ClearAsk,T-001,0,0
348,1,Ask,T-019,30,5
348,1,Ask,T-022,28,15
349,1,Bid,T-006,27,5
349,1,Ask,T-001,29,12
349,1,Bid,T-036,26,10
349,1,Ask,T-019,30,5
349,1,Ask,T-019,30,5
349,1,Ask,T-019,30,5
350,1,Ask,T-007,29,20
350,1,Ask,T-019,30,5
350,1,Ask,T-019,30,5
351,1,Ask,T-019,30,5
351,1,Bid,T-006,27,5
351,1,Ask,T-028,5,10
351,1,Ask,T-019,30,5
351,1,Ask,T-019,30,5
351,1,Ask,T-036,28,10
351,1,Ask,T-019,30,5
352,1,Bid,T-004,27,10
352,1,Bid,T-013,28,20
352,1,Ask,T-019,30,5
352,1,Ask,T-005,28,7
353,1,Ask,T-019,30,5
353,1,Ask,T-036,28,10
354,1,Ask,T-023,29,5
354,1,Bid,T-022,27,15
355,1,Ask,T-015,28,10
356,1,Ask,T-031,28,5
356,1,Bid,T-034,27,10
356,1,Ask,T-036,28,10
356,1,ClearAsk,T-031,0,0
357,1,ClearAsk,T-008,0,0
357,1,Bid,T-011,27,5
358,1,Ask,T-008,28.5,20
358,1,Bid,T-034,27,10
359,1,Bid,T-029,26,30
360,1,Ask,T-006,29,5
361,1,Ask,T-006,29,5
361,1,Bid,T-024,27,10
361,1,Ask,T-007,28.5,20
362,1,Bid,T-010,27.01,100
363,1,Ask,T-006,29,5
363,1,Ask,T-021,28,10
363,1,Bid,T-012,27,20
363,1,Bid,T-022,27,15
365,1,Bid,T-033,26,10
365,1,Ask,T-006,29,5
367,1,Ask,T-034,30,10
368,1,Bid,T-036,27,10
368,1,ClearBid,T-023,0,0
368,1,Ask,T-034,30,10
369,1,ClearAsk,T-023,0,0
369,1,Ask,T-031,28,19
369,1,Bid,T-036,27,10
369,1,Ask,T-022,28,15
369,1,Ask,T-022,28,15
369,1,ClearAsk,T-031,0,0
370,1,Ask,T-020,27,10
371,1,Bid,T-039,27,10
372,1,Ask,T-023,28,5
373,1,Ask,T-012,28,20
373,1,ClearBid,T-005,0,0
373,1,Ask,T-025,30,15
374,1,Ask,T-024,28.7,15
375,1,ClearBid,T-029,0,0
375,1,Ask,T-036,28,10
375,1,Ask,T-036,28,10
376,1,Ask,T-006,29,5
376,1,Ask,T-006,29,5
377,1,Bid,T-029,27,30
377,1,Ask,T-032,28.99,1
377,1,Bid,T-007,26.1,30
378,1,Bid,T-036,27,10
378,1,ClearBid,T-004,0,0
379,1,ClearAsk,T-004,0,0
380,1,ClearBid,T-004,0,0
380,1,Bid,T-022,27,15
380,1,Bid,T-036,27,10
381,1,ClearAsk,T-004,0,0
382,1,Ask,T-018,29,28
384,1,Bid,T-013,27,2
384,1,Bid,T-022,27,15
385,1,Bid,T-036,27,10
386,1,Bid,T-036,27,10
386,1,Bid,T-033,26,20
387,1,Ask,T-032,28.99,1
387,1,Ask,T-022,28,15
387,1,Ask,T-020,27,30
387,1,Ask,T-022,28,15
387,1,Bid,T-013,27,2
388,1,Ask,T-006,29,5
388,1,Bid,T-012,27,40
388,1,Bid,T-013,27,2
388,1,ClearAsk,T-018,0,0
389,1,Ask,T-036,28,10
389,1,Ask,T-036,28,10
389,1,Bid,T-004,26,10
389,1,Ask,T-036,28,10
389,1,Ask,T-036,28,10
389,1,ClearAsk,T-018,0,0
390,1,ClearBid,T-018,0,0
390,1,ClearBid,T-018,0,0
391,1,Ask,T-006,29,5
391,1,ClearAsk,T-018,0,0
391,1,ClearAsk,T-018,0,0
391,1,Ask,T-026,28,5
393,1,ClearBid,T-031,0,0
393,1,Bid,T-030,21,80
393,1,ClearAsk,T-031,0,0
394,1,Bid,T-029,26,30
394,1,Ask,T-039,28,10
394,1,ClearAsk,T-031,0,0
394,1,ClearBid,T-031,0,0
395,1,Bid,T-040,25,10
396,1,Bid,T-022,27,15
397,1,Bid,T-011,28,20
397,1,Bid,T-030,21,80
397,1,Ask,T-036,29,10
398,1,Ask,T-036,29,10
398,1,ClearAsk,T-037,0,0
398,1,Bid,T-022,27,15
400,1,Ask,T-013,28,20
402,1,Bid,T-006,26,5
402,1,Bid,T-036,27,10
402,1,Bid,T-028,2,10
402,1,Bid,T-036,27,10
403,1,Ask,T-037,28,20
404,1,Bid,T-006,26,5
404,1,Ask,T-012,29,15
405,1,Bid,T-030,20,80
407,1,Bid,T-039,27,10
407,1,Bid,T-015,28,20
407,1,ClearBid,T-002,0,0
407,1,Ask,T-022,28,15
407,1,Ask,T-022,28,15
409,1,Bid,T-005,27,20
409,1,Bid,T-002,27,30
410,1,Ask,T-031,28,10
410,1,Bid,T-006,26,5
410,1,Bid,T-023,26,10
410,1,Bid,T-006,26,5
411,1,Ask,T-011,20,27
411,1,Bid,T-036,27,10
411,1,Bid,T-036,27,10
412,1,Bid,T-037,27,20
413,1,Bid,T-013,28,20
413,1,Bid,T-013,28,20
413,1,Ask,T-031,28,10
415,1,Bid,T-036,27,10
415,1,Bid,T-006,26,5
416,1,Ask,T-002,29,30
416,1,Ask,T-036,27,10
416,1,Ask,T-039,28,10
416,1,Bid,T-022,27,15
417,1,Ask,T-012,29,15
418,1,Ask,T-010,28.99,100
418,1,Ask,T-015,27,20
419,1,Bid,T-006,26,5
419,1,Bid,T-033,27,20
420,1,Ask,T-037,28,20
420,1,Bid,T-022,27,15
420,1,ClearAsk,T-029,0,0
420,1,ClearBid,T-029,0,0
421,1,Ask,T-036,28,10
421,1,Bid,T-021,26,10
421,1,Ask,T-036,28,10
421,1,Ask,T-003,32,1
421,1,Bid,T-006,26,5
421,1,Ask,T-036,28,10
422,1,ClearAsk,T-020,0,0
422,1,ClearBid,T-020,0,0
422,1,Bid,T-023,27,10
422,1,Ask,T-015,27,20
423,1,Ask,T-022,28,15
423,1,Ask,T-022,28,15
423,1,Bid,T-030,20,70
424,1,Ask,T-036,29,10
424,1,Ask,T-034,27,10
425,1,Ask,T-013,28,20
425,1,Ask,T-013,28,20
425,1,Ask,T-013,28,20
425,1,ClearAsk,T-008,0,0
425,1,Bid,T-024,25.5,10
425,1,ClearBid,T-008,0,0
426,1,Ask,T-013,28,20
426,1,ClearAsk,T-037,0,0
426,1,Bid,T-019,26,70
426,1,Bid,T-019,26,70
426,1,Bid,T-019,26,70
426,1,ClearBid,T-028,0,0
427,1,ClearBid,T-037,0,0
427,1,Bid,T-019,26,70
427,1,Bid,T-019,26,70
427,1,Bid,T-019,26,70
427,1,Ask,T-008,28,30
427,1,Bid,T-019,26,70
428,1,ClearAsk,T-028,0,0
428,1,Bid,T-019,26,70
428,1,Ask,T-034,27,10
428,1,Bid,T-019,26,70
428,1,Ask,T-008,28,30
428,1,Bid,T-019,26,70
428,1,Ask,T-004,30,10
428,1,Bid,T-006,26,5
428,1,Bid,T-022,27,15
429,1,Bid,T-039,27,10
429,1,Bid,T-022,27,15
429,1,Bid,T-019,26,70
429,1,Bid,T-019,26,70
429,1,Bid,T-019,26,70
429,1,Bid,T-019,26,70
430,1,Ask,T-036,29,10
430,1,Bid,T-006,26,5
430,1,Ask,T-038,27,3
431,1,Bid,T-007,26.1,30
432,1,ClearBid,T-027,0,0
432,1,ClearAsk,T-008,0,0
432,1,Ask,T-036,29,10
432,1,Bid,T-019,27,70
432,1,Bid,T-019,27,70
432,1,Bid,T-019,27,70
432,1,ClearBid,T-027,0,0
432,1,Bid,T-019,27,70
433,1,ClearBid,T-027,0,0
433,1,Ask,T-029,29,30
433,1,Bid,T-019,27,70
433,1,Bid,T-019,27,70
433,1,ClearBid,T-027,0,0
433,1,ClearBid,T-027,0,0
434,1,Ask,T-005,29,30
435,1,Bid,T-006,26,5
435,1,Bid,T-019,26,70
435,1,Bid,T-037,27,10
435,1,Bid,T-019,26,70
436,1,Bid,T-019,26,70
436,1,Ask,T-003,60,1
436,1,ClearAsk,T-034,0,0
436,1,Bid,T-019,26,70
436,1,Ask,T-022,28,15
436,1,Ask,T-012,29,15
436,1,Ask,T-022,28,15
436,1,Ask,T-007,28.9,30
437,1,Bid,T-019,27,70
438,1,Bid,T-019,27,70
438,1,Bid,T-019,27,70
438,1,Bid,T-019,27,70
438,1,Bid,T-019,27,70
438,1,Ask,T-039,28,10
439,1,Ask,T-015,29,20
439,1,Bid,T-036,27,10
440,1,Bid,T-019,26,70
440,1,Bid,T-019,26,70
440,1,ClearBid,T-003,0,0
440,1,Bid,T-019,26,70
440,1,Ask,T-004,30,10
440,1,Bid,T-019,26,70
440,1,ClearAsk,T-003,0,0
440,1,Bid,T-030,20,50
442,1,Bid,T-019,27,70
442,1,Bid,T-019,27,70
442,1,Bid,T-030,20,50
442,1,Bid,T-001,29,20
442,1,Bid,T-019,27,70
442,1,Ask,T-033,29,20
442,1,Bid,T-019,27,70
442,1,Bid,T-019,27,70
442,1,Bid,T-019,27,70
442,1,ClearBid,T-023,0,0
442,1,Bid,T-019,27,70
443,1,ClearBid,T-003,0,0
443,1,ClearAsk,T-023,0,0
443,1,ClearAsk,T-003,0,0
443,1,Ask,T-007,28.9,30
444,1,Bid,T-030,20,50
445,1,Bid,T-022,27,30
445,1,Ask,T-037,29,15
446,1,ClearBid,T-024,0,0
446,1,Bid,T-001,28,20
446,1,Bid,T-020,25,20
446,1,ClearBid,T-024,0,0
446,1,ClearBid,T-024,0,0
447,1,Bid,T-021,27,20
448,1,Bid,T-002,27,40
449,1,Bid,T-032,28,25
450,1,Bid,T-039,28,10
451,1,Ask,T-038,30,3
451,1,Bid,T-036,28,10
453,1,Ask,T-003,32,1
455,1,Ask,T-011,30,30
456,1,Bid,T-007,26.5,50
456,1,Ask,T-021,29,20
456,1,Ask,T-024,29.5,10
456,1,ClearBid,T-022,0,0
456,1,Bid,T-034,27,10
457,1,Bid,T-034,27,10
457,1,ClearBid,T-035,0,0
457,1,Bid,T-034,27,10
458,1,ClearAsk,T-035,0,0
458,1,Bid,T-030,20,30
458,1,Bid,T-003,26,1
458,1,ClearBid,T-007,0,0
459,1,ClearBid,T-007,0,0
459,1,Ask,T-001,28,20
459,1,ClearAsk,T-007,0,0
459,1,Bid,T-036,28,10
459,1,ClearAsk,T-007,0,0
460,1,Ask,T-001,28,20
460,1,Ask,T-006,28,5
460,1,Ask,T-038,39,3
461,1,Ask,T-011,29,15
462,1,Bid,T-022,27,15
462,1,Ask,T-039,29,10
463,1,Ask,T-019,30,500
463,1,ClearBid,T-029,0,0
463,1,Ask,T-019,30,500
463,1,Ask,T-019,30,500
463,1,Ask,T-019,30,500
463,1,ClearAsk,T-029,0,0
463,1,Bid,T-031,29,55
463,1,Ask,T-019,30,500
463,1,Ask,T-019,30,500
463,1,Ask,T-019,30,500
463,1,ClearAsk,T-011,0,0
463,1,Ask,T-019,30,500
464,1,Ask,T-019,30,500
464,1,Ask,T-019,30,500
464,1,Ask,T-001,28,20
464,1,Ask,T-019,30,500
464,1,Ask,T-019,30,500
464,1,Ask,T-001,28,20
464,1,Ask,T-019,30,500
465,1,Bid,T-031,29,55
465,1,Ask,T-038,39,3
466,1,ClearBid,T-026,0,0
466,1,Ask,T-033,30,5
467,1,ClearAsk,T-026,0,0
467,1,Bid,T-031,29,55
468,1,Bid,T-026,27,15
469,1,Bid,T-006,28,20
469,1,Bid,T-036,27,10
469,1,Bid,T-007,27.1,30
470,1,Bid,T-022,29,15
471,1,Bid,T-006,28,20
471,1,Bid,T-029,27,50
471,1,Bid,T-015,27,30
471,1,Bid,T-006,28,20
472,1,Bid,T-001,27,20
473,1,Ask,T-025,45,15
473,1,Bid,T-006,28,20
473,1,Bid,T-012,27,30
473,1,Bid,T-039,28,10
473,1,Ask,T-022,30,15
474,1,Bid,T-006,28,20
474,1,Bid,T-006,28,20
474,1,Ask,T-003,36,1
474,1,Bid,T-013,28,20
474,1,Bid,T-001,27,20
474,1,Bid,T-028,3,10
475,1,Bid,T-015,27,30
475,1,Bid,T-027,40,10
475,1,Ask,T-004,50,10
475,1,Ask,T-003,36,1
476,1,Bid,T-011,27,20
476,1,Bid,T-024,27.2,25
477,1,Bid,T-006,28,20
477,1,ClearBid,T-027,0,0
477,1,Bid,T-006,28,20
477,1,Bid,T-006,28,20
477,1,Bid,T-031,27.01,55
478,1,Bid,T-030,20,5
478,1,ClearAsk,T-036,0,0
478,1,Bid,T-037,27,50
478,1,Bid,T-001,27,20
478,1,Ask,T-027,40,10
479,1,Bid,T-001,27,20
479,1,Bid,T-001,27,20
479,1,ClearAsk,T-004,0,0
479,1,Ask,T-023,29,10
479,1,Bid,T-001,27,20
479,1,Bid,T-001,27,20
479,1,ClearBid,T-004,0,0
480,1,ClearBid,T-015,0,0
480,1,Bid,T-006,28,20
481,1,Ask,T-021,39,20
482,1,ClearAsk,T-028,0,0
482,1,Ask,T-039,29,10
483,1,Ask,T-001,29,20
483,1,Bid,T-024,27.2,25
483,1,Ask,T-001,29,20
483,1,ClearBid,T-028,0,0
483,1,Ask,T-001,29,20
483,1,Ask,T-001,29,20
483,1,Ask,T-029,30,50
484,1,Bid,T-013,26,20
484,1,Bid,T-013,26,20
484,1,ClearAsk,T-028,0,0
484,1,Bid,T-013,26,20
484,1,Bid,T-013,26,20
484,1,ClearBid,T-028,0,0
485,1,Ask,T-036,30,10
485,1,Bid,T-033,27,100
485,1,Bid,T-040,45,4
486,1,Ask,T-022,29.5,15
486,1,Bid,T-008,26.5,50
487,1,Ask,T-037,30,40
487,1,Bid,T-034,30,100
487,1,Bid,T-025,24,15
488,1,Ask,T-038,29,3
488,1,ClearAsk,T-004,0,0
488,1,ClearBid,T-004,0,0
489,1,Ask,T-001,29,20
489,1,Ask,T-001,29,20
489,1,Ask,T-005,29,10
489,1,Ask,T-007,29.8,30
489,1,ClearBid,T-020,0,0
491,1,Bid,T-019,27,6000
491,1,Ask,T-012,31,20
492,1,Ask,T-023,29,10
493,1,ClearBid,T-026,0,0
493,1,ClearAsk,T-026,0,0
494,1,Bid,T-020,25,50
495,1,ClearAsk,T-027,0,0
495,1,Bid,T-003,26,1
496,1,ClearBid,T-008,0,0
497,1,Ask,T-002,30,40
497,1,Bid,T-030,26,5
498,1,ClearAsk,T-005,0,0
499,1,ClearBid,T-031,0,0
499,1,Bid,T-034,29,100
500,1,Bid,T-028,29,10
500,1,ClearAsk,T-031,0,0
500,1,Bid,T-028,29,10
500,1,Ask,T-015,29,10
500,1,Ask,T-024,30.5,35
500,1,Ask,T-026,29,15
500,1,ClearBid,T-031,0,0
500,1,ClearAsk,T-007,0,0
501,1,Bid,T-039,28,10
501,1,ClearBid,T-029,0,0
501,1,ClearBid,T-007,0,0
501,1,ClearAsk,T-029,0,0
501,1,Bid,T-001,27,200
502,1,Ask,T-011,28,20
502,1,Bid,T-036,28,10
503,1,ClearAsk,T-012,0,0
503,1,Ask,T-005,32,10
503,1,ClearBid,T-012,0,0
504,1,Bid,T-004,28,10
504,1,Ask,T-027,40,25
505,1,Bid,T-036,28,10
505,1,Ask,T-006,35,100
506,1,Ask,T-013,30,20
506,1,Ask,T-013,30,20
506,1,Ask,T-013,30,20
506,1,Bid,T-019,28,500
506,1,Ask,T-013,30,20
507,1,Ask,T-013,30,20
507,1,Ask,T-006,35,100
507,1,Ask,T-036,29,10
507,1,Ask,T-015,31,20
508,1,Ask,T-036,29,10
508,1,Ask,T-006,35,100
508,1,Bid,T-021,27,50
508,1,Ask,T-038,27,3
508,1,Bid,T-019,28,500
508,1,Bid,T-019,28,500
508,1,Bid,T-019,28,500
510,1,Ask,T-012,30,20
510,1,Ask,T-036,30,10
511,1,Bid,T-003,26,1
511,1,Ask,T-036,30,10
511,1,Ask,T-006,35,100
512,1,Ask,T-039,29,10
512,1,Bid,T-038,27,3
513,1,Ask,T-006,35,100
514,1,Bid,T-029,27,100
515,1,Bid,T-036,28,10
515,1,Ask,T-006,35,100
515,1,Ask,T-006,35,100
516,1,Ask,T-006,35,100
516,1,Bid,T-030,27,5
517,1,Bid,T-004,28,10
517,1,Ask,T-034,30,100
518,1,Bid,T-023,26,10
518,1,Bid,T-026,25,15
519,1,Bid,T-036,28,20
521,1,Ask,T-013,30,20
521,1,Bid,T-001,27.5,200
521,1,Ask,T-013,30,20
524,1,Ask,T-010,29,3
524,1,Ask,T-003,31,1
524,1,Ask,T-006,30,5
525,1,Ask,T-034,30,100
525,1,Bid,T-008,27.5,75
525,1,Bid,T-038,25,3
525,1,Bid,T-039,28,10
526,1,Bid,T-004,28,10
526,1,Ask,T-006,30,5
527,1,Bid,T-014,28,3000
528,1,Ask,T-010,29,3
530,1,Ask,T-036,29,20
530,1,Ask,T-003,33,1
530,1,Bid,T-022,28,60
531,1,Ask,T-006,30,5
531,1,Bid,T-004,28,10
531,1,Ask,T-006,30,5
532,1,Bid,T-001,27,200
534,1,ClearBid,T-029,0,0
534,1,Bid,T-011,27,30
534,1,ClearAsk,T-023,0,0
535,1,Ask,T-036,29,20
535,1,Ask,T-021,29,30
535,1,ClearBid,T-004,0,0
535,1,Ask,T-006,29,5
536,1,ClearAsk,T-004,0,0
536,1,Ask,T-039,29,10
536,1,Ask,T-006,29,5
536,1,Bid,T-001,28,100
537,1,Ask,T-031,29,224
537,1,Bid,T-005,25,200
540,1,ClearBid,T-022,0,0
540,1,ClearBid,T-010,0,0
540,1,ClearAsk,T-010,0,0
542,1,Ask,T-033,30,100
542,1,Bid,T-007,28.1,30
542,1,Ask,T-004,35,10
543,1,Bid,T-029,28,100
543,1,Bid,T-037,25,10
543,1,Ask,T-004,35,10
544,1,Bid,T-013,28.01,1000
544,1,Ask,T-006,33,5
545,1,Ask,T-006,33,5
545,1,Ask,T-006,33,5
546,1,Bid,T-002,27,400
546,1,Ask,T-015,28,45
547,1,ClearAsk,T-026,0,0
547,1,Bid,T-021,28,30
548,1,ClearBid,T-026,0,0
548,1,Ask,T-012,31,20
548,1,Ask,T-011,32,16
548,1,Bid,T-029,28,100
548,1,ClearBid,T-014,0,0
549,1,Ask,T-006,33,5
549,1,Ask,T-006,33,5
549,1,Ask,T-034,40,10
549,1,Ask,T-006,33,5
550,1,Ask,T-001,30,100
550,1,Bid,T-022,29,15
550,1,Bid,T-014,28.01,3000
551,1,ClearBid,T-004,0,0
551,1,Bid,T-014,28.01,3000
551,1,ClearAsk,T-004,0,0
552,1,Ask,T-034,40,10
552,1,Ask,T-004,34,10
552,1,Ask,T-034,40,10
552,1,ClearBid,T-029,0,0
553,1,Bid,T-029,28,100
553,1,Bid,T-031,28,300
553,1,Ask,T-034,40,10
554,1,Ask,T-020,32,20
555,1,Ask,T-038,31,3
555,1,Bid,T-031,28,300
556,1,Ask,T-006,30,5
556,1,Ask,T-026,31,15
556,1,ClearBid,T-004,0,0
556,1,Ask,T-007,31,60
556,1,Ask,T-034,40,10
556,1,ClearAsk,T-004,0,0
557,1,Ask,T-006,30,5
557,1,Ask,T-034,40,10
558,1,Ask,T-006,30,5
558,1,Ask,T-006,30,5
558,1,Bid,T-015,28,100
558,1,Ask,T-006,30,5
559,1,Ask,T-006,30,5
559,1,Ask,T-006,30,5
559,1,Bid,T-029,29,100
559,1,Bid,T-039,29,10
560,1,Bid,T-024,27.5,20
561,1,Bid,T-001,28,100
561,1,Bid,T-001,28,100
563,1,Bid,T-019,29,500
563,1,Bid,T-019,29,500
563,1,Bid,T-019,29,500
563,1,Ask,T-003,35,2
563,1,Ask,T-004,33,10
564,1,ClearBid,T-029,0,0
564,1,Ask,T-004,33,10
564,1,Bid,T-019,29,500
564,1,Bid,T-011,30,5
564,1,ClearAsk,T-012,0,0
564,1,Bid,T-019,29,500
565,1,Ask,T-004,33,10
565,1,Ask,T-004,33,10
565,1,Bid,T-005,30,20
565,1,Ask,T-004,33,10
565,1,Ask,T-004,33,10
565,1,Ask,T-006,32,5
565,1,Ask,T-038,34,3
565,1,ClearBid,T-012,0,0
566,1,Ask,T-006,32,5
566,1,Ask,T-023,32,10
567,1,Bid,T-031,30,300
568,1,Ask,T-006,32,5
568,1,Ask,T-003,34,2
569,1,Bid,T-008,28.5,75
569,1,ClearBid,T-002,0,0
569,1,Ask,T-006,32,5
569,1,Ask,T-029,32,200
570,1,Ask,T-011,30,5
572,1,Ask,T-006,32,5
572,1,Ask,T-029,32,200
573,1,Ask,T-039,31,10
573,1,Ask,T-004,33,10
573,1,Ask,T-025,33,10
573,1,Ask,T-004,33,10
573,1,ClearBid,T-005,0,0
575,1,ClearBid,T-036,0,0
575,1,ClearAsk,T-036,0,0
576,1,Ask,T-006,32,5
576,1,Ask,T-006,32,5
576,1,Ask,T-022,30.5,15
577,1,Bid,T-001,28,1000
577,1,Bid,T-023,29,15
577,1,Bid,T-012,29,40
577,1,Ask,T-029,32,200
578,1,Ask,T-006,32,5
579,1,Bid,T-030,27,80
579,1,ClearAsk,T-029,0,0
580,1,ClearBid,T-029,0,0
580,1,ClearBid,T-005,0,0
580,1,ClearAsk,T-036,0,0
580,1,ClearAsk,T-036,0,0
581,1,Ask,T-006,32,5
581,1,Ask,T-029,32,200
581,1,ClearBid,T-036,0,0
581,1,Bid,T-002,32,4000
583,1,Bid,T-001,28,1000
585,1,ClearBid,T-034,0,0
585,1,ClearAsk,T-034,0,0
586,1,ClearAsk,T-031,0,0
586,1,ClearBid,T-031,0,0
587,1,Bid,T-001,30,1000
588,1,Ask,T-034,40,10
588,1,Ask,T-038,34,3
588,1,ClearBid,T-001,0,0
588,1,Ask,T-034,40,10
589,1,Bid,T-014,28,3000
589,1,Ask,T-034,40,10
590,1,Ask,T-003,34,2
590,1,ClearAsk,T-014,0,0
590,1,Ask,T-034,40,10
590,1,Ask,T-006,32,5
591,1,Ask,T-034,40,10
591,1,Ask,T-006,32,5
591,1,Ask,T-006,32,5
591,1,Bid,T-001,31,1000
593,1,Bid,T-015,32,50
595,1,ClearBid,T-012,0,0
595,1,Bid,T-023,30,15
595,1,ClearAsk,T-012,0,0
595,1,Ask,T-013,33,100
596,1,ClearBid,T-014,0,0
596,1,Bid,T-030,32,80
597,1,Ask,T-033,32,20
597,1,ClearAsk,T-014,0,0
598,1,Ask,T-013,33,100
598,1,Ask,T-013,33,100
598,1,Bid,T-001,32,1000
598,1,Bid,T-022,32.5,15
599,1,Ask,T-003,34,2
599,1,Bid,T-029,30,100
599,1,Ask,T-002,33,276
600,1,Ask,T-031,32,122
602,1,Ask,T-006,32,5
603,1,Bid,T-001,32,1000
603,1,Bid,T-030,32,80
605,1,Ask,T-037,33,10
606,1,Ask,T-025,35,10
606,1,ClearBid,T-024,0,0
606,1,Ask,T-038,33,3
607,1,Bid,T-015,33,50
607,1,Bid,T-030,34,80
607,1,ClearAsk,T-024,0,0
607,1,ClearAsk,T-024,0,0
607,1,Ask,T-027,33,10
607,1,ClearAsk,T-024,0,0
608,1,ClearBid,T-024,0,0
608,1,Ask,T-015,33,50
608,1,Ask,T-006,34,5
609,1,Bid,T-012,30,40
609,1,Ask,T-006,34,5
610,1,Ask,T-006,34,5
610,1,Ask,T-006,34,5
610,1,Bid,T-011,30,10
611,1,Ask,T-003,34,2
611,1,Ask,T-006,34,5
612,1,ClearAsk,T-029,0,0
613,1,ClearBid,T-029,0,0
614,1,Ask,T-015,32,50
614,1,Bid,T-020,29,200
614,1,Ask,T-030,34,80
614,1,ClearBid,T-008,0,0
614,1,Ask,T-005,34,10
615,1,ClearBid,T-008,0,0
616,1,Ask,T-013,33,100
616,1,ClearAsk,T-004,0,0
616,1,Ask,T-024,35,5
616,1,Ask,T-006,34,5
616,1,ClearBid,T-004,0,0
616,1,Ask,T-038,32,3
616,1,Ask,T-006,34,5
617,1,Ask,T-006,34,5
617,1,ClearBid,T-004,0,0
617,1,ClearAsk,T-004,0,0
619,1,Bid,T-001,32.5,1000
620,1,Ask,T-002,33,295
621,1,Bid,T-034,32,50
621,1,Ask,T-006,34,5
622,1,Ask,T-003,34,2
623,1,Ask,T-030,31,80
624,1,Ask,T-003,34,2
624,1,Ask,T-014,32,2800
624,1,Bid,T-031,33,100
624,1,Ask,T-006,34,5
627,1,Ask,T-038,33,5
630,1,Ask,T-006,34,5
631,1,Bid,T-024,31.5,20
631,1,ClearBid,T-012,0,0
632,1,Bid,T-037,31,10
632,1,ClearAsk,T-012,0,0
633,1,ClearAsk,T-014,0,0
633,1,Bid,T-008,33,75
633,1,ClearBid,T-023,0,0
633,1,Bid,T-012,30,40
633,1,Ask,T-001,33.5,1000
633,1,ClearAsk,T-014,0,0
633,1,ClearAsk,T-014,0,0
633,1,Ask,T-022,32.5,15
633,1,ClearAsk,T-023,0,0
634,1,ClearAsk,T-014,0,0
634,1,Ask,T-006,34,5
636,1,Bid,T-031,33,100
637,1,ClearBid,T-020,0,0
637,1,Bid,T-031,33,100
638,1,Bid,T-029,32,100
638,1,ClearBid,T-020,0,0
638,1,ClearBid,T-020,0,0
638,1,Bid,T-031,33,100
639,1,Ask,T-006,34,5
639,1,Bid,T-031,33,100
639,1,Ask,T-006,34,5
640,1,Ask,T-006,34,5
640,1,ClearBid,T-024,0,0
641,1,Bid,T-024,31.8,20
642,1,Bid,T-005,31,25000
643,1,Bid,T-032,33,100
644,1,ClearBid,T-013,0,0
644,1,Bid,T-001,33,1000
644,1,Ask,T-031,35,100
644,1,Bid,T-001,33,1000
644,1,ClearAsk,T-013,0,0
644,1,Bid,T-001,33,1000
644,1,Ask,T-002,35,2020
645,1,Ask,T-031,35,100
645,1,Ask,T-008,34,75
646,1,ClearAsk,T-012,0,0
647,1,ClearBid,T-012,0,0
647,1,Bid,T-034,35,50
647,1,Bid,T-023,30,15
649,1,ClearBid,T-037,0,0
650,1,ClearBid,T-005,0,0
652,1,Bid,T-011,36,10
652,1,Ask,T-003,60,2
653,1,Bid,T-004,34,10
654,1,Bid,T-001,34,1000
655,1,Bid,T-019,34,2000
656,1,ClearBid,T-032,0,0
656,1,Ask,T-023,40,10
657,1,Ask,T-025,50,5
659,1,Bid,T-004,34,10
659,1,Ask,T-013,36,50
659,1,Ask,T-012,35,10
660,1,Ask,T-026,37,20
660,1,Bid,T-004,34,10
660,1,Ask,T-020,36,9
662,1,Ask,T-018,100,5
663,1,ClearAsk,T-012,0,0
663,1,Bid,T-034,35,50
664,1,ClearBid,T-012,0,0
665,1,Bid,T-015,35,50
665,1,Ask,T-005,39,10
665,1,Bid,T-019,37,2000
665,1,Bid,T-002,35,6000
665,1,Ask,T-024,45,5
667,1,Ask,T-034,37,50
668,1,Bid,T-001,34,1000
670,1,Ask,T-013,40,50
670,1,Ask,T-039,41,10
670,1,Ask,T-031,40,73
670,1,Ask,T-027,60,15
671,1,Bid,T-001,35,1000
673,1,ClearBid,T-015,0,0
674,1,Bid,T-015,36,50
674,1,Bid,T-035,34,30
675,1,Bid,T-029,35,100
675,1,Bid,T-011,34,25
675,1,Bid,T-034,37,50
675,1,Bid,T-012,33,40
677,1,Bid,ME,35,20
679,1,Bid,T-023,35,20
679,1,Ask,T-003,39,2
680,1,Bid,ME,35,20
681,1,Ask,T-033,38,20
681,1,ClearBid,T-026,0,0
682,1,Bid,ME,35,20
682,1,ClearAsk,T-026,0,0
682,1,Bid,ME,35,20
683,1,Bid,ME,35,20
683,1,Bid,T-005,36,40
683,1,Bid,T-020,34,10
683,1,Bid,T-011,38,10
684,1,Bid,T-015,38,50
684,1,Bid,T-029,35,100
685,1,ClearBid,T-011,0,0
686,1,Bid,T-034,40,100
686,1,Bid,T-023,36,20
686,1,Bid,T-035,35,30
687,1,Ask,T-011,38,10
687,1,Ask,T-024,42,10
688,1,Ask,T-032,45,70
688,1,ClearBid,T-002,0,0
688,1,Bid,T-026,27,30
689,1,Bid,T-002,40,6000
693,1,ClearBid,T-018,0,0
694,1,ClearAsk,T-018,0,0
694,1,ClearAsk,T-018,0,0
697,1,Bid,T-020,35,20
698,1,ClearBid,T-004,0,0
698,1,ClearAsk,T-004,0,0
699,1,Bid,T-029,37,100
699,1,ClearBid,T-004,0,0
699,1,ClearAsk,T-004,0,0
700,1,Bid,T-034,38,100
703,1,Bid,T-022,40,40
704,1,Ask,T-021,45,10
705,1,Ask,T-005,45,30
707,1,Ask,ME,44.99,20
708,1,Bid,T-035,36,30
709,1,Ask,T-023,48,3
710,1,ClearBid,T-022,0,0
710,1,ClearBid,T-022,0,0
710,1,ClearAsk,T-011,0,0
710,1,ClearBid,T-022,0,0
710,1,ClearAsk,T-013,0,0
710,1,ClearBid,T-022,0,0
710,1,Ask,T-032,49,25
710,1,Ask,T-024,65,1
710,1,ClearBid,T-022,0,0
710,1,ClearBid,T-011,0,0
710,1,ClearBid,T-022,0,0
710,1,ClearBid,T-013,0,0
711,1,Bid,T-030,36,80
711,1,Bid,T-039,41,10
711,1,Bid,T-033,41,1000
713,1,Bid,T-008,41,100
713,1,Bid,T-034,45,100
714,1,Ask,T-013,50,50
715,1,Bid,T-029,41,100
715,1,Bid,T-003,42,10
717,1,Bid,T-030,36,80
717,1,Ask,ME,47.99,20
720,1,Bid,T-001,45,10
720,1,Ask,T-011,47,10
720,1,Bid,T-030,37,80
721,1,Bid,T-012,38,20
722,1,ClearAsk,T-013,0,0
722,1,Ask,T-013,49.9,50
722,1,Ask,T-014,45,290
725,1,Bid,T-035,45,30
725,1,Bid,T-003,48,10
726,1,Bid,T-035,45,30
726,1,Bid,T-035,45,30
726,1,Bid,T-035,45,30
726,1,Bid,T-035,45,30
729,1,Bid,T-030,40,80
729,1,Bid,T-011,40,20
729,1,Ask,T-035,45,30
730,1,ClearAsk,T-029,0,0
730,1,Bid,T-035,45,30
730,1,ClearBid,ME,0,0
730,1,Ask,T-001,48,10
731,1,ClearBid,T-029,0,0
731,1,Ask,T-001,48,10
731,1,Bid,T-031,46,100
732,1,ClearBid,ME,0,0
733,1,ClearBid,T-008,0,0
734,1,Bid,T-034,45,100
734,1,Bid,T-030,40,80
734,1,Bid,T-029,50,20
737,1,Bid,T-024,41,20
738,1,Ask,T-001,47,10
739,1,ClearAsk,T-011,0,0
739,1,Bid,T-034,45,100
739,1,Bid,T-029,50,20
740,1,Bid,T-034,45,100
740,1,ClearBid,T-011,0,0
740,1,Ask,T-001,47,10
742,1,Ask,T-035,50,30
742,1,Ask,T-003,50,5
742,1,Bid,T-030,44,80
743,1,Bid,T-033,47,1000
744,1,Bid,T-037,47,5
745,1,Bid,T-002,48,4000
745,1,Ask,T-005,48,10
745,1,ClearBid,T-039,0,0
745,1,Ask,T-026,52,6
746,1,Ask,T-032,49,48
748,1,Bid,T-030,44,80
748,1,Ask,T-029,49,40
749,1,Bid,T-001,46,100
750,1,Bid,T-023,45,15
751,1,Bid,T-020,47,5
751,1,Ask,T-035,55,30
751,1,Ask,T-035,55,30
751,1,Ask,T-035,55,30
751,1,Ask,T-035,55,30
752,1,Bid,T-007,48.1,10
752,1,Bid,T-030,48,80
752,1,ClearBid,T-002,0,0
753,1,Bid,T-033,50,1000
754,1,ClearAsk,T-032,0,0
754,1,Bid,T-034,50,100
755,1,ClearBid,T-032,0,0
755,1,Bid,T-002,50,4000
755,1,ClearBid,T-032,0,0
755,1,ClearBid,T-032,0,0
755,1,Bid,T-019,47,1000
756,1,Bid,T-023,47,10
756,1,ClearBid,ME,0,0
756,1,ClearBid,T-037,0,0
756,1,Bid,T-008,49.5,100
757,1,ClearBid,ME,0,0
757,1,ClearBid,T-015,0,0
757,1,ClearBid,ME,0,0
757,1,ClearBid,ME,0,0
757,1,ClearBid,ME,0,0
757,1,ClearBid,ME,0,0
759,1,ClearBid,ME,0,0
759,1,Bid,T-030,48,80
759,1,ClearAsk,T-007,0,0
759,1,ClearAsk,T-007,0,0
760,1,ClearBid,T-007,0,0
761,1,Bid,T-020,50,1
761,1,Bid,T-037,51,5
763,1,Ask,T-003,80,5
763,1,Bid,T-012,51,25
765,1,Ask,T-031,53,30
765,1,Ask,T-002,60,115
765,1,Bid,T-029,51,30
766,1,Ask,T-037,54,5
766,1,Ask,T-001,60,100
767,1,Bid,T-030,48,10
768,1,Bid,T-033,54,200
769,1,Bid,T-035,51,300
769,1,Bid,T-007,51.2,10
770,1,Ask,T-014,51,100
771,1,Ask,T-034,90,100
772,1,ClearBid,T-007,0,0
772,1,Ask,T-034,90,100
772,1,ClearBid,T-007,0,0
774,1,ClearBid,T-007,0,0
775,1,Bid,T-030,54,10
775,1,Bid,T-002,55,10
775,1,Bid,T-029,55,30
776,1,Bid,ME,52,200
777,1,Ask,T-033,58,200
779,1,Bid,T-022,55.5,15
781,1,Bid,T-007,55.2,10
784,1,Bid,T-011,57,5
784,1,Ask,T-012,58,5
784,1,Bid,T-010,56.01,100
784,1,ClearAsk,T-007,0,0
784,1,ClearBid,T-022,0,0
784,1,ClearAsk,T-007,0,0
784,1,ClearAsk,T-022,0,0
785,1,Bid,T-035,55,300
785,1,ClearBid,T-029,0,0
785,1,ClearAsk,T-029,0,0
786,1,Bid,T-039,57,10
787,1,Bid,T-029,58,30
787,1,Bid,T-010,57.01,100
787,1,Ask,T-034,70,100
788,1,ClearBid,T-004,0,0
788,1,Bid,T-031,60,300
788,1,Bid,T-036,57,10
789,1,ClearAsk,T-004,0,0
789,1,Bid,T-008,59,100
789,1,Bid,T-030,60,10
793,1,ClearBid,T-011,0,0
794,1,Bid,T-021,60,50
794,1,ClearBid,T-036,0,0
795,1,Ask,T-031,65,100
796,1,Bid,T-029,60,30
797,1,Bid,T-035,62,300
798,1,Bid,T-036,60,10
798,1,Ask,T-001,71,10
799,1,ClearBid,T-008,0,0
799,1,Ask,T-031,66,100
799,1,Bid,T-002,90,300
800,1,Ask,T-014,60,80
800,1,Bid,T-024,60,20
801,1,Bid,T-002,90,300
802,1,Ask,T-003,80,5
802,1,Ask,T-031,67,100
803,1,Ask,T-003,80,5
803,1,Ask,T-032,85,105
804,1,ClearBid,T-024,0,0
804,1,Bid,T-035,62,300
804,1,Bid,T-035,62,300
804,1,Bid,T-035,62,300
805,1,ClearAsk,T-024,0,0
806,1,Bid,T-036,65,10
808,1,Bid,T-012,63,25
809,1,Bid,T-036,65,10
809,1,Ask,T-002,100,605
809,1,Ask,T-021,100,50
810,1,Bid,T-022,60,15
811,1,Bid,T-001,62,100
811,1,Ask,T-018,120,2
811,1,ClearBid,T-024,0,0
812,1,Bid,T-022,60,15
812,1,ClearAsk,T-024,0,0
812,1,Ask,T-013,100,50
812,1,ClearBid,T-027,0,0
813,1,ClearBid,T-039,0,0
813,1,Ask,T-013,100,50
813,1,Ask,T-013,100,50
813,1,ClearAsk,T-027,0,0
815,1,Ask,T-036,90,10
816,1,Bid,T-030,65,100
816,1,Ask,T-003,200,3
816,1,ClearAsk,T-024,0,0
816,1,Ask,T-013,99,50
817,1,ClearBid,T-024,0,0
817,1,Bid,T-001,62,100
817,1,Bid,T-035,70,300
817,1,Bid,T-035,70,300
817,1,Bid,T-025,20,30
819,1,ClearAsk,T-011,0,0
819,1,ClearBid,T-011,0,0
819,1,Ask,T-003,200,3
822,1,Bid,T-001,73,100
822,1,Bid,T-034,90,100
822,1,Bid,T-007,70.1,10
824,1,Bid,T-034,90,100
824,1,ClearAsk,T-007,0,0
824,1,ClearBid,T-007,0,0
825,1,Ask,T-003,200,3
825,1,Ask,T-027,90,15
827,1,Bid,T-035,70,300
827,1,Bid,T-001,90,100
829,1,Ask,T-021,98,50
830,1,Ask,T-003,150,3
831,1,Ask,T-039,98,10
831,1,ClearBid,T-022,0,0
832,1,Ask,T-013,99,50
832,1,Ask,T-013,99,50
833,1,ClearAsk,T-003,0,0
833,1,Ask,T-013,99,50
834,1,Ask,T-012,75,25
834,1,Ask,T-003,150,3
835,1,Bid,T-007,90.2,30
836,1,Bid,T-002,98,100
836,1,Bid,T-019,98,10
837,1,Ask,T-037,85,5
837,1,Bid,T-001,90,100
837,1,Bid,T-001,90,100
838,1,Bid,T-001,90,100
838,1,Ask,T-013,98.9,50
839,1,Ask,T-013,98.9,50
839,1,ClearAsk,T-007,0,0
839,1,ClearBid,T-001,0,0
839,1,ClearBid,T-022,0,0
840,1,ClearAsk,T-001,0,0
840,1,ClearBid,T-007,0,0
840,1,Bid,T-030,100,100
840,1,Bid,T-001,90,100
841,1,Bid,T-001,90,100
841,1,ClearAsk,T-007,0,0
841,1,Bid,T-019,100,10
843,1,Bid,T-020,120,2
843,1,ClearAsk,T-018,0,0
843,1,Ask,T-024,110,1
843,1,Ask,T-032,99.99,260
844,1,ClearBid,T-018,0,0
845,1,Bid,T-019,100,10
848,1,Bid,T-020,120,2
848,1,Bid,T-020,120,2
848,1,Ask,T-034,120,120
848,1,Bid,T-020,120,2
849,1,Ask,T-035,95,80
850,1,Bid,T-002,100,1000
853,1,Bid,T-001,97,100
853,1,Bid,T-021,99,100
855,1,Bid,T-012,100,40
857,1,Bid,T-022,105,15
857,1,Bid,T-001,99,100
858,1,Ask,T-030,110,15
859,1,Ask,T-014,100,50
859,1,ClearAsk,T-013,0,0
860,1,Ask,T-002,120,467
860,1,ClearBid,T-013,0,0
861,1,Bid,T-031,101,500
861,1,Bid,T-035,100,80
862,1,ClearBid,T-012,0,0
862,1,ClearAsk,T-012,0,0
863,1,Ask,T-020,150,8
863,1,Bid,T-001,99,200
863,1,Bid,T-012,100,40
864,1,Ask,T-036,109,1
865,1,Ask,T-022,109,15
868,1,Ask,T-030,110,15
869,1,Bid,T-005,105,100
870,1,Bid,T-010,100,9
870,1,Ask,T-037,110,5
870,1,Bid,T-001,105,200
873,1,Bid,T-001,106,200
874,1,Bid,T-002,110,50
878,1,Bid,T-022,114,15
878,1,ClearBid,T-029,0,0
879,1,ClearAsk,T-029,0,0
879,1,Bid,T-035,112,80
879,1,Bid,T-001,106,200
880,1,Bid,T-031,120,500
881,1,Bid,T-012,112,40
882,1,Bid,T-019,120,500
883,1,Bid,T-001,115,200
884,1,Ask,T-040,200,10
885,1,Ask,T-031,121,100
887,1,Bid,T-001,121,200
888,1,Ask,T-031,122,100
888,1,ClearAsk,T-021,0,0
889,1,ClearBid,T-022,0,0
889,1,Bid,T-001,121,200
889,1,ClearBid,T-021,0,0
890,1,Ask,T-031,123,100
890,1,ClearAsk,T-021,0,0
891,1,ClearBid,T-005,0,0
891,1,Ask,T-002,130,71
896,1,Ask,T-031,128,100
896,1,Ask,T-018,190,2
896,1,ClearAsk,T-003,0,0
898,1,Ask,T-001,139,100
899,1,Bid,T-029,125,100
900,1,ClearBid,T-003,0,0
900,1,Ask,T-014,121,71
900,1,ClearAsk,T-003,0,0
900,1,ClearBid,T-003,0,0
901,1,ClearAsk,T-003,0,0
901,1,Ask,T-032,149,200
901,1,ClearBid,T-003,0,0
904,1,ClearBid,T-010,0,0
904,1,Ask,T-034,180,20
904,1,Bid,T-022,127,15
905,1,ClearAsk,T-003,0,0
906,1,Bid,T-002,150,100
907,1,Bid,T-002,150,100
908,1,Bid,T-002,150,100
909,1,Ask,T-031,140,100
909,1,Bid,T-002,150,100
910,1,Bid,T-027,50,20
910,1,Bid,T-002,150,100
911,1,ClearAsk,T-003,0,0
911,1,Bid,T-010,130,5
912,1,ClearBid,T-032,0,0
912,1,ClearAsk,T-032,0,0
912,1,Bid,T-013,125,2000
914,1,ClearAsk,T-003,0,0
914,1,ClearBid,T-022,0,0
914,1,ClearAsk,T-022,0,0
915,1,ClearBid,T-010,0,0
915,1,Bid,T-018,120,10
915,1,Bid,T-001,148,300
915,1,ClearAsk,T-010,0,0
915,1,Ask,T-005,300,50
916,1,Ask,T-033,175,20
916,1,ClearBid,T-010,0,0
918,1,Ask,T-002,200,408
919,1,Bid,T-021,150,100
919,1,ClearAsk,T-003,0,0
922,1,Bid,T-010,200,2
923,1,ClearBid,T-003,0,0
923,1,Bid,T-006,150,5
923,1,ClearAsk,T-003,0,0
924,1,Bid,T-002,199,300
924,1,ClearBid,T-003,0,0
926,1,Ask,T-003,900,3
929,1,ClearBid,T-002,0,0
929,1,Bid,T-006,150,5
930,1,ClearAsk,T-013,0,0
930,1,ClearBid,T-013,0,0
931,1,Bid,T-035,250,80
934,1,Ask,T-001,130,300
935,1,Ask,T-026,299,5
936,1,Bid,T-039,149,10
937,1,Bid,T-012,130,25
938,1,Bid,T-002,300,100
939,1,Ask,T-014,199,118
941,1,Ask,T-035,450,80
944,1,Bid,T-030,130,10
945,1,Bid,T-037,120,5
946,1,Ask,T-032,500,156
946,1,ClearBid,T-036,0,0
947,1,Bid,T-022,300,15
947,1,ClearAsk,T-036,0,0
948,1,Ask,T-005,700,50
948,1,Ask,T-010,350,2
949,1,Bid,T-029,150,100
949,1,Bid,T-002,500,100
951,1,Bid,T-007,80,500
951,1,Bid,T-002,500,100
951,1,ClearBid,T-029,0,0
951,1,Bid,T-034,180,100
951,1,ClearAsk,T-029,0,0
951,1,Bid,T-002,500,100
953,1,ClearBid,T-027,0,0
957,1,Bid,T-030,600,10
959,1,ClearAsk,T-022,0,0
960,1,ClearBid,T-022,0,0
961,1,Ask,T-028,2000,3
961,1,Ask,T-021,600,100
964,1,Bid,T-002,700,100
965,1,Bid,T-035,100,80
965,1,Bid,T-035,100,80
965,1,Bid,T-035,100,80
965,1,Bid,T-035,100,80
965,1,Bid,T-035,100,80
965,1,Bid,T-035,100,80
966,1,ClearBid,T-002,0,0
966,1,Bid,T-035,100,80
966,1,Bid,T-035,100,80
966,1,Bid,T-035,100,80
966,1,Bid,T-004,135,20
966,1,Bid,T-035,100,80
966,1,Bid,T-035,100,80
966,1,Bid,T-035,100,80
966,1,Bid,T-035,100,80
967,1,Bid,T-035,100,80
967,1,Bid,T-035,100,80
967,1,Bid,T-035,100,80
967,1,Bid,T-035,100,80
967,1,Bid,T-035,100,80
967,1,Bid,T-035,100,80
967,1,Bid,T-008,510,100
967,1,Bid,T-035,100,80
969,1,Bid,T-035,100,80
969,1,Bid,T-035,100,80
969,1,Bid,T-035,100,80
969,1,Bid,T-035,100,80
969,1,Bid,T-035,100,80
969,1,Bid,T-035,100,80
970,1,Bid,T-035,100,80
971,1,Bid,T-035,100,80
971,1,Bid,T-035,100,80
971,1,Bid,T-035,100,80
971,1,Bid,T-035,100,80
971,1,Bid,T-035,100,80
972,1,Bid,T-035,100,80
972,1,Bid,T-035,100,80
972,1,Bid,T-035,100,80
972,1,Bid,T-035,100,80
974,1,Bid,T-035,100,80
974,1,Bid,T-035,100,80
975,1,ClearBid,T-008,0,0
975,1,Ask,T-030,500,10
976,1,Bid,T-030,500,10
977,1,Bid,T-030,500,10
977,1,ClearAsk,T-007,0,0
977,1,Bid,T-011,110,10
977,1,ClearAsk,T-007,0,0
979,1,ClearBid,T-035,0,0
979,1,Ask,T-032,1600,60
979,1,Ask,T-040,10000,100
979,1,ClearAsk,T-035,0,0
982,1,Ask,T-015,1000,20
982,1,ClearBid,T-004,0,0
982,1,Bid,T-030,500,10
983,1,Ask,T-002,1500,300
986,1,Bid,T-001,3000,50
986,1,Ask,T-001,3000,50
987,1,Ask,T-001,3000,50
988,1,Ask,T-024,5000,3
989,1,Ask,T-029,700,71
991,1,Bid,T-036,550,2
995,1,Ask,T-034,1400,20
998,1,Bid,T-007,550.1,5
1001,1,Bid,T-030,40,10
1002,1,Bid,T-022,700,10
1005,1,Bid,T-030,40,10
1005,1,Bid,T-035,100,80
1006,1,Bid,T-030,40,10
1007,1,Bid,T-035,100,80
1007,1,Bid,T-035,100,80
1009,1,Bid,T-030,100,10
1009,1,ClearBid,T-007,0,0
1010,1,ClearAsk,T-007,0,0
1010,1,ClearAsk,T-007,0,0
1013,1,ClearAsk,T-007,0,0
1013,1,ClearAsk,T-007,0,0
1016,1,Ask,T-021,2000,300
1017,1,Bid,T-030,400,10
1018,1,Ask,T-032,1595,100
1018,1,Ask,T-005,2900,38
1019,1,ClearBid,T-007,0,0
1019,1,Bid,T-024,750,2
1020,1,Bid,T-036,750,2
1020,1,Bid,T-002,5000,10000
1021,1,ClearBid,T-022,0,0
1021,1,Ask,T-005,9999.99,38
1021,1,Ask,T-040,1000,1
1022,1,Bid,T-025,400,10
1022,1,ClearAsk,T-007,0,0
1022,1,ClearBid,T-002,0,0
1023,1,ClearBid,T-007,0,0
1032,1,Bid,T-015,900,50
1033,1,ClearBid,T-021,0,0
1033,1,ClearAsk,T-021,0,0
1034,1,Ask,T-002,9999,567
1034,1,Bid,T-022,2000,10
1034,1,ClearAsk,T-007,0,0
1034,1,Bid,T-030,550,1
1034,1,ClearBid,T-007,0,0
1035,1,Bid,T-024,1000,2
1038,1,Bid,T-030,550,1
1042,1,Bid,T-003,100,30
1044,1,Bid,T-024,1000,10
1046,1,Ask,T-040,5000,10
1051,1,Bid,T-003,1,300
1051,1,ClearBid,T-015,0,0
1052,1,Bid,T-001,2300,100
1052,1,Ask,T-005,9998,35
1052,1,Bid,T-030,550,2
1052,1,Bid,T-024,2000,10
1054,1,Bid,T-003,10,300
1055,1,Ask,T-040,9000,10
1055,1,Bid,T-029,2000,10
1058,1,Bid,T-024,2500,10
1060,1,Ask,T-021,8000,13
1062,1,Bid,T-001,2700,100
1063,1,Bid,T-008,2600,1000
1064,1,ClearBid,T-008,0,0
1065,1,Bid,T-008,2600,1000
1065,1,Bid,T-002,8000,500
1065,1,ClearBid,T-024,0,0
1065,1,Bid,T-019,9999,567
1066,1,ClearBid,T-002,0,0
1067,1,Bid,T-014,2500,150
1067,1,Ask,T-032,9997,14
1069,1,Ask,T-005,9000,36
1071,1,Bid,T-024,3000,10
1071,1,Ask,ME,8000,20
1074,1,Bid,T-030,2500,2
1074,1,ClearBid,T-008,0,0
1077,1,Bid,T-002,10000,500
1077,1,Bid,T-008,2650,1000
1080,1,ClearBid,T-008,0,0
1081,1,Bid,T-002,10000,500
1083,1,ClearBid,T-014,0,0
1083,1,ClearBid,T-008,0,0
1083,1,Ask,T-021,9000,13
1083,1,Bid,T-001,8000,100
1085,1,Bid,T-030,2500,1
1085,1,Bid,T-019,9999,35
1085,1,ClearBid,T-002,0,0
1086,1,Bid,T-035,3200,100
1087,1,Bid,T-030,2500,1
1087,1,Bid,T-030,2500,1
1087,1,Bid,T-030,2500,1
1087,1,ClearBid,T-024,0,0
1087,1,Ask,T-040,10000,1
1088,1,Bid,T-030,2500,1
1088,1,Bid,T-030,2500,1
1088,1,ClearAsk,T-024,0,0
1088,1,ClearAsk,T-024,0,0
1088,1,ClearAsk,T-024,0,0
1089,1,Bid,T-002,10000,500
1090,1,ClearBid,T-002,0,0
1090,1,Bid,T-020,2000,10
1094,1,ClearBid,T-014,0,0
1094,1,Bid,T-005,9000,38
1094,1,ClearBid,T-014,0,0
1096,1,ClearAsk,T-014,0,0
1097,1,ClearAsk,T-014,0,0
1100,1,Ask,T-040,20000,1
1104,1,Bid,T-035,3200,100
1106,1,Bid,T-019,9001,600
1106,1,Bid,T-029,9001,10
1107,1,ClearBid,T-005,0,0
1107,1,Bid,ME,4000,100
1108,1,ClearBid,T-036,0,0
1108,1,ClearAsk,T-036,0,0
1109,1,Ask,T-002,25000,209
1111,1,Bid,T-030,3000,2
1112,1,Bid,T-005,9100,100
1113,1,Ask,T-009,20000,10
1117,1,Bid,T-026,30,200
1118,1,Bid,T-014,9200,100
1118,1,Bid,T-029,9100,10
1121,1,Bid,T-019,9300,600
1122,1,Bid,T-035,10000,100
1127,1,Ask,T-040,25000,1
1128,1,Bid,T-001,25000,1
1129,1,Ask,T-021,23000,8
1131,1,Ask,T-040,25000,1
1132,1,Ask,T-040,25000,1
1132,1,Bid,T-015,12000,2
1133,1,Bid,T-037,11000,1
1134,1,Ask,T-001,25000,1
1134,1,Ask,T-001,25000,1
1134,1,Bid,T-025,8000,10
1134,1,Ask,T-040,25000,1
1135,1,Bid,T-029,12000,10
1136,1,Bid,T-022,15000,10
1138,1,ClearBid,T-037,0,0
1140,1,ClearBid,T-005,0,0
1140,1,ClearAsk,T-005,0,0
1141,1,Ask,T-009,24000,10
1141,1,Bid,T-029,20000,10
1143,1,Ask,T-040,22000,1
1146,1,ClearBid,T-035,0,0
1146,1,Bid,T-002,24000,209
1146,1,ClearAsk,T-035,0,0
1146,1,Bid,T-022,20000,10
1147,1,Bid,T-030,7000,2
1147,1,Bid,T-019,20000,200
1150,1,ClearAsk,T-014,0,0
1150,1,ClearBid,T-014,0,0
1151,1,Bid,T-035,10000,1
1152,1,Bid,T-008,22000,1000
1154,1,Ask,T-040,22000,1
1155,1,Bid,T-019,21000,200
1156,1,ClearBid,T-008,0,0
1157,1,Bid,T-008,22000,100
1159,1,Ask,T-021,24000,1
1160,1,Ask,T-040,24999,1
1161,1,Ask,T-040,24999,1
1161,1,ClearBid,T-020,0,0
1161,1,Ask,T-040,24999,1
1162,1,Bid,T-029,24001,5
1162,1,Ask,T-040,24999,1
1162,1,Ask,T-040,24999,1
1162,1,Bid,T-019,24000,200
1162,1,Ask,T-040,24999,1
1163,1,Bid,T-030,24000,2
1163,1,Ask,T-001,24999,1
1163,1,Bid,T-002,24000,209
1163,1,Ask,T-001,24999,1
1164,1,Bid,T-019,24000,200
1166,1,ClearBid,T-008,0,0
1166,1,Bid,T-025,24000,10
1166,1,Bid,T-002,24999,209
1168,1,ClearBid,T-002,0,0
1171,1,Bid,T-030,24000,2
1171,1,Bid,T-019,25000,200
1172,1,ClearAsk,T-014,0,0
1173,1,Bid,T-029,25000,5
1173,1,ClearBid,T-014,0,0
1174,1,Bid,T-005,25000,38
1177,1,Bid,T-020,20000,200
1180,1,ClearBid,T-022,0,0
1180,1,ClearAsk,T-022,0,0
1182,1,Bid,T-030,24888,2
1187,1,ClearBid,T-029,0,0
1187,1,ClearAsk,T-029,0,0
1189,1,Ask,T-009,25000,10
1191,1,Ask,T-029,2700,4
1193,1,Ask,T-002,25000,28
1196,1,Bid,T-019,25000,400
1202,1,Ask,T-040,25000,1
1203,1,ClearBid,T-020,0,0
1204,1,ClearBid,T-020,0,0
1204,1,ClearBid,T-020,0,0
1204,1,Ask,T-040,25000,1
1205,1,Bid,T-008,24900,100
1205,1,Ask,T-040,25000,1
1208,1,Ask,T-007,25000,-1
1208,1,Bid,T-001,24999,2
1209,1,ClearAsk,T-020,0,0
1209,1,ClearAsk,T-020,0,0
1210,1,Ask,T-040,25000,1
1210,1,ClearBid,T-020,0,0
1210,1,ClearBid,T-020,0,0
1210,1,ClearAsk,T-007,0,0
1210,1,ClearAsk,T-007,0,0
1210,1,Bid,T-019,25000,400
1210,1,Ask,T-040,25000,1
1211,1,Ask,T-040,25000,1
1211,1,Ask,T-040,25000,1
1211,1,Ask,T-040,25000,1
1212,1,Ask,T-040,25000,1
1212,1,Ask,T-040,25000,1
1212,1,Ask,T-040,25000,1
1212,1,Ask,T-040,25000,1
1212,1,Ask,T-040,25000,1
1213,1,ClearAsk,T-029,0,0
1214,1,ClearBid,T-029,0,0
1214,1,ClearBid,T-007,0,0
1214,1,Ask,T-040,25000,1
1214,1,Ask,T-040,25000,1
1214,1,Ask,T-040,25000,1
1215,1,Ask,T-040,25000,1
1215,1,Ask,T-040,25000,1
1215,1,Ask,T-040,25000,1
1216,1,Bid,T-004,50,10
1216,1,Ask,T-040,25000,1
1217,1,Ask,T-040,25000,1
1218,1,Ask,T-040,25000,1
1218,1,ClearBid,T-008,0,0
1219,1,Ask,T-040,25000,1
1219,1,Ask,T-040,25000,1
1219,1,Ask,T-040,25000,1
1220,1,Ask,T-040,25000,1
1222,1,ClearBid,T-029,0,0
1222,1,ClearAsk,T-029,0,0
1222,1,Bid,T-033,5000,100
1223,1,Ask,T-040,25000,1
1224,1,Ask,T-040,25000,1
1224,1,Bid,T-019,25000,400
1224,1,Ask,T-009,25000,10
1224,1,Ask,T-040,25000,1
1225,1,Ask,T-040,25000,1
1225,1,Ask,T-040,25000,1
1225,1,Ask,T-040,25000,1
1225,1,Bid,T-001,25000,100
1226,1,Ask,T-040,25000,1
1227,1,Ask,T-040,25000,1
1227,1,Ask,T-040,25000,1
1228,1,Ask,T-040,25000,1
1228,1,Ask,T-040,25000,1
1228,1,Ask,T-040,25000,1
1228,1,Ask,T-040,25000,1
1228,1,Ask,T-040,25000,1
1229,1,Ask,T-040,25000,1
1229,1,Ask,T-040,25000,1
1229,1,Ask,T-040,25000,1
1229,1,Ask,T-040,25000,1
1229,1,Ask,T-040,25000,1
1230,1,Ask,T-040,25000,1
1230,1,Ask,T-040,25000,1
1230,1,Ask,T-040,25000,1
1230,1,Ask,T-040,25000,1
1233,1,Bid,T-030,25000,3
1234,1,Bid,T-019,25000,311
1236,1,Ask,T-040,25000,1
1236,1,Ask,T-007,25000,-1
1236,1,Ask,T-040,25000,1
1237,1,Ask,T-040,25000,1
1237,1,Ask,T-040,25000,1
1237,1,Ask,T-040,25000,1
1238,1,Ask,T-040,25000,1
1238,1,Bid,T-007,25000,-1
1238,1,Ask,T-040,25000,1
1238,1,Ask,T-040,25000,1
1238,1,ClearBid,T-033,0,0
1238,1,Ask,T-040,25000,1
1238,1,Ask,T-040,25000,1
1238,1,Ask,T-040,25000,1
1239,1,Ask,T-040,25000,1
1239,1,Ask,T-040,25000,1
1239,1,ClearBid,T-033,0,0
1239,1,Ask,T-040,25000,1
1239,1,ClearBid,T-033,0,0
1239,1,Ask,T-040,25000,1
1239,1,Ask,T-040,25000,1
1240,1,Ask,T-040,25000,1
1240,1,ClearAsk,T-033,0,0
1240,1,Ask,T-040,25000,1
1240,1,Ask,T-040,25000,1
1240,1,Ask,T-040,25000,1
1240,1,Ask,T-040,25000,1
1240,1,Ask,T-040,25000,1
1240,1,Ask,T-040,25000,1
1241,1,Ask,T-040,25000,1
1241,1,ClearBid,T-007,0,0
1241,1,ClearBid,T-004,0,0
1241,1,Ask,T-040,25000,1
1241,1,Ask,T-040,25000,1
1241,1,ClearAsk,T-007,0,0
1241,1,Ask,T-040,25000,1
1241,1,Ask,T-040,25000,1
1241,1,Ask,T-040,25000,1
1242,1,Ask,T-040,25000,1
1242,1,Ask,T-040,25000,1
1242,1,ClearAsk,T-004,0,0
1242,1,Ask,T-040,25000,1
1242,1,Ask,T-040,25000,1
1242,1,Ask,T-040,25000,1
1242,1,Ask,T-040,25000,1
1243,1,Ask,T-040,25000,1
1243,1,Ask,T-040,25000,1
1243,1,Ask,T-040,25000,1
1243,1,Ask,T-040,25000,1
1243,1,Ask,T-040,25000,1
1243,1,Ask,T-040,25000,1
1243,1,Ask,T-040,25000,1
1244,1,Ask,T-040,25000,1
1244,1,Bid,T-015,25000,1000
1244,1,Ask,T-040,25000,1
1244,1,Ask,T-040,25000,1
1244,1,Ask,T-040,25000,1
1244,1,Ask,T-040,25000,1
1244,1,Ask,T-040,25000,1
1245,1,Ask,T-040,25000,1
1245,1,Ask,T-040,25000,1
1245,1,Ask,T-040,25000,1
1245,1,Ask,T-040,25000,1
1245,1,Ask,T-040,25000,1
1245,1,Ask,T-040,25000,1
1246,1,Ask,T-040,25000,1
1246,1,Ask,T-040,25000,1
1246,1,Ask,T-040,25000,1
1246,1,Ask,T-040,25000,1
1246,1,Ask,T-040,25000,1
1246,1,Ask,T-040,25000,1
1246,1,Ask,T-040,25000,1
1247,1,Ask,T-040,25000,1
1247,1,Ask,T-040,25000,1
1247,1,Ask,T-040,25000,1
1247,1,Ask,T-007,25000,-100
1247,1,Ask,T-040,25000,1
1247,1,ClearBid,T-012,0,0
1247,1,Ask,T-040,25000,1
1247,1,Ask,T-040,25000,1
1247,1,Ask,T-040,25000,1
1248,1,Ask,T-040,25000,1
1248,1,Ask,T-040,25000,1
1248,1,Ask,T-040,25000,1
1248,1,ClearAsk,T-012,0,0
1248,1,Ask,T-040,25000,1
1248,1,Ask,T-040,25000,1
1248,1,Ask,T-040,25000,1
1248,1,Ask,T-040,25000,1
1249,1,Ask,T-040,25000,1
1249,1,ClearBid,T-001,0,0
1249,1,Ask,T-040,25000,1
1249,1,Ask,T-040,25000,1
1249,1,ClearAsk,T-001,0,0
1249,1,Ask,T-040,25000,1
1249,1,Ask,T-040,25000,1
1249,1,Ask,T-040,25000,1
1250,1,Ask,T-040,25000,1
1250,1,Ask,T-040,25000,1
1250,1,Ask,T-040,25000,1
1250,1,Ask,T-040,25000,1
1250,1,Ask,T-040,25000,1
1250,1,Ask,T-040,25000,1
1250,1,Ask,T-040,25000,1
1251,1,Ask,T-040,25000,1
1251,1,Ask,T-040,25000,1
1251,1,Ask,T-040,25000,1
1251,1,Ask,T-040,25000,1
1251,1,Ask,T-040,25000,1
1251,1,Ask,T-040,25000,1
1252,1,Ask,T-040,25000,1
1252,1,Ask,T-040,25000,1
1252,1,Ask,T-040,25000,1
1252,1,Ask,T-040,25000,1
1252,1,Ask,T-040,25000,1
1252,1,Ask,T-040,25000,1
1252,1,Ask,T-040,25000,1
1253,1,Ask,T-040,25000,1
1253,1,ClearAsk,T-001,0,0
1253,1,Ask,T-040,25000,1
1253,1,Ask,T-040,25000,1
1253,1,Ask,T-040,25000,1
1253,1,Ask,T-040,25000,1
1253,1,ClearBid,T-001,0,0
1253,1,Ask,T-040,25000,1
1253,1,Ask,T-040,25000,1
1254,1,Bid,T-005,20000,300
1254,1,Ask,T-040,25000,1
1254,1,Ask,T-040,25000,1
1254,1,Ask,T-040,25000,1
1254,1,Ask,T-040,25000,1
1254,1,Ask,T-040,25000,1
1254,1,Ask,T-040,25000,1
1254,1,Ask,T-040,25000,1
1255,1,Ask,T-040,25000,1
1255,1,Ask,T-040,25000,1
1255,1,Ask,T-029,25000,1
1255,1,Ask,T-040,25000,1
1255,1,Ask,T-040,25000,1
1255,1,Ask,T-040,25000,1
1255,1,Ask,T-040,25000,1
1256,1,Ask,T-040,25000,1
1256,1,Ask,T-040,25000,1
1256,1,Ask,T-040,25000,1
1256,1,Ask,T-040,25000,1
1256,1,Ask,T-040,25000,1
1256,1,Ask,T-040,25000,1
1257,1,Ask,T-040,25000,1
1257,1,ClearAsk,T-001,0,0
1257,1,Ask,T-040,25000,1
1257,1,Ask,T-040,25000,1
1257,1,Ask,T-040,25000,1
1257,1,Ask,T-040,25000,1
1258,1,Ask,T-040,25000,1
1258,1,Ask,T-040,25000,1
1258,1,ClearBid,T-026,0,0
1258,1,Ask,T-040,25000,1
1258,1,Ask,T-040,25000,1
1258,1,Ask,T-040,25000,1
1258,1,Ask,T-040,25000,1
1259,1,Ask,T-040,25000,1
1259,1,Ask,T-040,25000,1
1259,1,Ask,T-040,25000,1
1259,1,Ask,T-040,25000,1
1259,1,Ask,T-040,25000,1
1259,1,Ask,T-040,25000,1
1260,1,Ask,T-040,25000,1
1260,1,Bid,T-001,25000,2
1260,1,Ask,T-040,25000,1
1260,1,Ask,T-040,25000,1
1260,1,Ask,T-040,25000,1
1260,1,Ask,T-040,25000,1
1260,1,Ask,T-040,25000,1
1261,1,Ask,T-040,25000,1
1261,1,Ask,T-040,25000,1
1261,1,Ask,T-040,25000,1
1261,1,Ask,T-040,25000,1
1261,1,Ask,T-040,25000,1
1261,1,Ask,T-040,25000,1
1262,1,Ask,T-040,25000,1
1262,1,Ask,T-040,25000,1
1262,1,Ask,T-040,25000,1
1262,1,Ask,T-040,25000,1
1262,1,Ask,T-040,25000,1
1262,1,Ask,T-040,25000,1
1263,1,Ask,T-040,25000,1
1263,1,Ask,T-040,25000,1
1263,1,Ask,T-040,25000,1
1263,1,Ask,T-040,25000,1
1264,1,Ask,T-040,25000,1
1264,1,Ask,T-040,25000,1
1264,1,Ask,T-040,25000,1
1264,1,Ask,T-040,25000,1
1265,1,Ask,T-040,25000,1
1265,1,Ask,T-040,25000,1
1265,1,Ask,T-040,25000,1
1267,1,Ask,T-040,25000,1
1267,1,Ask,T-040,25000,1
1267,1,Ask,T-040,25000,1
1267,1,Ask,T-040,25000,1
1267,1,Ask,T-040,25000,1
1268,1,Ask,T-040,25000,1
1268,1,Ask,T-040,25000,1
1268,1,Bid,T-038,20,6
1268,1,Ask,T-040,25000,1
1268,1,Ask,T-040,25000,1
1268,1,Bid,T-008,25000,100
1268,1,Ask,T-040,25000,1
1268,1,Ask,T-040,25000,1
1269,1,Ask,T-040,25000,1
1269,1,Ask,T-040,25000,1
1269,1,Ask,T-040,25000,1
1269,1,Ask,T-040,25000,1
1269,1,Ask,T-040,25000,1
1269,1,Ask,T-040,25000,1
1270,1,Ask,T-040,25000,1
1270,1,Ask,T-040,25000,1
1270,1,Ask,T-040,25000,1
1270,1,Ask,T-040,25000,1
1270,1,Ask,T-040,25000,1
1271,1,Ask,T-040,25000,1
1271,1,Ask,T-040,25000,1
1271,1,Ask,T-040,25000,1
1271,1,Bid,T-001,25000,2
1271,1,Ask,T-040,25000,1
1271,1,Ask,T-040,25000,1
1271,1,Ask,T-040,25000,1
1272,1,Ask,T-040,25000,1
1272,1,Ask,T-040,25000,1
1272,1,Ask,T-040,25000,1
1272,1,Ask,T-040,25000,1
1272,1,Ask,T-040,25000,1
1272,1,Ask,T-040,25000,1
1273,1,Ask,T-040,25000,1
1273,1,Ask,T-040,25000,1
1273,1,Ask,T-040,25000,1
1273,1,Ask,T-040,25000,1
1273,1,Ask,T-040,25000,1
1273,1,Ask,T-040,25000,1
1274,1,Ask,T-040,25000,1
1274,1,Ask,T-040,25000,1
1274,1,Ask,T-040,25000,1
1274,1,Ask,T-040,25000,1
1274,1,Ask,T-040,25000,1
1274,1,Ask,T-040,25000,1
1275,1,Ask,T-040,25000,1
1275,1,Ask,T-040,25000,1
1275,1,Ask,T-040,25000,1
1275,1,Ask,T-040,25000,1
1275,1,Ask,T-040,25000,1
1275,1,Ask,T-040,25000,1
1276,1,Ask,T-040,25000,1
1276,1,Ask,T-040,25000,1
1276,1,Ask,T-040,25000,1
1276,1,Ask,T-040,25000,1
1276,1,Ask,T-040,25000,1
1276,1,Ask,T-040,25000,1
1277,1,Ask,T-040,25000,1
1277,1,Ask,T-040,25000,1
1277,1,Ask,T-040,25000,1
1277,1,Ask,T-040,25000,1
1277,1,Ask,T-040,25000,1
1277,1,Ask,T-007,25000,-100
1278,1,Ask,T-040,25000,1
1278,1,Ask,T-040,25000,1
1278,1,Ask,T-040,25000,1
1278,1,Ask,T-040,25000,1
1278,1,Ask,T-040,25000,1
1278,1,Bid,T-007,25000,-100
1278,1,Ask,T-040,25000,1
1279,1,Ask,T-040,25000,1
1279,1,Ask,T-040,25000,1
1279,1,Ask,T-040,25000,1
1279,1,Ask,T-040,25000,1
1280,1,Bid,T-001,24999,2
1281,1,Ask,T-028,25000,1
1284,1,ClearAsk,T-014,0,0
1287,1,Bid,T-019,25000,63
1287,1,Bid,T-012,150,10
1288,1,ClearAsk,T-014,0,0
1289,1,ClearBid,T-014,0,0
1289,1,Ask,T-007,24999,-100
1290,1,Bid,T-007,24999,-100
1291,1,Bid,T-029,25000,1
1293,1,Bid,T-030,25000,2
1293,1,Ask,T-040,25000,1
1293,1,Bid,T-029,25000,1
1293,1,Ask,T-040,25000,1
1294,1,ClearBid,T-008,0,0
1294,1,Ask,T-040,25000,1
1294,1,Ask,T-040,25000,1
1294,1,Ask,T-040,25000,1
1294,1,Ask,T-040,25000,1
1294,1,Bid,T-029,25000,1
1294,1,Ask,T-040,25000,1
1294,1,Ask,T-040,25000,1
1295,1,Ask,T-040,25000,1
1295,1,Bid,T-029,25000,1
1295,1,Ask,T-040,25000,1
1295,1,Bid,T-029,25000,1
1295,1,Ask,T-040,25000,1
1295,1,Bid,T-029,25000,1
1295,1,Ask,T-040,25000,1
1295,1,Bid,T-029,25000,1
1295,1,Ask,T-040,25000,1
1295,1,Ask,T-040,25000,1
1295,1,Ask,T-040,25000,1
1296,1,Ask,T-040,25000,1
1296,1,Ask,T-040,25000,1
1296,1,Ask,T-040,25000,1
1296,1,Ask,T-040,25000,1
1296,1,Ask,T-040,25000,1
1296,1,Ask,T-040,25000,1
1296,1,Ask,T-040,25000,1
1297,1,Ask,T-040,25000,1
1297,1,Ask,T-040,25000,1
1297,1,Bid,T-029,25000,1
1297,1,Ask,T-040,25000,1
1297,1,Ask,T-040,25000,1
1297,1,Ask,T-040,25000,1
1297,1,Ask,T-040,25000,1
1297,1,Ask,T-040,25000,1
1298,1,Ask,T-040,25000,1
1298,1,Ask,T-040,25000,1
1298,1,Ask,T-040,25000,1
1298,1,Ask,T-040,25000,1
1298,1,Ask,T-040,25000,1
1298,1,Ask,T-040,25000,1
1298,1,Bid,T-029,25000,1
1299,1,Ask,T-040,25000,1
1299,1,Ask,T-040,25000,1
1299,1,Ask,T-040,25000,1
1299,1,Bid,T-004,50,10
1299,1,Bid,T-008,25000,100
1300,1,Ask,T-040,25000,1
1300,1,Bid,T-029,25000,1
1300,1,Ask,T-040,25000,1
1300,1,Ask,T-040,25000,1
1300,1,Ask,T-040,25000,1
1300,1,Ask,T-040,25000,1
1301,1,Bid,T-029,25000,1
1301,1,Ask,T-040,25000,1
1301,1,Bid,T-029,25000,1
1301,1,Bid,T-001,100,2
1302,1,ClearBid,T-004,0,0
1303,1,Bid,T-029,25000,1
1303,1,ClearAsk,T-012,0,0
1303,1,ClearBid,T-012,0,0
1304,1,Bid,T-029,25000,1
1305,1,ClearBid,T-004,0,0
1307,1,ClearBid,T-012,0,0
1307,1,ClearBid,T-012,0,0
1308,1,ClearAsk,T-012,0,0
1308,1,ClearAsk,T-012,0,0
1308,1,Bid,T-019,25000,19
1309,1,Bid,T-029,25000,1
1314,1,ClearBid,T-029,0,0
1314,1,ClearAsk,T-029,0,0
1316,1,Ask,T-040,25000,1
1316,1,Ask,T-040,25000,1
1316,1,Ask,T-040,25000,1
1317,1,Ask,T-040,25000,1
1317,1,Ask,T-040,25000,1
1317,1,Ask,T-040,25000,1
1317,1,Ask,T-040,25000,1
1317,1,Ask,T-040,25000,1
1317,1,Ask,T-040,25000,1
1317,1,Ask,T-040,25000,1
1317,1,Ask,T-040,25000,1
1318,1,Ask,T-040,25000,1
1318,1,Ask,T-040,25000,1
1318,1,Ask,T-040,25000,1
1318,1,Ask,T-040,25000,1
1318,1,Ask,T-040,25000,1
1318,1,Ask,T-040,25000,1
1318,1,Ask,T-040,25000,1
1319,1,Ask,T-040,25000,1
1319,1,Ask,T-040,25000,1
1319,1,Ask,T-040,25000,1
1319,1,Ask,T-040,25000,1
1319,1,Ask,T-040,25000,1
1319,1,Ask,T-040,25000,1
1319,1,Ask,T-040,25000,1
1319,1,Ask,T-040,25000,1
1320,1,Ask,T-040,25000,1
1320,1,Bid,T-029,25000,1
1320,1,Ask,T-040,25000,1
1320,1,Ask,T-040,25000,1
1320,1,Ask,T-040,25000,1
1320,1,Ask,T-040,25000,1
1320,1,Ask,T-040,25000,1
1320,1,Ask,T-040,25000,1
1321,1,Ask,T-040,25000,1
1321,1,Ask,T-040,25000,1
1321,1,Ask,T-040,25000,1
1321,1,Ask,T-040,25000,1
1321,1,Ask,T-040,25000,1
1321,1,Ask,T-040,25000,1
1321,1,Ask,T-040,25000,1
1321,1,Ask,T-040,25000,1
1322,1,Ask,T-040,25000,1
1322,1,Ask,T-040,25000,1
1322,1,Ask,T-040,25000,1
1322,1,Ask,T-040,25000,1
1322,1,Ask,T-040,25000,1
1322,1,Ask,T-040,25000,1
1322,1,Ask,T-040,25000,1
1323,1,Ask,T-040,25000,1
1323,1,Ask,T-040,25000,1
1323,1,Ask,T-040,25000,1
1323,1,Ask,T-040,25000,1
1323,1,Ask,T-040,25000,1
1323,1,Ask,T-040,25000,1
1323,1,Ask,T-040,25000,1
1324,1,Ask,T-040,25000,1
1324,1,Ask,T-040,25000,1
1324,1,Ask,T-040,25000,1
1324,1,Ask,T-040,25000,1
1324,1,Ask,T-040,25000,1
1324,1,Ask,T-040,25000,1
1324,1,Ask,T-040,25000,1
1325,1,Ask,T-040,25000,1
1325,1,Ask,T-040,25000,1
1325,1,Ask,T-040,25000,1
1325,1,Ask,T-040,25000,1
1326,1,Ask,T-040,25000,1
1326,1,Ask,T-040,25000,1
1326,1,Ask,T-040,25000,1
1329,1,Ask,T-040,25000,1
1330,1,Ask,T-040,25000,1
1330,1,Ask,T-040,25000,1
1330,1,Ask,T-040,25000,1
1330,1,Ask,T-040,25000,1
1330,1,Ask,T-040,25000,1
1330,1,Ask,T-040,25000,1
1330,1,Ask,T-040,25000,1
1330,1,Ask,T-040,25000,1
1331,1,Ask,T-040,25000,1
1331,1,Ask,T-040,25000,1
1331,1,Ask,T-040,25000,1
1331,1,Ask,T-040,25000,1
1331,1,Ask,T-040,25000,1
1332,1,Ask,T-040,25000,1
1332,1,Ask,T-040,25000,1
1332,1,Ask,T-040,25000,1
1332,1,Ask,T-040,25000,1
1332,1,Ask,T-040,25000,1
1332,1,Ask,T-040,25000,1
1333,1,Ask,T-040,25000,1
1333,1,Ask,T-040,25000,1
1333,1,Ask,T-040,25000,1
1333,1,Ask,T-040,25000,1
1333,1,Ask,T-040,25000,1
1333,1,Bid,T-030,25000,3
1333,1,Ask,T-040,25000,1
1334,1,Ask,T-040,25000,1
1334,1,Ask,T-040,25000,1
1334,1,Ask,T-040,25000,1
1335,1,Ask,T-040,25000,1
1335,1,Ask,T-040,25000,1
1335,1,Ask,T-040,25000,1
1335,1,Ask,T-040,25000,1
1335,1,Ask,T-040,25000,1
1335,1,Ask,T-040,25000,1
1335,1,Ask,T-040,25000,1
1336,1,Ask,T-040,25000,1
1336,1,Ask,T-040,25000,1
1336,1,Ask,T-040,25000,1
1336,1,Ask,T-040,25000,1
1336,1,Ask,T-040,25000,1
1336,1,Ask,T-040,25000,1
1337,1,Ask,T-040,25000,1
1337,1,Ask,T-040,25000,1
1344,1,Ask,T-019,25000,94
1346,1,ClearBid,T-036,0,0
1347,1,ClearAsk,T-036,0,0
1348,1,Ask,T-040,25000,1
1348,1,Ask,T-040,25000,1
1348,1,Ask,T-040,25000,1
1348,1,Ask,T-040,25000,1
1348,1,Ask,T-040,25000,1
1348,1,Ask,T-040,25000,1
1348,1,Bid,T-001,100,2
1348,1,Ask,T-040,25000,1
1348,1,Ask,T-040,25000,1
1348,1,Ask,T-040,25000,1
1349,1,Ask,T-040,25000,1
1349,1,Ask,T-040,25000,1
1349,1,Ask,T-040,25000,1
1349,1,Ask,T-040,25000,1
1349,1,Ask,T-040,25000,1
1349,1,Ask,T-040,25000,1
1349,1,Ask,T-040,25000,1
1349,1,Ask,T-040,25000,1
1349,1,Ask,T-040,25000,1
1350,1,Ask,T-040,25000,1
1350,1,Ask,T-040,25000,1
1350,1,ClearBid,T-036,0,0
1350,1,Ask,T-040,25000,1
1350,1,Ask,T-040,25000,1
1350,1,Ask,T-040,25000,1
1350,1,Ask,T-040,25000,1
1350,1,Ask,T-040,25000,1
1350,1,Ask,T-040,25000,1
1350,1,Ask,T-040,25000,1
1350,1,Ask,T-040,25000,1
1351,1,Ask,T-040,25000,1
1351,1,ClearAsk,T-036,0,0
1351,1,Ask,T-040,25000,1
1351,1,Ask,T-040,25000,1
1351,1,Ask,T-040,25000,1
1351,1,Ask,T-040,25000,1
1351,1,Bid,T-001,12000,2
1351,1,Ask,T-040,25000,1
1352,1,Ask,T-040,25000,1
1352,1,Ask,T-040,25000,1
1352,1,Ask,T-040,25000,1
1352,1,Ask,T-040,25000,1
1352,1,Ask,T-040,25000,1
1352,1,Ask,T-040,25000,1
1352,1,Ask,T-040,25000,1
1353,1,Ask,T-040,25000,1
1353,1,Ask,T-040,25000,1
1353,1,Ask,T-040,25000,1
1353,1,Ask,T-040,25000,1
1353,1,Ask,T-040,25000,1
1353,1,Ask,T-040,25000,1
1353,1,Ask,T-040,25000,1
1354,1,Ask,T-040,25000,1
1354,1,Ask,T-040,25000,1
1354,1,Ask,T-040,25000,1
1354,1,Ask,T-040,25000,1
1354,1,Ask,T-040,25000,1
1355,1,Ask,T-040,25000,1
1355,1,ClearBid,T-019,0,0
1355,1,Ask,T-040,25000,1
1355,1,Ask,T-040,25000,1
1355,1,ClearAsk,T-019,0,0
1355,1,Ask,T-040,25000,1
1355,1,Ask,T-040,25000,1
1355,1,Ask,T-040,25000,1
1355,1,Ask,T-040,25000,1
1356,1,Ask,T-040,25000,1
1356,1,ClearBid,T-019,0,0
1356,1,Ask,T-040,25000,1
1356,1,Ask,T-040,25000,1
1356,1,Ask,T-040,25000,1
1356,1,ClearAsk,T-019,0,0
1356,1,Ask,T-040,25000,1
1356,1,Ask,T-040,25000,1
1356,1,Ask,T-040,25000,1
1356,1,ClearBid,T-019,0,0
1357,1,Ask,T-040,25000,1
1357,1,ClearBid,T-019,0,0
1357,1,ClearBid,T-019,0,0
1357,1,Ask,T-040,25000,1
1357,1,ClearBid,T-019,0,0
1357,1,Ask,T-040,25000,1
1357,1,ClearBid,T-019,0,0
1357,1,Ask,T-030,25000,3
1357,1,Ask,T-040,25000,1
1357,1,ClearBid,T-019,0,0
1357,1,ClearBid,T-019,0,0
1357,1,Ask,T-040,25000,1
1357,1,Ask,T-040,25000,1
1357,1,Ask,T-040,25000,1
1357,1,Ask,T-040,25000,1
1358,1,Ask,T-040,25000,1
1358,1,ClearBid,T-019,0,0
1358,1,Ask,T-040,25000,1
1358,1,ClearBid,T-019,0,0
1358,1,Ask,T-040,25000,1
1358,1,ClearBid,T-019,0,0
1358,1,ClearBid,T-019,0,0
1358,1,Ask,T-040,25000,1
1358,1,ClearBid,T-019,0,0
1358,1,Ask,T-040,25000,1
1358,1,ClearBid,T-019,0,0
1358,1,ClearBid,T-019,0,0
1358,1,Ask,T-040,25000,1
1358,1,ClearBid,T-019,0,0
1359,1,Ask,T-040,25000,1
1359,1,ClearBid,T-019,0,0
1359,1,Ask,T-040,25000,1
1359,1,ClearBid,T-019,0,0
1359,1,Ask,T-040,25000,1
1359,1,ClearBid,T-019,0,0
1359,1,Ask,T-040,25000,1
1359,1,ClearBid,T-019,0,0
1359,1,Ask,T-040,25000,1
1359,1,Ask,T-040,25000,1
1359,1,ClearAsk,T-019,0,0
1359,1,Ask,T-040,25000,1
1360,1,Ask,T-040,25000,1
1360,1,Ask,T-040,25000,1
1360,1,ClearAsk,T-019,0,0
1360,1,ClearAsk,T-019,0,0
1360,1,Ask,T-040,25000,1
1360,1,ClearAsk,T-019,0,0
1360,1,Ask,T-040,25000,1
1360,1,ClearAsk,T-019,0,0
1360,1,Ask,T-040,25000,1
1360,1,ClearAsk,T-019,0,0
1360,1,Ask,T-040,25000,1
1360,1,ClearAsk,T-019,0,0
1361,1,ClearAsk,T-028,0,0
1361,1,Ask,T-040,25000,1
1361,1,Ask,T-040,25000,1
1361,1,Ask,T-040,25000,1
1361,1,Ask,T-040,25000,1
1361,1,Ask,T-040,25000,1
1361,1,Ask,T-040,25000,1
1361,1,Ask,T-040,25000,1
1362,1,Ask,T-040,25000,1
1362,1,ClearBid,T-028,0,0
1362,1,Ask,T-015,25000,130
1362,1,Ask,T-040,25000,1
1362,1,Ask,T-040,25000,1
1362,1,Ask,T-040,25000,1
1362,1,Ask,T-040,25000,1
1362,1,Ask,T-040,25000,1
1363,1,Ask,T-040,25000,1
1363,1,Ask,T-040,25000,1
1363,1,ClearAsk,T-019,0,0
1364,1,Ask,T-040,25000,1
1364,1,ClearBid,T-019,0,0
1364,1,Ask,T-040,25000,1
1364,1,Ask,T-040,25000,1
1364,1,ClearAsk,T-019,0,0
1364,1,Ask,T-040,25000,1
1365,1,Ask,T-040,25000,1
1365,1,ClearBid,T-019,0,0
1365,1,Ask,T-040,25000,1
1365,1,Ask,T-040,25000,1
1365,1,ClearAsk,T-019,0,0
1365,1,Ask,T-040,25000,1
1365,1,Ask,T-040,25000,1
1365,1,ClearBid,T-019,0,0
1365,1,Ask,T-040,25000,1
1365,1,Ask,T-040,25000,1
1365,1,ClearAsk,T-019,0,0
1365,1,Ask,T-040,25000,1
1366,1,Ask,T-040,25000,1
1366,1,ClearBid,T-019,0,0
1366,1,Ask,T-040,25000,1
1366,1,ClearAsk,T-019,0,0
1366,1,Ask,T-040,25000,1
1366,1,Ask,T-040,25000,1
1366,1,Ask,T-040,25000,1
1366,1,ClearBid,T-019,0,0
1366,1,Ask,T-040,25000,1
1366,1,Ask,T-040,25000,1
1367,1,Ask,T-040,25000,1
1367,1,Ask,T-040,25000,1
1367,1,Ask,T-040,25000,1
1367,1,Ask,T-040,25000,1
1367,1,Ask,T-040,25000,1
1367,1,Ask,T-040,25000,1
1367,1,Ask,T-040,25000,1
1367,1,Ask,T-040,25000,1
1368,1,Ask,T-040,25000,1
1368,1,Ask,T-040,25000,1
1368,1,Ask,T-040,25000,1
1368,1,Ask,T-040,25000,1
1368,1,Ask,T-040,25000,1
1368,1,Ask,T-040,25000,1
1369,1,Ask,T-040,25000,1
1369,1,Ask,T-040,25000,1
1369,1,Ask,T-040,25000,1
1369,1,Ask,T-040,25000,1
1369,1,Ask,T-040,25000,1
1369,1,Ask,T-040,25000,1
1369,1,Ask,T-040,25000,1
1370,1,Ask,T-040,25000,1
1370,1,Ask,T-040,25000,1
1370,1,Bid,T-004,50,10
1370,1,Ask,T-040,25000,1
1370,1,Bid,T-001,25000,22
1370,1,Ask,T-040,25000,1
1370,1,Ask,T-040,25000,1
1370,1,Ask,T-040,25000,1
1370,1,Ask,T-030,25000,3
1370,1,Ask,T-040,25000,1
1371,1,Ask,T-040,25000,1
1371,1,Ask,T-040,25000,1
1371,1,Ask,T-040,25000,1
1371,1,Bid,T-032,150,2500
1371,1,Ask,T-040,25000,1
1371,1,Ask,T-040,25000,1
1371,1,Ask,T-040,25000,1
1372,1,Ask,T-040,25000,1
1372,1,Ask,T-040,25000,1
1372,1,Ask,T-040,25000,1
1372,1,Ask,T-040,25000,1
1372,1,ClearBid,T-004,0,0
1372,1,Ask,T-040,25000,1
1372,1,Ask,T-040,25000,1
1372,1,Ask,T-040,25000,1
1372,1,ClearBid,T-001,0,0
1373,1,Ask,T-040,25000,1
1373,1,ClearAsk,T-001,0,0
1373,1,ClearBid,T-004,0,0
1373,1,Ask,T-040,25000,1
1373,1,Ask,T-040,25000,1
1373,1,Bid,T-005,1000,100
1373,1,Ask,T-040,25000,1
1373,1,Ask,T-040,25000,1
1374,1,Ask,T-015,25000,60
1374,1,Ask,T-040,25000,1
1374,1,ClearAsk,T-029,0,0
1374,1,Ask,T-040,25000,1
1374,1,Ask,T-040,25000,1
1374,1,Ask,T-040,25000,1
1374,1,Ask,T-040,25000,1
1374,1,Ask,T-040,25000,1
1374,1,Ask,T-040,25000,1
1374,1,Ask,T-019,25000,54
1374,1,Ask,T-040,25000,1
1375,1,Ask,T-040,25000,1
1375,1,Ask,T-040,25000,1
1375,1,Ask,T-040,25000,1
1375,1,Ask,T-040,25000,1
1375,1,Ask,T-040,25000,1
1375,1,Ask,T-040,25000,1
1375,1,Ask,T-040,25000,1
1376,1,Ask,T-040,25000,1
1376,1,Ask,T-040,25000,1
1376,1,Ask,T-030,25000,2
1376,1,Ask,T-040,25000,1
1376,1,Ask,T-040,25000,1
1376,1,Ask,T-040,25000,1
1376,1,Ask,T-040,25000,1
1376,1,Ask,T-040,25000,1
1376,1,Bid,T-011,25000,1
1377,1,Ask,T-040,25000,1
1377,1,Ask,T-040,25000,1
1377,1,Ask,T-040,25000,1
1377,1,Ask,T-040,25000,1
1377,1,Ask,T-040,25000,1
1377,1,Ask,T-040,25000,1
1377,1,Ask,T-040,25000,1
1377,1,Ask,T-040,25000,1
1378,1,Ask,T-040,25000,1
1378,1,Ask,T-040,25000,1
1378,1,Ask,T-029,25000,1
1378,1,Ask,T-040,25000,1
1378,1,Ask,T-040,25000,1
1378,1,ClearBid,T-032,0,0
1378,1,Ask,T-040,25000,1
1378,1,Ask,T-040,25000,1
1378,1,Ask,T-040,25000,1
1378,1,Ask,T-040,25000,1
1378,1,Ask,T-040,25000,1
1379,1,Ask,T-040,25000,1
1379,1,Ask,T-040,25000,1
1379,1,Ask,T-009,25000,10
1379,1,Ask,T-040,25000,1
1379,1,Ask,T-040,25000,1
1379,1,Ask,T-040,25000,1
1379,1,Ask,T-040,25000,1
1379,1,Ask,T-040,25000,1
1379,1,Ask,T-040,25000,1
1379,1,Ask,T-040,25000,1
1380,1,Ask,T-040,25000,1
1380,1,Bid,T-025,20,1000
1380,1,Ask,T-040,25000,1
1380,1,Ask,T-040,25000,1
1380,1,Ask,T-040,25000,1
1380,1,Ask,T-040,25000,1
1380,1,Ask,T-040,25000,1
1380,1,Ask,T-040,25000,1
1380,1,Ask,T-040,25000,1
1381,1,Ask,T-040,25000,1
1381,1,Ask,T-040,25000,1
1381,1,Ask,T-015,25000,60
1381,1,Ask,T-040,25000,1
1381,1,Ask,T-040,25000,1
1381,1,Bid,T-029,25000,1
1381,1,Ask,T-040,25000,1
1381,1,Ask,T-040,25000,1
1381,1,Ask,T-015,25000,60
1381,1,Ask,T-040,25000,1
1382,1,Ask,T-040,25000,1
1382,1,Ask,T-040,25000,1
1382,1,Ask,T-015,25000,60
1382,1,Ask,T-040,25000,1
1382,1,Ask,T-040,25000,1
1382,1,Ask,T-040,25000,1
1382,1,Ask,T-040,25000,1
1382,1,Ask,T-040,25000,1
1382,1,Ask,T-040,25000,1
1382,1,Ask,T-015,25000,60
1383,1,Ask,T-040,25000,1
1383,1,Ask,T-040,25000,1
1383,1,Ask,T-040,25000,1
1383,1,Ask,T-015,25000,60
1383,1,Ask,T-040,25000,1
1383,1,Ask,T-040,25000,1
1383,1,Ask,T-040,25000,1
1383,1,Ask,T-040,25000,1
1383,1,Ask,T-040,25000,1
1383,1,Ask,T-040,25000,1
1384,1,Ask,T-040,25000,1
1384,1,Ask,T-040,25000,1
1384,1,Ask,T-040,25000,1
1384,1,Ask,T-040,25000,1
1384,1,Ask,T-029,25000,1
1384,1,Ask,T-040,25000,1
1384,1,Ask,T-040,25000,1
1384,1,Ask,T-040,25000,1
1385,1,Ask,T-040,25000,1
1385,1,Ask,T-040,25000,1
1385,1,Ask,T-040,25000,1
1385,1,Ask,T-040,25000,1
1385,1,Ask,T-040,25000,1
1385,1,Ask,T-011,25000,1
1385,1,Ask,T-040,25000,1
1385,1,Ask,T-040,25000,1
1386,1,Ask,T-040,25000,1
1386,1,Ask,T-040,25000,1
1386,1,Ask,T-040,25000,1
1386,1,Ask,T-040,25000,1
1386,1,Ask,T-040,25000,1
1386,1,Ask,T-040,25000,1
1387,1,Ask,T-040,25000,1
1387,1,Ask,T-040,25000,1
1387,1,Ask,T-040,25000,1
1387,1,Ask,T-040,25000,1
1387,1,Ask,T-040,25000,1
1387,1,Ask,T-040,25000,1
1388,1,Ask,T-040,25000,1
1388,1,Ask,T-040,25000,1
1388,1,ClearBid,T-015,0,0
1388,1,Bid,T-030,23000,2
1388,1,Ask,T-040,25000,1
1388,1,Ask,T-040,25000,1
1388,1,Ask,T-040,25000,1
1388,1,Ask,T-040,25000,1
1388,1,Ask,T-040,25000,1
1388,1,ClearAsk,T-013,0,0
1389,1,Ask,T-040,25000,1
1389,1,Ask,T-040,25000,1
1389,1,Ask,T-040,25000,1
1389,1,Ask,T-040,25000,1
1389,1,Bid,T-004,50,10
1389,1,ClearBid,T-013,0,0
1389,1,Ask,T-040,25000,1
1389,1,Ask,T-040,25000,1
1390,1,Ask,T-040,25000,1
1390,1,Ask,T-040,25000,1
1390,1,Ask,T-040,25000,1
1390,1,Ask,T-040,25000,1
1391,1,Bid,T-032,100,100
1391,1,Ask,T-040,25000,1
1392,1,Bid,T-033,50,200
1392,1,Ask,T-040,25000,1
1393,1,Bid,T-032,200,100
1393,1,ClearAsk,T-029,0,0
1394,1,ClearBid,T-029,0,0
1395,1,Ask,T-030,25000,2
1395,1,Bid,T-032,300,100
1398,1,Bid,T-032,400,100
1399,1,Bid,T-028,25000,60
1401,1,ClearAsk,T-034,0,0
1401,1,ClearBid,T-034,0,0
1404,1,Bid,T-013,100,1000
1404,1,Bid,T-035,1100,5
1404,1,ClearBid,T-004,0,0
1405,1,Bid,T-025,2000,100
1405,1,Bid,T-013,100,1000
1407,1,Bid,T-028,25000,60
1408,1,Bid,T-010,50,20
1408,1,Ask,T-030,25000,2
1409,1,Bid,T-032,5000,100
1410,1,Bid,T-005,3000,100
1410,1,Bid,T-023,25,30
1412,1,Bid,ME,10000,100
1414,1,ClearBid,T-010,0,0
1415,1,ClearAsk,T-010,0,0
1415,1,Ask,T-001,25000,20
1417,1,Bid,T-003,1,1000
1419,1,Ask,T-020,25000,20
1421,1,Bid,T-029,10000,10
1424,1,Ask,T-008,25000,98
1426,1,Ask,T-040,25000,1167
1427,1,Ask,T-015,25000,26
1431,1,ClearBid,T-004,0,0
1432,1,ClearAsk,T-029,0,0
1432,1,ClearBid,T-005,0,0
1432,1,ClearAsk,T-004,0,0
1433,1,ClearBid,T-004,0,0
1433,1,Bid,T-005,15000,100
1433,1,ClearAsk,T-019,0,0
1433,1,ClearBid,T-019,0,0
1437,1,Bid,T-030,23000,2
1439,1,Bid,T-031,25000,10000
1443,1,ClearBid,T-029,0,0
1443,1,ClearAsk,T-029,0,0
1444,1,ClearAsk,T-029,0,0
1450,1,Bid,T-034,22000,1000
1455,1,Bid,T-011,1000,5
1457,1,Bid,T-029,23000,4
1457,1,Bid,T-030,10000,2
1458,1,Ask,T-020,25000,30
1460,1,Ask,T-021,25000,90
1464,1,Bid,T-001,1000,100
1471,1,ClearBid,T-029,0,0
1471,1,Ask,T-020,25000,10
1471,1,ClearAsk,T-029,0,0
1479,1,ClearBid,T-033,0,0
1479,1,ClearAsk,T-013,0,0
1479,1,ClearAsk,T-013,0,0
1480,1,ClearAsk,T-033,0,0
1480,1,ClearAsk,T-013,0,0
1480,1,ClearAsk,T-013,0,0
1480,1,ClearAsk,T-013,0,0
1480,1,ClearAsk,T-013,0,0
1481,1,ClearAsk,T-013,0,0
1481,1,ClearAsk,T-013,0,0
1481,1,ClearAsk,T-013,0,0
1481,1,ClearAsk,T-013,0,0
1481,1,ClearAsk,T-013,0,0
1483,1,Bid,T-019,24000,5
1485,1,ClearBid,T-011,0,0
1493,1,Bid,T-020,24000,10
1494,1,Bid,T-023,1000,1
1495,1,Bid,T-011,25000,5
1497,1,ClearBid,T-031,0,0
1497,1,ClearBid,T-031,0,0
1498,1,ClearAsk,T-031,0,0
1498,1,ClearAsk,T-031,0,0
1499,1,ClearBid,T-011,0,0
1501,1,Ask,T-011,25000,5
1505,1,Bid,T-001,23000,100
1507,1,Bid,T-008,24500,30
1507,1,Bid,T-010,100,5
1511,1,Bid,T-001,24700,100
1512,1,ClearBid,T-005,0,0
1512,1,ClearBid,T-001,0,0
1513,1,Bid,T-001,24700,100
1517,1,ClearAsk,T-031,0,0
1518,1,Bid,T-005,24900,1000
1518,1,ClearBid,T-031,0,0
1518,1,Bid,T-030,20000,2
1519,1,ClearAsk,T-031,0,0
1519,1,Bid,T-020,24800,10
1521,1,Ask,T-021,25000,7
1521,1,Ask,T-031,25000,100
1522,1,Bid,T-001,24950,100
1528,1,Bid,T-029,24951,1
1529,1,Bid,T-030,24000,2
1535,1,Bid,T-005,24952,1
1535,1,ClearBid,T-021,0,0
1536,1,ClearAsk,T-021,0,0
1537,1,Ask,T-001,25000,100
1539,1,Bid,T-029,24953,1
1540,1,Bid,T-005,24954,1
1541,1,Bid,T-008,24955,30
1542,1,ClearBid,T-034,0,0
1543,1,Bid,T-029,24955,1
1543,1,Bid,T-005,24956,1
1543,1,Ask,T-031,25000,1000
1544,1,ClearBid,T-034,0,0
1544,1,Ask,T-031,25000,1000
1546,1,Bid,T-029,24957,1
1547,1,Bid,T-005,24958,1
1547,1,Bid,T-021,20000,40
1549,1,Bid,T-001,24000,100
1550,1,Bid,T-029,24959,1
1551,1,Bid,T-005,24960,1
1553,1,ClearBid,T-019,0,0
1555,1,Bid,T-008,24965,30
1557,1,Bid,T-005,24966,1
1560,1,ClearBid,T-029,0,0
1560,1,ClearBid,T-011,0,0
1560,1,ClearAsk,T-029,0,0
1561,1,ClearAsk,T-011,0,0
1562,1,Ask,T-028,25000,58
1564,1,Bid,T-018,50,30
1564,1,Bid,T-030,24600,2
1564,1,ClearBid,T-003,0,0
1565,1,ClearBid,T-003,0,0
1565,1,ClearAsk,T-003,0,0
1569,1,Bid,T-029,24967,1
1571,1,Bid,T-005,24968,1
1572,1,Ask,T-031,24999,1
1574,1,Ask,T-001,24999,100
1578,1,Bid,T-020,24999,10
1580,1,Bid,T-021,20000,40
1582,1,Bid,T-029,24999,1
1585,1,ClearBid,T-008,0,0
1585,1,Ask,T-020,25000,10
1588,1,Bid,T-008,24970,30
1588,1,ClearAsk,T-001,0,0
1588,1,Bid,T-021,19000,20
1590,1,Ask,T-029,25000,1
1590,1,ClearAsk,T-001,0,0
1590,1,Bid,T-005,24971,1
1591,1,Ask,T-029,25000,1
1593,1,ClearAsk,T-029,0,0
1594,1,Ask,T-029,25000,1
1596,1,ClearAsk,T-031,0,0
1597,1,ClearBid,T-031,0,0
1597,1,ClearBid,T-031,0,0
1601,1,Bid,T-001,24998,100
1607,1,Bid,T-005,24999,100
1614,1,Ask,T-028,24999,58
1616,1,Bid,T-030,24700,2
1619,1,ClearBid,T-001,0,0
1619,1,ClearAsk,T-001,0,0
1620,1,Bid,T-001,24999,100
1620,1,ClearBid,T-026,0,0
1622,1,Ask,T-029,24999.8,1
1622,1,ClearBid,T-028,0,0
1623,1,ClearBid,T-008,0,0
1623,1,Ask,T-002,25000,2090
1623,1,ClearAsk,T-028,0,0
1625,1,Bid,T-019,24999,10
1625,1,Bid,T-030,24900,2
1626,1,Bid,T-026,25,200
1629,1,Bid,T-008,25000,30
1630,1,Ask,T-005,25000,58
1634,1,Bid,T-030,24990,2
1635,1,Bid,T-026,1,1000
1636,1,Ask,T-008,24999,30
1637,1,ClearBid,T-001,0,0
1637,1,ClearAsk,T-001,0,0
1642,1,ClearAsk,T-029,0,0
1642,1,Bid,T-030,24998,2
1643,1,ClearBid,T-029,0,0
1643,1,Bid,T-030,24998,2
1643,1,Bid,T-030,24998,2
1647,1,Bid,T-001,1000,100
1647,1,ClearBid,T-034,0,0
1647,1,Bid,T-026,1,1000
1648,1,ClearAsk,T-034,0,0
1650,1,ClearAsk,T-005,0,0
1650,1,Ask,T-005,25000,88
1651,1,Bid,T-008,25000,300
1651,1,Bid,T-001,2000,100
1651,1,Bid,T-019,24999,1000
1653,1,Bid,T-033,1.69,500
1654,1,Ask,T-008,25000,300
1656,1,Bid,T-001,20000,100
1657,1,Bid,T-033,1.69,500
1658,1,Bid,T-033,1.69,500
1660,1,ClearAsk,T-008,0,0
1662,1,Ask,T-008,24999,300
1663,1,Ask,T-007,25000,-1000
1664,1,Bid,T-007,25000,-1000
1664,1,Bid,T-007,25000,-1000
1665,1,Bid,T-007,25000,-1000
1668,1,ClearBid,T-002,0,0
1668,1,Bid,T-008,24999,300
1669,1,ClearAsk,T-002,0,0
1670,1,Bid,T-001,24997,100
1670,1,ClearBid,T-008,0,0
1673,1,ClearBid,T-001,0,0
1673,1,Bid,T-008,25000,300
1673,1,Bid,T-007,25000,-100
1674,1,ClearAsk,T-001,0,0
1674,1,Bid,T-030,24999,2
1674,1,ClearBid,T-007,0,0
1675,1,Ask,T-007,25000,-100
1676,1,Bid,T-001,24997,10
1677,1,ClearBid,T-015,0,0
1677,1,ClearAsk,T-015,0,0
1678,1,Ask,T-019,25000,292
1680,1,Ask,T-008,24999,300
1680,1,ClearAsk,T-023,0,0
1681,1,Ask,T-005,25000,12
1681,1,ClearBid,T-023,0,0
1682,1,ClearBid,T-023,0,0
1683,1,ClearBid,T-023,0,0
1684,1,Ask,T-002,24999,1668
1688,1,Ask,T-021,25000,92
1691,1,Bid,T-019,24999,1000
1691,1,Bid,T-008,25000,500
1692,1,Ask,T-030,25000,2
1695,1,Bid,T-005,24999,1000
1695,1,Bid,T-001,24998,10
1696,1,Ask,T-019,25000,1000
1699,1,Ask,T-008,24999,500
1703,1,Ask,T-019,25000,1000
1704,1,ClearBid,T-001,0,0
1705,1,ClearAsk,T-001,0,0
1705,1,Bid,T-001,24999,10
1706,1,ClearBid,T-005,0,0
1706,1,Ask,T-019,25000,1000
1709,1,Bid,T-030,24999,2
1711,1,Bid,T-001,24000,10
1711,1,ClearAsk,T-019,0,0
1711,1,Bid,T-008,25000,500
1713,1,Ask,T-019,25000,1000
1713,1,Ask,T-005,25000,500
1716,1,Ask,T-008,24999,500
1719,1,Bid,T-030,24999,4
1720,1,Bid,T-027,1,1
1721,1,Bid,T-015,25000,10
1724,1,Bid,T-013,25000,30
1724,1,Ask,T-015,24999,10
1726,1,Bid,T-029,24998,1
1726,1,Bid,T-008,25000,500
1730,1,Ask,T-008,24999,500
1732,1,Ask,T-008,24999,500
1732,1,Bid,T-007,25000,-100
1733,1,Bid,T-007,25000,-100
1735,1,Ask,T-001,25000,494
1736,1,Ask,T-011,24999,10
1738,1,ClearAsk,T-008,0,0
1741,1,Ask,T-019,25000,560
1741,1,Bid,T-005,24999,10000
1741,1,Bid,T-020,24999,10
1745,1,Ask,T-030,25000,2
1747,1,Bid,T-029,24998,1
1748,1,Ask,T-008,24998,408
1748,1,ClearAsk,T-029,0,0
1749,1,ClearBid,T-029,0,0
1749,1,Ask,T-021,25000,92
1749,1,Bid,T-029,24998,1
1751,1,ClearBid,T-020,0,0
1751,1,ClearBid,T-020,0,0
1753,1,Bid,T-013,25000,1000
1754,1,ClearAsk,T-005,0,0
1754,1,Bid,T-029,24999,1
1754,1,Bid,T-008,25000,408
1754,1,ClearBid,T-001,0,0
1754,1,Ask,T-005,25000,418
1754,1,ClearAsk,T-001,0,0
1755,1,Bid,T-029,24999,1
1757,1,Bid,T-019,24999,10000
1757,1,Bid,T-029,24999,1
1758,1,Ask,T-008,24999,408
1759,1,Bid,T-019,24999,10000
1759,1,Bid,T-029,24999,1
1760,1,ClearAsk,T-029,0,0
1760,1,Ask,T-005,25000,1000
1761,1,ClearBid,T-029,0,0
1761,1,ClearBid,T-019,0,0
1761,1,Bid,T-029,24999,1
1763,1,Bid,T-008,25000,408
1764,1,Bid,T-029,24999,1
1768,1,Bid,T-019,24999,10000
1768,1,Ask,T-008,24999,408
1772,1,Bid,T-029,24999.2,1
1775,1,Bid,T-015,25000,100
1775,1,Ask,T-015,25000,100
1775,1,Ask,T-030,25000,2
1777,1,Ask,T-005,25000,276
1778,1,Bid,T-008,25000,408
1778,1,Bid,T-029,25000,1
1779,1,Bid,T-001,24998,200
1780,1,ClearAsk,T-029,0,0
1780,1,Bid,T-008,25000,408
1780,1,ClearBid,T-029,0,0
1783,1,ClearBid,T-029,0,0
1783,1,ClearAsk,T-029,0,0
1785,1,Ask,T-030,25000,2
1785,1,Ask,T-029,25000,1
1785,1,Ask,T-008,24999,408
1786,1,Ask,T-008,24999,408
1790,1,Bid,T-015,25000,100
1790,1,Ask,T-005,25000,1000
1791,1,Ask,T-015,25000,100
1794,1,Bid,T-008,25000,408
1795,1,Bid,T-008,25000,408
1796,1,Bid,T-008,25000,408
1796,1,Bid,T-021,24999,50
1797,1,Bid,T-015,25000,100
1800,1,Ask,T-005,25000,115
1801,1,Bid,T-030,24990,2
1803,1,ClearBid,T-019,0,0
1804,1,ClearBid,T-021,0,0
1804,1,ClearAsk,T-021,0,0
1804,1,Ask,T-008,25000,914
1805,1,Ask,T-015,25000,100
1806,1,Ask,T-008,25000,914
1807,1,Ask,T-013,25000,900
1807,1,Ask,T-008,25000,914
1808,1,Ask,T-008,25000,914
1808,1,Ask,T-008,25000,914
1808,1,Ask,T-008,25000,914
1809,1,Bid,T-019,24999,10000
1809,1,ClearBid,T-008,0,0
1810,1,Bid,T-030,24998,2
1810,1,Bid,T-019,24999,10000
1810,1,ClearBid,T-008,0,0
1811,1,Ask,T-008,25000,914
1812,1,Bid,T-001,24999,200
1813,1,Ask,T-005,25000,200
1818,1,Ask,T-005,25000,200
1818,1,Bid,T-015,25000,614
1819,1,Ask,T-015,25000,614
1820,1,Bid,T-030,24998,2
1824,1,Bid,T-021,25000,5000
1825,1,ClearBid,T-011,0,0
1825,1,Ask,T-015,24999,614
1827,1,ClearBid,T-011,0,0
1829,1,Bid,T-019,24999,10000
1830,1,Bid,T-021,25000,5000
1831,1,Bid,T-015,25000,1000
1832,1,ClearBid,T-023,0,0
1832,1,Bid,T-030,24998,2
1834,1,Bid,T-001,24999,200
1835,1,Bid,T-001,24999,200
1835,1,Bid,T-001,24999,200
1838,1,Bid,T-030,24997,2
1838,1,Ask,T-021,25000,7303
1843,1,Ask,T-005,25000,414
1843,1,Ask,T-015,24999,386
1843,1,Bid,T-019,24999,10000
1843,1,Bid,T-019,24999,10000
1843,1,Bid,T-019,24999,10000
1843,1,Bid,T-019,24999,10000
1844,1,Bid,T-019,24999,10000
1844,1,Bid,T-019,24999,10000
1844,1,Bid,T-019,24999,10000
1844,1,Bid,T-019,24999,10000
1845,1,Bid,T-019,24999,10000
1845,1,Bid,T-019,24999,10000
1849,1,Bid,T-013,25000,1000
1851,1,Bid,T-019,24999,500
1853,1,ClearBid,T-019,0,0
1853,1,Bid,T-019,24999,500
1856,1,Bid,T-019,24999,500
1860,1,ClearBid,T-015,0,0
1860,1,ClearBid,T-019,0,0
1860,1,ClearBid,T-019,0,0
1860,1,ClearAsk,T-015,0,0
1860,1,ClearBid,T-019,0,0
1860,1,ClearBid,T-019,0,0
1861,1,ClearBid,T-019,0,0
1861,1,Bid,T-030,24997,2
1861,1,ClearBid,T-019,0,0
1861,1,Bid,T-030,24997,2
1861,1,ClearBid,T-019,0,0
1861,1,ClearBid,T-019,0,0
1862,1,Bid,T-030,24997,2
1862,1,ClearBid,T-019,0,0
1862,1,Bid,T-030,24997,2
1862,1,ClearBid,T-019,0,0
1862,1,Bid,T-030,24997,2
1862,1,Bid,T-030,24997,2
1862,1,Bid,T-019,24999,500
1862,1,Bid,T-030,24997,2
1862,1,Bid,T-002,25000,3425
1862,1,Bid,T-025,2,1000
1863,1,Bid,T-030,24997,2
1864,1,ClearBid,T-002,0,0
1866,1,Ask,T-013,25000,1000
1870,1,Ask,T-002,25000,3406
1871,1,Bid,T-030,24997,2
1871,1,Ask,T-013,25000,1000
1871,1,Ask,T-021,25000,2697
1872,1,Ask,T-013,25000,1000
1872,1,Bid,T-030,24997,2
1876,1,Ask,T-005,25000,1000
1879,1,ClearAsk,T-002,0,0
1880,1,Bid,T-019,24999,500
1881,1,ClearAsk,T-005,0,0
1881,1,Bid,T-015,25000,1000
1881,1,Ask,T-005,25000,3100
1882,1,Bid,T-015,25000,1000
1883,1,Bid,T-015,25000,1000
1884,1,Bid,T-015,25000,1000
1884,1,Bid,T-015,25000,1000
1885,1,Ask,T-015,25000,1000
1885,1,Ask,T-015,25000,1000
1885,1,Ask,T-015,25000,1000
1885,1,Ask,T-015,25000,1000
1885,1,Ask,T-015,25000,1000
1886,1,Ask,T-015,25000,1000
1886,1,Ask,T-015,25000,1000
1886,1,Ask,T-015,25000,1000
1888,1,Ask,T-002,24999,1306
1888,1,Ask,T-015,24999,1000
1889,1,Ask,T-015,24999,1000
1889,1,Ask,T-015,24999,1000
1889,1,Ask,T-015,24999,1000
1889,1,Ask,T-015,24999,1000
1889,1,Ask,T-015,24999,1000
1889,1,Ask,T-015,24999,1000
1889,1,Ask,T-015,24999,1000
1890,1,Ask,T-015,24999,1000
1890,1,Ask,T-015,24999,1000
1890,1,Ask,T-015,24999,1000
1892,1,Ask,T-015,24999,1000
1892,1,Ask,T-015,24999,1000
1892,1,Ask,T-015,24999,1000
1893,1,Bid,T-030,24997,2
1896,1,ClearBid,T-025,0,0
1897,1,Bid,T-002,24999,5000
1897,1,Ask,T-009,25000,10
1898,1,Bid,T-030,24998,2
1900,1,Bid,T-025,2,1000
1902,1,Bid,T-002,24999,5000
1903,1,Bid,T-030,24998,2
1904,1,Ask,T-019,25000,1000
1904,1,Bid,T-005,24999,25000
1904,1,ClearBid,T-001,0,0
1905,1,ClearAsk,T-001,0,0
1905,1,Bid,T-013,25000,2000
1908,1,Ask,T-002,24999,10000
1913,1,Ask,T-016,24999,60
1915,1,Bid,T-019,24999,1000
1920,1,Ask,T-005,25000,14363
1920,1,ClearBid,T-001,0,0
1921,1,ClearAsk,T-001,0,0
1921,1,Bid,T-002,25000,10000
1921,1,Ask,T-001,25000,800
1922,1,Bid,T-013,25000,2000
1924,1,Bid,T-013,25000,2000
1925,1,Ask,T-002,25000,10000
1925,1,Bid,T-025,2,10000
1928,1,Bid,T-030,24998,2
1928,1,ClearBid,T-015,0,0
1928,1,ClearAsk,T-015,0,0
1929,1,ClearAsk,T-002,0,0
1929,1,Ask,T-013,25000,4000
1929,1,Ask,T-013,25000,4000
1929,1,Ask,T-013,25000,4000
1929,1,Ask,T-013,25000,4000
1929,1,Ask,T-013,25000,4000
1932,1,Ask,T-002,24999,10000
1934,1,Bid,T-016,24999.01,60
1935,1,Bid,T-016,24999.01,60
1937,1,Ask,T-005,25000,10000
1938,1,Bid,T-019,24999,10000
1939,1,Ask,T-005,25000,10000
1939,1,Bid,T-002,25000,10000
1943,1,Bid,T-008,25000,5174
1943,1,Ask,T-002,24999,10000
1945,1,Bid,T-016,24999.01,60
1950,1,Bid,T-019,24999,10000
1957,1,Bid,T-019,24999,10000
1958,1,Bid,T-019,24999,10000
1959,1,Bid,T-019,24999,10000
1961,1,Bid,T-002,25000,10000
1962,1,Bid,T-030,24998,2
1965,1,Ask,T-002,24999,10000
1966,1,ClearBid,T-001,0,0
1966,1,ClearAsk,T-001,0,0
1967,1,Bid,T-030,24998,2
1967,1,Bid,T-001,24999,60
1968,1,Bid,T-030,24998,2
1968,1,Bid,T-030,24998,2
1969,1,Bid,T-030,24998,2
1970,1,Bid,T-002,25000,10000
1971,1,Ask,T-019,25000,10000
1973,1,Ask,T-019,25000,10000
1974,1,Ask,T-002,24999,10000
1974,1,Bid,T-030,24998,2
1975,1,Bid,T-022,25000,1
1978,1,ClearBid,T-019,0,0
1978,1,Bid,T-030,24999,2
1979,1,ClearAsk,T-001,0,0
1980,1,ClearBid,T-019,0,0
1980,1,ClearBid,T-001,0,0
1980,1,Ask,T-016,25000,180
1982,1,ClearBid,T-019,0,0
1982,1,Bid,T-002,25000,10000
1983,1,Ask,T-016,25000,180
1983,1,Ask,T-016,25000,180
1984,1,Ask,T-016,25000,180
1984,1,Ask,T-016,25000,180
1984,1,Bid,T-030,24999,2
1984,1,Ask,T-016,25000,180
1985,1,Ask,T-019,25000,10000
1986,1,Ask,T-002,24999,10000
1988,1,Bid,T-022,25000,100
1990,1,Ask,T-019,25000,10000
1991,1,Bid,T-005,24999,25000
1995,1,Bid,T-015,25000,1000
1997,1,Bid,T-013,20000,4000
2001,1,Ask,T-030,25000,2
2003,1,Ask,T-021,24999,25000
2004,1,ClearBid,T-029,0,0
2004,1,Bid,T-002,25000,20000
2004,1,ClearAsk,T-029,0,0
2004,1,ClearAsk,T-029,0,0
2005,1,ClearAsk,T-029,0,0
2005,1,ClearAsk,T-029,0,0
2005,1,ClearAsk,T-029,0,0
2005,1,ClearAsk,T-029,0,0
2005,1,ClearAsk,T-029,0,0
2006,1,ClearBid,T-029,0,0
2006,1,ClearBid,T-019,0,0
2007,1,ClearAsk,T-019,0,0
2007,1,ClearAsk,T-019,0,0
2007,1,ClearBid,T-019,0,0
2008,1,ClearBid,T-019,0,0
2008,1,Ask,T-005,25000,18914
2009,1,Bid,T-016,25000,10000
2009,1,Bid,T-016,25000,10000
2009,1,Bid,T-016,25000,10000
2009,1,Bid,T-016,25000,10000
2010,1,Bid,T-016,25000,10000
2010,1,Bid,T-016,25000,10000
2010,1,Bid,T-016,25000,10000
2011,1,Ask,T-030,25000,2
2011,1,Ask,T-021,25000,5000
2012,1,Ask,T-016,25000,10000
2012,1,Ask,T-016,25000,10000
2012,1,Ask,T-016,25000,10000
2012,1,Ask,T-016,25000,10000
2012,1,Ask,T-016,25000,10000
2012,1,Ask,T-016,25000,10000
2012,1,Ask,T-002,24999,20000
2013,1,Ask,T-016,25000,10000
2013,1,Bid,T-008,25000,5174
2013,1,Ask,T-016,25000,10000
2013,1,Ask,T-016,25000,10000
2013,1,Ask,T-016,25000,10000
2013,1,Ask,T-016,25000,10000
2014,1,Ask,T-016,25000,10000
2014,1,Ask,T-016,25000,10000
2014,1,Bid,T-001,24999,1000
2014,1,Ask,T-016,25000,10000
2014,1,Ask,T-016,25000,10000
2014,1,Ask,T-016,25000,10000
2015,1,Ask,T-016,25000,10000
2015,1,Ask,T-016,25000,10000
2015,1,Ask,T-016,25000,10000
2016,1,Ask,T-016,25000,10000
2016,1,ClearBid,T-008,0,0
2016,1,Ask,T-016,25000,10000
2016,1,Ask,T-016,25000,10000
2016,1,Ask,T-016,25000,10000
2016,1,Ask,T-016,25000,10000
2016,1,Bid,T-008,25000,5174
2016,1,Ask,T-016,25000,10000
2017,1,Bid,T-008,25000,5174
2019,1,ClearBid,T-008,0,0
2020,1,ClearBid,T-008,0,0
2020,1,ClearBid,T-008,0,0
2024,1,Bid,T-030,24998,4
2025,1,Ask,T-008,25000,15522
2025,1,Bid,T-030,24998,4
2027,1,Bid,T-013,25000,25000
2029,1,Bid,T-013,25000,25000
2030,1,Bid,T-008,25000,15522
2031,1,Bid,T-030,24998,8
2031,1,Bid,T-019,24999,10000
2032,1,ClearBid,T-002,0,0
2032,1,Bid,T-009,2500,10
2033,1,Bid,T-008,25000,15522
2033,1,ClearBid,T-002,0,0
2033,1,ClearBid,T-002,0,0
2033,1,ClearBid,T-002,0,0
2034,1,Bid,T-013,25000,25000
2034,1,ClearBid,T-002,0,0
2034,1,ClearBid,T-002,0,0
2034,1,ClearBid,T-008,0,0
2035,1,Bid,T-008,25000,15522
2036,1,Bid,T-005,24999,25000
2039,1,ClearBid,T-008,0,0
2040,1,ClearBid,T-008,0,0
2041,1,Bid,T-008,25000,5000
2042,1,ClearBid,T-019,0,0
2043,1,Bid,T-029,1.00E-07,25000
2044,1,Bid,T-019,24999,9331
2046,1,Bid,T-029,0.0001,25000
2047,1,ClearAsk,T-013,0,0
2047,1,ClearBid,T-013,0,0
2049,1,Ask,T-013,25000,9029
2051,1,ClearAsk,T-029,0,0
2051,1,ClearBid,T-029,0,0
2053,1,ClearBid,T-009,0,0
2053,1,Ask,T-008,25000,5000
2054,1,Ask,T-021,25000,25000
2055,1,Bid,T-019,25000,9331
2057,1,Bid,T-008,25000,5000
2058,1,Bid,T-008,25000,5000
2058,1,Bid,T-008,25000,5000
2059,1,Ask,T-021,24999,25000
2060,1,Ask,T-021,24999,25000
2060,1,ClearBid,T-008,0,0
2060,1,Ask,T-021,24999,25000
2062,1,Ask,T-021,24999,25000
2062,1,Ask,T-021,24999,25000
2062,1,Ask,T-021,24999,25000
2062,1,Bid,T-013,25000,9029
2062,1,Bid,T-030,24998,5
2062,1,Ask,T-021,24999,25000
2063,1,ClearAsk,T-019,0,0
2063,1,Ask,T-001,25000,1000
2063,1,ClearBid,T-019,0,0
2064,1,ClearAsk,T-019,0,0
2065,1,ClearBid,T-019,0,0
2066,1,Ask,T-005,25000,25000
2069,1,Ask,T-008,24998,15000
2072,1,Bid,T-013,25000,9029
2072,1,Bid,T-013,25000,9029
2072,1,Ask,T-019,25000,9331
2080,1,Bid,T-010,100,5
2081,1,ClearBid,T-008,0,0
2082,1,Bid,T-019,24999,500
2082,1,Bid,T-005,24998,25000
2082,1,Bid,T-032,1500,150
2083,1,ClearAsk,T-008,0,0
2083,1,Bid,T-019,24999,500
2083,1,Bid,T-019,24999,500
2084,1,Bid,T-003,1,100
2084,1,Bid,T-019,24999,500
2084,1,Bid,T-019,24999,500
2084,1,Bid,T-019,24999,500
2085,1,Bid,T-030,25000,5
2086,1,Ask,T-013,24998,9029
2086,1,Ask,T-013,24998,9029
2086,1,Ask,T-013,24998,9029
2086,1,Bid,T-019,24999,10000
2087,1,Ask,T-030,25000,5
2087,1,ClearAsk,T-010,0,0
2087,1,ClearAsk,T-005,0,0
2088,1,Bid,T-001,24998,1000
2089,1,ClearBid,T-005,0,0
2089,1,ClearBid,T-030,0,0
2089,1,Ask,T-021,24998,25000
2090,1,Ask,T-021,24998,25000
2090,1,Ask,T-021,24998,25000
2090,1,Ask,T-021,24998,25000
2090,1,Bid,T-002,100,1000
2091,1,Ask,T-020,25000,3900
2094,1,ClearAsk,T-016,0,0
2095,1,ClearBid,T-016,0,0
2095,1,ClearBid,T-001,0,0
2095,1,ClearBid,T-003,0,0
2095,1,ClearAsk,T-001,0,0
2096,1,ClearBid,T-032,0,0
2096,1,Ask,T-019,25000,10000
2096,1,Ask,T-020,25000,3900
2097,1,Bid,T-003,1,100
2098,1,Ask,T-019,25000,10000
2098,1,Bid,T-035,1000,5
2099,1,Ask,T-030,25000,5
2100,1,Ask,T-030,25000,5
2100,1,Bid,T-037,50,5
2101,1,Ask,T-020,25000,3900
2101,1,Bid,T-032,100,150
2102,1,Ask,T-001,25000,1000
2102,1,Ask,T-020,25000,3900
2102,1,Bid,T-035,1000,5
2102,1,Ask,T-020,25000,3900
2103,1,Ask,T-020,25000,3900
2103,1,Ask,T-020,25000,3900
2103,1,Ask,T-020,25000,3900
2103,1,Bid,T-008,2000,15000
2103,1,Ask,T-020,25000,3900
2106,1,Bid,T-036,200,10
2107,1,Ask,T-020,25000,3900
2107,1,Ask,T-020,25000,3900
2108,1,Ask,T-020,25000,3900
2108,1,Ask,T-001,24999,1000
2108,1,Bid,ME,1,10
2109,1,Bid,T-033,101,500
2109,1,Bid,T-026,1,1000
2110,1,Ask,T-030,25000,15
2111,1,Bid,T-009,1000,10
2112,1,Bid,T-024,101,1
2113,1,Bid,T-026,1,1000
2113,1,Bid,T-034,3000,10000
2114,1,Bid,T-016,24999,1000
2114,1,Bid,T-016,24999,1000
2114,1,ClearBid,T-002,0,0
2114,1,Bid,T-016,24999,1000
2114,1,Bid,T-016,24999,1000
2115,1,Ask,T-019,25000,10000
2115,1,Bid,ME,1,10
2115,1,Bid,T-002,4000,10000
2115,1,Bid,T-011,120,10
2118,1,ClearBid,T-032,0,0
2118,1,ClearBid,T-032,0,0
2120,1,Bid,T-006,1,3
2121,1,Ask,T-021,24997,25000
2122,1,Bid,T-034,5000,10000
2122,1,ClearAsk,T-016,0,0
2123,1,ClearAsk,T-016,0,0
2123,1,ClearBid,T-016,0,0
2123,1,Ask,T-021,24997,25000
2123,1,ClearBid,T-016,0,0
2125,1,Bid,T-013,24997,2000
2128,1,Bid,T-013,24997,2000
2129,1,Bid,T-035,3000,3
2129,1,Bid,T-035,3000,3
2129,1,Bid,T-035,3000,3
2129,1,Bid,T-035,3000,3
2129,1,Bid,T-007,5001,10000
2131,1,ClearAsk,T-008,0,0
2131,1,ClearBid,T-008,0,0
2131,1,ClearAsk,T-024,0,0
2132,1,ClearBid,T-024,0,0
2135,1,Ask,T-020,25000,3900
2135,1,Ask,T-020,25000,3900
2136,1,Bid,T-013,24997,3999
2136,1,Bid,T-024,101,1
2136,1,Ask,T-020,25000,3900
2136,1,Bid,T-013,24997,3999
2136,1,ClearBid,T-009,0,0
2136,1,Bid,T-013,24997,3999
2136,1,Ask,T-020,25000,3900
2136,1,Bid,T-013,24997,3999
2136,1,Bid,T-013,24997,3999
2136,1,Bid,T-013,24997,3999
2136,1,Ask,T-020,25000,3900
2136,1,Bid,T-013,24997,3999
2136,1,Bid,T-013,24997,3999
2136,1,Ask,T-020,25000,3900
2137,1,Bid,T-013,24997,3999
2137,1,Bid,T-013,24997,3999
2137,1,Bid,T-013,24997,3999
2137,1,ClearBid,T-034,0,0
2137,1,Bid,T-013,24997,3999
2137,1,Bid,T-013,24997,3999
2137,1,Bid,T-013,24997,3999
2137,1,Bid,T-013,24997,3999
2138,1,Bid,T-013,24997,3999
2138,1,ClearBid,T-007,0,0
2138,1,ClearBid,T-007,0,0
2138,1,Bid,T-027,90,1
2138,1,Ask,T-013,24997,3999
2139,1,Bid,T-034,5002,10000
2139,1,Ask,T-013,24997,3999
2139,1,Ask,T-013,24997,3999
2139,1,Ask,T-013,24997,3999
2139,1,Ask,T-013,24997,3999
2139,1,Ask,T-013,24997,3999
2139,1,Ask,T-019,25000,10000
2139,1,Ask,T-013,24997,3999
2139,1,Ask,T-013,24997,3999
2139,1,Ask,T-013,24997,3999
2140,1,Ask,T-013,24997,3999
2140,1,ClearBid,T-002,0,0
2140,1,Ask,T-013,24997,3999
2140,1,Ask,T-013,24997,3999
2140,1,Bid,T-029,5000,100
2140,1,Ask,T-013,24997,3999
2140,1,Bid,T-005,24995,10000
2140,1,Ask,T-013,24997,3999
2140,1,Ask,T-013,24997,3999
2140,1,Ask,T-013,24997,3999
2140,1,Ask,T-013,24997,3999
2140,1,Ask,T-021,24997,25000
2141,1,Ask,T-021,24997,25000
2141,1,Ask,T-013,24997,3999
2141,1,Ask,T-013,24997,3999
2141,1,Ask,T-021,24997,25000
2141,1,ClearAsk,T-002,0,0
2141,1,Ask,T-013,24997,3999
2141,1,Ask,T-021,24997,25000
2141,1,Ask,T-013,24997,3999
2141,1,Ask,T-021,24997,25000
2141,1,Ask,T-013,24997,3999
2141,1,Ask,T-013,24997,3999
2141,1,ClearBid,T-002,0,0
2141,1,Ask,T-013,24997,3999
2141,1,Ask,T-013,24997,3999
2142,1,Bid,T-029,5000,100
2142,1,Ask,T-013,24997,3999
2142,1,Ask,T-013,24997,3999
2142,1,Ask,T-013,24997,3999
2142,1,Ask,T-013,24997,3999
2142,1,Ask,T-013,24997,3999
2142,1,Ask,T-013,24997,3999
2142,1,Ask,T-013,24997,3999
2142,1,Ask,T-013,24997,3999
2143,1,Ask,T-013,24997,3999
2143,1,Ask,T-013,24997,3999
2143,1,Ask,T-013,24997,3999
2143,1,Ask,T-013,24997,3999
2143,1,Ask,T-021,24997,25000
2143,1,Ask,T-013,24997,3999
2143,1,Ask,T-013,24997,3999
2143,1,Ask,T-013,24997,3999
2144,1,Ask,T-013,24997,3999
2144,1,Ask,T-013,24997,3999
2144,1,Ask,T-013,24997,3999
2144,1,Ask,T-013,24997,3999
2144,1,ClearBid,T-029,0,0
2144,1,Ask,T-013,24997,3999
2144,1,Ask,T-013,24997,3999
2144,1,Ask,T-013,24997,3999
2145,1,Ask,T-013,24997,3999
2145,1,Ask,T-013,24997,3999
2145,1,Ask,T-013,24997,3999
2145,1,Bid,T-029,5000,100
2145,1,Ask,T-030,25000,4
2145,1,Ask,T-013,24997,3999
2145,1,Ask,T-013,24997,3999
2145,1,Ask,T-013,24997,3999
2148,1,Ask,T-020,25000,3900
2148,1,Ask,T-021,24999,25000
2148,1,ClearBid,T-005,0,0
2149,1,Ask,T-021,24999,25000
2149,1,Ask,T-021,24999,25000
2150,1,Ask,T-019,25000,10000
2151,1,Bid,T-005,24995,1000
2152,1,ClearBid,T-001,0,0
2152,1,ClearAsk,T-001,0,0
2154,1,Bid,T-036,5005,10
2155,1,Ask,T-030,25000,4
2155,1,Bid,T-031,6000,431
2158,1,Ask,T-001,24998,2000
2160,1,Ask,T-021,24996,25000
2160,1,Ask,T-030,25000,10
2161,1,Ask,T-019,25000,10000
2161,1,Ask,T-021,24996,25000
2162,1,Ask,T-013,24995,3999
2162,1,Ask,T-013,24995,3999
2162,1,Ask,T-013,24995,3999
2162,1,Ask,T-013,24995,3999
2162,1,Ask,T-013,24995,3999
2163,1,Ask,T-013,24995,3999
2163,1,Ask,T-013,24995,3999
2163,1,Ask,T-013,24995,3999
2163,1,Ask,T-013,24995,3999
2163,1,Ask,T-013,24995,3999
2163,1,Bid,T-008,10000,15000
2163,1,Ask,T-013,24995,3999
2163,1,Ask,T-013,24995,3999
2164,1,Ask,T-013,24995,3999
2164,1,Ask,T-013,24995,3999
2164,1,Ask,T-013,24995,3999
2164,1,Ask,T-013,24995,3999
2165,1,Ask,T-013,24995,3999
2165,1,Ask,T-013,24995,3999
2165,1,Ask,T-013,24995,3999
2165,1,Ask,T-013,24995,3999
2165,1,Ask,T-013,24995,3999
2165,1,Ask,T-013,24995,3999
2165,1,Ask,T-013,24995,3999
2166,1,Ask,T-013,24995,3999
2166,1,Ask,T-013,24995,3999
2166,1,ClearBid,T-034,0,0
2167,1,Bid,T-034,6002,10000
2167,1,ClearBid,T-036,0,0
2168,1,Ask,T-013,24995,3999
2168,1,Ask,T-013,24995,3999
2168,1,Bid,T-009,5000,10
2169,1,Bid,T-013,24995,3999
2169,1,Ask,T-019,24995,10000
2169,1,Bid,T-013,24995,3999
2169,1,Bid,T-013,24995,3999
2169,1,Bid,T-013,24995,3999
2169,1,Bid,T-013,24995,3999
2169,1,Bid,T-013,24995,3999
2169,1,Bid,T-013,24995,3999
2169,1,Bid,T-013,24995,3999
2169,1,Bid,T-013,24995,3999
2169,1,Bid,T-013,24995,3999
2169,1,Bid,T-013,24995,3999
2169,1,Ask,T-013,24995,3999
2169,1,Ask,T-013,24995,3999
2170,1,Ask,T-013,24995,3999
2170,1,Ask,T-013,24995,3999
2170,1,Ask,T-013,24995,3999
2170,1,Ask,T-019,24995,10000
2170,1,Ask,T-013,24995,3999
2170,1,Ask,T-013,24995,3999
2170,1,Ask,T-013,24995,3999
2170,1,Ask,T-013,24995,3999
2170,1,Ask,T-013,24995,3999
2170,1,Ask,T-013,24995,3999
2170,1,Ask,T-013,24995,3999
2170,1,Ask,T-013,24995,3999
2170,1,Ask,T-013,24995,3999
2172,1,ClearBid,T-018,0,0
2172,1,ClearAsk,T-031,0,0
2172,1,Ask,T-013,24995,3999
2172,1,Ask,T-013,24995,3999
2172,1,Ask,T-013,24995,3999
2172,1,Ask,T-013,24995,3999
2173,1,ClearAsk,T-018,0,0
2173,1,Ask,T-013,24995,3999
2173,1,ClearBid,T-031,0,0
2173,1,Ask,T-013,24995,3999
2173,1,ClearBid,T-008,0,0
2173,1,Ask,T-020,25000,3900
2174,1,ClearBid,T-013,0,0
2174,1,ClearBid,T-018,0,0
2174,1,Bid,T-008,10000,15000
2174,1,ClearAsk,T-018,0,0
2175,1,Ask,T-030,25000,15
2175,1,ClearAsk,T-018,0,0
2178,1,ClearBid,T-018,0,0
2178,1,ClearBid,T-018,0,0
2179,1,ClearAsk,T-018,0,0
2180,1,ClearAsk,T-018,0,0
2180,1,ClearAsk,T-018,0,0
2183,1,ClearBid,T-011,0,0
2183,1,Ask,T-019,24994,2331
2184,1,ClearAsk,T-011,0,0
2184,1,ClearBid,T-011,0,0
2191,1,ClearBid,T-010,0,0
2191,1,ClearAsk,T-010,0,0
2193,1,Bid,T-034,10002,10000
2200,1,Bid,T-008,10500,15000
2202,1,ClearBid,T-008,0,0
2202,1,Bid,T-008,10500,15000
2203,1,ClearBid,T-028,0,0
2204,1,ClearAsk,T-028,0,0
2204,1,Ask,T-030,25000,50
2207,1,ClearBid,T-034,0,0
2210,1,Ask,T-021,2500,25000
2211,1,Ask,T-001,24998,2000
2213,1,Bid,T-036,6003,10
2213,1,Ask,T-020,25000,10000
2214,1,Ask,T-036,6003,10
2215,1,ClearAsk,T-021,0,0
2215,1,Bid,T-034,2000,10000
2215,1,ClearBid,T-021,0,0
2216,1,Bid,T-030,25000,50
2216,1,Bid,T-002,4000,10000
2216,1,Bid,T-010,100,5
2217,1,Ask,T-021,25000,25000
2217,1,Bid,T-032,50,5000
2219,1,Ask,T-021,25000,25000
2220,1,ClearBid,T-030,0,0
2220,1,ClearBid,T-030,0,0
2220,1,Bid,T-011,3200,5
2220,1,Ask,T-020,25000,10000
2220,1,ClearAsk,T-030,0,0
2221,1,Ask,T-020,25000,10000
2221,1,Ask,T-020,25000,10000
2221,1,Bid,T-016,4000.01,1000
2221,1,Ask,T-020,25000,10000
2222,1,Ask,T-020,25000,10000
2223,1,Ask,T-020,25000,10000
2223,1,Ask,T-020,25000,10000
2224,1,Ask,T-020,25000,10000
2224,1,Bid,T-034,5000,10000
2224,1,Ask,T-020,25000,10000
2227,1,ClearAsk,T-005,0,0
2230,1,Ask,T-022,24500,101
2231,1,Ask,T-009,23000,10
2233,1,Ask,T-001,24997.5,1960
2234,1,Ask,T-030,2500,30
2236,1,ClearBid,T-011,0,0
2237,1,Bid,T-019,7000,10
2237,1,Bid,T-036,5500,20
2239,1,Ask,T-005,24999,25000
2240,1,ClearBid,T-019,0,0
2241,1,Ask,T-008,21000,15000
2241,1,Bid,T-019,7000,10
2243,1,ClearBid,T-001,0,0
2243,1,ClearBid,T-019,0,0
2243,1,ClearAsk,T-001,0,0
2243,1,Ask,T-029,10000,100
2244,1,Ask,T-001,24997.5,1960
2244,1,Bid,T-019,7000,10
2244,1,ClearBid,T-003,0,0
2245,1,ClearBid,T-019,0,0
2245,1,ClearAsk,T-003,0,0
2246,1,Bid,T-019,7000,10
2246,1,ClearBid,T-003,0,0
2247,1,ClearBid,T-034,0,0
2247,1,ClearAsk,T-003,0,0
2247,1,Ask,T-021,24999,25000
2248,1,Ask,T-035,8000,12
2248,1,ClearBid,T-030,0,0
2249,1,Ask,T-021,24999,25000
2249,1,Ask,T-021,24999,25000
2250,1,Ask,T-021,24999,25000
2250,1,Ask,T-021,24999,25000
2250,1,Ask,T-021,24999,25000
2251,1,Ask,T-021,24999,25000
2252,1,ClearBid,T-031,0,0
2253,1,ClearAsk,T-031,0,0
2253,1,Ask,T-030,25000,20
2254,1,Bid,T-011,2000,20
2258,1,Ask,T-021,24999,25000
2258,1,Ask,T-021,24999,25000
2258,1,Ask,T-021,24999,25000
2259,1,Bid,T-019,8000,10
2260,1,Ask,T-001,24997,1960
2261,1,Ask,T-020,25000,10000
2262,1,Ask,T-021,24997,25000
2262,1,Bid,T-013,10000,10000
2262,1,Ask,T-021,24997,25000
2262,1,Ask,T-021,24997,25000
2262,1,Ask,T-030,25000,20
2265,1,ClearAsk,T-001,0,0
2265,1,ClearBid,T-001,0,0
2266,1,Ask,T-001,24997,1960
2268,1,Bid,T-009,4001,10
2270,1,Ask,T-034,24000,30
2271,1,Bid,T-031,9000,431
2273,1,Bid,T-025,10000,10
2277,1,ClearBid,T-002,0,0
2277,1,Ask,T-020,24000,1000
2277,1,Ask,T-021,24997,10000
2278,1,Ask,T-021,24997,10000
2278,1,Ask,T-021,24997,10000
2286,1,Bid,T-035,12000,2
2287,1,Ask,T-005,24998,25000
2294,1,ClearBid,T-011,0,0
2295,1,Bid,T-030,13000,20
2298,1,ClearAsk,T-011,0,0
2298,1,ClearBid,T-011,0,0
2300,1,Bid,T-031,12000,431
2302,1,Bid,T-030,13000,20
2307,1,Bid,T-030,13000,20
2307,1,ClearAsk,T-020,0,0
2308,1,ClearAsk,T-020,0,0
2309,1,ClearAsk,T-020,0,0
2309,1,ClearAsk,T-020,0,0
2309,1,ClearAsk,T-020,0,0
2310,1,ClearAsk,T-020,0,0
2310,1,ClearAsk,T-020,0,0
2310,1,ClearAsk,T-020,0,0
2310,1,ClearAsk,T-020,0,0
2310,1,ClearAsk,T-020,0,0
2310,1,ClearAsk,T-020,0,0
2312,1,Bid,T-030,14000,20
2312,1,Ask,T-021,24997,1000
2312,1,ClearAsk,T-008,0,0
2313,1,ClearBid,T-008,0,0
2314,1,Ask,T-001,24990,1960
2314,1,Ask,T-020,24000,1000
2314,1,Bid,T-034,13500,10000
2315,1,Bid,T-030,14000,20
2315,1,Bid,T-030,14000,20
2316,1,Ask,T-020,24000,1000
2317,1,Ask,T-020,24000,1000
2320,1,Bid,T-019,10000,10
2321,1,Ask,T-030,25000,20
2322,1,Bid,T-034,15000,10000
2324,1,Ask,T-030,25000,20
2327,1,Ask,T-030,25000,20
2328,1,Ask,T-030,25000,20
2328,1,Ask,T-030,25000,20
2328,1,Ask,T-030,25000,20
2328,1,Ask,T-030,25000,20
2329,1,Ask,T-030,25000,20
2329,1,Ask,T-030,25000,20
2330,1,ClearBid,T-019,0,0
2349,1,Ask,T-021,24997,1000
2350,1,Ask,T-021,24997,1000
2352,1,Ask,T-005,24500,25000
2353,1,Bid,T-019,14500,10
2353,1,ClearBid,T-009,0,0
2354,1,Bid,T-016,15001,10000
2360,1,Bid,T-013,10000,10000
2360,1,ClearBid,T-034,0,0
2362,1,Bid,T-013,10000,10000
2363,1,Bid,T-035,16,1
2363,1,Bid,T-035,16000,1
2364,1,Bid,T-034,15002,10000
2366,1,Bid,T-031,20000,431
2367,1,Ask,T-020,25000,10000
2369,1,ClearBid,T-031,0,0
2370,1,Bid,T-013,10001,10000
2371,1,Bid,T-001,1,100
2371,1,ClearAsk,T-020,0,0
2371,1,ClearAsk,T-020,0,0
2371,1,ClearAsk,T-020,0,0
2371,1,ClearAsk,T-020,0,0
2372,1,ClearAsk,T-020,0,0
2372,1,Ask,T-030,25000,20
2372,1,ClearAsk,T-020,0,0
2372,1,ClearAsk,T-020,0,0
2373,1,Ask,T-030,25000,20
2379,1,Ask,T-005,24700,25000
2380,1,Bid,T-034,18000,10000
2382,1,Ask,T-001,24899,1960
2384,1,ClearBid,T-013,0,0
2385,1,ClearAsk,T-013,0,0
2385,1,Ask,T-030,24998,20
2388,1,Ask,T-020,24999,10000
2390,1,Ask,T-030,24998,20
2390,1,Ask,T-030,24998,20
2390,1,Ask,T-030,24998,20
2390,1,ClearBid,T-019,0,0
2390,1,Ask,T-030,24998,20
2390,1,Ask,T-030,24998,20
2391,1,Ask,T-030,24998,20
2397,1,Ask,T-030,24700,20
2397,1,Bid,T-034,20000,10000
2398,1,Bid,T-013,10001,17987
2401,1,Ask,T-030,24700,20
2401,1,Ask,T-030,24700,20
2405,1,Bid,T-013,5001,1000
2406,1,Ask,T-030,24500,20
2409,1,Ask,T-030,24500,26
2409,1,Ask,T-030,24500,26
2409,1,Ask,T-030,24500,26
2409,1,Ask,T-030,24500,26
2410,1,Ask,T-030,24500,26
2410,1,Ask,T-030,24500,26
2410,1,ClearAsk,T-001,0,0
2410,1,ClearBid,T-001,0,0
2413,1,Ask,T-001,24900,1960
2416,1,Bid,T-019,24100,100
2418,1,Bid,T-031,24500,431
2422,1,Ask,T-005,24499,25000
2422,1,ClearBid,T-010,0,0
2423,1,ClearAsk,T-010,0,0
2425,1,Ask,T-030,24400,26
2429,1,ClearBid,T-029,0,0
2429,1,ClearAsk,T-029,0,0
2430,1,Ask,T-019,24500,100
2430,1,ClearAsk,T-029,0,0
2430,1,ClearBid,T-029,0,0
2444,1,ClearAsk,T-019,0,0
2446,1,Ask,T-019,24300,100
2449,1,ClearBid,T-034,0,0
2453,1,Bid,T-034,22000,10000
2457,1,Bid,T-038,100,6
2462,1,Ask,T-005,23000,1000
2464,1,Bid,T-009,14001,20
2470,1,Bid,T-019,22100,500
2470,1,ClearBid,T-034,0,0
2470,1,ClearAsk,T-034,0,0
2474,1,ClearBid,T-019,0,0
2477,1,Ask,T-005,23000,1000
2482,1,Bid,T-019,20000,500
2487,1,Ask,T-021,24996,1000
2491,1,Bid,T-034,21000,10000
2495,1,Ask,T-021,24000,1000
2495,1,ClearBid,T-019,0,0
2498,1,Bid,T-029,22000,5
2499,1,Ask,T-005,24000,1000
2503,1,Bid,T-019,24000,500
2505,1,ClearBid,T-029,0,0
2506,1,ClearAsk,T-029,0,0
2509,1,Ask,T-019,24200,500
2521,1,Bid,T-029,22000,5
2526,1,ClearBid,T-029,0,0
2526,1,ClearAsk,T-029,0,0
2526,1,ClearAsk,T-029,0,0
2529,1,Ask,T-019,24100,500
2530,1,Bid,T-029,22000,5
2530,1,ClearAsk,T-019,0,0
2532,1,ClearAsk,T-019,0,0
2532,1,ClearAsk,T-019,0,0
2532,1,ClearAsk,T-019,0,0
2532,1,Bid,T-019,24100,500
2537,1,ClearBid,T-009,0,0
2543,1,ClearBid,T-019,0,0
2543,1,ClearAsk,T-019,0,0
2544,1,Ask,T-005,22000,5000
2549,1,Bid,T-009,16001,100
2552,1,Ask,T-029,23000,5
2555,1,ClearBid,T-011,0,0
2555,1,Ask,T-019,24100,1000
2556,1,ClearAsk,T-011,0,0
2556,1,Ask,T-005,22000,5000
2562,1,ClearBid,T-034,0,0
2562,1,ClearAsk,T-019,0,0
2563,1,ClearAsk,T-019,0,0
2563,1,ClearAsk,T-019,0,0
2563,1,ClearAsk,T-019,0,0
2563,1,ClearAsk,T-019,0,0
2563,1,ClearAsk,T-019,0,0
2563,1,Bid,T-029,22000,5
2568,1,Ask,T-019,24100,500
2568,1,Ask,T-029,22000,5
2576,1,ClearAsk,T-019,0,0
2576,1,ClearBid,T-001,0,0
2577,1,ClearAsk,T-001,0,0
2578,1,Ask,T-019,24000,500
2580,1,ClearBid,T-036,0,0
2582,1,Ask,T-005,23000,5000
2582,1,Ask,T-001,24898,1960
2583,1,Bid,T-034,2000,10000
2583,1,ClearAsk,T-036,0,0
2584,1,Ask,T-021,23500,2000
2591,1,ClearBid,T-034,0,0
2591,1,ClearBid,T-034,0,0
2592,1,ClearAsk,T-034,0,0
2592,1,Bid,T-029,16050,5
2595,1,Bid,T-034,20000,10000
2596,1,Ask,T-019,24000,1000
2599,1,Ask,T-019,24000,1000
2601,1,Bid,T-030,15000,26
2604,1,Ask,T-019,24000,1000
2605,1,ClearAsk,T-019,0,0
2605,1,ClearAsk,T-019,0,0
2606,1,ClearBid,T-034,0,0
2606,1,ClearAsk,T-019,0,0
2606,1,ClearAsk,T-019,0,0
2606,1,ClearAsk,T-019,0,0
2606,1,ClearAsk,T-019,0,0
2606,1,ClearAsk,T-019,0,0
2606,1,ClearAsk,T-019,0,0
2606,1,ClearAsk,T-019,0,0
2606,1,ClearAsk,T-019,0,0
2606,1,ClearBid,T-034,0,0
2607,1,ClearAsk,T-019,0,0
2607,1,ClearAsk,T-019,0,0
2607,1,ClearAsk,T-019,0,0
2607,1,ClearAsk,T-019,0,0
2607,1,ClearAsk,T-019,0,0
2609,1,Ask,T-019,24000,1000
2612,1,Bid,T-030,20000,26
2617,1,ClearBid,T-029,0,0
2617,1,ClearAsk,T-029,0,0
2624,1,Ask,T-005,20000,26
2625,1,Bid,T-030,20000,26
2629,1,Ask,T-005,20000,26
2631,1,ClearAsk,T-019,0,0
2640,1,Ask,T-030,25000,26
2640,1,Ask,T-019,22000,1000
2642,1,Bid,T-035,16002,1
2642,1,ClearBid,T-034,0,0
2643,1,ClearAsk,T-034,0,0
2644,1,Ask,T-005,21000,5000
2646,1,Bid,T-025,20000,100
2647,1,Ask,T-030,25000,49
2649,1,Ask,T-030,25000,49
2650,1,Ask,T-005,20000,100
2654,1,Ask,T-025,23000,100
2655,1,ClearBid,T-019,0,0
2656,1,ClearAsk,T-019,0,0
2656,1,Bid,T-016,17001,10000
2656,1,ClearBid,T-019,0,0
2657,1,ClearAsk,T-019,0,0
2658,1,Ask,T-030,24000,49
2665,1,Bid,T-038,100,6
2666,1,Ask,T-019,22000,1000
2667,1,Bid,T-016,16005,10000
2668,1,Bid,T-016,16005,10000
2671,1,Ask,T-030,24000,49
2671,1,Bid,T-029,18000,5
2671,1,Ask,T-030,24000,49
2671,1,Ask,T-030,24000,49
2671,1,Ask,T-030,24000,49
2672,1,Ask,T-030,24000,49
2676,1,Ask,T-030,24000,20
2678,1,Bid,T-021,19000,2000
2680,1,Ask,T-030,24000,20
2681,1,Ask,T-030,24000,20
2683,1,Ask,T-019,21000,1000
2684,1,Ask,T-025,22000,100
2684,1,ClearBid,T-016,0,0
2687,1,ClearAsk,T-019,0,0
2688,1,ClearAsk,T-019,0,0
2689,1,Bid,T-024,5,1000
2695,1,Ask,T-019,20000,1000
2696,1,Ask,T-030,20999,20
2697,1,Bid,T-016,18000,10000
2697,1,Bid,T-016,18000,10000
2700,1,Bid,T-016,17000,10000
2701,1,Ask,T-005,19000,2000
2703,1,Bid,T-038,100,6
2708,1,Bid,T-016,15000,10000
2710,1,ClearBid,T-029,0,0
2710,1,ClearAsk,T-029,0,0
2711,1,ClearAsk,T-029,0,0
2712,1,ClearBid,T-029,0,0
2717,1,Ask,T-030,20999,20
2727,1,Bid,T-008,1,15000
2730,1,ClearBid,T-029,0,0
2731,1,ClearBid,T-008,0,0
2732,1,Bid,T-008,1,15000
2733,1,Ask,T-030,20799,20
2738,1,Ask,T-005,19000,10000
2743,1,Ask,T-025,20500,100
2744,1,Ask,T-030,20799,5
2752,1,Ask,T-005,19000,10000
2753,1,ClearBid,T-016,0,0
2754,1,Ask,T-030,20100,5
2755,1,ClearAsk,T-019,0,0
2756,1,Bid,T-016,17000,10000
2759,1,Ask,T-030,20100,5
2760,1,Ask,T-030,20100,5
2762,1,Ask,T-019,21000,1000
2765,1,Ask,T-030,25000,5
2766,1,Ask,T-030,25000,5
2766,1,Ask,T-030,25000,5
2766,1,Ask,T-030,25000,5
2766,1,ClearBid,T-016,0,0
2771,1,Ask,T-030,20000,5
2771,1,ClearAsk,T-019,0,0
2771,1,ClearAsk,T-019,0,0
2771,1,ClearAsk,T-019,0,0
2777,1,Ask,T-019,19000,1000
2779,1,Ask,T-001,16999,960
2791,1,Ask,T-030,24000,5
2796,1,ClearBid,T-001,0,0
2797,1,ClearAsk,T-001,0,0
2798,1,Ask,T-021,19999,2000
2800,1,Ask,T-005,18000,20000
2803,1,Bid,T-016,16500,10000
2803,1,ClearAsk,T-019,0,0
2804,1,ClearAsk,T-019,0,0
2804,1,ClearAsk,T-019,0,0
2810,1,Ask,T-001,25000,1000
2810,1,Bid,T-029,10,500
2812,1,Ask,T-019,17000,1000
2812,1,Bid,T-011,1,0
2813,1,ClearBid,T-034,0,0
2813,1,ClearAsk,T-034,0,0
2817,1,Bid,T-011,1,10000
2818,1,Bid,T-026,1,1000
2818,1,Bid,T-011,1,10000
2818,1,Bid,T-011,1,10000
2818,1,Bid,T-011,1,10000
2818,1,Bid,T-011,1,10000
2818,1,Bid,T-011,1,10000
2819,1,Bid,T-011,1,10000
2819,1,Bid,T-011,1,10000
2819,1,Bid,T-011,1,10000
2819,1,Bid,T-026,1,1000
2819,1,Bid,T-011,1,10000
2819,1,Bid,T-026,1,1000
2819,1,Bid,T-026,1,1000
2819,1,Bid,T-011,1,10000
2821,1,ClearAsk,T-019,0,0
2824,1,Ask,T-019,16500,1000
2832,1,Bid,T-032,1,25000
2839,1,Ask,T-030,23000,5
2842,1,Bid,T-026,3,1000
2843,1,Bid,T-026,3,1000
2843,1,Bid,T-026,3,1000
2843,1,Bid,T-026,3,1000
2852,1,ClearAsk,T-005,0,0
2852,1,Ask,T-005,18000,2417
2853,1,ClearBid,T-026,0,0
2854,1,Bid,T-026,3,1000
2856,1,Ask,T-030,20900,5
2891,1,Ask,T-030,20500,5
2891,1,Ask,T-001,25000,1000
2892,1,Ask,T-021,19999,2000
2894,1,ClearBid,T-037,0,0
2895,1,Ask,T-001,21000,1000
2895,1,ClearAsk,T-037,0,0
2895,1,Ask,T-021,19999,2000
2896,1,Ask,T-021,19999,2000
2897,1,Ask,T-021,19999,2000
2900,1,Ask,T-030,20500,5
2902,1,Bid,T-038,100,5
2908,1,ClearBid,T-009,0,0
2928,1,Bid,T-011,1,10000
2928,1,Bid,T-011,1,10000
2928,1,Bid,T-011,1,10000
2929,1,Bid,T-011,1,10000
2929,1,Bid,T-011,1,10000
2929,1,Bid,T-011,1,10000
2929,1,Bid,T-011,1,10000
2929,1,Bid,T-011,1,10000
2929,1,Bid,T-011,1,10000
2929,1,Bid,T-011,1,10000
2929,1,Bid,T-011,1,10000
2930,1,Bid,T-011,1,10000
2930,1,Bid,T-011,1,10000
2930,1,Bid,T-011,1,10000
2930,1,Bid,T-011,1,10000
2930,1,Bid,T-011,1,10000
2930,1,Bid,T-030,17000,4
2930,1,Bid,T-011,1,10000
2931,1,Bid,T-011,1,10000
2931,1,Bid,T-011,1,10000
2931,1,Bid,T-011,1,10000
2931,1,Bid,T-011,1,10000
2931,1,Bid,T-011,1,10000
2931,1,Bid,T-011,1,10000
2932,1,Bid,T-011,1,10000
2932,1,Bid,T-011,1,10000
2933,1,Bid,T-026,5,1000
2937,1,Bid,T-009,1000,100
2944,1,Bid,T-005,100,25000
2949,1,Bid,T-030,18000,4
2950,1,ClearAsk,T-005,0,0
2950,1,ClearBid,T-005,0,0
2951,1,Bid,T-005,100,25000
2953,1,Ask,T-001,21000,1000
2957,1,ClearBid,T-036,0,0
2958,1,ClearAsk,T-036,0,0
2958,1,Ask,T-001,20899,1000
2961,1,ClearAsk,T-001,0,0
2962,1,ClearBid,T-001,0,0
2972,1,Bid,T-001,20000,1000
2973,1,ClearBid,T-001,0,0
2974,1,ClearAsk,T-001,0,0
2975,1,Bid,T-026,5,10000
2982,1,Ask,T-021,21500,25000
2982,1,Ask,T-021,21500,25000
2982,1,Ask,T-021,21500,25000
2982,1,Ask,T-021,21500,25000
2983,1,Ask,T-021,21500,25000
2983,1,Ask,T-021,21500,25000
2992,1,ClearBid,T-009,0,0
2992,1,Bid,T-013,16501,10000
2994,1,ClearAsk,T-030,0,0
2995,1,ClearBid,T-030,0,0
2995,1,ClearBid,T-009,0,0
2996,1,ClearBid,T-005,0,0
2998,1,ClearAsk,T-011,0,0
2999,1,ClearBid,T-011,0,0
