t_sec,symbol,bid,bid_size,ask,ask_size
0.000,STOCK1,,,,
0.000,STOCK2,,,,
0.566,STOCK1,,,9999.99,5000
0.638,STOCK1,,,898.00,1000
0.728,STOCK1,10.01,5000,898.00,1000
1.196,STOCK1,10.01,5000,500.00,100
1.710,STOCK2,,,9999.00,5000
1.923,STOCK2,,,9999.00,10000
2.159,STOCK2,,,9999.00,15000
2.290,STOCK2,,,9999.00,20000
4.956,STOCK1,10.01,5000,298.00,1000
5.291,STOCK2,1.00,5000,9999.00,20000
5.403,STOCK2,1.00,10000,9999.00,20000
5.544,STOCK2,1.00,15000,9999.00,20000
5.675,STOCK2,1.00,20000,9999.00,20000
5.815,STOCK2,1.00,25000,9999.00,20000
5.946,STOCK2,1.00,30000,9999.00,20000
6.217,STOCK1,30.00,1000,298.00,1000
7.258,STOCK1,10.01,5000,298.00,1000
7.812,STOCK1,11.00,1000,298.00,1000
8.685,STOCK2,1.00,30000,400.00,100
10.916,STOCK1,11.00,1000,295.00,10
14.454,STOCK1,11.00,1000,295.00,1010
14.680,STOCK1,11.00,1000,100.00,1000
15.637,STOCK1,12.00,100,100.00,1000
18.173,STOCK1,12.00,100,100.00,990
20.021,STOCK1,12.01,5000,100.00,990
23.003,STOCK1,12.01,5000,99.00,1000
23.265,STOCK2,31.00,100,400.00,100
25.756,STOCK1,12.01,5000,100.00,990
26.957,STOCK2,31.00,100,9999.00,39600
28.022,STOCK1,12.01,5000,900.00,300
28.366,STOCK1,12.01,5000,9999.99,9300
30.986,STOCK2,50.00,1000,9999.00,39600
31.036,STOCK2,50.00,500,9999.00,39600
31.922,STOCK2,31.00,100,9999.00,39600
32.276,STOCK2,1.00,29600,9999.00,39600
32.459,STOCK2,1.00,29100,9999.00,39600
32.631,STOCK2,1.00,28600,9999.00,39600
32.651,STOCK1,12.03,200,9999.99,9300
32.813,STOCK2,1.00,28100,9999.00,39600
32.984,STOCK2,1.00,27600,9999.00,39600
33.085,STOCK1,12.03,190,9999.99,9300
33.186,STOCK2,1.00,27100,9999.00,39600
33.372,STOCK2,1.00,26600,9999.00,39600
33.595,STOCK2,1.00,26100,9999.00,39600
35.458,STOCK1,12.03,190,400.00,1000
37.102,STOCK2,1.00,26100,100.00,1000
37.406,STOCK2,1.00,31100,100.00,1000
37.551,STOCK2,1.00,36100,100.00,1000
40.406,STOCK1,12.03,190,300.00,100
40.703,STOCK1,12.03,190,300.00,1100
40.744,STOCK2,15.00,5000,100.00,1000
41.847,STOCK1,12.03,190,9999.99,7400
42.365,STOCK2,15.00,5000,100.00,500
42.385,STOCK1,12.03,190,300.00,1000
47.859,STOCK1,12.03,190,300.00,1100
48.738,STOCK2,15.00,3500,100.00,500
48.788,STOCK1,12.03,190,300.00,2100
49.534,STOCK2,15.00,2000,100.00,500
49.667,STOCK1,12.03,190,300.00,3100
49.777,STOCK2,15.00,500,100.00,500
49.978,STOCK2,1.00,35100,100.00,500
50.168,STOCK2,1.00,33600,100.00,500
50.352,STOCK2,1.00,32100,100.00,500
50.545,STOCK2,1.00,30600,100.00,500
50.717,STOCK2,1.00,29100,100.00,500
50.768,STOCK2,1.00,29100,9999.00,39630
50.788,STOCK1,12.03,190,300.00,4100
50.912,STOCK2,1.00,27600,9999.00,39630
51.105,STOCK2,1.00,26100,9999.00,39630
51.309,STOCK2,1.00,24600,9999.00,39630
52.793,STOCK2,1.00,24600,499.00,300
54.214,STOCK1,12.03,190,300.00,5100
57.958,STOCK1,12.03,190,200.00,1000
59.613,STOCK2,1.00,24600,450.00,5000
61.271,STOCK2,1.00,24599,450.00,5000
65.143,STOCK2,1.00,24599,445.00,1000
65.214,STOCK2,1.00,24099,445.00,1000
65.608,STOCK2,1.00,24099,445.00,2000
66.263,STOCK2,1.00,24099,445.00,3000
66.627,STOCK2,1.00,24099,400.00,1000
67.029,STOCK2,50.00,5000,400.00,1000
70.377,STOCK2,50.00,5000,399.00,50
71.159,STOCK2,50.00,5000,399.00,100
71.189,STOCK2,50.00,3000,399.00,100
71.390,STOCK1,12.03,190,199.00,100
75.962,STOCK2,50.00,3000,398.00,1000
76.497,STOCK2,50.00,8000,398.00,1000
77.304,STOCK2,50.00,8000,390.00,5000
79.321,STOCK2,50.01,50,390.00,5000
79.919,STOCK2,50.01,100,390.00,5000
82.910,STOCK1,30.00,1000,199.00,100
87.277,STOCK2,50.01,100,380.00,10
88.664,STOCK2,50.01,100,380.00,20
89.353,STOCK2,50.01,100,380.00,30
89.545,STOCK2,50.01,100,380.00,40
89.666,STOCK2,50.01,100,380.00,50
89.817,STOCK2,50.01,100,380.00,60
89.999,STOCK2,50.01,100,380.00,70
91.152,STOCK2,50.01,100,380.00,80
95.742,STOCK2,50.01,100,380.00,180
96.084,STOCK1,30.00,1000,198.00,50
96.297,STOCK2,50.01,100,380.00,280
96.985,STOCK2,50.01,100,380.00,380
97.782,STOCK1,31.00,100,198.00,50
97.782,STOCK2,50.01,100,300.00,5000
98.752,STOCK1,31.00,100,150.00,1000
99.157,STOCK2,50.01,100,300.00,6000
99.978,STOCK1,31.00,1100,150.00,1000
100.939,STOCK1,31.00,2100,150.00,1000
101.598,STOCK1,31.00,3100,150.00,1000
101.639,STOCK1,31.00,3100,150.00,2000
102.841,STOCK1,31.00,4100,150.00,2000
104.508,STOCK1,32.00,5000,150.00,2000
105.022,STOCK2,50.01,100,299.00,1000
105.527,STOCK1,32.00,5000,150.00,3000
112.157,STOCK1,32.00,5000,150.00,2000
113.025,STOCK1,32.00,5000,150.00,1900
113.136,STOCK1,33.00,1000,150.00,1900
114.256,STOCK2,50.01,100,298.90,50
114.551,STOCK2,50.01,100,298.90,100
114.652,STOCK1,33.00,1000,120.00,100
114.843,STOCK1,33.00,1000,120.00,200
115.017,STOCK1,33.00,1000,120.00,300
115.219,STOCK1,33.00,1000,120.00,400
115.433,STOCK1,33.00,1000,120.00,500
115.635,STOCK1,33.00,1000,120.00,600
115.830,STOCK1,33.00,1000,120.00,700
116.842,STOCK1,33.00,1000,150.00,1600
118.352,STOCK2,50.01,100,298.90,150
118.535,STOCK2,50.01,100,298.90,200
119.459,STOCK1,50.00,5000,150.00,1600
120.838,STOCK2,50.01,100,298.00,1000
123.222,STOCK1,50.00,5000,150.00,600
123.417,STOCK1,50.00,5000,200.00,1750
125.428,STOCK2,50.01,100,298.00,990
126.263,STOCK1,51.00,1000,200.00,1750
126.856,STOCK1,70.00,500,200.00,1750
129.278,STOCK2,50.01,100,200.00,1000
131.127,STOCK1,70.00,500,190.00,1000
133.552,STOCK1,80.00,5000,190.00,1000
136.910,STOCK2,50.01,100,190.00,1000
138.826,STOCK1,80.00,5000,300.00,2250
140.149,STOCK1,80.00,4500,300.00,2250
144.775,STOCK1,80.00,4500,290.00,1000
147.392,STOCK2,50.01,100,189.00,10
149.384,STOCK1,80.00,4500,280.00,1000
149.859,STOCK2,50.01,100,189.00,1010
150.821,STOCK2,50.01,100,189.00,2010
152.104,STOCK1,80.00,4500,200.00,1000
152.336,STOCK2,50.01,100,180.00,2000
153.469,STOCK1,81.00,50,200.00,1000
155.106,STOCK1,81.00,100,200.00,1000
156.527,STOCK2,50.01,100,170.00,1000
157.192,STOCK1,81.00,100,290.00,1000
157.192,STOCK2,50.01,100,170.00,2000
157.273,STOCK1,81.00,100,279.00,100
157.648,STOCK1,81.00,100,279.00,50
161.963,STOCK1,81.00,100,250.00,100
162.125,STOCK1,81.00,100,250.00,200
162.329,STOCK1,81.00,100,250.00,300
163.353,STOCK2,50.01,100,160.00,2000
167.152,STOCK1,81.00,50,250.00,300
167.436,STOCK1,81.00,50,240.00,1000
168.079,STOCK1,81.00,50,240.00,2000
169.028,STOCK2,50.01,100,160.00,1000
169.119,STOCK2,50.01,100,170.00,2000
171.555,STOCK2,50.01,100,189.00,2010
172.846,STOCK1,81.00,50,240.00,3000
177.290,STOCK2,50.01,100,188.00,50
177.706,STOCK2,50.01,100,188.00,100
177.837,STOCK2,52.00,1000,188.00,100
180.191,STOCK1,82.00,1000,240.00,3000
180.789,STOCK1,82.00,2000,240.00,3000
183.548,STOCK1,82.00,3000,240.00,3000
184.237,STOCK1,82.00,4000,240.00,3000
184.815,STOCK2,52.00,1000,180.00,5000
184.945,STOCK1,82.00,3950,240.00,3000
184.945,STOCK1,82.00,4950,240.00,3000
186.215,STOCK1,82.00,4900,240.00,3000
186.235,STOCK2,52.00,1000,180.00,4950
187.337,STOCK1,82.00,4900,230.00,500
187.427,STOCK1,82.00,4850,230.00,500
187.599,STOCK1,82.00,4800,230.00,500
187.773,STOCK1,82.00,4750,230.00,500
187.934,STOCK1,82.00,4700,230.00,500
188.115,STOCK1,82.00,4650,230.00,500
188.308,STOCK1,82.00,4600,230.00,500
189.397,STOCK1,80.00,5150,230.00,500
191.148,STOCK1,80.00,150,230.00,500
193.641,STOCK1,80.00,150,220.00,1000
196.447,STOCK1,82.00,1000,220.00,1000
196.960,STOCK1,82.00,2000,220.00,1000
197.679,STOCK1,82.00,3000,220.00,1000
197.982,STOCK1,100.00,10,220.00,1000
198.143,STOCK1,82.00,2010,220.00,1000
200.375,STOCK1,82.00,2010,210.00,1000
200.717,STOCK1,82.00,2000,210.00,1000
201.262,STOCK1,82.00,2000,210.00,2000
203.267,STOCK1,82.00,1990,210.00,2000
207.204,STOCK1,82.00,1890,210.00,2000
208.039,STOCK1,82.00,1390,210.00,2000
209.839,STOCK1,82.00,1340,210.00,2000
210.019,STOCK1,85.00,100,210.00,2000
210.101,STOCK2,52.00,1000,180.00,4751
210.436,STOCK1,85.00,50,210.00,2000
210.808,STOCK2,52.00,1000,178.00,1000
211.149,STOCK1,82.00,1340,210.00,2000
211.189,STOCK1,82.00,1340,200.00,1000
211.735,STOCK1,82.00,1290,200.00,1000
211.897,STOCK1,82.00,1290,200.00,5500
211.968,STOCK1,82.00,1280,200.00,5500
212.289,STOCK1,82.00,1280,200.00,6500
213.158,STOCK2,83.00,1000,178.00,1000
213.271,STOCK1,85.00,100,200.00,6500
214.511,STOCK1,85.00,50,200.00,6500
214.745,STOCK1,85.00,40,200.00,6500
214.826,STOCK1,85.00,140,200.00,6500
214.866,STOCK1,85.00,90,200.00,6500
215.475,STOCK1,85.00,190,200.00,6500
215.616,STOCK2,83.00,801,178.00,1000
215.677,STOCK2,83.00,801,177.00,50
215.820,STOCK1,85.00,140,200.00,6500
216.415,STOCK1,85.00,90,200.00,6500
216.525,STOCK2,83.00,801,177.00,100
216.740,STOCK1,85.00,190,200.00,6500
216.982,STOCK1,85.00,140,200.00,6500
217.641,STOCK1,85.00,130,200.00,6500
217.661,STOCK1,85.00,80,200.00,6500
218.249,STOCK1,85.00,30,200.00,6500
218.340,STOCK1,85.00,130,200.00,6500
218.787,STOCK1,85.00,230,200.00,6500
218.856,STOCK1,85.00,180,200.00,6500
219.360,STOCK1,85.00,170,200.00,6500
219.897,STOCK2,84.00,1000,177.00,100
220.452,STOCK2,84.00,900,177.00,100
220.605,STOCK2,84.00,1900,177.00,100
221.387,STOCK2,84.00,2900,177.00,100
221.721,STOCK1,85.00,270,200.00,6500
221.851,STOCK1,85.00,220,200.00,6500
222.389,STOCK1,85.00,170,200.00,6500
222.461,STOCK1,85.00,160,200.00,6500
222.583,STOCK1,85.00,110,200.00,6500
222.954,STOCK1,85.00,60,200.00,6500
223.760,STOCK1,85.00,50,200.00,6500
223.841,STOCK1,85.00,150,200.00,6500
224.203,STOCK2,85.00,50,177.00,100
224.244,STOCK2,84.00,2751,177.00,100
224.485,STOCK1,90.00,1000,200.00,6500
224.737,STOCK1,90.00,950,200.00,6500
225.607,STOCK1,90.00,900,200.00,6500
225.810,STOCK1,90.00,850,200.00,6500
225.830,STOCK1,90.00,840,200.00,6500
225.931,STOCK1,90.00,830,200.00,6500
226.053,STOCK1,90.00,780,200.00,6500
226.113,STOCK1,90.00,730,200.00,6500
226.253,STOCK1,90.00,680,200.00,6500
226.387,STOCK1,90.00,630,200.00,6500
226.519,STOCK1,90.00,580,200.00,6500
226.650,STOCK1,90.00,530,200.00,6500
226.821,STOCK1,90.00,480,200.00,6500
226.893,STOCK1,90.00,430,200.00,6500
227.024,STOCK1,90.00,380,200.00,6500
227.343,STOCK1,90.00,330,200.00,6500
227.353,STOCK1,90.00,1330,200.00,6500
227.405,STOCK1,90.00,1280,200.00,6500
227.536,STOCK1,90.00,1230,200.00,6500
227.617,STOCK1,90.00,730,200.00,6500
227.689,STOCK1,90.00,680,200.00,6500
227.819,STOCK1,90.00,630,200.00,6500
227.922,STOCK2,84.00,2552,177.00,100
227.932,STOCK1,90.00,580,200.00,6500
228.135,STOCK1,90.00,570,200.00,6500
228.155,STOCK1,90.00,520,200.00,6500
228.175,STOCK2,85.00,50,177.00,100
228.207,STOCK1,90.00,470,200.00,6500
228.316,STOCK1,90.00,420,200.00,6500
228.784,STOCK1,90.00,1420,200.00,6500
228.834,STOCK1,90.00,1370,200.00,6500
229.199,STOCK1,90.00,1320,200.00,6500
229.250,STOCK1,90.00,1310,200.00,6500
229.250,STOCK1,90.00,1260,200.00,6500
229.402,STOCK1,90.00,1210,200.00,6500
229.564,STOCK1,90.00,1160,200.00,6500
229.726,STOCK1,90.00,1110,200.00,6500
229.867,STOCK1,90.00,1060,200.00,6500
230.019,STOCK1,90.00,1010,200.00,6500
230.250,STOCK1,90.00,960,200.00,6500
230.301,STOCK1,90.00,910,200.00,6500
230.452,STOCK1,90.00,860,200.00,6500
230.493,STOCK1,85.00,1010,200.00,6500
230.583,STOCK1,85.00,960,200.00,6500
230.773,STOCK1,85.00,910,200.00,6500
230.873,STOCK1,85.00,860,200.00,6500
231.016,STOCK1,85.00,810,200.00,6500
231.156,STOCK1,85.00,760,200.00,6500
231.247,STOCK1,85.00,750,200.00,6500
231.298,STOCK1,85.00,700,200.00,6500
231.822,STOCK1,90.00,1000,200.00,6500
232.200,STOCK1,90.00,950,200.00,6500
232.354,STOCK1,90.00,900,200.00,6500
232.578,STOCK1,91.00,100,200.00,6500
232.680,STOCK1,91.00,50,200.00,6500
232.720,STOCK1,91.00,150,200.00,6500
232.873,STOCK1,91.00,250,200.00,6500
232.944,STOCK1,91.00,240,200.00,6500
232.965,STOCK1,91.00,190,200.00,6500
233.025,STOCK1,91.00,290,200.00,6500
233.127,STOCK1,91.00,240,200.00,6500
233.208,STOCK1,91.00,340,200.00,6500
233.249,STOCK1,91.00,240,200.00,6500
233.269,STOCK1,91.00,190,200.00,6500
233.391,STOCK1,91.00,290,200.00,6500
233.421,STOCK1,91.00,240,200.00,6500
233.522,STOCK1,91.00,340,200.00,6500
233.532,STOCK1,91.00,290,200.00,6500
233.682,STOCK1,91.00,240,200.00,6500
233.742,STOCK2,85.00,50,170.00,1000
233.812,STOCK1,91.00,190,200.00,6500
233.953,STOCK1,91.00,140,200.00,6500
234.087,STOCK1,91.00,90,200.00,6500
234.198,STOCK1,91.00,40,200.00,6500
234.663,STOCK1,91.00,140,200.00,6500
234.725,STOCK1,91.00,40,200.00,6500
234.805,STOCK1,91.00,140,200.00,6500
234.967,STOCK1,91.00,240,200.00,6500
235.047,STOCK1,91.00,340,200.00,6500
235.108,STOCK1,91.00,330,200.00,6500
235.199,STOCK1,91.00,430,200.00,6500
235.209,STOCK2,85.00,50,170.00,2000
235.319,STOCK1,91.00,530,200.00,6500
235.492,STOCK1,91.00,630,200.00,6500
235.612,STOCK1,91.00,730,200.00,6500
235.692,STOCK2,85.00,50,170.00,3000
235.774,STOCK1,91.00,830,200.00,6500
236.009,STOCK1,91.00,930,200.00,6500
236.140,STOCK1,91.00,1030,200.00,6500
236.512,STOCK1,91.00,30,200.00,6500
237.582,STOCK1,91.00,130,200.00,6500
237.673,STOCK1,91.00,230,200.00,6500
237.805,STOCK1,90.00,1130,200.00,6500
237.846,STOCK1,91.00,100,200.00,6500
238.007,STOCK1,91.00,200,200.00,6500
238.109,STOCK1,91.00,200,190.00,1000
238.171,STOCK1,91.00,300,190.00,1000
238.343,STOCK1,91.00,400,190.00,1000
238.525,STOCK1,91.00,500,190.00,1000
238.697,STOCK1,91.00,600,190.00,1000
238.889,STOCK1,91.00,700,190.00,1000
239.054,STOCK1,85.02,4830,190.00,1000
239.165,STOCK1,91.00,100,190.00,1000
239.244,STOCK1,91.00,200,190.00,1000
239.405,STOCK1,91.00,300,190.00,1000
240.077,STOCK1,92.00,50,190.00,1000
240.148,STOCK1,92.00,40,190.00,1000
240.349,STOCK1,92.00,30,190.00,1000
240.369,STOCK1,91.00,230,190.00,1000
240.521,STOCK1,91.00,220,190.00,1000
240.742,STOCK1,91.00,210,190.00,1000
240.762,STOCK1,91.00,310,190.00,1000
240.823,STOCK1,91.00,310,180.00,100
240.925,STOCK1,91.00,410,180.00,100
241.105,STOCK1,91.00,510,180.00,100
241.296,STOCK1,91.00,610,180.00,100
241.461,STOCK1,91.00,610,180.00,200
241.471,STOCK1,91.00,710,180.00,200
241.562,STOCK1,91.00,700,180.00,200
241.646,STOCK1,91.00,700,180.00,300
241.815,STOCK1,85.02,3530,180.00,300
241.846,STOCK1,85.02,3520,180.00,300
242.505,STOCK1,92.00,50,180.00,300
243.510,STOCK1,92.00,100,180.00,300
243.918,STOCK1,85.00,600,180.00,300
244.436,STOCK1,81.00,130,180.00,300
245.421,STOCK1,92.00,50,180.00,300
245.925,STOCK1,92.00,50,170.00,2000
247.621,STOCK1,81.00,80,170.00,2000
247.631,STOCK2,85.00,50,170.00,2800
249.666,STOCK2,85.01,5000,170.00,2800
250.692,STOCK1,93.00,100,170.00,2000
250.792,STOCK1,93.00,200,170.00,2000
250.953,STOCK1,93.00,300,170.00,2000
251.129,STOCK1,93.00,400,170.00,2000
251.293,STOCK1,93.00,500,170.00,2000
251.474,STOCK1,93.00,600,170.00,2000
251.740,STOCK1,93.00,600,160.00,1000
251.750,STOCK1,93.00,700,160.00,1000
252.910,STOCK1,93.00,800,160.00,1000
253.062,STOCK1,93.00,900,160.00,1000
253.223,STOCK1,93.00,1000,160.00,1000
253.324,STOCK1,93.00,990,160.00,1000
253.406,STOCK1,93.00,1090,160.00,1000
253.850,STOCK1,93.00,1080,160.00,1000
254.438,STOCK1,93.00,1070,160.00,1000
255.163,STOCK1,93.00,1060,160.00,1000
255.943,STOCK1,94.00,1000,160.00,1000
255.963,STOCK1,94.00,990,160.00,1000
256.822,STOCK1,93.00,1150,160.00,1000
256.842,STOCK1,93.00,1250,160.00,1000
257.615,STOCK1,93.00,250,160.00,1000
258.330,STOCK1,93.00,250,159.00,50
259.248,STOCK1,96.00,100,159.00,50
259.319,STOCK1,96.00,100,160.00,950
259.391,STOCK1,96.00,200,160.00,950
259.617,STOCK1,96.00,300,160.00,950
259.729,STOCK1,96.00,400,160.00,950
260.204,STOCK1,96.00,400,159.00,1000
260.676,STOCK1,96.00,500,159.00,1000
260.838,STOCK1,96.00,600,159.00,1000
261.011,STOCK1,96.00,700,159.00,1000
261.172,STOCK1,96.00,700,155.00,1000
261.338,STOCK1,96.00,600,155.00,1000
261.651,STOCK1,96.00,600,155.00,2000
263.507,STOCK2,85.01,5000,165.00,100
263.670,STOCK2,85.01,5000,165.00,200
263.824,STOCK2,85.01,5000,165.00,300
263.996,STOCK2,85.01,5000,165.00,400
265.389,STOCK2,85.01,5000,165.00,350
265.980,STOCK1,96.00,600,120.00,1000
266.104,STOCK2,86.00,1000,165.00,350
266.916,STOCK1,96.00,590,120.00,1000
266.967,STOCK1,96.00,490,120.00,1000
267.106,STOCK1,96.00,480,120.00,1000
267.178,STOCK2,86.00,1000,165.00,450
267.188,STOCK2,86.00,1000,165.00,350
267.259,STOCK1,96.00,470,120.00,1000
267.342,STOCK1,97.00,1000,120.00,1000
267.362,STOCK2,86.00,1000,165.00,450
267.412,STOCK1,97.00,990,120.00,1000
267.492,STOCK1,97.00,1990,120.00,1000
267.635,STOCK1,97.00,2990,120.00,1000
267.655,STOCK1,100.00,1000,120.00,1000
268.028,STOCK2,86.00,1000,165.00,550
268.089,STOCK2,86.00,1000,170.00,2350
268.141,STOCK2,86.00,1000,170.00,2250
268.527,STOCK2,86.00,1000,170.00,2200
268.627,STOCK1,100.00,990,120.00,1000
268.758,STOCK1,100.00,980,120.00,1000
268.919,STOCK1,97.00,4970,120.00,1000
268.919,STOCK1,97.00,4960,120.00,1000
269.061,STOCK1,97.00,4950,120.00,1000
270.699,STOCK1,97.00,3950,120.00,1000
270.923,STOCK1,97.00,2950,120.00,1000
271.135,STOCK1,97.00,2940,120.00,1000
271.145,STOCK1,97.00,1940,120.00,1000
271.297,STOCK1,97.00,1930,120.00,1000
271.438,STOCK1,97.00,1920,120.00,1000
271.600,STOCK1,97.00,1910,120.00,1000
271.610,STOCK1,97.00,910,120.00,1000
271.771,STOCK1,97.00,900,120.00,1000
272.193,STOCK2,86.00,1000,169.75,1000
272.950,STOCK1,96.00,370,120.00,1000
273.344,STOCK1,70.00,350,120.00,1000
275.433,STOCK1,70.00,350,110.00,1000
275.584,STOCK1,70.00,350,110.00,2000
275.727,STOCK1,70.00,350,110.00,3000
279.592,STOCK1,70.00,350,110.00,2000
279.776,STOCK2,86.00,1000,170.00,1200
279.838,STOCK2,86.00,1000,170.00,2200
280.173,STOCK2,86.00,1000,168.00,100
280.327,STOCK2,86.00,1000,168.00,200
280.498,STOCK2,86.00,1000,168.00,300
280.672,STOCK2,86.00,1000,168.00,400
280.834,STOCK2,86.00,1000,168.00,500
280.996,STOCK2,86.00,1000,168.00,600
281.491,STOCK1,70.00,350,105.00,1000
281.663,STOCK1,70.00,350,105.00,2000
281.744,STOCK1,70.00,350,105.00,1000
282.724,STOCK2,86.00,1000,168.00,300
282.950,STOCK1,70.00,350,109.00,1000
283.164,STOCK1,70.00,350,71.00,1000
283.698,STOCK2,86.00,1000,168.00,400
283.870,STOCK2,86.00,1000,168.00,500
284.021,STOCK1,70.00,350,109.00,1000
284.031,STOCK2,86.00,1000,168.00,200
284.051,STOCK2,86.00,1000,168.00,300
284.243,STOCK2,86.00,1000,168.00,400
284.416,STOCK2,86.00,1000,168.00,500
284.879,STOCK1,70.00,350,109.00,950
285.321,STOCK2,86.00,1000,168.00,400
285.468,STOCK2,86.00,1000,168.00,100
285.904,STOCK2,86.00,1000,168.00,200
286.065,STOCK2,86.00,1000,168.00,300
286.228,STOCK2,86.00,1000,168.00,400
286.399,STOCK2,86.00,1000,168.00,500
286.429,STOCK1,71.00,1000,109.00,950
286.572,STOCK2,86.00,1000,168.00,600
286.604,STOCK1,71.00,1500,109.00,950
286.754,STOCK2,86.00,1000,168.00,700
286.915,STOCK2,86.00,1000,168.00,800
287.088,STOCK2,86.00,1000,168.00,900
287.262,STOCK2,86.00,1000,168.00,1000
287.638,STOCK2,86.00,1000,168.00,700
288.773,STOCK2,86.00,3000,168.00,700
288.833,STOCK2,86.00,3000,168.00,600
289.056,STOCK1,71.00,1500,105.00,1000
289.209,STOCK2,86.00,3000,168.00,100
289.209,STOCK1,71.00,1500,105.00,2000
289.534,STOCK2,86.00,3000,170.00,2000
289.726,STOCK2,86.00,3000,170.00,1900
292.017,STOCK1,71.00,1500,105.00,1900
293.238,STOCK1,71.00,1500,105.00,1850
294.118,STOCK1,80.00,1000,105.00,1850
294.400,STOCK1,80.00,1000,105.00,1800
294.603,STOCK1,80.00,1000,105.00,1750
294.855,STOCK1,80.00,1000,105.00,1700
294.998,STOCK1,80.00,1000,105.00,1650
295.170,STOCK1,80.00,1000,105.00,1600
295.231,STOCK1,80.00,1000,105.00,1500
295.321,STOCK1,80.00,1000,105.00,1450
295.511,STOCK1,80.00,1000,105.00,450
295.622,STOCK1,80.00,1000,105.00,400
295.785,STOCK1,80.00,1000,105.00,350
295.957,STOCK1,80.00,1000,105.00,300
296.174,STOCK2,86.00,3000,169.00,100
296.305,STOCK2,86.00,3000,169.00,200
296.395,STOCK1,80.00,1000,104.00,1000
296.437,STOCK2,86.00,3000,169.00,300
296.611,STOCK2,86.00,3000,169.00,400
296.761,STOCK2,86.00,3000,169.00,500
296.951,STOCK2,86.00,3000,169.00,600
297.112,STOCK2,86.00,3000,169.00,700
297.143,STOCK1,80.00,1000,105.00,300
297.173,STOCK1,80.00,1000,105.00,200
297.284,STOCK2,86.00,3000,169.00,800
297.456,STOCK2,86.00,3000,169.00,900
297.627,STOCK2,86.00,3000,169.00,1000
297.947,STOCK1,80.00,1000,105.00,150
298.027,STOCK1,80.00,1000,105.00,50
298.403,STOCK1,80.00,1000,109.00,900
298.717,STOCK1,80.00,1000,109.00,800
298.868,STOCK1,80.00,1000,110.00,1800
298.908,STOCK1,80.00,1000,110.00,1700
299.079,STOCK1,80.00,1000,110.00,1600
299.182,STOCK2,86.00,3000,169.00,1100
299.203,STOCK2,86.00,3000,169.00,800
299.365,STOCK2,86.00,3000,169.00,900
299.515,STOCK2,86.00,3000,169.00,1000
299.565,STOCK2,86.00,3000,169.00,900
299.685,STOCK1,80.00,1000,110.00,600
299.725,STOCK2,86.00,3000,169.00,600
299.735,STOCK1,80.00,1000,110.00,500
299.806,STOCK1,81.00,1000,110.00,500
299.896,STOCK2,86.00,3000,169.00,500
300.319,STOCK1,81.00,1000,120.00,500
300.372,STOCK2,86.00,3000,169.00,200
300.512,STOCK2,86.00,3000,150.00,1000
300.633,STOCK2,86.00,3000,150.00,900
300.914,STOCK2,86.00,3000,150.00,600
301.621,STOCK2,86.00,3000,150.00,500
301.833,STOCK2,86.00,3000,150.00,200
302.247,STOCK2,86.00,3000,169.00,100
302.428,STOCK2,86.00,3000,170.00,1700
302.469,STOCK1,81.00,1000,120.00,400
302.630,STOCK2,86.00,3000,170.00,1600
302.720,STOCK1,81.00,1000,120.00,350
302.903,STOCK1,81.00,1000,120.00,300
303.287,STOCK1,81.00,1000,120.00,250
303.467,STOCK1,81.00,1000,120.00,200
303.650,STOCK1,81.00,1000,120.00,150
303.941,STOCK2,120.00,100,170.00,1600
303.981,STOCK1,81.00,1000,120.00,100
304.500,STOCK1,90.00,5000,120.00,100
304.511,STOCK2,120.00,100,170.00,1300
304.551,STOCK1,90.00,5000,120.00,50
304.721,STOCK1,90.00,5000,155.00,2100
305.035,STOCK1,90.00,5000,155.00,2000
305.087,STOCK2,120.00,100,170.00,1000
305.411,STOCK2,120.00,100,169.00,100
305.564,STOCK2,120.00,100,169.00,200
305.715,STOCK2,120.00,100,169.00,300
305.876,STOCK2,120.00,100,169.00,400
306.026,STOCK2,120.00,100,169.00,500
306.178,STOCK2,120.00,100,169.00,600
306.278,STOCK1,81.00,1000,155.00,2000
306.278,STOCK2,86.00,4100,169.00,600
306.339,STOCK2,86.00,4100,169.00,700
306.490,STOCK2,86.00,4100,169.00,800
306.634,STOCK2,86.00,4100,169.00,500
306.644,STOCK2,86.00,4100,169.00,600
306.805,STOCK2,86.00,4100,169.00,700
306.866,STOCK1,81.00,1000,155.00,1950
306.958,STOCK2,86.00,4100,169.00,800
307.121,STOCK2,86.00,4100,169.00,900
307.191,STOCK2,86.00,4100,169.00,600
307.273,STOCK2,86.00,4100,169.00,700
307.323,STOCK2,86.00,4100,150.00,1000
307.373,STOCK1,81.00,1000,155.00,1900
307.516,STOCK2,86.00,4100,150.00,700
307.610,STOCK1,81.00,500,155.00,1900
307.792,STOCK1,81.00,500,155.00,1400
308.004,STOCK1,81.00,500,155.00,1350
308.144,STOCK2,86.00,3100,150.00,700
308.174,STOCK1,81.00,500,155.00,1300
308.246,STOCK1,91.00,100,155.00,1300
308.246,STOCK2,86.00,3100,150.00,600
308.267,STOCK2,86.00,3100,150.00,300
308.307,STOCK1,91.00,100,155.00,1250
308.428,STOCK1,91.00,200,155.00,1250
308.448,STOCK2,86.00,3100,150.00,200
308.589,STOCK1,91.00,300,155.00,1250
308.659,STOCK2,86.00,3100,169.00,800
308.689,STOCK2,86.00,2100,169.00,800
308.740,STOCK2,86.00,100,169.00,800
309.013,STOCK2,86.00,100,169.00,500
309.114,STOCK2,85.01,4100,169.00,500
309.277,STOCK1,91.00,400,155.00,1250
309.307,STOCK2,85.01,4100,169.00,400
309.430,STOCK2,85.01,3100,169.00,400
309.451,STOCK1,91.00,500,155.00,1250
309.604,STOCK1,91.00,600,155.00,1250
309.755,STOCK1,91.00,700,155.00,1250
309.785,STOCK2,85.01,2100,169.00,400
309.805,STOCK2,85.01,2100,169.00,100
309.886,STOCK1,91.00,700,155.00,1200
309.956,STOCK1,91.00,800,155.00,1200
310.068,STOCK1,91.00,800,155.00,1150
310.129,STOCK1,91.00,900,155.00,1150
310.149,STOCK2,85.01,1100,169.00,100
310.282,STOCK1,91.00,900,155.00,1100
310.436,STOCK1,91.00,900,155.00,1050
310.476,STOCK2,85.01,100,169.00,100
310.526,STOCK2,85.01,100,170.00,800
310.618,STOCK1,91.00,900,155.00,1000
310.779,STOCK1,91.00,900,140.00,1000
310.779,STOCK2,85.00,150,170.00,800
311.187,STOCK2,84.00,1702,170.00,800
311.490,STOCK2,84.00,1702,150.00,1000
311.562,STOCK2,84.00,702,150.00,1000
311.683,STOCK1,91.00,900,155.00,1000
311.703,STOCK1,91.00,900,155.00,950
311.869,STOCK1,91.00,900,155.00,900
311.951,STOCK2,83.00,503,150.00,1000
312.052,STOCK1,91.00,900,155.00,850
312.214,STOCK2,83.00,503,150.00,900
312.214,STOCK2,83.00,503,150.00,600
312.315,STOCK2,52.00,503,150.00,600
312.792,STOCK1,91.00,1000,155.00,850
312.923,STOCK1,91.00,1000,155.00,800
312.973,STOCK2,52.00,503,150.00,500
312.973,STOCK1,91.00,1100,155.00,800
312.984,STOCK2,52.00,503,150.00,200
313.238,STOCK1,91.00,1100,155.00,750
313.368,STOCK2,52.00,503,150.00,100
313.905,STOCK2,52.00,503,160.00,1800
314.250,STOCK2,52.00,503,160.00,1700
314.805,STOCK2,52.00,503,160.00,1400
314.925,STOCK1,92.00,500,155.00,750
314.925,STOCK1,92.00,500,159.00,750
315.089,STOCK1,92.00,1000,159.00,750
315.229,STOCK2,52.00,503,160.00,1300
315.239,STOCK2,52.00,503,160.00,1000
315.400,STOCK2,52.00,503,160.00,900
315.603,STOCK2,52.00,503,160.00,800
315.754,STOCK1,92.00,1500,159.00,750
315.784,STOCK2,52.00,503,160.00,700
315.856,STOCK2,52.00,503,160.00,400
316.314,STOCK2,52.00,503,160.00,100
316.424,STOCK2,52.00,503,170.00,800
316.484,STOCK2,52.00,503,170.00,700
316.638,STOCK1,92.00,1500,160.00,700
316.638,STOCK2,70.00,200,170.00,700
317.042,STOCK1,92.00,2000,160.00,700
317.112,STOCK2,70.00,200,170.00,400
320.131,STOCK2,70.00,200,169.00,1000
320.970,STOCK2,70.00,200,169.00,2000
321.192,STOCK2,75.00,100,169.00,2000
321.384,STOCK2,75.00,200,169.00,2000
321.405,STOCK2,75.00,200,169.00,3000
321.897,STOCK2,75.00,300,169.00,3000
322.088,STOCK2,75.00,400,169.00,3000
322.273,STOCK2,75.00,500,169.00,3000
323.398,STOCK2,75.00,500,164.00,1000
323.619,STOCK2,75.00,600,164.00,1000
323.772,STOCK2,75.00,700,164.00,1000
323.954,STOCK2,75.00,800,164.00,1000
323.963,STOCK2,75.00,800,164.00,500
323.994,STOCK1,93.00,100,160.00,700
324.125,STOCK1,93.00,200,160.00,700
324.276,STOCK1,93.00,300,160.00,700
324.426,STOCK1,93.00,400,160.00,700
324.436,STOCK2,75.00,800,164.00,450
324.640,STOCK1,93.00,500,160.00,700
324.714,STOCK1,93.00,600,160.00,700
324.744,STOCK2,75.00,800,169.00,2950
324.996,STOCK2,75.00,900,169.00,2950
325.178,STOCK2,75.00,1000,169.00,2950
325.349,STOCK2,75.00,1100,169.00,2950
325.511,STOCK2,75.00,1200,169.00,2950
325.692,STOCK2,75.00,1300,169.00,2950
325.743,STOCK1,93.00,700,160.00,700
325.743,STOCK1,100.00,1000,160.00,700
325.743,STOCK2,75.00,1300,169.00,2450
326.007,STOCK2,75.50,200,169.00,2450
326.655,STOCK1,100.00,2000,160.00,700
326.808,STOCK2,75.50,200,169.00,1950
327.189,STOCK1,100.00,2000,150.00,5000
327.419,STOCK2,75.50,200,164.00,1000
328.111,STOCK1,100.00,3000,150.00,5000
328.333,STOCK2,75.50,200,164.00,500
328.506,STOCK1,100.00,3000,150.00,4700
329.116,STOCK1,100.00,3000,150.00,4400
329.126,STOCK2,75.50,200,169.00,1950
329.879,STOCK1,100.00,3000,150.00,4100
330.081,STOCK1,100.00,2900,150.00,4100
330.215,STOCK1,100.00,2900,150.00,3800
330.287,STOCK1,100.00,2800,150.00,3800
330.429,STOCK1,100.00,2800,150.00,3500
330.591,STOCK1,100.00,2800,150.00,3200
330.692,STOCK1,100.00,2700,150.00,3200
330.774,STOCK1,100.00,2700,150.00,2900
330.946,STOCK1,100.00,2700,150.00,2600
331.078,STOCK1,100.00,2600,150.00,2600
331.120,STOCK1,100.00,2600,150.00,2300
331.280,STOCK1,100.00,2600,150.00,2000
331.331,STOCK2,75.50,200,169.00,1450
331.381,STOCK1,100.00,2600,150.00,1500
331.474,STOCK1,100.00,2600,150.00,1200
331.474,STOCK1,100.00,2500,150.00,1200
331.625,STOCK1,100.00,7500,150.00,1200
331.675,STOCK1,100.00,7500,150.00,900
331.828,STOCK1,100.00,7500,150.00,600
332.002,STOCK1,100.00,7500,150.00,300
332.022,STOCK1,100.00,7400,150.00,300
332.032,STOCK2,75.50,200,169.00,950
332.072,STOCK1,100.00,7300,150.00,300
332.123,STOCK1,100.00,7200,150.00,300
332.173,STOCK1,101.00,100,150.00,300
332.326,STOCK1,101.00,200,150.00,300
332.356,STOCK1,101.00,100,150.00,300
332.499,STOCK1,101.00,200,150.00,300
332.510,STOCK2,75.50,200,169.00,450
332.964,STOCK1,101.00,200,160.00,700
333.004,STOCK2,75.50,200,170.00,350
333.116,STOCK2,76.00,1000,170.00,350
333.196,STOCK2,76.00,1000,168.75,5000
333.519,STOCK1,101.00,190,160.00,700
333.665,STOCK1,101.00,180,160.00,700
333.707,STOCK2,76.00,2000,168.75,5000
333.820,STOCK1,101.00,170,160.00,700
333.831,STOCK1,101.00,170,160.00,400
333.961,STOCK1,101.00,160,160.00,400
334.093,STOCK2,76.00,2000,168.75,4500
334.123,STOCK1,101.00,150,160.00,400
334.510,STOCK2,76.00,2000,168.75,4000
334.571,STOCK1,101.00,150,160.00,100
334.831,STOCK1,101.00,140,160.00,100
334.902,STOCK2,76.00,2000,168.75,3500
334.984,STOCK1,101.00,130,160.00,100
335.215,STOCK2,76.00,2000,168.75,3000
335.458,STOCK2,76.00,2000,168.75,2500
335.610,STOCK2,76.00,2000,167.00,1000
335.965,STOCK1,101.00,130,170.00,1800
336.745,STOCK1,101.00,130,155.00,1000
337.008,STOCK2,77.00,1000,167.00,1000
337.261,STOCK2,80.00,1000,167.00,1000
338.031,STOCK1,101.00,80,155.00,1000
338.041,STOCK2,80.00,2000,167.00,1000
338.182,STOCK1,101.00,30,155.00,1000
338.242,STOCK1,102.00,500,155.00,1000
338.322,STOCK1,102.00,500,155.00,900
338.352,STOCK1,102.00,450,155.00,900
338.503,STOCK1,102.00,950,155.00,900
339.005,STOCK1,102.00,950,155.00,800
339.067,STOCK1,102.00,900,155.00,800
339.240,STOCK1,102.00,850,155.00,800
339.250,STOCK1,102.00,850,155.00,700
339.381,STOCK2,80.00,2000,166.00,1000
339.412,STOCK1,102.00,800,155.00,700
339.565,STOCK2,80.00,2000,166.00,2000
339.605,STOCK1,102.00,800,155.00,600
339.605,STOCK1,102.00,1300,155.00,600
339.697,STOCK2,81.00,1000,166.00,2000
339.706,STOCK2,81.00,1000,166.00,1500
340.009,STOCK1,102.00,1300,155.00,500
340.211,STOCK1,102.00,1250,155.00,500
340.281,STOCK2,81.00,2000,166.00,1500
340.382,STOCK1,102.00,1200,155.00,500
340.513,STOCK1,102.00,1200,155.00,400
340.552,STOCK1,102.00,1150,155.00,400
340.717,STOCK1,102.00,1100,155.00,400
340.737,STOCK1,102.00,1100,155.00,300
340.797,STOCK2,81.00,3000,166.00,1500
340.877,STOCK1,102.00,1050,155.00,300
341.040,STOCK1,102.00,1000,155.00,300
341.132,STOCK1,102.00,1000,155.00,200
341.193,STOCK1,102.00,950,155.00,200
341.359,STOCK2,81.00,3000,166.00,1000
341.419,STOCK1,102.00,850,155.00,200
341.449,STOCK1,102.00,850,155.00,100
341.743,STOCK1,102.00,800,155.00,100
341.836,STOCK1,102.00,700,155.00,100
341.876,STOCK1,102.00,700,170.00,1600
341.886,STOCK1,102.00,650,170.00,1600
341.936,STOCK1,102.00,650,170.00,1500
342.017,STOCK2,81.00,3000,166.00,900
342.047,STOCK1,102.00,550,170.00,1500
342.068,STOCK1,102.00,500,170.00,1500
342.211,STOCK2,81.00,3000,166.00,400
342.211,STOCK1,102.00,450,170.00,1500
342.231,STOCK1,102.00,350,170.00,1500
342.282,STOCK1,102.00,250,170.00,1500
342.372,STOCK1,102.00,200,170.00,1500
342.526,STOCK2,81.00,3000,167.00,900
342.526,STOCK1,102.00,150,170.00,1500
342.697,STOCK1,102.00,100,170.00,1500
342.716,STOCK1,102.00,100,155.00,1000
342.808,STOCK1,101.00,30,155.00,1000
342.858,STOCK1,100.00,7180,155.00,1000
342.924,STOCK2,81.00,3000,167.00,400
343.016,STOCK1,100.00,7130,155.00,1000
343.191,STOCK1,100.00,7080,155.00,1000
343.191,STOCK1,100.00,6980,155.00,1000
343.537,STOCK2,81.00,3000,168.75,2400
343.557,STOCK1,100.00,6930,155.00,1000
343.807,STOCK2,81.00,3000,168.75,1900
343.999,STOCK2,81.00,3000,168.75,1400
344.396,STOCK1,100.00,6880,155.00,1000
344.396,STOCK2,81.00,3000,168.75,900
344.548,STOCK1,100.00,6830,155.00,1000
344.629,STOCK2,81.00,3000,168.75,400
344.711,STOCK1,100.00,6780,155.00,1000
344.793,STOCK2,81.00,3000,170.00,250
344.966,STOCK2,81.00,3000,171.00,1750
345.117,STOCK2,81.00,3000,171.00,1250
345.239,STOCK1,100.00,6680,155.00,1000
345.249,STOCK1,100.00,6580,155.00,1000
345.259,STOCK2,81.00,3000,171.00,750
345.481,STOCK1,101.00,100,155.00,1000
345.614,STOCK1,100.00,6580,155.00,1000
345.634,STOCK1,101.00,100,155.00,1000
345.744,STOCK2,81.00,3000,166.00,1000
345.754,STOCK1,101.00,50,155.00,1000
345.774,STOCK1,101.00,150,155.00,1000
345.885,STOCK1,101.00,100,155.00,1000
345.925,STOCK1,101.00,200,155.00,1000
346.025,STOCK2,81.00,3000,166.00,500
346.074,STOCK1,101.00,200,155.00,900
346.136,STOCK1,101.00,300,155.00,900
346.341,STOCK1,101.00,400,155.00,900
346.422,STOCK1,101.00,300,155.00,900
346.442,STOCK1,101.00,400,155.00,900
346.544,STOCK1,101.00,500,155.00,900
346.666,STOCK1,101.00,600,155.00,900
346.706,STOCK1,101.00,700,155.00,900
346.776,STOCK1,101.00,800,155.00,900
346.827,STOCK1,100.00,2380,155.00,900
346.837,STOCK1,100.00,2280,155.00,900
346.877,STOCK1,101.00,100,155.00,900
346.918,STOCK1,101.00,100,155.00,800
346.958,STOCK1,101.00,200,155.00,800
347.078,STOCK1,101.00,300,155.00,800
347.098,STOCK1,101.00,300,155.00,700
347.189,STOCK1,101.00,400,155.00,700
347.239,STOCK1,101.00,500,155.00,700
347.711,STOCK1,101.00,600,155.00,700
347.721,STOCK1,101.00,500,155.00,700
347.823,STOCK1,101.00,600,155.00,700
347.884,STOCK1,101.00,500,155.00,700
347.924,STOCK1,101.00,600,155.00,700
348.006,STOCK1,101.00,700,155.00,700
348.077,STOCK2,81.00,3000,166.00,1500
348.107,STOCK1,101.00,800,155.00,700
348.238,STOCK1,101.00,700,155.00,700
348.280,STOCK1,101.00,800,155.00,700
348.361,STOCK1,101.00,900,155.00,700
348.422,STOCK1,101.00,800,155.00,700
348.472,STOCK1,101.00,900,155.00,700
348.562,STOCK1,101.00,1000,155.00,700
348.764,STOCK1,101.00,1100,155.00,700
348.764,STOCK1,101.00,1000,155.00,700
348.864,STOCK2,81.00,3000,166.00,1200
348.914,STOCK1,101.00,900,155.00,700
348.944,STOCK1,101.00,1000,155.00,700
349.154,STOCK2,90.00,5000,166.00,1200
349.418,STOCK2,90.00,5000,166.00,900
349.763,STOCK1,101.00,1000,150.00,1000
349.937,STOCK2,90.00,5000,166.00,600
350.528,STOCK2,90.00,5000,166.00,300
350.713,STOCK1,100.00,2280,150.00,1000
350.893,STOCK1,90.00,4080,150.00,1000
350.994,STOCK1,90.00,4080,150.00,2000
351.044,STOCK2,90.00,5000,167.00,800
351.410,STOCK1,90.00,3080,150.00,2000
351.646,STOCK1,90.00,3080,150.00,3000
352.750,STOCK2,90.00,5000,167.00,300
352.994,STOCK1,72.00,580,150.00,3000
353.887,STOCK2,90.00,5000,160.00,5000
354.099,STOCK2,90.00,5000,160.00,4500
354.876,STOCK2,90.00,5000,160.00,4200
354.886,STOCK2,90.00,5000,160.00,3700
355.056,STOCK1,72.00,580,150.00,2900
355.439,STOCK2,90.00,5000,160.00,3400
355.642,STOCK2,90.00,5000,160.00,3100
355.693,STOCK1,101.00,100,150.00,2900
355.827,STOCK2,91.00,100,160.00,3100
355.837,STOCK2,91.00,100,160.00,2800
355.940,STOCK1,101.00,100,149.00,500
355.990,STOCK2,91.00,100,160.00,2500
355.990,STOCK2,91.00,200,160.00,2500
356.116,STOCK2,91.00,200,160.00,2200
356.146,STOCK2,91.00,300,160.00,2200
356.176,STOCK2,91.00,300,160.00,1700
356.276,STOCK2,91.00,300,160.00,1400
356.296,STOCK2,91.00,400,160.00,1400
356.328,STOCK1,101.00,100,149.00,1000
356.409,STOCK2,91.00,400,160.00,1100
356.449,STOCK2,91.00,500,160.00,1100
356.572,STOCK2,91.00,500,160.00,800
356.592,STOCK2,91.00,600,160.00,800
356.734,STOCK2,91.00,600,160.00,500
356.744,STOCK2,91.00,700,160.00,500
356.834,STOCK1,101.00,100,149.00,900
356.895,STOCK2,91.00,800,160.00,500
357.035,STOCK1,101.00,100,149.00,800
357.055,STOCK2,91.00,900,160.00,500
357.207,STOCK2,91.00,900,167.00,300
357.207,STOCK2,91.00,900,171.00,750
357.339,STOCK1,101.00,100,149.00,700
357.369,STOCK2,90.00,4900,171.00,750
357.501,STOCK1,101.00,100,149.00,600
357.685,STOCK1,101.00,100,149.00,500
357.887,STOCK1,101.00,100,149.00,400
357.897,STOCK1,101.00,100,149.00,300
358.098,STOCK1,101.00,100,149.00,200
360.385,STOCK1,101.00,100,149.00,700
360.446,STOCK2,90.00,4900,166.00,1000
360.597,STOCK2,90.00,4900,166.00,2000
361.274,STOCK2,90.00,4900,166.00,3000
361.296,STOCK1,101.00,100,149.00,600
361.469,STOCK1,101.00,100,149.00,500
362.198,STOCK2,90.00,4900,166.00,2500
362.238,STOCK1,80.00,300,149.00,500
362.259,STOCK1,80.00,400,149.00,500
362.755,STOCK2,90.00,4900,166.00,2000
362.879,STOCK2,91.00,100,166.00,2000
363.060,STOCK2,91.00,200,166.00,2000
363.214,STOCK2,91.00,300,166.00,2000
363.375,STOCK2,91.00,400,166.00,2000
363.445,STOCK1,80.00,500,149.00,500
363.526,STOCK2,91.00,500,166.00,2000
363.609,STOCK1,80.00,600,149.00,500
363.689,STOCK2,91.00,600,166.00,2000
363.750,STOCK1,80.00,700,149.00,500
363.831,STOCK2,91.00,700,166.00,2000
363.952,STOCK1,80.00,700,149.00,200
363.972,STOCK1,80.00,800,149.00,200
364.014,STOCK2,91.00,800,166.00,2000
364.075,STOCK1,80.00,900,149.00,200
364.165,STOCK2,91.00,900,166.00,2000
364.175,STOCK2,91.00,900,160.00,1000
364.245,STOCK1,80.00,1000,149.00,200
364.387,STOCK1,80.00,1100,149.00,200
364.560,STOCK1,80.00,1200,149.00,200
364.580,STOCK1,80.00,1200,150.00,2800
364.703,STOCK2,91.00,900,160.00,2000
364.723,STOCK1,80.00,1300,150.00,2800
364.773,STOCK2,91.00,1000,160.00,2000
364.896,STOCK1,80.00,1400,150.00,2800
364.956,STOCK2,91.00,1100,160.00,2000
365.076,STOCK1,80.00,1500,150.00,2800
365.076,STOCK1,80.00,1500,150.00,2500
365.130,STOCK2,91.00,1200,160.00,2000
365.262,STOCK1,80.00,1600,150.00,2500
365.304,STOCK1,80.00,1600,150.00,2200
365.304,STOCK2,91.00,1300,160.00,2000
365.467,STOCK1,80.00,1600,150.00,1900
365.572,STOCK2,91.00,1400,160.00,2000
365.583,STOCK2,91.00,1400,160.00,1000
365.643,STOCK1,80.00,1600,150.00,1600
365.693,STOCK1,80.00,6600,150.00,1600
365.743,STOCK2,91.00,1500,160.00,1000
365.763,STOCK2,91.00,1500,160.00,2000
365.783,STOCK1,80.00,6600,150.00,1300
365.916,STOCK2,91.00,1600,160.00,2000
365.977,STOCK1,80.00,6600,150.00,1000
366.068,STOCK2,91.00,1700,160.00,2000
366.078,STOCK2,91.00,700,160.00,2000
366.128,STOCK1,80.00,6600,150.00,700
366.219,STOCK2,91.00,800,160.00,2000
366.341,STOCK1,80.00,6600,150.00,400
366.463,STOCK2,91.00,900,160.00,2000
366.721,STOCK1,80.00,6600,150.00,100
366.891,STOCK1,80.00,6600,155.00,500
367.052,STOCK2,91.00,1000,160.00,2000
367.092,STOCK1,80.00,6600,155.00,200
367.305,STOCK1,80.00,6400,155.00,200
367.560,STOCK2,91.00,1000,160.00,1990
367.641,STOCK2,90.00,4900,160.00,1990
367.692,STOCK1,80.00,6400,170.00,1400
367.692,STOCK2,91.00,100,160.00,1990
367.874,STOCK2,91.00,200,160.00,1990
367.914,STOCK1,80.00,6400,170.00,1100
368.077,STOCK2,91.00,300,160.00,1990
368.934,STOCK1,80.00,5400,170.00,1100
369.015,STOCK2,91.00,400,160.00,1990
369.189,STOCK2,91.00,500,160.00,1990
369.365,STOCK2,91.00,600,160.00,1990
369.528,STOCK2,91.00,700,160.00,1990
369.692,STOCK2,91.00,800,160.00,1990
369.864,STOCK2,91.00,900,160.00,1990
369.885,STOCK1,82.00,5000,170.00,1100
370.067,STOCK2,91.00,1000,160.00,1990
370.231,STOCK2,91.00,1100,160.00,1990
370.281,STOCK2,91.00,1100,160.00,990
370.392,STOCK2,91.00,1200,160.00,990
370.586,STOCK2,91.00,200,160.00,990
370.597,STOCK2,91.00,300,160.00,990
370.670,STOCK2,91.00,300,160.00,890
370.773,STOCK2,91.00,400,160.00,890
370.936,STOCK2,91.00,500,160.00,890
371.067,STOCK2,91.00,500,159.00,100
371.108,STOCK2,91.00,600,159.00,100
371.285,STOCK2,91.00,700,159.00,100
371.467,STOCK2,91.00,800,159.00,100
372.541,STOCK2,91.00,800,160.00,690
372.796,STOCK2,91.00,800,160.00,1690
373.050,STOCK2,91.00,800,160.00,1390
373.182,STOCK2,91.00,800,160.00,1290
373.254,STOCK2,91.00,800,160.00,990
373.285,STOCK2,91.00,900,160.00,990
373.427,STOCK2,91.00,900,160.00,690
373.477,STOCK2,91.00,1000,160.00,690
373.597,STOCK2,91.00,1000,160.00,390
373.637,STOCK2,91.00,1100,160.00,390
373.668,STOCK2,91.00,1100,160.00,290
373.778,STOCK2,91.00,1100,166.00,4990
373.828,STOCK2,91.00,1200,166.00,4990
373.929,STOCK2,91.00,1200,166.00,4690
374.020,STOCK2,91.00,1300,166.00,4690
374.183,STOCK2,91.00,1300,166.00,4390
374.203,STOCK2,91.00,1400,166.00,4390
374.387,STOCK2,91.00,1500,166.00,4390
374.387,STOCK2,91.00,1500,166.00,4090
374.599,STOCK2,91.00,1600,166.00,4090
374.800,STOCK2,91.00,1700,166.00,4090
374.901,STOCK2,91.00,1700,166.00,3790
374.983,STOCK2,91.00,1800,166.00,3790
375.056,STOCK2,91.00,1800,166.00,3490
375.162,STOCK2,91.00,1900,166.00,3490
375.222,STOCK2,91.00,1900,166.00,3190
375.406,STOCK2,91.00,1900,166.00,2890
375.527,STOCK2,91.00,1900,166.00,2590
375.547,STOCK2,91.00,900,166.00,2590
375.578,STOCK2,91.00,900,166.00,3590
375.688,STOCK2,91.00,900,166.00,3290
375.748,STOCK2,91.00,900,166.00,4290
375.838,STOCK2,91.00,900,166.00,3990
375.990,STOCK2,91.00,900,166.00,3690
376.152,STOCK2,91.00,900,166.00,3390
376.314,STOCK2,91.00,900,166.00,3090
377.011,STOCK1,82.00,4000,170.00,1100
377.743,STOCK2,91.00,1000,166.00,3090
377.927,STOCK2,91.00,1100,166.00,3090
378.071,STOCK2,91.00,1200,166.00,3090
378.132,STOCK2,91.00,1200,166.00,4090
378.253,STOCK2,91.00,1300,166.00,4090
378.404,STOCK2,91.00,1400,166.00,4090
378.586,STOCK2,91.00,1500,166.00,4090
378.786,STOCK2,91.00,1600,166.00,4090
378.998,STOCK2,91.00,1700,166.00,4090
379.170,STOCK1,82.00,4000,169.00,100
379.201,STOCK2,91.00,1800,166.00,4090
379.291,STOCK1,82.00,4000,169.00,200
379.332,STOCK2,91.00,1800,166.00,5090
379.382,STOCK2,91.00,1900,166.00,5090
379.453,STOCK1,82.00,4000,169.00,300
379.597,STOCK2,91.00,2000,166.00,5090
379.698,STOCK1,82.00,4000,169.00,400
379.798,STOCK1,82.00,4000,169.00,500
379.940,STOCK1,82.00,4000,169.00,600
380.111,STOCK1,82.00,4000,169.00,700
380.197,STOCK2,91.00,2100,166.00,5090
380.382,STOCK2,91.00,2200,166.00,5090
380.513,STOCK1,82.00,4000,165.00,5000
380.604,STOCK2,91.00,2200,166.00,6090
380.929,STOCK2,91.00,2200,166.00,7090
381.126,STOCK2,91.00,2200,166.00,8090
381.277,STOCK2,91.00,2200,166.00,9090
381.287,STOCK2,91.00,2300,166.00,9090
381.397,STOCK2,91.00,2300,166.00,10090
381.470,STOCK2,91.00,2400,166.00,10090
381.612,STOCK2,91.00,2100,166.00,10090
381.647,STOCK2,91.00,2200,166.00,10090
381.769,STOCK2,91.00,1900,166.00,10090
381.831,STOCK2,91.00,2000,166.00,10090
381.931,STOCK2,91.00,1700,166.00,10090
382.066,STOCK2,91.00,1800,166.00,10090
382.700,STOCK2,91.00,1900,166.00,10090
382.892,STOCK2,91.00,2000,166.00,10090
383.092,STOCK2,91.00,2100,166.00,10090
383.276,STOCK2,91.00,2200,166.00,10090
383.467,STOCK2,91.00,2300,166.00,10090
384.912,STOCK2,91.00,2300,166.00,9090
385.512,STOCK2,91.00,2300,166.00,8090
385.995,STOCK2,91.00,1300,166.00,8090
386.759,STOCK2,91.00,300,166.00,8090
387.104,STOCK1,82.00,4000,165.00,5100
387.304,STOCK2,91.00,300,166.00,7090
388.015,STOCK2,91.00,300,165.00,1000
388.549,STOCK2,91.00,400,165.00,1000
388.733,STOCK2,91.00,500,165.00,1000
388.752,STOCK2,90.10,4500,165.00,1000
388.873,STOCK2,91.00,100,165.00,1000
389.045,STOCK2,91.00,200,165.00,1000
389.158,STOCK2,91.00,300,165.00,1000
389.310,STOCK2,91.00,400,165.00,1000
389.462,STOCK2,91.00,500,165.00,1000
389.603,STOCK2,91.00,600,165.00,1000
389.755,STOCK2,91.00,700,165.00,1000
389.927,STOCK2,91.00,800,165.00,1000
390.067,STOCK2,91.00,900,165.00,1000
390.077,STOCK1,82.00,4000,164.00,100
390.227,STOCK2,91.00,1000,165.00,1000
390.377,STOCK2,91.00,1100,165.00,1000
390.801,STOCK2,91.00,1200,165.00,1000
390.933,STOCK2,91.00,1300,165.00,1000
391.095,STOCK2,91.00,1400,165.00,1000
392.877,STOCK1,82.00,4000,160.00,1000
393.189,STOCK2,91.00,1400,165.00,1100
394.390,STOCK1,83.00,100,160.00,1000
394.523,STOCK1,83.00,200,160.00,1000
394.655,STOCK1,83.00,300,160.00,1000
395.555,STOCK1,83.00,400,160.00,1000
395.727,STOCK1,83.00,500,160.00,1000
396.092,STOCK1,85.00,5000,160.00,1000
398.237,STOCK1,86.00,1000,160.00,1000
400.687,STOCK2,95.00,5000,165.00,1100
400.917,STOCK2,95.00,5000,162.00,100
401.089,STOCK2,95.00,5000,162.00,200
401.247,STOCK2,95.00,5000,162.00,300
401.409,STOCK2,95.00,5000,162.00,400
401.589,STOCK2,95.00,5000,162.00,500
402.366,STOCK2,95.00,5000,162.00,600
402.941,STOCK2,95.00,5000,162.00,700
403.104,STOCK2,95.00,5000,162.00,800
403.275,STOCK2,95.00,5000,162.00,900
403.354,STOCK1,85.00,5000,160.00,1000
403.455,STOCK2,95.00,5000,162.00,1000
403.475,STOCK1,85.00,5000,159.80,1500
403.648,STOCK2,95.00,5000,162.00,1100
404.944,STOCK2,95.00,5000,162.00,1200
405.124,STOCK2,95.00,5000,162.00,1300
405.309,STOCK2,95.00,5000,162.00,1400
405.480,STOCK2,95.00,5000,162.00,1500
405.635,STOCK2,95.00,5000,162.00,1600
405.818,STOCK2,95.00,5000,162.00,1700
405.979,STOCK2,95.00,5000,162.00,1800
407.003,STOCK2,95.00,4000,162.00,1800
408.185,STOCK2,96.00,1000,162.00,1800
408.286,STOCK1,85.00,5500,159.80,1500
408.738,STOCK2,96.00,2000,162.00,1800
409.162,STOCK2,96.00,3000,162.00,1800
409.596,STOCK2,96.00,3000,162.00,1300
409.791,STOCK2,96.00,2000,162.00,1300
409.923,STOCK2,96.00,2000,162.00,1200
409.963,STOCK1,85.00,5500,159.00,1000
409.973,STOCK2,96.00,2000,162.00,700
410.245,STOCK2,96.00,2000,162.00,200
410.315,STOCK1,85.00,5500,159.00,2000
410.488,STOCK2,96.00,2000,160.00,4000
410.508,STOCK2,96.00,3000,160.00,4000
410.619,STOCK2,96.00,3000,160.00,3700
410.791,STOCK1,85.00,5500,159.00,3000
411.042,STOCK2,95.00,2000,160.00,3700
411.294,STOCK2,95.00,2000,160.00,3200
411.455,STOCK2,95.00,2000,160.00,2900
411.846,STOCK2,95.00,2000,160.00,2800
412.088,STOCK2,95.00,2000,160.00,2500
412.248,STOCK1,85.00,4500,159.00,3000
412.319,STOCK2,95.00,2000,160.00,2000
412.816,STOCK2,95.00,2000,160.00,1500
412.887,STOCK1,90.00,3000,159.00,3000
413.060,STOCK2,95.00,2000,160.00,1000
413.415,STOCK2,95.00,2000,160.00,900
413.616,STOCK1,90.00,3000,150.00,1000
414.049,STOCK2,95.00,2000,160.00,400
414.465,STOCK1,90.00,3000,150.00,2000
414.516,STOCK2,96.00,1000,160.00,400
414.681,STOCK1,90.00,3000,150.00,3000
415.195,STOCK2,96.00,2000,160.00,400
416.051,STOCK2,96.00,2000,160.00,300
416.061,STOCK2,96.00,3000,160.00,300
416.417,STOCK1,90.00,3000,150.00,2000
416.641,STOCK2,96.00,3000,165.00,1100
416.771,STOCK2,96.00,3000,165.00,1000
417.599,STOCK1,90.00,2000,150.00,2000
417.822,STOCK2,95.00,100,165.00,1000
418.356,STOCK2,91.00,1400,165.00,1000
419.745,STOCK2,96.00,1000,165.00,1000
419.926,STOCK2,96.00,2000,165.00,1000
420.119,STOCK2,96.00,3000,165.00,1000
420.231,STOCK2,96.00,4000,165.00,1000
420.412,STOCK2,96.00,5000,165.00,1000
420.586,STOCK2,96.00,6000,165.00,1000
420.699,STOCK2,96.00,7000,165.00,1000
420.871,STOCK2,96.00,8000,165.00,1000
421.058,STOCK2,96.00,9000,165.00,1000
421.108,STOCK1,91.00,500,150.00,2000
421.118,STOCK1,90.00,1500,150.00,2000
421.238,STOCK2,96.00,10000,165.00,1000
421.787,STOCK1,91.00,500,150.00,2000
422.030,STOCK2,96.00,5000,165.00,1000
422.307,STOCK1,90.00,1000,150.00,2000
423.578,STOCK1,85.00,4000,150.00,2000
424.405,STOCK1,91.00,1000,150.00,2000
426.701,STOCK1,91.00,760,150.00,2000
427.060,STOCK1,91.00,760,150.00,2100
428.839,STOCK1,91.00,760,149.00,500
429.684,STOCK1,91.00,760,149.00,1000
429.967,STOCK2,96.00,5000,162.00,100
430.598,STOCK1,91.00,760,150.00,2100
430.882,STOCK2,100.00,1000,162.00,100
431.407,STOCK2,100.00,2000,162.00,100
431.417,STOCK1,91.00,760,150.00,1900
431.671,STOCK1,91.00,760,150.00,900
432.006,STOCK2,100.00,3000,162.00,100
432.077,STOCK1,91.00,760,150.00,700
432.489,STOCK1,91.00,760,150.00,2700
432.571,STOCK2,100.00,4000,162.00,100
432.762,STOCK1,91.00,760,150.00,2500
433.715,STOCK1,91.00,760,150.00,2300
434.578,STOCK1,91.00,760,150.00,2100
434.768,STOCK2,100.00,5000,162.00,100
435.222,STOCK1,91.00,760,150.00,1900
435.455,STOCK1,83.00,460,150.00,1900
435.465,STOCK2,100.00,6000,162.00,100
435.889,STOCK1,83.00,460,150.00,1700
436.072,STOCK1,92.00,500,150.00,1700
436.293,STOCK2,100.00,7000,162.00,100
436.425,STOCK1,92.00,500,150.00,1500
436.931,STOCK1,92.00,500,150.00,1300
437.488,STOCK1,92.00,500,150.00,1100
438.022,STOCK1,92.00,500,150.00,900
438.083,STOCK2,100.00,8000,162.00,100
438.265,STOCK1,83.00,460,150.00,900
438.506,STOCK1,83.00,460,150.00,700
438.674,STOCK1,82.00,3460,150.00,700
438.836,STOCK1,82.00,3460,150.00,500
439.697,STOCK1,82.00,3460,150.00,300
440.548,STOCK1,82.00,3460,150.00,100
440.941,STOCK1,82.00,3460,155.50,300
441.115,STOCK1,82.00,3460,156.00,1300
441.297,STOCK1,82.00,3460,156.00,300
441.417,STOCK1,82.00,3460,156.00,100
441.437,STOCK1,82.00,3460,158.00,100
442.143,STOCK1,80.00,3960,158.00,100
442.821,STOCK1,80.00,4960,158.00,100
443.207,STOCK1,80.00,5960,158.00,100
443.530,STOCK2,100.00,8000,150.00,1000
444.046,STOCK2,100.00,8000,150.00,2000
444.451,STOCK2,100.00,8000,150.00,3000
444.789,STOCK1,80.00,5960,155.00,100
444.851,STOCK2,100.00,8000,150.00,4000
445.356,STOCK2,100.00,8000,150.00,5000
445.446,STOCK2,100.00,8000,150.00,4500
445.546,STOCK2,100.00,8000,150.00,5500
445.718,STOCK2,100.00,8000,150.00,6500
445.848,STOCK2,100.00,8000,150.00,6000
445.879,STOCK2,100.00,8000,150.00,7000
446.051,STOCK2,100.00,8000,150.00,8000
446.293,STOCK2,100.00,8000,150.00,7500
446.415,STOCK2,100.00,8000,150.00,7000
446.507,STOCK1,80.00,3960,155.00,100
446.589,STOCK2,100.00,8000,150.00,6500
447.155,STOCK1,81.00,500,155.00,100
447.245,STOCK1,80.00,2460,155.00,100
447.515,STOCK2,100.00,8000,150.00,6400
447.688,STOCK2,100.00,8000,150.00,5400
448.034,STOCK2,100.00,8000,150.00,5300
448.388,STOCK2,100.00,8000,150.00,5200
448.418,STOCK2,100.00,8000,150.00,5100
448.641,STOCK2,100.00,8000,150.00,5000
448.782,STOCK2,100.00,8000,150.00,4900
448.904,STOCK2,100.00,8000,150.00,4800
448.935,STOCK2,100.00,8000,150.00,4700
448.956,STOCK1,80.00,460,155.00,100
449.047,STOCK2,100.00,8000,150.00,4600
449.087,STOCK1,80.00,460,159.00,1000
449.117,STOCK2,100.00,8000,150.00,4500
449.269,STOCK2,100.00,8000,150.00,4400
449.279,STOCK1,81.00,1000,159.00,1000
449.463,STOCK2,100.00,8000,150.00,3900
449.573,STOCK2,100.00,8000,150.00,3800
449.624,STOCK2,100.00,8000,150.00,3300
449.635,STOCK2,100.00,8000,150.00,2300
449.795,STOCK2,100.00,8000,150.00,2200
449.795,STOCK2,100.00,8000,150.00,1700
449.915,STOCK2,100.00,8000,150.00,2700
449.956,STOCK2,100.00,8000,150.00,2600
449.996,STOCK2,100.00,8000,150.00,2100
450.087,STOCK2,100.00,8000,150.00,2000
450.339,STOCK2,100.00,8000,150.00,3000
450.573,STOCK2,100.00,8000,150.00,2900
450.678,STOCK2,100.00,8000,150.00,3900
450.708,STOCK2,100.00,8000,150.00,2900
450.728,STOCK2,100.00,8000,150.00,2800
450.899,STOCK2,100.00,8000,150.00,2700
450.899,STOCK2,100.00,8000,150.00,2200
451.022,STOCK2,100.00,8000,150.00,2100
451.054,STOCK2,100.00,8000,150.00,2000
451.216,STOCK2,100.00,8000,150.00,1900
451.246,STOCK2,100.00,8000,150.00,1400
451.276,STOCK1,71.00,760,159.00,1000
451.336,STOCK1,71.00,760,159.00,800
451.396,STOCK2,100.00,8000,150.00,1300
451.597,STOCK2,100.00,8000,150.00,1200
451.747,STOCK2,100.00,8000,150.00,1100
451.898,STOCK2,100.00,8000,150.00,100
451.949,STOCK2,100.00,8000,162.00,100
452.081,STOCK2,100.00,8000,165.00,600
452.111,STOCK2,100.00,8000,165.00,500
452.292,STOCK2,100.00,8000,160.00,1000
452.292,STOCK2,100.00,8000,160.00,900
453.273,STOCK1,71.00,760,158.00,500
453.363,STOCK1,81.00,1000,158.00,500
453.781,STOCK1,81.00,1000,140.00,1000
453.972,STOCK1,81.00,1000,140.00,2000
454.182,STOCK1,81.00,1000,140.00,3000
454.413,STOCK1,81.00,1000,140.00,4000
454.716,STOCK2,100.00,8000,160.00,700
455.415,STOCK2,100.00,8000,160.00,1700
455.657,STOCK1,81.00,1000,140.00,3800
455.929,STOCK2,100.00,8000,160.00,700
455.960,STOCK2,100.00,8000,160.00,500
456.275,STOCK1,81.00,1000,140.00,4800
457.146,STOCK1,81.00,1000,140.00,4600
457.654,STOCK1,81.00,1000,140.00,4400
457.845,STOCK2,100.00,8000,160.00,1500
457.845,STOCK1,81.00,1000,140.00,4200
458.201,STOCK1,81.00,1000,140.00,4000
458.292,STOCK2,100.00,8000,159.00,1000
458.382,STOCK1,81.00,1000,140.00,3800
458.483,STOCK2,100.00,8000,159.00,2000
458.584,STOCK1,81.00,1000,138.00,500
458.908,STOCK1,81.00,1000,138.00,300
459.049,STOCK2,100.00,8000,159.00,1000
459.314,STOCK2,100.00,8000,160.00,1500
459.538,STOCK2,100.00,8000,160.00,500
459.701,STOCK1,81.00,1000,138.00,100
459.802,STOCK2,100.00,8000,166.00,7000
459.903,STOCK1,81.00,1000,140.00,3700
460.266,STOCK1,81.00,1000,140.00,3500
460.933,STOCK2,100.00,8000,166.00,6000
460.974,STOCK1,81.00,1000,140.00,3300
461.166,STOCK1,81.00,1000,140.00,3100
461.369,STOCK1,81.00,1000,140.00,2900
462.166,STOCK1,81.00,1000,140.00,3900
463.190,STOCK1,81.00,1000,140.00,4900
464.606,STOCK2,100.00,8000,166.00,5000
465.362,STOCK1,82.00,1000,140.00,4900
465.827,STOCK1,82.00,1000,140.00,9900
465.867,STOCK1,82.00,2000,140.00,9900
466.049,STOCK1,82.00,3000,140.00,9900
466.382,STOCK1,82.00,4000,140.00,9900
466.603,STOCK1,82.00,4000,140.00,9700
466.664,STOCK1,82.00,5000,140.00,9700
467.147,STOCK1,82.00,6000,140.00,9700
469.196,STOCK1,82.00,6000,140.00,9500
470.090,STOCK1,82.00,8000,140.00,9500
470.675,STOCK1,82.00,8000,140.00,9400
470.867,STOCK2,101.00,500,166.00,5000
470.919,STOCK1,82.00,8000,140.00,9300
471.532,STOCK1,82.10,1000,140.00,9300
471.622,STOCK1,82.10,1000,139.00,100
471.757,STOCK1,82.10,1000,130.00,1000
472.865,STOCK1,82.10,1000,130.00,900
473.048,STOCK1,82.10,1000,130.00,800
473.290,STOCK1,82.10,1000,130.00,700
473.451,STOCK1,82.10,1000,130.00,600
473.622,STOCK1,82.10,1000,130.00,500
473.784,STOCK1,82.10,1000,130.00,400
473.985,STOCK1,82.10,1000,130.00,300
475.412,STOCK2,101.00,500,165.75,2000
475.912,STOCK1,82.10,1000,139.00,300
476.917,STOCK1,82.10,1000,139.00,200
477.100,STOCK1,82.10,1000,139.00,100
477.892,STOCK1,82.10,1000,140.00,8400
477.972,STOCK1,82.10,1000,140.00,8300
478.853,STOCK1,82.10,1000,140.00,7300
479.516,STOCK2,105.00,4000,165.75,2000
480.098,STOCK1,82.10,1000,140.00,6300
480.986,STOCK1,82.10,1000,140.00,6200
481.189,STOCK1,82.10,1000,140.00,6100
481.380,STOCK1,82.10,1000,140.00,6000
481.391,STOCK2,105.00,4000,165.00,100
481.571,STOCK2,105.00,4000,165.00,200
481.591,STOCK1,82.10,1000,140.00,5900
481.741,STOCK2,105.00,4000,165.00,300
481.871,STOCK2,105.00,4000,165.00,400
482.333,STOCK1,82.10,1000,139.00,1000
482.485,STOCK2,105.00,4000,165.00,500
483.279,STOCK1,82.10,1000,139.00,2000
484.883,STOCK2,105.00,4000,160.00,4000
485.321,STOCK1,82.10,1000,134.00,2000
486.595,STOCK2,105.00,4000,160.00,3000
486.685,STOCK2,105.00,4000,160.00,2500
486.999,STOCK2,105.00,4000,160.00,1500
487.398,STOCK2,105.00,4000,160.00,500
487.691,STOCK2,105.00,4000,165.75,2000
488.057,STOCK2,107.00,165,165.75,2000
488.615,STOCK2,107.00,165,165.75,1000
491.335,STOCK1,82.10,1000,134.00,1000
491.456,STOCK2,107.00,330,165.75,1000
491.783,STOCK1,82.10,1000,135.00,5000
491.937,STOCK1,82.10,1000,135.00,4000
492.210,STOCK1,82.10,1000,135.00,3000
492.450,STOCK1,82.10,1000,135.00,2000
492.833,STOCK1,82.10,1000,135.00,1000
492.977,STOCK1,82.10,1000,138.00,1000
493.171,STOCK1,82.10,1000,138.00,900
493.293,STOCK1,82.10,1000,139.00,1900
493.879,STOCK1,82.10,1000,139.00,900
494.294,STOCK2,105.00,2330,165.75,1000
494.345,STOCK1,82.10,1000,140.00,5800
494.427,STOCK2,105.00,2330,165.00,100
494.619,STOCK2,105.00,2330,165.00,200
494.751,STOCK2,105.00,2330,165.00,300
494.822,STOCK1,82.10,1000,140.00,4800
495.288,STOCK1,82.10,1000,140.00,4700
495.528,STOCK1,82.10,1000,140.00,3700
495.628,STOCK2,105.00,2330,161.00,1000
495.874,STOCK1,82.10,1000,140.00,3600
496.303,STOCK1,82.10,1000,140.00,4600
496.833,STOCK1,82.10,1000,150.00,6600
496.956,STOCK1,82.10,1000,140.00,1000
497.332,STOCK1,82.10,1000,150.00,2600
497.486,STOCK1,82.10,1000,140.00,1000
497.810,STOCK1,82.10,1000,155.00,800
498.042,STOCK1,82.10,1000,158.00,300
498.213,STOCK1,82.10,1000,140.00,1000
499.239,STOCK2,105.00,2330,110.00,4000
499.604,STOCK1,82.10,1000,140.00,2000
499.798,STOCK1,83.00,1500,140.00,2000
500.373,STOCK2,105.00,2330,110.00,3900
500.618,STOCK1,83.00,1500,140.00,3000
500.838,STOCK2,105.00,2330,110.00,3800
501.000,STOCK2,105.00,2330,110.00,3700
501.231,STOCK2,105.00,2330,110.00,3600
501.362,STOCK2,105.00,2330,110.00,3500
501.422,STOCK1,83.00,1600,140.00,3000
501.494,STOCK2,105.00,330,110.00,3500
501.524,STOCK2,105.00,330,110.00,3400
501.686,STOCK2,105.00,330,110.00,3300
501.889,STOCK2,105.00,330,110.00,3200
501.889,STOCK1,83.00,1700,140.00,3000
501.939,STOCK1,83.00,1500,140.00,3000
502.009,STOCK2,105.00,330,110.00,3100
502.051,STOCK2,105.00,330,161.00,1000
502.051,STOCK2,100.00,6830,161.00,1000
502.191,STOCK2,100.00,6830,161.00,900
502.415,STOCK2,100.00,6830,161.00,800
502.546,STOCK2,100.00,4830,161.00,800
503.222,STOCK2,100.00,2830,161.00,800
503.720,STOCK2,100.00,2830,160.00,1000
503.881,STOCK2,100.00,2830,160.00,2000
504.409,STOCK1,84.00,100,140.00,3000
504.559,STOCK1,84.00,200,140.00,3000
504.682,STOCK2,100.00,2830,160.00,3000
504.712,STOCK1,84.00,300,140.00,3000
504.853,STOCK1,84.00,400,140.00,3000
505.035,STOCK1,84.00,500,140.00,3000
505.179,STOCK1,84.00,600,140.00,3000
505.310,STOCK1,84.00,700,140.00,3000
505.567,STOCK1,84.00,800,140.00,3000
505.959,STOCK1,84.00,600,140.00,3000
506.130,STOCK1,84.00,700,140.00,3000
506.202,STOCK2,110.00,4000,160.00,3000
506.304,STOCK1,84.00,800,140.00,3000
506.456,STOCK1,84.00,900,140.00,3000
506.486,STOCK1,84.00,900,140.00,1700
507.539,STOCK2,110.00,4000,160.00,2000
507.934,STOCK2,110.00,4000,159.00,165
508.695,STOCK2,110.00,4000,160.00,1165
509.198,STOCK2,110.00,4000,160.00,2165
509.988,STOCK2,110.00,4000,159.00,165
510.252,STOCK2,110.00,4000,160.00,1330
510.323,STOCK1,84.00,900,135.00,4100
510.575,STOCK1,85.00,1000,135.00,4100
511.342,STOCK2,110.00,3000,160.00,1330
511.422,STOCK2,110.00,3000,159.00,165
512.062,STOCK1,85.00,800,135.00,4100
512.707,STOCK2,110.00,3000,159.00,330
513.634,STOCK1,85.00,1800,135.00,4100
514.222,STOCK1,85.00,2800,135.00,4100
514.232,STOCK1,85.00,2800,135.00,3100
514.476,STOCK1,85.00,3800,135.00,3100
514.517,STOCK2,110.00,1000,159.00,330
514.587,STOCK1,85.00,4800,135.00,3100
514.839,STOCK1,85.10,100,135.00,3100
515.000,STOCK1,85.10,200,135.00,3100
515.010,STOCK2,110.00,1000,159.00,495
515.163,STOCK1,85.10,300,135.00,3100
515.307,STOCK1,85.10,400,135.00,3100
515.894,STOCK1,85.10,500,135.00,3100
515.944,STOCK1,85.10,500,135.00,2100
516.066,STOCK1,85.10,600,135.00,2100
516.519,STOCK1,85.10,600,134.00,100
516.684,STOCK1,85.10,600,134.00,200
516.846,STOCK1,85.10,600,134.00,300
516.978,STOCK1,85.10,600,134.00,400
517.018,STOCK1,85.10,600,135.00,1500
517.140,STOCK1,85.10,600,134.00,100
517.272,STOCK1,85.10,600,134.00,200
517.413,STOCK1,85.10,600,134.00,300
517.555,STOCK1,85.10,600,134.00,400
517.735,STOCK2,110.00,1000,155.00,1000
518.283,STOCK1,86.00,4000,134.00,400
519.326,STOCK1,86.10,100,134.00,400
519.427,STOCK1,86.10,100,134.00,500
519.437,STOCK1,86.10,200,134.00,500
519.508,STOCK1,86.10,200,135.00,1000
519.580,STOCK1,86.10,200,134.00,100
519.610,STOCK1,86.10,300,134.00,100
519.754,STOCK1,86.10,300,134.00,200
519.773,STOCK1,86.10,400,134.00,200
520.246,STOCK2,110.00,1000,155.00,500
520.926,STOCK2,110.00,1000,155.00,1500
520.936,STOCK2,110.00,1000,155.00,1000
521.735,STOCK1,86.10,400,134.00,300
521.923,STOCK1,86.10,400,134.00,400
522.104,STOCK1,86.10,400,134.00,500
522.958,STOCK1,86.10,400,134.00,600
523.118,STOCK1,86.10,400,134.00,700
523.289,STOCK1,86.10,400,134.00,800
523.661,STOCK1,86.10,400,135.00,800
523.671,STOCK2,110.00,1000,155.00,500
523.873,STOCK1,86.10,400,134.00,100
524.066,STOCK1,86.10,400,134.00,200
524.227,STOCK1,86.10,400,134.00,300
524.227,STOCK2,110.00,1000,159.00,495
524.390,STOCK1,86.10,400,134.00,400
524.452,STOCK1,88.00,4000,134.00,400
524.976,STOCK1,88.00,4000,134.00,500
524.986,STOCK1,88.00,4000,135.00,300
525.140,STOCK1,88.00,4000,134.00,100
525.313,STOCK1,88.00,4000,134.00,200
525.375,STOCK1,88.00,3800,134.00,200
525.589,STOCK1,88.00,3800,149.00,1600
526.155,STOCK1,88.00,3800,134.00,100
526.236,STOCK1,88.00,3800,149.00,700
526.754,STOCK2,110.00,1000,160.00,825
527.358,STOCK1,88.00,3800,159.00,800
527.992,STOCK1,88.10,100,159.00,800
528.306,STOCK2,110.00,1000,161.00,625
528.509,STOCK2,95.00,380,161.00,625
529.075,STOCK1,88.10,200,159.00,800
529.289,STOCK1,88.10,300,159.00,800
531.262,STOCK2,95.00,380,160.00,1000
531.887,STOCK2,95.00,380,160.00,2000
532.141,STOCK1,88.20,1000,159.00,800
532.798,STOCK1,88.20,2000,159.00,800
533.359,STOCK1,88.20,3000,159.00,800
533.449,STOCK1,89.00,165,159.00,800
534.238,STOCK1,89.00,330,159.00,800
534.632,STOCK2,96.00,1000,160.00,2000
535.199,STOCK2,96.00,2000,160.00,2000
535.494,STOCK1,89.00,330,158.00,1000
536.059,STOCK1,89.00,330,158.00,2000
536.444,STOCK1,89.00,330,158.00,3000
536.847,STOCK1,89.00,330,158.00,4000
537.174,STOCK1,89.00,330,155.00,100
537.378,STOCK1,89.00,330,155.00,200
537.571,STOCK1,89.00,330,155.00,300
537.701,STOCK1,89.00,330,155.00,400
537.883,STOCK1,89.00,330,155.00,500
538.026,STOCK1,89.00,330,155.00,600
538.199,STOCK1,89.00,330,155.00,700
538.399,STOCK1,89.00,330,155.00,800
539.668,STOCK1,89.00,330,155.00,900
539.841,STOCK1,89.00,330,155.00,1000
540.013,STOCK1,89.00,330,155.00,1100
540.165,STOCK1,89.00,330,155.00,1200
540.245,STOCK1,90.30,100,155.00,1200
540.346,STOCK1,90.30,100,155.00,1300
540.407,STOCK1,90.30,200,155.00,1300
540.518,STOCK1,90.30,200,155.00,1400
540.538,STOCK1,90.30,300,155.00,1400
540.781,STOCK2,100.00,5000,160.00,2000
540.973,STOCK1,90.30,400,155.00,1400
541.447,STOCK1,90.30,500,155.00,1400
541.467,STOCK1,90.30,400,155.00,1400
541.589,STOCK1,90.30,500,155.00,1400
541.889,STOCK1,90.30,500,154.00,5000
541.961,STOCK1,90.30,600,154.00,5000
542.799,STOCK1,91.00,1000,154.00,5000
543.323,STOCK1,91.00,2000,154.00,5000
544.470,STOCK2,100.00,5000,155.00,5000
545.610,STOCK1,92.00,1000,154.00,5000
546.157,STOCK1,92.00,950,154.00,5000
547.176,STOCK2,100.00,5000,155.00,4900
547.420,STOCK1,92.00,900,154.00,5000
547.490,STOCK1,92.00,1900,154.00,5000
547.611,STOCK2,100.00,5000,155.00,4400
547.745,STOCK1,92.00,1900,150.00,100
548.625,STOCK1,92.00,1850,150.00,100
550.237,STOCK2,100.00,5000,155.00,4300
550.802,STOCK2,100.00,3700,155.00,4300
551.301,STOCK1,93.00,1000,150.00,100
551.311,STOCK1,93.00,950,150.00,100
551.562,STOCK1,93.00,1950,150.00,100
551.735,STOCK1,93.00,2950,150.00,100
551.735,STOCK1,93.00,2950,149.00,500
551.897,STOCK1,93.00,3950,149.00,500
552.068,STOCK2,100.00,3700,155.00,4100
552.471,STOCK1,93.00,3950,152.00,600
552.911,STOCK1,93.00,3900,152.00,600
553.396,STOCK2,100.00,3700,155.00,4000
553.700,STOCK1,93.00,4900,152.00,600
553.770,STOCK2,100.00,3700,155.00,3900
553.924,STOCK1,93.00,4850,152.00,600
553.954,STOCK2,100.00,3700,155.00,3800
554.722,STOCK1,93.00,4850,149.00,500
555.138,STOCK2,100.00,3700,155.00,3600
555.846,STOCK1,93.00,4850,149.00,300
556.351,STOCK2,100.00,3700,150.00,1000
556.421,STOCK2,100.00,3200,150.00,1000
557.011,STOCK2,100.00,4200,150.00,1000
557.073,STOCK1,93.00,4800,149.00,300
557.476,STOCK2,100.00,5200,150.00,1000
557.497,STOCK1,93.00,2800,149.00,300
557.639,STOCK2,100.00,6200,150.00,1000
557.790,STOCK2,100.00,7200,150.00,1000
558.175,STOCK2,100.00,7200,150.00,900
558.185,STOCK1,93.00,800,149.00,300
558.316,STOCK2,100.00,7200,150.00,800
558.478,STOCK2,100.00,7200,150.00,300
558.925,STOCK1,93.00,800,149.00,800
559.210,STOCK1,93.00,300,149.00,800
559.930,STOCK1,93.50,100,149.00,800
560.072,STOCK1,93.50,200,149.00,800
560.214,STOCK1,93.50,300,149.00,800
560.354,STOCK1,93.50,400,149.00,800
560.507,STOCK1,93.50,500,149.00,800
560.557,STOCK1,93.50,400,149.00,800
560.597,STOCK2,100.00,7200,155.00,2900
560.639,STOCK2,100.00,7200,155.00,2400
560.649,STOCK1,93.50,500,149.00,800
560.794,STOCK1,93.50,600,149.00,800
560.925,STOCK1,93.50,700,149.00,800
561.106,STOCK1,93.50,800,149.00,800
561.237,STOCK1,93.50,900,149.00,800
561.389,STOCK1,93.50,1000,149.00,800
561.419,STOCK1,93.50,900,149.00,800
561.552,STOCK1,93.50,1000,149.00,800
561.696,STOCK1,93.50,1100,149.00,800
561.880,STOCK1,93.50,1200,149.00,800
561.921,STOCK1,93.50,1100,149.00,800
562.486,STOCK2,100.00,6700,155.00,2400
562.526,STOCK1,93.50,1200,149.00,800
562.698,STOCK1,93.50,1300,149.00,800
562.840,STOCK1,93.50,1400,149.00,800
562.891,STOCK1,93.50,1300,149.00,800
563.031,STOCK1,93.50,1400,149.00,800
563.580,STOCK1,93.50,1300,149.00,800
564.317,STOCK2,100.00,6700,150.00,1000
564.499,STOCK2,110.00,5000,150.00,1000
564.541,STOCK2,110.00,5000,150.00,2000
564.906,STOCK2,110.00,5000,150.00,3000
564.976,STOCK1,93.50,1300,148.00,3000
565.898,STOCK2,110.00,5000,150.00,2000
565.999,STOCK2,110.00,5000,150.00,1000
566.110,STOCK1,93.60,1000,148.00,3000
566.417,STOCK2,110.00,5000,155.00,2400
566.570,STOCK1,94.00,5000,148.00,3000
567.241,STOCK2,110.00,5000,150.00,1000
567.293,STOCK2,110.00,5000,155.00,2400
567.426,STOCK2,110.00,5000,150.00,1000
567.577,STOCK2,110.00,5000,150.00,2000
568.034,STOCK2,110.00,5000,150.00,3000
568.034,STOCK2,110.00,5000,150.00,2000
568.467,STOCK2,110.00,5000,150.00,1900
568.467,STOCK2,110.00,5000,150.00,900
568.577,STOCK2,110.00,5000,150.00,1900
568.819,STOCK2,110.00,5000,150.00,1800
569.144,STOCK2,110.00,5000,150.00,1700
569.388,STOCK2,110.00,5000,150.00,1600
569.830,STOCK2,110.00,5000,150.00,1500
570.010,STOCK2,110.00,5000,150.00,1400
570.092,STOCK2,110.00,5000,150.00,2400
570.172,STOCK2,110.00,5000,150.00,2300
570.243,STOCK2,110.00,5000,150.00,3300
570.365,STOCK2,110.00,5000,150.00,3200
570.405,STOCK2,110.00,5000,150.00,4200
570.528,STOCK2,110.00,5000,150.00,3200
570.577,STOCK2,110.00,5000,150.00,4200
570.809,STOCK2,110.00,5000,150.00,5200
570.911,STOCK2,110.00,5000,150.00,5100
570.911,STOCK2,110.00,5000,150.00,10100
571.123,STOCK2,110.00,5000,150.00,10000
571.286,STOCK2,110.00,5000,150.00,9900
571.472,STOCK2,110.00,5000,150.00,9800
571.543,STOCK2,110.00,5000,150.00,10800
571.667,STOCK2,110.00,5000,150.00,10700
571.709,STOCK2,110.00,5000,150.00,11700
571.840,STOCK1,94.00,5000,148.00,4000
571.871,STOCK2,110.00,5000,150.00,12700
572.032,STOCK2,110.00,5000,150.00,12600
572.043,STOCK2,110.00,5000,150.00,12500
572.477,STOCK2,110.00,5000,150.00,12400
572.650,STOCK2,110.00,5000,150.00,12300
572.822,STOCK2,110.00,5000,150.00,12200
572.964,STOCK2,110.00,5000,150.00,12100
573.442,STOCK2,110.00,5000,150.00,12000
573.815,STOCK2,110.00,5000,150.00,11900
573.947,STOCK2,110.00,5000,150.00,11800
573.999,STOCK2,111.00,500,150.00,11800
574.123,STOCK2,111.00,500,150.00,11700
574.205,STOCK2,111.00,500,150.00,11600
574.300,STOCK2,111.00,500,150.00,11500
574.490,STOCK2,111.00,500,150.00,11400
574.776,STOCK2,111.00,500,150.00,11300
574.796,STOCK1,94.00,5000,147.00,100
574.906,STOCK1,94.00,5000,147.00,200
575.036,STOCK2,111.00,1000,150.00,11300
575.077,STOCK1,94.00,5000,147.00,300
575.119,STOCK2,111.00,1000,150.00,11200
575.255,STOCK2,111.00,1000,150.00,11100
575.255,STOCK2,111.00,1000,150.00,11000
575.416,STOCK1,94.00,5000,147.00,400
575.681,STOCK2,111.00,1000,150.00,10000
575.752,STOCK2,111.00,1000,150.00,9900
575.795,STOCK2,111.00,1500,150.00,9900
575.856,STOCK1,94.00,5000,147.00,500
576.159,STOCK1,94.00,5000,147.00,600
576.210,STOCK1,94.00,5000,144.00,5000
576.846,STOCK2,111.00,1500,150.00,9800
577.946,STOCK2,111.00,1500,150.00,8800
578.097,STOCK2,111.00,1500,150.00,8700
578.360,STOCK1,94.00,4900,144.00,5000
578.390,STOCK2,111.00,1500,150.00,8600
578.483,STOCK2,111.00,1500,150.00,8500
578.706,STOCK2,111.00,1500,150.00,8400
578.716,STOCK2,111.00,1500,150.00,7400
578.876,STOCK2,111.00,1500,150.00,7300
579.069,STOCK2,111.00,1500,150.00,7200
579.252,STOCK1,94.00,4800,144.00,5000
579.526,STOCK1,94.00,5300,144.00,5000
580.052,STOCK2,111.00,1500,150.00,6200
580.205,STOCK1,94.00,5200,144.00,5000
580.335,STOCK2,111.00,1500,150.00,6100
580.477,STOCK2,111.00,1500,150.00,6000
580.741,STOCK2,111.00,1500,149.00,500
581.005,STOCK2,111.00,1500,149.00,1000
581.351,STOCK2,111.00,1500,149.00,900
581.462,STOCK1,95.00,1000,144.00,5000
581.643,STOCK2,111.00,1500,149.00,800
582.357,STOCK2,111.00,1500,149.00,700
582.997,STOCK2,111.00,1500,149.00,600
583.551,STOCK2,111.00,1500,149.00,500
584.078,STOCK1,95.00,1000,142.00,3000
585.390,STOCK2,111.00,1500,149.00,400
585.757,STOCK2,111.00,1500,150.00,5401
585.879,STOCK2,111.00,1500,150.00,5301
586.536,STOCK1,96.00,1000,142.00,3000
588.229,STOCK1,96.00,900,142.00,3000
588.506,STOCK2,111.00,1500,150.00,5101
588.616,STOCK1,96.00,800,142.00,3000
588.637,STOCK1,96.00,1800,142.00,3000
588.780,STOCK1,96.00,2800,142.00,3000
588.824,STOCK1,96.00,2700,142.00,3000
588.995,STOCK1,96.00,2600,142.00,3000
589.389,STOCK1,96.00,2500,142.00,3000
589.479,STOCK2,111.00,1500,150.00,4901
589.681,STOCK1,96.00,2400,142.00,3000
589.863,STOCK2,111.00,1500,150.00,4401
590.004,STOCK1,96.00,2300,142.00,3000
590.432,STOCK2,111.00,1500,150.00,3901
590.676,STOCK1,96.00,2200,142.00,3000
590.838,STOCK1,96.00,2100,142.00,3000
591.000,STOCK1,96.00,2000,142.00,3000
591.164,STOCK1,96.00,1900,142.00,3000
591.215,STOCK1,98.00,5000,142.00,3000
591.336,STOCK1,98.00,4900,142.00,3000
591.558,STOCK1,98.00,4800,142.00,3000
591.842,STOCK1,98.00,4700,142.00,3000
591.852,STOCK1,98.00,4600,142.00,3000
592.632,STOCK1,98.00,4600,141.00,1000
593.152,STOCK1,98.00,4500,141.00,1000
593.295,STOCK1,98.00,4400,141.00,1000
593.456,STOCK1,98.00,4300,141.00,1000
593.639,STOCK1,98.00,4200,141.00,1000
593.679,STOCK1,98.00,4200,141.00,2000
593.893,STOCK1,98.00,4100,141.00,2000
594.164,STOCK1,100.00,1000,141.00,2000
594.225,STOCK1,100.00,900,141.00,2000
594.266,STOCK1,100.00,800,141.00,2000
594.397,STOCK1,100.00,1800,141.00,2000
594.621,STOCK1,100.00,1700,141.00,2000
594.713,STOCK1,100.00,1600,141.00,2000
594.723,STOCK1,100.00,1500,141.00,2000
594.755,STOCK1,100.00,2500,141.00,2000
594.960,STOCK1,100.00,3500,141.00,2000
595.173,STOCK1,100.00,3400,141.00,2000
595.183,STOCK1,100.00,3300,141.00,2000
595.497,STOCK1,100.00,4300,141.00,2000
595.669,STOCK1,100.00,4200,141.00,2000
595.739,STOCK1,100.00,5200,141.00,2000
595.779,STOCK1,100.00,5200,140.00,5000
596.611,STOCK1,100.00,5100,140.00,5000
597.453,STOCK1,100.00,5000,140.00,5000
597.534,STOCK1,100.00,6000,140.00,5000
597.624,STOCK2,112.00,1000,150.00,3901
597.899,STOCK1,100.00,7000,140.00,5000
598.206,STOCK1,100.00,6900,140.00,5000
598.216,STOCK1,100.00,6800,140.00,5000
598.236,STOCK1,100.00,6700,140.00,5000
598.276,STOCK2,112.00,2000,150.00,3901
598.296,STOCK1,100.00,6600,140.00,5000
598.825,STOCK2,112.00,3000,150.00,3901
599.140,STOCK1,100.00,6500,140.00,5000
599.304,STOCK2,112.00,4000,150.00,3901
599.315,STOCK1,100.00,6400,140.00,5000
599.568,STOCK1,100.00,6350,140.00,5000
599.619,STOCK1,100.00,6340,140.00,5000
599.630,STOCK1,100.00,6240,140.00,5000
599.650,STOCK1,100.00,6140,140.00,5000
599.724,STOCK1,100.00,6090,140.00,5000
599.786,STOCK2,112.00,5000,150.00,3901
599.806,STOCK1,101.00,500,140.00,5000
599.900,STOCK1,101.00,450,140.00,5000
600.032,STOCK1,101.00,950,140.00,5000
600.073,STOCK1,101.00,900,140.00,5000
600.145,STOCK1,101.00,800,140.00,5000
600.198,STOCK1,101.00,750,140.00,5000
600.208,STOCK1,101.00,550,140.00,5000
600.258,STOCK2,112.00,6000,150.00,3901
600.470,STOCK1,101.00,1050,140.00,5000
600.717,STOCK1,101.00,1000,140.00,5000
600.738,STOCK1,101.00,1500,140.00,5000
600.830,STOCK2,112.00,7000,150.00,3901
600.860,STOCK1,101.00,1500,139.00,1000
600.870,STOCK1,101.00,1450,139.00,1000
601.003,STOCK1,101.00,1950,139.00,1000
601.013,STOCK1,101.00,1900,139.00,1000
601.033,STOCK1,101.00,1900,139.00,2000
601.157,STOCK1,101.00,2400,139.00,2000
601.178,STOCK1,101.00,2350,139.00,2000
601.248,STOCK2,112.00,8000,150.00,3901
601.288,STOCK1,101.00,2850,139.00,2000
601.309,STOCK1,101.00,2750,139.00,2000
601.319,STOCK1,101.00,2700,139.00,2000
601.462,STOCK1,101.00,2650,139.00,2000
601.585,STOCK1,101.00,3150,139.00,2000
601.617,STOCK1,101.00,3100,139.00,2000
601.718,STOCK2,112.00,9000,150.00,3901
601.738,STOCK1,101.00,3050,139.00,2000
601.860,STOCK1,101.00,3000,139.00,2000
601.981,STOCK1,101.00,2950,139.00,2000
602.151,STOCK2,112.00,10000,150.00,3901
603.415,STOCK1,101.00,2850,139.00,2000
604.676,STOCK1,102.00,200,139.00,2000
604.746,STOCK1,102.00,100,139.00,2000
604.807,STOCK1,101.00,2850,139.00,2000
604.990,STOCK1,101.00,2850,139.00,1900
605.042,STOCK1,101.00,2850,139.00,901
605.408,STOCK1,101.00,1850,139.00,901
605.521,STOCK1,101.00,850,139.00,901
605.645,STOCK1,100.00,1940,139.00,901
605.665,STOCK1,100.00,940,139.00,901
605.827,STOCK1,98.00,5040,139.00,901
605.877,STOCK1,98.00,4940,139.00,901
605.907,STOCK1,98.00,4840,139.00,901
605.970,STOCK1,98.00,3840,139.00,901
606.202,STOCK1,98.00,3840,139.00,801
606.345,STOCK1,98.00,3840,140.00,8802
606.375,STOCK1,98.00,2840,140.00,8802
606.557,STOCK1,98.00,2840,140.00,8702
606.862,STOCK1,98.00,1840,140.00,8702
606.945,STOCK1,98.00,1840,138.00,500
607.068,STOCK1,98.00,1740,138.00,500
607.088,STOCK1,98.00,1740,138.00,1000
607.097,STOCK1,98.00,740,138.00,1000
607.198,STOCK1,98.00,740,138.00,1500
607.217,STOCK1,102.00,200,138.00,1500
607.319,STOCK1,102.00,200,138.00,1400
607.674,STOCK1,97.00,940,138.00,1400
607.725,STOCK1,97.00,940,138.00,1300
607.848,STOCK1,97.00,840,138.00,1300
607.899,STOCK1,97.00,840,138.00,1800
608.110,STOCK1,102.00,200,138.00,1800
608.276,STOCK1,102.00,400,138.00,1800
608.650,STOCK1,102.00,400,138.00,2300
608.721,STOCK1,102.00,600,138.00,2300
608.853,STOCK1,102.00,400,138.00,2300
608.895,STOCK1,102.00,600,138.00,2300
609.055,STOCK1,102.00,800,138.00,2300
609.204,STOCK1,102.00,800,138.00,2200
609.234,STOCK1,102.00,1000,138.00,2200
609.395,STOCK1,102.00,1000,138.00,2100
609.609,STOCK1,102.00,1000,138.00,2000
609.774,STOCK1,102.00,1000,138.00,1900
609.917,STOCK1,102.00,900,138.00,1900
609.948,STOCK1,102.00,900,138.00,1800
610.119,STOCK1,102.00,900,138.00,1700
610.285,STOCK1,102.00,900,138.00,1600
610.436,STOCK1,102.00,900,138.00,1500
610.599,STOCK1,102.00,900,137.00,300
610.599,STOCK1,102.00,900,137.00,200
610.765,STOCK1,102.00,900,137.00,100
610.937,STOCK1,102.00,900,138.00,1500
611.008,STOCK2,112.00,9000,150.00,3901
611.478,STOCK1,102.00,900,138.00,1400
611.651,STOCK1,102.00,900,138.00,1300
611.773,STOCK1,102.00,900,138.00,1800
611.854,STOCK1,102.00,900,138.00,1700
612.038,STOCK1,102.00,900,138.00,1600
612.200,STOCK1,102.00,900,138.00,1500
612.366,STOCK1,102.00,900,138.00,1400
612.538,STOCK1,102.00,900,138.00,1300
612.734,STOCK1,102.00,900,138.00,1200
612.939,STOCK1,102.00,900,138.00,1100
613.119,STOCK1,102.00,900,138.00,1000
613.313,STOCK1,102.00,900,138.00,900
613.514,STOCK1,102.00,900,138.00,800
613.687,STOCK1,102.00,900,138.00,700
613.820,STOCK2,112.00,8000,150.00,3901
613.872,STOCK1,102.00,900,138.00,600
614.056,STOCK1,102.00,900,138.00,500
614.237,STOCK1,102.00,900,138.00,400
614.420,STOCK1,102.00,900,138.00,300
614.602,STOCK1,102.00,900,138.00,200
614.785,STOCK1,102.00,800,138.00,200
614.785,STOCK1,102.00,800,138.00,100
614.966,STOCK1,102.00,800,140.00,8702
615.636,STOCK1,102.00,800,140.00,8602
615.686,STOCK1,102.00,700,140.00,8602
618.039,STOCK2,112.00,8000,148.00,3000
618.179,STOCK1,102.00,600,140.00,8602
618.179,STOCK1,102.00,500,140.00,8602
619.469,STOCK1,102.00,300,140.00,8602
620.604,STOCK2,113.00,500,148.00,3000
620.816,STOCK1,102.00,200,140.00,8602
621.220,STOCK2,113.00,1000,148.00,3000
621.404,STOCK1,103.00,1000,140.00,8602
621.488,STOCK1,103.00,1000,140.00,7602
622.046,STOCK1,103.00,2000,140.00,7602
622.370,STOCK1,103.00,3000,140.00,7602
622.380,STOCK1,103.00,3000,140.00,6602
622.567,STOCK1,103.00,4000,140.00,6602
622.781,STOCK1,103.00,5000,140.00,6602
622.791,STOCK1,103.00,5000,139.00,100
622.954,STOCK1,103.00,6000,139.00,100
623.149,STOCK1,103.00,7000,139.00,100
623.179,STOCK1,103.00,12000,139.00,100
623.249,STOCK1,103.00,13000,139.00,100
623.390,STOCK1,103.00,12900,139.00,100
623.421,STOCK1,103.00,13900,139.00,100
623.602,STOCK1,103.00,14900,139.00,100
623.786,STOCK1,103.00,15900,139.00,100
624.492,STOCK1,103.00,15900,139.00,200
624.673,STOCK1,103.00,15900,139.00,300
624.861,STOCK1,103.00,15900,139.00,400
624.992,STOCK1,103.00,15900,139.00,500
626.044,STOCK1,103.00,15800,139.00,500
626.064,STOCK1,103.00,15700,139.00,500
626.269,STOCK2,113.00,950,148.00,3000
627.039,STOCK2,113.00,900,148.00,3000
627.604,STOCK2,113.00,850,148.00,3000
628.355,STOCK2,113.00,800,148.00,3000
628.646,STOCK2,112.00,7800,148.00,3000
629.370,STOCK1,103.00,15700,138.00,1000
629.471,STOCK2,112.00,7750,148.00,3000
629.735,STOCK1,103.00,15700,138.00,2000
629.765,STOCK2,112.00,6750,148.00,3000
629.936,STOCK2,112.00,6700,148.00,3000
630.421,STOCK1,105.00,5000,138.00,2000
630.717,STOCK2,112.00,5700,148.00,3000
630.717,STOCK2,112.00,5650,148.00,3000
631.042,STOCK1,105.00,4900,138.00,2000
631.326,STOCK2,112.00,5600,148.00,3000
631.448,STOCK2,112.00,4600,148.00,3000
631.969,STOCK2,112.00,4550,148.00,3000
632.099,STOCK1,105.00,4800,138.00,2000
632.280,STOCK2,112.00,3550,148.00,3000
632.464,STOCK2,112.00,3500,148.00,3000
633.023,STOCK2,112.00,3450,148.00,3000
633.579,STOCK2,112.00,3400,148.00,3000
634.078,STOCK2,112.00,3350,148.00,3000
634.506,STOCK2,112.00,3300,148.00,3000
634.608,STOCK2,112.00,3300,148.00,2000
634.701,STOCK1,105.00,4700,138.00,2000
635.167,STOCK1,105.00,4600,138.00,2000
635.571,STOCK2,112.00,3250,148.00,2000
635.771,STOCK2,112.00,3200,148.00,2000
635.961,STOCK2,112.00,3150,148.00,2000
636.143,STOCK2,112.00,3100,148.00,2000
636.367,STOCK1,105.00,4500,138.00,2000
636.488,STOCK1,105.01,1000,138.00,2000
636.589,STOCK1,106.00,1000,138.00,2000
636.931,STOCK1,106.00,900,138.00,2000
637.042,STOCK1,106.00,1900,138.00,2000
637.297,STOCK1,106.00,1800,138.00,2000
639.400,STOCK2,112.00,3050,148.00,2000
639.570,STOCK2,112.00,3000,148.00,2000
639.672,STOCK1,106.00,1800,138.00,1900
639.672,STOCK1,106.00,1800,135.00,5000
639.758,STOCK2,112.00,2950,148.00,2000
639.799,STOCK1,106.00,1700,135.00,5000
639.819,STOCK1,106.00,1600,135.00,5000
639.900,STOCK2,112.00,2900,148.00,2000
640.095,STOCK2,112.00,2850,148.00,2000
640.215,STOCK2,112.00,2850,145.00,1000
640.803,STOCK2,112.00,850,145.00,1000
641.199,STOCK1,106.50,200,135.00,5000
641.301,STOCK2,112.00,850,145.00,2000
641.352,STOCK2,112.00,800,145.00,2000
641.372,STOCK1,106.50,400,135.00,5000
641.542,STOCK1,106.50,600,135.00,5000
641.702,STOCK1,106.50,800,135.00,5000
641.853,STOCK1,106.50,1000,135.00,5000
641.994,STOCK1,106.50,1200,135.00,5000
642.155,STOCK1,106.50,1400,135.00,5000
642.327,STOCK1,106.50,1600,135.00,5000
642.470,STOCK1,106.50,1500,135.00,5000
643.232,STOCK2,112.00,750,145.00,2000
644.933,STOCK1,106.50,1400,135.00,5000
644.943,STOCK2,113.00,1000,145.00,2000
645.437,STOCK2,113.00,1000,140.00,1000
645.752,STOCK1,106.50,1600,135.00,5000
646.289,STOCK1,106.50,1600,135.00,4900
646.411,STOCK1,107.00,1000,135.00,4900
646.591,STOCK1,107.00,2000,135.00,4900
646.641,STOCK2,113.00,1000,140.00,2000
646.743,STOCK1,107.00,3000,135.00,4900
646.916,STOCK1,107.00,4000,135.00,4900
647.076,STOCK1,107.00,5000,135.00,4900
647.137,STOCK1,107.01,1000,135.00,4900
647.507,STOCK1,107.01,2000,135.00,4900
647.669,STOCK1,107.01,3000,135.00,4900
647.869,STOCK1,107.01,4000,135.00,4900
648.051,STOCK1,107.01,5000,135.00,4900
648.152,STOCK1,107.01,6000,135.00,4900
648.338,STOCK1,107.01,7000,135.00,4900
648.348,STOCK2,113.00,1000,140.00,1800
650.166,STOCK2,113.00,1000,140.00,1300
650.538,STOCK1,108.00,1000,135.00,4900
650.841,STOCK1,108.00,1000,135.00,4800
650.881,STOCK2,113.00,1000,140.00,800
650.975,STOCK1,108.00,2000,135.00,4800
651.275,STOCK2,113.00,1000,140.00,600
651.408,STOCK2,113.00,1000,140.00,100
652.819,STOCK2,113.00,1000,145.00,1900
653.652,STOCK1,108.00,2000,134.00,1000
653.828,STOCK1,108.00,2000,134.00,500
654.103,STOCK2,113.00,6000,145.00,1900
654.164,STOCK1,108.50,200,134.00,500
654.317,STOCK1,108.50,400,134.00,500
654.348,STOCK1,108.50,400,134.00,1500
654.460,STOCK1,108.50,600,134.00,1500
654.582,STOCK1,108.50,800,134.00,1500
654.725,STOCK1,108.50,1000,134.00,1500
654.858,STOCK1,108.50,1200,134.00,1500
654.978,STOCK1,108.50,1400,134.00,1500
655.120,STOCK1,108.50,1600,134.00,1500
655.251,STOCK1,108.50,1800,134.00,1500
655.374,STOCK1,108.50,2000,134.00,1500
655.444,STOCK1,108.50,1900,134.00,1500
655.494,STOCK1,108.50,2100,134.00,1500
656.088,STOCK1,108.50,2100,134.00,1400
656.919,STOCK1,110.00,1000,134.00,1400
657.020,STOCK1,110.00,2000,134.00,1400
657.162,STOCK2,115.00,5000,145.00,1900
657.192,STOCK1,110.00,3000,134.00,1400
657.392,STOCK1,110.00,4000,134.00,1400
657.563,STOCK1,110.00,5000,134.00,1400
657.817,STOCK1,110.00,5000,130.01,1000
657.990,STOCK1,110.00,5000,130.01,2000
658.365,STOCK1,110.00,4900,130.01,2000
658.880,STOCK1,110.00,5900,130.01,2000
658.910,STOCK2,115.00,5000,144.00,1000
658.980,STOCK1,110.00,5800,130.01,2000
659.525,STOCK1,110.00,5700,130.01,2000
659.544,STOCK2,115.00,5000,140.00,100
659.748,STOCK2,115.00,5000,140.00,200
659.768,STOCK1,110.00,5600,130.01,2000
659.859,STOCK2,115.00,5000,140.00,300
660.025,STOCK2,115.00,5000,140.00,400
660.341,STOCK1,110.00,5600,130.01,1000
661.030,STOCK2,115.00,5000,140.00,500
661.191,STOCK2,115.00,5000,140.00,600
661.353,STOCK2,115.00,5000,140.00,700
661.466,STOCK1,110.00,5600,134.00,1400
661.528,STOCK2,115.00,5000,140.00,800
661.710,STOCK2,115.00,5000,140.00,900
662.579,STOCK1,110.00,5500,134.00,1400
662.639,STOCK1,111.50,200,134.00,1400
662.669,STOCK2,115.00,5000,140.00,1000
662.811,STOCK1,111.50,400,134.00,1400
662.902,STOCK2,115.00,5000,140.00,1100
662.952,STOCK1,111.50,600,134.00,1400
663.037,STOCK2,115.00,5000,140.00,1200
663.098,STOCK1,111.50,800,134.00,1400
663.238,STOCK1,111.50,1000,134.00,1400
663.392,STOCK1,111.50,1200,134.00,1400
663.523,STOCK1,111.50,1400,134.00,1400
663.715,STOCK1,111.50,1600,134.00,1400
664.211,STOCK2,120.00,5000,140.00,1200
664.364,STOCK1,111.50,1800,134.00,1400
664.951,STOCK1,111.50,1800,112.00,1200
665.512,STOCK1,111.50,1700,112.00,1200
667.838,STOCK1,111.50,1200,112.00,1200
668.235,STOCK1,110.00,4700,112.00,1200
668.457,STOCK1,110.00,4600,112.00,1200
668.487,STOCK1,110.00,4500,112.00,1200
668.679,STOCK1,110.00,4300,112.00,1200
669.053,STOCK1,110.00,4200,112.00,1200
669.675,STOCK2,121.00,1000,140.00,1200
669.716,STOCK1,110.00,4000,112.00,1200
670.952,STOCK2,121.00,2000,140.00,1200
671.103,STOCK2,121.00,3000,140.00,1200
671.163,STOCK1,110.00,3900,112.00,1200
671.336,STOCK1,110.00,3700,112.00,1200
672.252,STOCK2,121.00,4000,140.00,1200
673.879,STOCK1,110.00,3600,112.00,1200
674.591,STOCK2,122.00,5000,140.00,1200
674.955,STOCK2,122.00,5000,140.00,1100
674.955,STOCK2,122.00,5000,140.00,1000
674.955,STOCK2,122.00,5000,140.00,900
674.955,STOCK2,122.00,5000,140.00,800
674.955,STOCK2,122.00,5000,140.00,700
674.955,STOCK2,122.00,5000,140.00,600
674.955,STOCK2,122.00,5000,140.00,500
674.955,STOCK2,122.00,5000,140.00,400
674.955,STOCK2,122.00,5000,140.00,300
674.955,STOCK2,122.00,5000,140.00,200
674.955,STOCK2,122.00,5000,140.00,100
674.955,STOCK2,122.00,5000,144.00,2000
675.208,STOCK2,122.00,5000,139.00,1000
675.390,STOCK2,122.00,5000,139.00,2000
675.665,STOCK1,110.00,1600,112.00,1200
675.665,STOCK2,122.00,5000,139.00,3000
675.850,STOCK2,122.00,5000,139.00,4000
676.033,STOCK2,122.00,5000,139.00,5000
676.223,STOCK2,122.00,5000,139.00,6000
676.395,STOCK2,122.00,5000,139.00,7000
676.596,STOCK2,122.00,5000,139.00,8000
676.849,STOCK2,122.00,5000,139.00,9000
677.307,STOCK1,110.00,1600,112.00,1100
677.842,STOCK1,110.00,1600,112.00,1000
678.005,STOCK1,110.00,1600,112.00,900
678.166,STOCK1,110.00,1600,112.00,800
678.337,STOCK1,110.00,1600,112.00,700
678.417,STOCK1,110.00,1600,134.00,1100
678.507,STOCK1,110.00,1600,134.00,1000
678.698,STOCK1,110.00,1600,134.00,900
678.838,STOCK1,110.00,1600,134.00,800
679.201,STOCK1,110.00,1500,134.00,800
679.383,STOCK1,110.00,1500,134.00,700
679.557,STOCK1,110.00,1500,134.00,600
679.587,STOCK1,110.00,1400,134.00,600
679.678,STOCK2,122.00,5000,137.00,1000
679.718,STOCK1,110.00,1400,134.00,500
679.881,STOCK1,110.00,1400,134.00,400
679.983,STOCK2,122.00,5000,137.00,2000
680.123,STOCK1,110.00,1400,134.00,300
680.318,STOCK1,110.00,1400,134.00,200
680.398,STOCK2,122.00,5000,137.00,3000
680.489,STOCK1,110.00,1400,134.00,100
680.570,STOCK2,122.00,5000,137.00,4000
680.885,STOCK1,110.00,1400,135.00,4800
682.772,STOCK1,110.00,1400,134.00,1000
684.491,STOCK2,123.00,1000,137.00,4000
684.634,STOCK2,123.00,2000,137.00,4000
685.054,STOCK1,110.00,1400,134.00,2000
685.124,STOCK2,123.00,3000,137.00,4000
685.285,STOCK2,123.00,4000,137.00,4000
685.336,STOCK1,110.00,1400,134.00,3000
685.601,STOCK2,123.00,3950,137.00,4000
685.752,STOCK2,123.00,3900,137.00,4000
685.904,STOCK2,123.00,3850,137.00,4000
686.076,STOCK2,123.00,3800,137.00,4000
686.229,STOCK2,123.00,3750,137.00,4000
686.269,STOCK2,123.00,4750,137.00,4000
686.400,STOCK2,123.00,4700,137.00,4000
686.636,STOCK2,123.00,4650,137.00,4000
686.828,STOCK2,123.00,4600,137.00,4000
687.132,STOCK2,123.00,4550,137.00,4000
687.344,STOCK2,123.00,4500,137.00,4000
687.494,STOCK2,123.00,4500,136.00,200
687.535,STOCK2,123.00,4450,136.00,200
687.668,STOCK2,123.00,4450,136.00,400
687.707,STOCK2,123.00,4400,136.00,400
687.880,STOCK2,123.00,4350,136.00,400
688.043,STOCK2,123.00,4300,136.00,400
688.236,STOCK2,123.00,4250,136.00,400
688.387,STOCK2,123.00,4200,136.00,400
690.316,STOCK2,123.00,4150,136.00,400
690.498,STOCK2,123.00,4100,136.00,400
690.699,STOCK2,123.00,4100,135.00,1000
690.709,STOCK2,123.00,4050,135.00,1000
690.880,STOCK2,123.00,4000,135.00,1000
691.083,STOCK2,123.00,3950,135.00,1000
691.246,STOCK2,123.00,3900,135.00,1000
691.397,STOCK2,123.00,3900,135.00,2000
691.467,STOCK2,123.00,3850,135.00,2000
691.668,STOCK2,123.00,3800,135.00,2000
693.730,STOCK2,123.00,3750,135.00,2000
693.903,STOCK2,123.00,3700,135.00,2000
695.786,STOCK2,123.00,3700,134.00,1000
695.938,STOCK2,123.00,3700,134.00,2000
696.738,STOCK2,123.00,3700,134.00,2200
696.879,STOCK2,123.00,3700,134.00,2400
696.980,STOCK1,110.00,1500,134.00,3000
697.405,STOCK2,123.00,3700,134.00,3400
697.517,STOCK1,110.00,1500,133.90,500
697.779,STOCK1,111.00,5000,133.90,500
700.459,STOCK2,123.00,3700,134.00,3200
701.017,STOCK2,123.00,3700,134.00,3000
701.200,STOCK2,123.00,1700,134.00,3000
703.361,STOCK1,111.00,5000,134.00,3000
705.226,STOCK1,111.00,5000,134.00,2500
706.460,STOCK2,123.00,1700,133.00,200
706.612,STOCK2,123.00,1700,133.00,400
708.162,STOCK2,123.00,1700,133.00,1400
708.474,STOCK2,123.00,1700,133.00,2400
708.752,STOCK2,123.00,1700,133.00,3400
708.912,STOCK1,110.00,6500,134.00,2500
709.687,STOCK2,123.00,1700,132.00,1000
709.912,STOCK1,110.00,1500,134.00,2500
710.699,STOCK2,123.00,1650,132.00,1000
710.832,STOCK2,123.00,1650,130.00,1000
710.882,STOCK2,123.00,1600,130.00,1000
710.893,STOCK1,108.50,600,134.00,2500
711.059,STOCK2,123.00,1550,130.00,1000
711.150,STOCK1,107.01,6600,134.00,2500
711.371,STOCK1,107.01,1600,134.00,2500
711.554,STOCK1,105.30,1800,134.00,2500
711.756,STOCK1,105.30,1800,130.00,5000
714.933,STOCK2,123.00,1550,130.00,500
716.009,STOCK2,123.00,1550,132.00,500
716.528,STOCK2,123.00,550,132.00,500
716.875,STOCK2,123.00,550,130.00,100
717.283,STOCK1,105.30,1800,130.00,4500
717.947,STOCK2,123.00,550,132.00,400
720.673,STOCK1,108.00,5000,130.00,4500
720.791,STOCK2,123.00,550,131.00,1000
722.635,STOCK1,108.00,5000,130.00,3500
722.726,STOCK2,123.00,550,131.00,1
722.899,STOCK2,123.00,550,133.00,2802
723.804,STOCK1,108.00,5000,128.30,1000
724.452,STOCK1,108.00,5000,128.30,2000
724.534,STOCK1,108.00,4900,128.30,2000
725.170,STOCK1,108.00,4900,128.30,3000
725.504,STOCK1,108.00,4800,128.30,3000
725.646,STOCK2,123.00,550,132.00,1000
725.909,STOCK1,108.00,4800,128.30,2500
726.201,STOCK1,108.00,4700,128.30,2500
726.452,STOCK1,108.00,4700,128.30,2000
726.806,STOCK1,108.00,4700,128.30,3000
726.816,STOCK2,123.00,500,132.00,1000
726.949,STOCK1,108.00,4700,128.30,2500
727.100,STOCK2,123.00,450,132.00,1000
727.311,STOCK1,108.00,4600,128.30,2500
727.394,STOCK1,108.00,4500,128.30,2500
727.625,STOCK2,123.00,400,132.00,1000
727.830,STOCK2,123.00,350,132.00,1000
728.022,STOCK2,123.00,300,132.00,1000
728.233,STOCK1,108.00,4400,128.30,2500
728.254,STOCK2,123.00,250,132.00,1000
728.497,STOCK2,123.00,200,132.00,1000
728.711,STOCK2,123.00,150,132.00,1000
728.863,STOCK1,108.00,4300,128.30,2500
728.873,STOCK2,123.00,100,132.00,1000
729.065,STOCK2,123.00,50,132.00,1000
729.327,STOCK2,122.00,5000,132.00,1000
729.510,STOCK2,122.00,4950,132.00,1000
729.716,STOCK1,108.00,4200,128.30,2500
729.726,STOCK2,122.00,4900,132.00,1000
729.828,STOCK1,108.00,4100,128.30,2500
729.948,STOCK2,122.00,4850,132.00,1000
730.161,STOCK2,122.00,4800,132.00,1000
730.668,STOCK1,108.00,4100,128.30,3500
730.810,STOCK2,122.00,4800,132.00,990
731.376,STOCK2,122.00,4800,130.00,100
732.014,STOCK2,122.00,4800,130.00,1100
732.215,STOCK2,122.00,4800,130.00,2100
732.376,STOCK2,122.00,4800,130.00,3100
732.557,STOCK2,122.00,4800,130.00,4100
732.607,STOCK1,108.00,4100,128.00,200
732.617,STOCK1,108.00,4100,128.00,1200
732.737,STOCK2,122.00,4800,130.00,5100
732.777,STOCK1,108.00,4100,128.00,1400
732.829,STOCK1,108.00,4100,128.00,2400
732.949,STOCK1,108.00,4100,128.00,2600
734.058,STOCK2,122.00,4800,130.00,6100
734.542,STOCK1,108.00,4100,128.00,7600
734.794,STOCK2,122.00,4800,130.00,7100
734.833,STOCK1,108.00,4000,128.00,7600
735.209,STOCK2,122.00,4800,130.00,8100
736.002,STOCK2,122.00,4800,130.00,9100
736.355,STOCK1,108.00,4000,127.30,1000
737.002,STOCK1,108.00,4000,127.30,2000
737.983,STOCK1,108.00,4000,127.30,3000
739.862,STOCK1,108.00,4000,127.00,1000
743.663,STOCK1,108.00,4000,126.00,1000
744.449,STOCK2,122.00,4800,130.00,8600
744.652,STOCK2,122.00,4800,130.00,8100
744.784,STOCK2,122.00,4800,128.00,1000
745.111,STOCK2,122.00,4800,128.00,500
745.181,STOCK2,122.00,4800,128.00,1500
745.333,STOCK2,122.00,4800,128.00,1000
746.069,STOCK2,122.00,4800,128.00,2000
746.119,STOCK2,122.00,4800,128.00,1500
746.320,STOCK1,110.00,1000,126.00,1000
746.630,STOCK2,122.00,4800,128.00,1000
746.853,STOCK2,122.00,4800,128.00,500
747.256,STOCK1,110.00,1000,125.00,3500
747.428,STOCK1,110.00,1000,125.00,4500
747.620,STOCK1,110.00,1000,125.00,5500
747.740,STOCK2,122.00,4800,130.00,8100
747.791,STOCK1,110.00,1000,125.00,6500
747.973,STOCK1,110.00,1000,125.00,7500
748.084,STOCK2,125.00,4000,130.00,8100
748.135,STOCK1,110.00,1000,125.00,8500
748.306,STOCK2,125.00,4000,130.00,8090
748.306,STOCK1,110.00,1000,125.00,9500
749.394,STOCK1,110.00,1000,125.00,10500
750.265,STOCK1,110.00,900,125.00,10500
750.812,STOCK2,125.00,2000,130.00,8090
750.934,STOCK1,110.00,800,125.00,10500
751.380,STOCK2,125.00,1990,130.00,8090
752.230,STOCK1,110.00,700,125.00,10500
752.705,STOCK1,110.00,700,125.00,9500
753.120,STOCK1,110.00,700,125.00,8500
753.251,STOCK1,111.00,5000,125.00,8500
753.684,STOCK1,111.00,5000,125.00,7500
755.099,STOCK1,111.00,5000,125.00,7000
756.443,STOCK1,111.00,5000,125.00,6500
756.637,STOCK1,111.00,5000,125.00,6000
757.516,STOCK1,112.00,1000,125.00,6000
758.113,STOCK2,125.00,990,130.00,8090
758.260,STOCK1,112.00,1000,124.00,1000
758.749,STOCK1,112.00,1000,124.00,2000
759.041,STOCK1,112.00,1000,124.00,3000
762.216,STOCK2,125.00,980,130.00,8090
763.316,STOCK2,125.00,970,130.00,8090
763.468,STOCK1,112.00,500,124.00,3000
764.061,STOCK2,125.00,960,130.00,8090
764.898,STOCK2,125.00,960,129.70,5000
765.020,STOCK2,125.00,950,129.70,5000
765.040,STOCK1,112.00,500,123.00,200
765.191,STOCK1,112.00,500,123.00,400
765.751,STOCK2,125.00,940,129.70,5000
765.963,STOCK1,112.00,500,123.00,600
766.104,STOCK1,112.00,500,123.00,800
766.134,STOCK1,112.00,500,123.00,1800
766.174,STOCK2,122.00,4740,129.70,5000
766.256,STOCK1,112.00,500,123.00,2000
766.430,STOCK1,112.00,500,123.00,2200
766.469,STOCK1,111.00,5000,123.00,2200
766.560,STOCK1,111.00,5000,123.00,2400
767.024,STOCK1,111.00,5000,123.00,3400
767.781,STOCK1,111.00,5000,123.00,4400
768.114,STOCK1,111.00,5000,120.00,3500
769.245,STOCK2,122.00,4740,129.70,4800
769.953,STOCK2,122.00,4730,129.70,4800
772.206,STOCK1,111.00,5000,119.00,1000
772.317,STOCK1,111.00,5000,119.00,2000
773.153,STOCK1,111.00,5000,119.00,3000
774.119,STOCK1,111.00,5000,118.00,200
774.279,STOCK1,111.00,5000,118.00,400
774.492,STOCK1,111.00,5000,118.00,600
775.352,STOCK1,111.00,5000,118.00,800
776.322,STOCK1,111.00,5000,118.00,1000
776.492,STOCK1,111.00,5000,118.00,1200
776.685,STOCK1,111.00,5000,118.00,1400
778.612,STOCK2,122.00,4730,129.70,4300
779.282,STOCK1,111.00,5000,115.00,1000
781.571,STOCK2,122.00,4730,129.70,3800
781.821,STOCK1,111.00,5000,118.00,1400
782.681,STOCK2,122.00,4730,129.70,3300
783.179,STOCK1,111.00,5000,118.00,1300
783.634,STOCK2,122.00,4720,129.70,3300
783.845,STOCK1,111.00,5000,118.00,1200
786.671,STOCK1,111.00,5000,115.00,1000
787.583,STOCK1,111.00,5000,115.00,900
787.725,STOCK1,111.00,5000,115.00,800
788.305,STOCK1,111.00,5000,115.00,700
788.456,STOCK1,111.00,5000,115.00,600
788.577,STOCK1,111.00,5000,115.00,500
788.749,STOCK1,111.00,5000,115.00,400
788.799,STOCK2,122.00,4670,129.70,3300
788.849,STOCK1,111.00,5000,115.00,300
788.901,STOCK1,111.00,5000,118.00,500
789.011,STOCK2,122.00,4620,129.70,3300
789.069,STOCK1,111.00,5000,118.00,400
789.210,STOCK2,122.00,4570,129.70,3300
789.413,STOCK2,122.00,4520,129.70,3300
790.886,STOCK1,111.00,5000,115.00,3500
791.519,STOCK1,111.00,5000,115.00,3400
791.681,STOCK1,111.00,5000,115.00,3300
791.792,STOCK1,111.00,5000,115.00,3200
791.952,STOCK1,111.00,5000,115.00,3100
792.083,STOCK1,111.00,5000,115.00,3000
792.235,STOCK1,111.00,5000,115.00,2900
792.416,STOCK1,111.00,5000,115.00,2800
792.545,STOCK1,111.00,5000,115.00,2700
792.628,STOCK2,122.00,4520,129.70,2800
792.710,STOCK1,111.00,5000,115.00,2600
792.939,STOCK1,111.00,5000,115.00,2500
792.949,STOCK2,122.10,500,129.70,2800
792.999,STOCK1,111.00,5000,115.00,2400
793.180,STOCK1,111.00,5000,118.00,400
793.251,STOCK1,111.00,5000,115.00,1000
793.622,STOCK1,111.00,5000,115.00,2000
794.748,STOCK1,111.01,1000,115.00,2000
795.043,STOCK1,111.01,1000,115.00,1500
795.043,STOCK1,111.01,1000,115.00,1400
795.193,STOCK1,111.01,1000,115.00,1300
795.353,STOCK1,111.01,1000,115.00,1200
795.566,STOCK1,111.01,1000,115.00,1100
795.666,STOCK1,111.01,1000,115.00,1000
795.827,STOCK1,111.01,1000,115.00,900
795.979,STOCK1,111.01,1000,115.00,800
796.131,STOCK1,111.01,1000,115.00,700
796.325,STOCK1,111.01,1000,115.00,600
797.163,STOCK1,111.01,1000,115.00,100
797.738,STOCK1,111.01,1000,115.00,3100
798.235,STOCK1,111.01,1000,115.00,4100
799.987,STOCK2,122.10,500,129.00,500
800.247,STOCK1,111.01,1000,115.00,3100
804.590,STOCK1,111.01,1000,115.00,2850
804.735,STOCK1,111.01,1000,115.00,3750
806.348,STOCK2,123.00,1000,129.00,500
807.614,STOCK2,123.00,990,129.00,500
807.685,STOCK1,111.01,1000,115.00,2750
809.460,STOCK2,123.00,980,129.00,500
810.177,STOCK2,125.00,1000,129.00,500
812.606,STOCK2,125.00,2000,129.00,500
812.776,STOCK2,125.00,3000,129.00,500
812.948,STOCK1,111.01,1000,115.00,3750
813.959,STOCK2,125.00,4000,129.00,500
823.036,STOCK2,125.00,3250,129.00,500
824.968,STOCK2,126.00,1000,129.00,500
826.780,STOCK1,111.01,500,115.00,3750
827.359,STOCK1,111.01,500,115.00,3740
827.832,STOCK1,111.00,5000,115.00,3740
827.963,STOCK1,111.00,5000,115.00,3730
829.983,STOCK2,126.00,1000,128.00,1000
831.306,STOCK1,111.00,5000,115.00,3720
831.540,STOCK1,111.00,5000,114.99,1000
835.736,STOCK2,125.00,2350,128.00,1000
836.080,STOCK1,111.01,1000,114.99,1000
837.779,STOCK2,126.10,5000,128.00,1000
838.317,STOCK2,126.10,5000,128.00,900
838.833,STOCK2,126.10,5000,128.00,800
839.086,STOCK2,126.10,5000,128.00,700
839.167,STOCK2,126.10,5000,128.00,600
840.161,STOCK2,126.10,5000,128.00,500
840.321,STOCK2,126.10,5000,128.00,400
840.462,STOCK2,126.10,5000,128.00,300
841.341,STOCK2,126.10,5000,128.00,200
841.492,STOCK2,126.10,5000,128.00,100
842.118,STOCK2,126.10,5000,129.00,400
842.239,STOCK2,126.10,5000,129.00,300
843.584,STOCK2,126.10,5000,128.00,1000
844.115,STOCK1,111.01,1000,114.98,900
845.695,STOCK2,126.10,4975,128.00,1000
845.890,STOCK2,126.10,4950,128.00,1000
846.091,STOCK2,126.10,4925,128.00,1000
846.264,STOCK2,126.10,4900,128.00,1000
846.444,STOCK2,126.10,4875,128.00,1000
847.954,STOCK2,126.10,4850,128.00,1000
847.994,STOCK1,111.01,1000,114.00,200
848.065,STOCK2,126.10,4825,128.00,1000
848.156,STOCK1,111.01,1000,114.00,400
848.254,STOCK2,126.10,4800,128.00,1000
848.294,STOCK1,111.01,1000,114.00,600
848.424,STOCK1,111.01,1000,114.00,800
848.819,STOCK1,111.01,1000,114.00,1000
849.440,STOCK1,111.01,1000,114.00,1200
849.601,STOCK1,111.01,1000,114.00,1400
849.774,STOCK1,111.01,1000,114.00,1600
850.057,STOCK2,126.10,4775,128.00,1000
850.228,STOCK2,126.10,4750,128.00,1000
850.400,STOCK2,126.10,4725,128.00,1000
851.335,STOCK2,126.10,4725,128.00,900
851.490,STOCK2,126.10,4725,128.00,800
851.683,STOCK2,126.10,4725,128.00,700
852.027,STOCK1,111.01,1000,114.00,850
852.401,STOCK2,126.10,4725,128.00,600
852.815,STOCK1,111.01,1000,114.00,840
853.081,STOCK1,111.01,1000,112.00,1000
853.153,STOCK2,126.10,4725,128.00,500
856.095,STOCK1,111.05,2500,112.00,1000
857.178,STOCK2,126.10,4725,128.00,490
857.353,STOCK2,126.10,4725,128.00,480
858.048,STOCK2,126.10,4725,128.00,470
858.905,STOCK2,126.10,4725,128.00,370
859.269,STOCK1,111.05,2300,112.00,1000
859.380,STOCK2,126.10,4225,128.00,370
859.835,STOCK2,126.10,4225,128.00,270
860.373,STOCK1,111.05,2100,112.00,1000
861.410,STOCK2,126.10,4225,128.00,170
861.986,STOCK2,126.10,4225,128.00,70
863.039,STOCK1,111.05,1900,112.00,1000
864.054,STOCK2,126.10,4225,129.00,270
864.064,STOCK1,111.05,1700,112.00,1000
864.898,STOCK2,126.30,1000,129.00,270
866.233,STOCK1,111.05,1700,114.00,840
866.343,STOCK1,111.05,1700,111.95,200
866.524,STOCK1,111.05,1700,111.95,400
866.665,STOCK1,111.05,1700,111.95,600
868.363,STOCK1,111.05,1500,111.95,600
868.836,STOCK2,126.30,1000,129.00,260
869.698,STOCK2,126.30,1000,128.00,1000
870.386,STOCK2,126.30,1000,128.00,2000
870.611,STOCK2,126.30,1000,128.00,3000
871.980,STOCK2,126.30,1000,128.00,2800
873.237,STOCK2,126.30,1000,128.00,2600
874.251,STOCK1,111.05,1500,111.95,100
874.384,STOCK1,111.05,1500,114.00,840
874.718,STOCK2,126.30,1000,128.00,1600
874.870,STOCK1,111.05,1500,114.00,640
878.710,STOCK1,111.05,600,114.00,640
879.736,STOCK2,126.30,1000,128.00,600
880.617,STOCK1,111.05,600,113.00,500
882.199,STOCK1,111.05,600,113.00,400
882.714,STOCK1,111.05,600,113.00,900
882.869,STOCK1,111.05,600,113.00,800
883.000,STOCK1,111.05,600,113.00,700
883.142,STOCK1,111.05,600,113.00,600
884.398,STOCK1,111.05,600,113.00,500
884.571,STOCK1,111.05,600,113.00,400
884.725,STOCK1,111.05,600,113.00,300
886.087,STOCK1,111.05,600,113.00,200
886.289,STOCK1,111.05,600,113.00,100
886.551,STOCK1,111.05,600,113.00,600
886.693,STOCK1,111.05,100,113.00,600
886.837,STOCK1,111.05,100,113.00,500
887.357,STOCK2,126.30,1000,128.00,500
887.489,STOCK1,111.05,100,113.00,1000
888.045,STOCK2,126.30,1000,128.00,400
888.480,STOCK2,126.30,1000,129.70,2460
888.642,STOCK2,126.30,1000,129.70,2360
889.800,STOCK1,111.02,1600,113.00,1000
889.871,STOCK2,126.30,1000,129.70,1360
890.082,STOCK1,111.02,1600,113.00,500
890.213,STOCK2,126.30,1000,129.70,360
892.789,STOCK1,111.02,1600,113.00,400
892.963,STOCK1,111.02,1600,113.00,300
893.391,STOCK1,111.02,1600,113.00,200
894.999,STOCK1,111.02,1100,113.00,200
895.739,STOCK1,111.02,600,113.00,200
895.759,STOCK1,111.02,600,113.00,100
897.183,STOCK1,111.02,100,113.00,100
897.303,STOCK1,111.02,100,114.00,640
898.290,STOCK1,111.01,600,114.00,640
899.859,STOCK2,126.30,1000,130.00,7661
902.241,STOCK1,111.01,300,114.00,640
904.135,STOCK2,126.30,1000,129.00,1000
904.500,STOCK1,111.02,1000,114.00,640
906.363,STOCK2,126.50,200,129.00,1000
906.525,STOCK2,126.50,400,129.00,1000
906.686,STOCK2,126.50,600,129.00,1000
906.840,STOCK2,126.50,800,129.00,1000
907.013,STOCK2,126.50,1000,129.00,1000
907.398,STOCK2,126.50,1200,129.00,1000
908.603,STOCK1,111.02,1000,114.00,41
909.257,STOCK2,126.50,1400,129.00,1000
909.450,STOCK2,126.50,1600,129.00,1000
909.611,STOCK2,126.50,1800,129.00,1000
910.593,STOCK2,126.50,2000,129.00,1000
910.727,STOCK2,126.50,2200,129.00,1000
910.918,STOCK2,126.50,2400,129.00,1000
912.601,STOCK1,111.02,1000,113.95,5000
913.470,STOCK1,111.02,1000,113.00,1000
914.123,STOCK1,111.02,1000,113.00,900
914.583,STOCK1,111.02,1000,113.00,1900
915.381,STOCK1,111.01,300,113.00,1900
916.500,STOCK1,111.01,300,113.95,1900
916.702,STOCK1,111.01,300,114.93,441
916.874,STOCK1,111.01,300,117.00,671
917.057,STOCK1,111.01,300,123.00,3071
917.170,STOCK2,126.50,2200,129.00,1000
917.230,STOCK1,111.01,300,126.50,71
917.528,STOCK2,126.50,2000,129.00,1000
918.180,STOCK1,111.01,300,134.00,1571
918.360,STOCK1,111.01,300,141.00,971
918.805,STOCK1,111.01,300,148.00,3671
919.498,STOCK2,127.00,500,129.00,1000
920.915,STOCK2,127.00,475,129.00,1000
921.299,STOCK2,127.00,450,129.00,1000
921.797,STOCK1,111.01,300,148.00,1000
921.919,STOCK2,127.00,425,129.00,1000
922.370,STOCK2,127.00,400,129.00,1000
922.511,STOCK1,111.01,200,148.00,1000
922.776,STOCK2,127.00,375,129.00,1000
922.946,STOCK2,127.00,375,128.00,500
923.157,STOCK2,127.00,350,128.00,500
923.750,STOCK2,127.00,325,128.00,500
924.155,STOCK2,126.50,1325,128.00,500
924.498,STOCK2,126.50,1300,128.00,500
925.380,STOCK2,126.50,300,128.00,500
925.634,STOCK1,111.01,200,147.90,350
926.296,STOCK1,112.00,200,147.90,350
926.478,STOCK1,112.00,400,147.90,350
926.538,STOCK1,112.00,400,147.00,1000
926.599,STOCK1,112.00,600,147.00,1000
926.661,STOCK1,112.00,600,140.00,1000
926.762,STOCK1,112.00,800,140.00,1000
926.822,STOCK1,112.00,800,114.93,2500
926.852,STOCK1,112.00,1000,114.93,2500
927.023,STOCK1,112.00,1200,114.93,2500
927.133,STOCK1,112.00,1400,114.93,2500
927.539,STOCK2,126.30,650,128.00,500
928.349,STOCK1,112.00,1600,114.93,2500
928.501,STOCK1,112.00,1800,114.93,2500
928.641,STOCK1,112.00,2000,114.93,2500
928.791,STOCK1,112.00,2200,114.93,2500
928.954,STOCK1,112.00,2400,114.93,2500
930.043,STOCK1,112.00,2400,114.93,2000
930.467,STOCK1,112.00,2400,140.00,2000
932.005,STOCK1,112.00,2400,140.00,3000
932.536,STOCK1,112.00,2400,140.00,4000
932.675,STOCK2,126.10,3875,128.00,500
932.797,STOCK1,112.01,5000,140.00,4000
933.775,STOCK2,126.10,2875,128.00,500
934.888,STOCK1,112.01,5000,139.00,1000
935.070,STOCK2,126.10,1875,128.00,500
935.350,STOCK1,112.01,5000,139.00,2000
935.796,STOCK1,112.01,5000,139.00,3000
935.876,STOCK2,126.10,875,128.00,500
936.754,STOCK1,113.01,1000,139.00,3000
937.570,STOCK1,113.01,2000,139.00,3000
938.317,STOCK1,113.01,3000,139.00,3000
939.810,STOCK2,126.10,875,128.00,400
939.890,STOCK1,114.00,200,139.00,3000
939.960,STOCK2,126.10,875,128.00,300
940.041,STOCK1,114.00,400,139.00,3000
940.091,STOCK1,114.00,800,139.00,3000
940.191,STOCK1,114.00,1000,139.00,3000
940.331,STOCK1,114.00,1200,139.00,3000
940.434,STOCK2,126.10,875,128.00,200
940.466,STOCK1,114.00,1400,139.00,3000
940.627,STOCK1,114.00,1600,139.00,3000
940.759,STOCK1,114.00,1800,139.00,3000
941.248,STOCK1,114.00,1800,138.02,1000
941.248,STOCK1,114.00,2000,138.02,1000
941.350,STOCK2,126.30,100,128.00,200
941.494,STOCK2,126.30,200,128.00,200
941.657,STOCK2,126.30,300,128.00,200
941.868,STOCK2,126.30,400,128.00,200
941.908,STOCK2,126.30,400,128.00,150
942.008,STOCK2,126.30,500,128.00,150
942.675,STOCK2,126.30,600,128.00,150
942.920,STOCK2,126.30,700,128.00,150
943.011,STOCK2,126.30,800,128.00,150
943.193,STOCK2,126.30,900,128.00,150
943.578,STOCK2,126.30,1000,128.00,150
943.775,STOCK2,126.30,1100,128.00,150
943.967,STOCK2,126.30,1200,128.00,150
944.088,STOCK2,126.30,1300,128.00,150
944.753,STOCK1,114.00,1900,138.02,1000
945.259,STOCK1,114.01,5000,138.02,1000
945.289,STOCK1,114.01,4900,138.02,1000
945.542,STOCK1,114.01,4800,138.02,1000
945.644,STOCK1,114.01,4700,138.02,1000
946.080,STOCK1,114.01,4700,137.00,1000
946.142,STOCK1,114.01,4600,137.00,1000
946.213,STOCK2,126.30,1300,128.00,100
947.114,STOCK1,114.01,4600,137.00,2000
947.479,STOCK2,126.30,1300,128.00,50
947.621,STOCK2,126.30,1300,129.00,1000
947.691,STOCK1,114.50,1000,137.00,2000
947.835,STOCK1,114.50,2000,137.00,2000
947.876,STOCK1,114.50,1900,137.00,2000
947.946,STOCK2,126.30,1300,129.00,950
948.005,STOCK1,114.50,2900,137.00,2000
948.026,STOCK1,114.50,2800,137.00,2000
948.169,STOCK1,114.50,3800,137.00,2000
948.332,STOCK1,114.50,4800,137.00,2000
948.442,STOCK2,126.30,1300,129.00,900
948.483,STOCK1,114.50,3800,137.00,2000
949.011,STOCK1,114.50,4800,137.00,2000
949.021,STOCK1,114.50,4700,137.00,2000
949.214,STOCK1,115.01,1000,137.00,2000
949.398,STOCK1,115.01,2000,137.00,2000
949.681,STOCK1,115.01,1000,137.00,2000
949.863,STOCK1,115.01,2000,137.00,2000
950.207,STOCK1,115.01,3000,137.00,2000
950.309,STOCK1,115.01,2000,137.00,2000
950.442,STOCK2,126.30,800,129.00,900
951.513,STOCK1,115.01,1000,137.00,2000
952.355,STOCK1,116.00,1000,137.00,2000
952.547,STOCK2,126.30,900,129.00,900
952.720,STOCK2,126.30,1000,129.00,900
952.905,STOCK2,126.30,1100,129.00,900
953.078,STOCK2,126.30,1200,129.00,900
953.249,STOCK2,126.30,1300,129.00,900
953.420,STOCK1,116.00,1200,137.00,2000
953.571,STOCK1,116.00,1400,137.00,2000
953.732,STOCK1,116.00,1600,137.00,2000
954.167,STOCK1,116.00,2600,137.00,2000
954.675,STOCK1,116.00,2500,137.00,2000
954.830,STOCK1,116.00,2400,137.00,2000
954.981,STOCK1,116.00,2300,137.00,2000
955.124,STOCK2,127.00,400,129.00,900
955.365,STOCK1,116.00,2200,137.00,2000
955.537,STOCK1,116.00,2100,137.00,2000
956.046,STOCK1,116.00,2000,137.00,2000
956.200,STOCK1,116.00,1900,137.00,2000
956.267,STOCK1,116.00,1900,136.00,1000
956.368,STOCK1,116.00,1400,136.00,1000
956.864,STOCK1,116.00,1300,136.00,1000
957.079,STOCK1,116.00,1200,136.00,1000
957.766,STOCK1,116.00,1100,136.00,1000
958.679,STOCK1,116.00,600,136.00,1000
959.398,STOCK1,116.00,600,135.01,1000
959.572,STOCK1,116.00,600,135.01,2000
959.880,STOCK1,116.00,100,135.01,2000
960.356,STOCK1,117.50,200,135.01,2000
960.519,STOCK1,117.50,400,135.01,2000
960.681,STOCK1,117.50,600,135.01,2000
960.757,STOCK1,117.50,600,135.00,1000
960.878,STOCK1,117.50,800,135.00,1000
960.940,STOCK2,126.30,1200,129.00,900
961.377,STOCK1,117.50,300,135.00,1000
961.907,STOCK1,120.01,5000,135.00,1000
964.240,STOCK1,120.01,4900,135.00,1000
964.420,STOCK1,120.01,4800,135.00,1000
964.806,STOCK1,122.00,1000,135.00,1000
965.088,STOCK1,122.00,500,135.00,1000
966.340,STOCK1,120.01,4800,135.00,1000
966.434,STOCK1,122.00,1000,135.00,1000
968.052,STOCK1,122.00,500,135.00,1000
969.005,STOCK1,120.01,4800,135.00,1000
969.632,STOCK1,124.00,1000,135.00,1000
969.852,STOCK1,124.00,2000,135.00,1000
969.985,STOCK1,124.00,2000,134.01,500
970.026,STOCK1,124.00,3000,134.01,500
970.026,STOCK1,126.00,3000,134.01,500
970.831,STOCK1,126.00,3000,134.01,1000
970.964,STOCK1,126.00,3000,132.00,5000
973.389,STOCK2,126.31,5000,129.00,900
975.192,STOCK1,127.00,2000,132.00,5000
975.509,STOCK1,127.00,2000,131.00,1000
976.087,STOCK1,127.00,2000,130.01,500
976.231,STOCK1,127.00,2000,130.01,1000
976.386,STOCK1,127.00,1500,130.01,1000
976.599,STOCK1,127.00,1500,130.01,1500
977.622,STOCK1,127.00,1000,130.01,1500
979.120,STOCK2,126.32,100,129.00,900
979.293,STOCK2,126.32,200,129.00,900
979.444,STOCK2,126.32,300,129.00,900
980.029,STOCK2,126.32,300,128.99,5000
980.334,STOCK1,128.00,1000,130.01,1500
980.777,STOCK1,128.00,900,130.01,1500
981.808,STOCK2,126.32,400,128.99,5000
981.868,STOCK1,128.00,1900,130.01,1500
981.939,STOCK2,126.32,500,128.99,5000
982.463,STOCK1,128.00,2900,130.01,1500
983.940,STOCK2,126.32,500,128.99,4900
984.061,STOCK1,128.00,2800,130.01,1500
985.374,STOCK1,128.00,2300,130.01,1500
985.464,STOCK1,128.00,2275,130.01,1500
985.626,STOCK1,128.00,2250,130.01,1500
985.790,STOCK1,128.00,2225,130.01,1500
985.950,STOCK1,128.00,2200,130.01,1500
986.070,STOCK1,128.00,2175,130.01,1500
986.213,STOCK1,128.00,2150,130.01,1500
986.366,STOCK1,128.00,2125,130.01,1500
986.507,STOCK1,128.00,2100,130.01,1500
986.659,STOCK1,128.00,2075,130.01,1500
986.801,STOCK1,128.00,2050,130.01,1500
986.965,STOCK1,128.00,2025,130.01,1500
987.125,STOCK1,128.00,2000,130.01,1500
987.209,STOCK2,126.32,500,129.00,800
987.280,STOCK1,128.00,1975,130.01,1500
987.361,STOCK1,128.00,1975,130.00,1000
987.361,STOCK1,128.00,1875,130.00,1000
987.412,STOCK1,128.00,875,130.00,1000
987.422,STOCK1,128.00,850,130.00,1000
987.583,STOCK1,128.00,825,130.00,1000
987.734,STOCK1,128.00,800,130.00,1000
987.765,STOCK2,126.32,500,129.00,700
987.826,STOCK2,126.32,500,130.00,3361
987.856,STOCK1,128.00,775,130.00,1000
987.977,STOCK2,126.32,500,130.00,3261
988.007,STOCK1,128.00,750,130.00,1000
988.148,STOCK1,128.00,725,130.00,1000
988.168,STOCK2,126.32,500,130.00,3161
988.229,STOCK2,126.32,500,132.00,151
988.311,STOCK1,128.00,700,130.00,1000
988.453,STOCK1,128.00,675,130.00,1000
988.493,STOCK2,126.32,500,132.00,51
988.493,STOCK1,128.00,575,130.00,1000
988.564,STOCK1,128.00,575,129.01,500
988.594,STOCK1,128.00,550,129.01,500
988.704,STOCK2,126.32,500,134.00,853
988.734,STOCK1,128.00,525,129.01,500
988.885,STOCK1,128.00,500,129.01,500
989.045,STOCK1,128.00,475,129.01,500
989.127,STOCK2,126.32,500,137.00,2053
989.188,STOCK1,128.00,450,129.01,500
989.335,STOCK1,128.00,425,129.01,500
989.406,STOCK2,126.32,500,137.00,1953
989.486,STOCK1,128.00,325,129.01,500
989.496,STOCK1,128.00,300,129.01,500
989.507,STOCK2,126.32,500,142.00,353
989.628,STOCK1,128.00,275,129.01,500
989.791,STOCK1,128.00,250,129.01,500
989.881,STOCK2,126.32,500,148.00,1253
989.961,STOCK1,128.00,225,129.01,500
990.082,STOCK1,128.00,200,129.01,500
990.255,STOCK1,128.00,175,129.01,500
990.375,STOCK2,126.32,500,167.00,978
990.692,STOCK2,126.32,500,178.00,178
990.878,STOCK1,128.00,150,129.01,500
991.031,STOCK1,128.00,125,129.01,500
991.183,STOCK1,128.00,100,129.01,500
991.254,STOCK2,126.32,500,400.00,268
991.904,STOCK1,128.00,100,129.01,1000
993.391,STOCK2,126.31,4500,400.00,268
994.506,STOCK2,126.31,4500,400.00,2268
994.912,STOCK2,126.31,4500,200.00,100
995.103,STOCK2,126.31,4500,200.00,200
995.267,STOCK2,126.31,4500,200.00,300
995.422,STOCK2,126.31,4500,200.00,400
996.053,STOCK1,128.00,100,129.01,500
996.053,STOCK1,128.00,100,130.00,3000
996.804,STOCK2,130.00,3000,200.00,400
997.205,STOCK1,128.00,100,129.01,500
997.255,STOCK1,127.00,600,129.01,500
998.101,STOCK1,127.00,600,129.01,1000
999.671,STOCK2,130.00,3000,190.00,1000
999.817,STOCK2,130.00,3000,190.00,2000
1000.068,STOCK2,130.00,3000,190.00,3000
1000.141,STOCK2,130.00,3000,190.00,4000
1001.069,STOCK1,127.00,600,129.01,1500
1001.404,STOCK2,130.00,3000,170.00,3000
1003.254,STOCK1,127.00,100,129.01,1500
1004.694,STOCK2,130.00,3000,150.00,1000
1004.817,STOCK2,131.00,1000,150.00,1000
1004.987,STOCK2,131.00,2000,150.00,1000
1005.162,STOCK2,131.00,3000,150.00,1000
1005.352,STOCK2,131.00,4000,150.00,1000
1005.472,STOCK2,131.00,4000,150.00,2000
1005.532,STOCK2,131.00,5000,150.00,2000
1005.634,STOCK1,128.02,1000,129.01,1500
1005.958,STOCK1,128.02,2000,129.01,1500
1006.583,STOCK1,128.02,3000,129.01,1500
1007.742,STOCK2,131.00,5000,160.00,500
1008.219,STOCK2,132.00,500,160.00,500
1008.729,STOCK2,132.00,500,170.00,500
1008.769,STOCK2,132.00,1000,170.00,500
1009.103,STOCK1,128.02,3000,129.01,1000
1010.343,STOCK2,140.00,3000,170.00,500
1010.553,STOCK1,128.02,2900,129.01,1000
1010.694,STOCK1,128.02,2800,129.01,1000
1010.967,STOCK2,140.00,2500,170.00,500
1011.137,STOCK1,128.02,2700,129.01,1000
1011.969,STOCK1,128.02,2700,129.01,500
1012.663,STOCK1,128.02,2600,129.01,500
1014.590,STOCK1,128.02,2500,129.01,500
1015.496,STOCK2,140.00,2500,171.00,200
1015.506,STOCK1,128.02,2140,129.01,500
1016.152,STOCK2,140.00,2500,169.99,5000
1016.443,STOCK2,140.00,2500,169.99,4200
1016.765,STOCK2,140.00,2000,169.99,4200
1016.835,STOCK2,140.00,2000,160.00,3000
1017.035,STOCK2,141.00,1000,160.00,3000
1019.835,STOCK2,145.00,500,160.00,3000
1020.633,STOCK2,145.00,500,159.99,5000
1021.238,STOCK2,145.00,1000,159.99,5000
1022.036,STOCK1,128.02,2140,129.01,420
1024.478,STOCK2,145.00,1000,158.00,1000
1027.893,STOCK2,146.00,1000,158.00,1000
1030.884,STOCK1,128.02,2040,129.01,420
1031.425,STOCK2,147.00,1000,158.00,1000
1032.499,STOCK2,150.00,500,158.00,1000
1032.651,STOCK2,150.00,1000,158.00,1000
1035.454,STOCK2,150.00,1500,158.00,1000
1035.913,STOCK2,150.00,2000,158.00,1000
1036.073,STOCK1,128.02,1940,129.01,420
1037.040,STOCK2,150.00,1975,158.00,1000
1037.182,STOCK1,128.02,1840,129.01,420
1037.211,STOCK2,150.00,1950,158.00,1000
1037.375,STOCK2,150.00,1925,158.00,1000
1037.517,STOCK2,150.00,1900,158.00,1000
1037.638,STOCK2,150.00,1875,158.00,1000
1037.780,STOCK2,150.00,1375,158.00,1000
1037.799,STOCK2,150.00,1350,158.00,1000
1037.799,STOCK1,128.02,1740,129.01,420
1037.963,STOCK2,150.00,1325,158.00,1000
1038.122,STOCK2,150.00,1300,158.00,1000
1038.253,STOCK2,150.00,1275,158.00,1000
1038.404,STOCK2,150.00,1250,158.00,1000
1038.566,STOCK2,150.00,1225,158.00,1000
1038.719,STOCK2,150.00,1200,158.00,1000
1038.775,STOCK2,151.00,1000,158.00,1000
1038.875,STOCK2,151.00,975,158.00,1000
1039.036,STOCK2,151.00,950,158.00,1000
1039.198,STOCK2,151.00,925,158.00,1000
1039.369,STOCK2,151.00,900,158.00,1000
1039.499,STOCK2,151.00,875,158.00,1000
1039.660,STOCK2,151.00,850,158.00,1000
1039.821,STOCK2,151.00,825,158.00,1000
1039.922,STOCK2,151.00,824,158.00,1000
1039.972,STOCK2,151.00,799,158.00,1000
1040.124,STOCK2,151.00,774,158.00,1000
1040.283,STOCK2,151.00,749,158.00,1000
1040.435,STOCK2,151.00,724,158.00,1000
1040.597,STOCK2,151.00,699,158.00,1000
1040.677,STOCK2,155.00,5000,158.00,1000
1040.767,STOCK2,155.00,4975,158.00,1000
1040.938,STOCK2,155.00,4950,158.00,1000
1041.090,STOCK2,155.00,4925,158.00,1000
1041.242,STOCK2,155.00,4900,158.00,1000
1041.405,STOCK2,155.00,4875,158.00,1000
1041.556,STOCK2,155.00,4850,158.00,1000
1041.719,STOCK2,155.00,4825,158.00,1000
1041.884,STOCK2,155.00,4800,158.00,1000
1042.026,STOCK2,155.00,4775,158.00,1000
1042.813,STOCK2,155.00,4750,158.00,1000
1042.977,STOCK2,155.00,4725,158.00,1000
1043.149,STOCK2,155.00,4700,158.00,1000
1043.240,STOCK2,155.00,4700,158.00,800
1043.274,STOCK2,155.00,4675,158.00,800
1043.428,STOCK2,155.00,4650,158.00,800
1043.579,STOCK2,155.00,4625,158.00,800
1043.730,STOCK2,155.00,4600,158.00,800
1043.895,STOCK2,155.00,4575,158.00,800
1044.087,STOCK2,155.00,4550,158.00,800
1044.208,STOCK2,155.00,4525,158.00,800
1044.351,STOCK2,155.00,4500,158.00,800
1044.502,STOCK2,155.00,4475,158.00,800
1044.603,STOCK2,155.00,4475,158.00,600
1044.693,STOCK2,155.00,4450,158.00,600
1044.703,STOCK2,155.00,3950,158.00,600
1044.835,STOCK2,155.00,3925,158.00,600
1044.988,STOCK2,155.00,3900,158.00,600
1045.170,STOCK2,155.00,3875,158.00,600
1045.342,STOCK2,155.00,3850,158.00,600
1045.503,STOCK2,155.00,3825,158.00,600
1045.665,STOCK2,155.00,3800,158.00,600
1045.826,STOCK2,155.10,1000,158.00,600
1045.826,STOCK2,155.10,975,158.00,600
1046.016,STOCK2,155.10,950,158.00,600
1046.187,STOCK2,155.10,925,158.00,600
1046.348,STOCK2,155.10,900,158.00,600
1046.439,STOCK2,155.00,3700,158.00,600
1046.530,STOCK2,155.00,3675,158.00,600
1046.670,STOCK2,155.00,3650,158.00,600
1046.852,STOCK2,155.00,3625,158.00,600
1047.153,STOCK2,155.00,3125,158.00,600
1047.163,STOCK2,155.00,3100,158.00,600
1047.213,STOCK2,156.00,500,158.00,600
1047.315,STOCK2,156.00,475,158.00,600
1047.456,STOCK2,156.00,450,158.00,600
1047.689,STOCK2,155.00,2550,158.00,600
1047.774,STOCK2,155.00,2525,158.00,600
1047.905,STOCK2,155.00,2500,158.00,600
1048.052,STOCK2,155.00,2475,158.00,600
1048.345,STOCK2,155.00,2450,158.00,600
1048.495,STOCK2,156.00,500,158.00,600
1048.515,STOCK2,156.00,475,158.00,600
1048.665,STOCK2,156.00,450,158.00,600
1048.826,STOCK2,155.00,2400,158.00,600
1048.907,STOCK2,155.00,1400,158.00,600
1048.967,STOCK2,155.00,1375,158.00,600
1049.099,STOCK2,155.00,1350,158.00,600
1049.109,STOCK2,155.00,850,158.00,600
1049.250,STOCK2,155.00,825,158.00,600
1049.538,STOCK2,151.00,524,158.00,600
1049.548,STOCK2,151.00,499,158.00,600
1049.678,STOCK2,150.00,1699,158.00,600
1049.688,STOCK2,150.00,1674,158.00,600
1049.842,STOCK2,150.00,1649,158.00,600
1049.903,STOCK2,156.00,500,158.00,600
1050.145,STOCK2,156.00,475,158.00,600
1050.601,STOCK2,156.00,975,158.00,600
1050.743,STOCK2,156.00,950,158.00,600
1050.876,STOCK2,156.00,925,158.00,600
1051.017,STOCK2,156.00,900,158.00,600
1051.179,STOCK2,156.00,875,158.00,600
1051.343,STOCK2,156.00,850,158.00,600
1051.495,STOCK2,156.00,825,158.00,600
1051.647,STOCK2,156.00,800,158.00,600
1051.798,STOCK2,156.00,775,158.00,600
1051.941,STOCK2,156.00,750,158.00,600
1052.051,STOCK2,156.00,1250,158.00,600
1052.121,STOCK2,156.00,1225,158.00,600
1052.274,STOCK2,156.00,1200,158.00,600
1052.589,STOCK2,156.00,1175,158.00,600
1052.749,STOCK2,156.00,1150,158.00,600
1052.910,STOCK2,156.00,1125,158.00,600
1053.090,STOCK2,156.00,1100,158.00,600
1053.394,STOCK2,156.00,1075,158.00,600
1053.567,STOCK2,156.00,1050,158.00,600
1053.688,STOCK1,128.02,1740,129.00,1000
1053.729,STOCK2,156.00,1025,158.00,600
1053.877,STOCK2,156.00,1000,158.00,600
1054.049,STOCK2,156.00,975,158.00,600
1054.646,STOCK2,156.00,950,158.00,600
1054.766,STOCK2,156.00,925,158.00,600
1054.913,STOCK2,156.00,900,158.00,600
1055.065,STOCK2,156.00,875,158.00,600
1055.242,STOCK2,156.00,850,158.00,600
1055.295,STOCK1,128.02,1740,129.00,2000
1055.406,STOCK2,156.00,825,158.00,600
1055.557,STOCK2,156.00,800,158.00,600
1055.729,STOCK2,156.00,775,158.00,600
1055.881,STOCK2,156.00,750,158.00,600
1056.177,STOCK2,156.00,725,158.00,600
1056.329,STOCK2,156.00,700,158.00,600
1056.500,STOCK2,156.00,675,158.00,600
1056.661,STOCK2,156.00,650,158.00,600
1056.988,STOCK2,156.00,625,158.00,600
1057.150,STOCK2,156.00,600,158.00,600
1057.304,STOCK2,156.00,575,158.00,600
1057.456,STOCK2,156.00,550,158.00,600
1057.778,STOCK2,156.00,525,158.00,600
1057.938,STOCK2,156.00,500,158.00,600
1058.099,STOCK2,156.00,475,158.00,600
1058.279,STOCK2,156.00,450,158.00,600
1058.299,STOCK2,156.00,440,158.00,600
1059.288,STOCK2,156.00,430,158.00,600
1059.458,STOCK2,156.00,420,158.00,600
1059.651,STOCK2,156.00,410,158.00,600
1060.661,STOCK2,156.00,410,157.00,1
1061.458,STOCK2,155.10,1910,157.00,1
1062.073,STOCK2,155.10,1410,157.00,1
1062.498,STOCK2,155.10,1360,157.00,1
1062.816,STOCK2,155.10,860,157.00,1
1063.391,STOCK2,155.10,810,157.00,1
1063.877,STOCK2,155.10,310,157.00,1
1063.948,STOCK2,155.10,260,157.00,1
1064.664,STOCK2,150.00,1409,157.00,1
1064.716,STOCK2,150.00,1359,157.00,1
1065.395,STOCK1,128.02,1740,129.01,420
1065.576,STOCK2,150.00,1309,157.00,1
1066.113,STOCK2,150.00,1259,157.00,1
1066.902,STOCK2,150.00,1209,157.00,1
1070.642,STOCK2,151.00,1000,157.00,1
1070.692,STOCK2,151.00,950,157.00,1
1071.098,STOCK2,151.00,950,159.00,801
1071.098,STOCK2,151.00,1950,159.00,801
1071.613,STOCK2,151.00,2950,159.00,801
1072.122,STOCK2,151.00,2900,159.00,801
1072.463,STOCK2,151.00,3900,159.00,801
1072.936,STOCK2,151.00,3900,157.00,5000
1075.862,STOCK2,151.00,4900,157.00,5000
1076.013,STOCK2,151.00,4850,157.00,5000
1076.381,STOCK2,151.00,5850,157.00,5000
1076.553,STOCK2,151.00,6850,157.00,5000
1076.716,STOCK2,151.00,7850,157.00,5000
1076.867,STOCK2,151.00,8850,157.00,5000
1078.207,STOCK2,151.00,8850,157.00,4900
1079.710,STOCK2,151.00,8850,157.00,4800
1079.892,STOCK2,151.00,8850,157.00,4700
1079.892,STOCK2,151.50,1000,157.00,4700
1080.611,STOCK2,151.50,2000,157.00,4700
1082.092,STOCK2,151.50,1900,157.00,4700
1082.112,STOCK2,151.50,1900,157.00,4600
1082.372,STOCK2,151.50,1900,157.00,4500
1082.567,STOCK2,152.00,1000,157.00,4500
1083.204,STOCK2,152.00,900,157.00,4500
1083.453,STOCK2,152.00,800,157.00,4500
1085.784,STOCK2,152.00,700,157.00,4500
1087.032,STOCK1,129.00,100,129.01,420
1087.213,STOCK1,129.00,200,129.01,420
1087.345,STOCK1,129.00,300,129.01,420
1087.691,STOCK1,129.00,400,129.01,420
1087.776,STOCK1,129.00,500,129.01,420
1087.877,STOCK1,129.00,600,129.01,420
1087.957,STOCK1,129.00,700,129.01,420
1088.060,STOCK1,129.00,800,129.01,420
1088.170,STOCK1,129.00,900,129.01,420
1088.210,STOCK1,129.00,1000,129.01,420
1088.374,STOCK1,129.00,1100,129.01,420
1088.455,STOCK2,152.00,700,156.00,1000
1089.739,STOCK2,152.00,700,156.00,2000
1089.982,STOCK2,152.50,1000,156.00,2000
1090.033,STOCK2,152.50,900,156.00,2000
1090.175,STOCK2,152.50,800,156.00,2000
1090.315,STOCK2,152.50,1800,156.00,2000
1090.489,STOCK2,152.50,2800,156.00,2000
1090.806,STOCK2,152.50,2800,156.00,3000
1091.308,STOCK2,152.50,2800,156.00,4000
1091.510,STOCK2,152.50,2800,156.00,5000
1091.868,STOCK2,152.50,2800,156.00,6000
1092.110,STOCK2,152.50,2800,156.00,7000
1092.885,STOCK1,129.00,600,129.01,420
1093.167,STOCK1,129.00,500,129.01,420
1095.082,STOCK1,128.02,1740,129.01,420
1095.233,STOCK2,152.50,2800,153.00,1
1095.976,STOCK1,128.02,1240,129.01,420
1096.916,STOCK1,128.02,1240,130.00,4000
1097.710,STOCK1,128.02,1240,130.00,3500
1097.800,STOCK1,128.02,740,130.00,3500
1098.866,STOCK1,128.02,740,130.00,3000
1099.120,STOCK1,128.02,740,130.00,2500
1100.801,STOCK1,128.02,740,129.00,500
1101.179,STOCK1,128.02,740,130.00,2500
1101.301,STOCK1,128.02,740,129.00,500
1101.906,STOCK1,128.02,540,129.00,500
1102.800,STOCK1,128.02,340,129.00,500
1103.530,STOCK2,152.50,2800,156.00,3001
1104.091,STOCK1,128.02,140,129.00,500
1104.724,STOCK2,152.50,2800,157.00,2501
1105.949,STOCK2,152.50,2800,160.00,4302
1107.339,STOCK1,128.02,40,129.00,500
1107.339,STOCK1,128.02,1040,129.00,500
1108.214,STOCK1,128.02,2040,129.00,500
1108.878,STOCK2,152.50,2800,160.00,1302
1109.427,STOCK1,128.02,3040,129.00,500
1111.247,STOCK2,152.50,2800,160.00,2302
1111.800,STOCK2,152.50,2800,160.00,3302
1112.337,STOCK1,128.02,3040,130.00,2500
1113.026,STOCK1,128.02,3040,130.00,2000
1115.235,STOCK2,153.00,1000,160.00,3302
1115.961,STOCK2,153.00,900,160.00,3302
1116.062,STOCK2,153.00,800,160.00,3302
1116.375,STOCK2,153.00,800,190.00,2902
1116.658,STOCK1,129.00,100,130.00,2000
1119.139,STOCK2,153.00,750,190.00,2902
1119.494,STOCK2,153.00,750,170.00,1000
1121.228,STOCK2,153.00,700,170.00,1000
1122.619,STOCK2,154.00,1000,170.00,1000
1122.844,STOCK2,154.00,1350,170.00,1000
1122.915,STOCK2,154.00,2350,170.00,1000
1123.065,STOCK2,154.00,3350,170.00,1000
1123.216,STOCK2,154.00,4350,170.00,1000
1123.560,STOCK2,155.00,1000,170.00,1000
1123.862,STOCK2,155.00,950,170.00,1000
1124.525,STOCK1,128.02,2140,130.00,2000
1124.606,STOCK2,155.00,900,170.00,1000
1124.746,STOCK2,155.00,900,180.00,500
1124.788,STOCK2,155.00,850,180.00,500
1125.375,STOCK2,155.00,1850,180.00,500
1126.973,STOCK2,155.10,100,180.00,500
1127.074,STOCK2,155.10,200,180.00,500
1127.240,STOCK2,155.10,300,180.00,500
1127.388,STOCK2,155.10,400,180.00,500
1127.569,STOCK2,155.10,500,180.00,500
1127.721,STOCK2,155.10,600,180.00,500
1127.772,STOCK2,160.00,5000,180.00,500
1128.721,STOCK2,160.00,4950,180.00,500
1128.898,STOCK2,160.00,4900,180.00,500
1129.150,STOCK1,128.02,1640,130.00,2000
1129.635,STOCK2,160.00,4900,175.00,500
1130.530,STOCK2,160.00,4850,175.00,500
1130.702,STOCK2,160.00,4800,175.00,500
1130.935,STOCK1,128.02,1140,130.00,2000
1131.471,STOCK2,160.00,4750,175.00,500
1131.683,STOCK2,160.00,4700,175.00,500
1131.734,STOCK2,161.01,1000,175.00,500
1131.858,STOCK1,128.02,140,130.00,2000
1131.858,STOCK2,161.01,950,175.00,500
1132.019,STOCK2,161.01,900,175.00,500
1132.170,STOCK2,161.01,850,175.00,500
1132.333,STOCK2,161.01,800,175.00,500
1132.483,STOCK2,161.01,750,175.00,500
1132.493,STOCK1,127.00,8740,130.00,2000
1132.603,STOCK2,161.01,700,175.00,500
1132.734,STOCK2,161.01,650,175.00,500
1133.326,STOCK2,161.01,550,175.00,500
1133.538,STOCK1,127.00,8240,130.00,2000
1134.730,STOCK2,162.00,1000,175.00,500
1134.869,STOCK2,162.00,2000,175.00,500
1135.020,STOCK2,162.00,1950,175.00,500
1135.030,STOCK2,162.00,2950,175.00,500
1135.192,STOCK2,162.00,2900,175.00,500
1135.283,STOCK1,127.00,8240,130.00,1500
1135.455,STOCK2,162.00,2800,175.00,500
1135.565,STOCK1,127.00,7240,130.00,1500
1135.748,STOCK1,127.00,6740,130.00,1500
1135.818,STOCK2,162.00,2750,175.00,500
1135.979,STOCK2,162.00,2700,175.00,500
1136.180,STOCK2,162.00,2650,175.00,500
1136.220,STOCK1,127.00,6240,130.00,1500
1136.220,STOCK2,162.00,2150,175.00,500
1137.722,STOCK2,162.00,2650,175.00,500
1138.122,STOCK2,162.00,3650,175.00,500
1138.505,STOCK1,127.00,6240,130.00,1000
1138.667,STOCK2,162.00,4150,175.00,500
1140.133,STOCK2,163.00,1000,175.00,500
1140.428,STOCK1,127.00,7240,130.00,1000
1140.448,STOCK2,163.00,1000,170.00,1000
1141.281,STOCK1,127.00,8240,130.00,1000
1141.453,STOCK2,163.00,500,170.00,1000
1141.617,STOCK2,163.00,450,170.00,1000
1142.469,STOCK2,162.00,4100,170.00,1000
1144.044,STOCK2,162.00,3100,170.00,1000
1144.647,STOCK2,162.00,3100,170.00,6000
1145.170,STOCK2,162.00,3100,169.00,500
1145.320,STOCK2,162.00,3000,169.00,500
1145.440,STOCK1,128.00,1000,130.00,1000
1145.900,STOCK2,162.00,2500,169.00,500
1146.932,STOCK2,165.00,1000,169.00,500
1147.642,STOCK2,165.00,1000,169.00,1000
1147.803,STOCK1,128.00,1000,130.00,2000
1148.008,STOCK1,128.00,1000,130.00,3000
1148.170,STOCK1,128.00,1000,130.00,4000
1148.251,STOCK1,128.00,2000,130.00,4000
1149.037,STOCK2,165.00,1000,168.00,1000
1149.318,STOCK2,165.00,500,168.00,1000
1149.620,STOCK2,162.00,2500,168.00,1000
1149.871,STOCK2,162.00,2500,168.00,2000
1150.213,STOCK2,162.00,2500,168.00,2500
1150.343,STOCK2,162.00,2500,168.00,2300
1150.587,STOCK2,162.00,2500,168.00,2800
1150.934,STOCK2,162.00,2500,168.00,3300
1153.463,STOCK2,162.00,2450,168.00,3300
1154.646,STOCK2,162.00,2400,168.00,3300
1155.882,STOCK2,162.00,2400,167.90,500
1155.953,STOCK2,162.00,2350,167.90,500
1156.197,STOCK2,162.00,2350,167.50,1000
1156.380,STOCK2,162.00,2350,167.50,2000
1156.601,STOCK2,162.00,2300,167.50,2000
1156.762,STOCK2,162.00,2250,167.50,2000
1156.965,STOCK2,162.00,2200,167.50,2000
1157.432,STOCK2,162.00,2200,167.50,1000
1157.697,STOCK2,162.00,2150,167.50,1000
1157.870,STOCK2,162.00,2100,167.50,1000
1158.062,STOCK2,162.00,2050,167.50,1000
1158.092,STOCK2,162.00,2050,167.90,500
1158.685,STOCK2,162.00,2000,167.90,500
1158.696,STOCK1,128.02,1000,130.00,4000
1158.861,STOCK2,162.00,2000,168.00,2800
1158.892,STOCK2,162.00,1950,168.00,2800
1159.113,STOCK2,162.00,1900,168.00,2800
1159.761,STOCK2,162.00,1850,168.00,2800
1159.863,STOCK2,162.20,5000,168.00,2800
1159.966,STOCK2,162.20,4950,168.00,2800
1160.098,STOCK1,128.02,2000,130.00,4000
1160.465,STOCK2,162.20,4900,168.00,2800
1160.637,STOCK2,162.20,4850,168.00,2800
1160.747,STOCK2,163.00,1000,168.00,2800
1160.817,STOCK2,163.00,950,168.00,2800
1160.887,STOCK1,128.02,3000,130.00,4000
1160.937,STOCK2,163.00,900,168.00,2800
1161.087,STOCK2,163.00,850,168.00,2800
1161.238,STOCK2,163.00,800,168.00,2800
1161.443,STOCK2,163.00,750,168.00,2800
1161.636,STOCK2,163.00,700,168.00,2800
1161.778,STOCK2,163.00,650,168.00,2800
1161.954,STOCK2,163.00,600,168.00,2800
1162.124,STOCK2,163.00,550,168.00,2800
1162.245,STOCK2,163.00,500,168.00,2800
1162.396,STOCK2,163.00,450,168.00,2800
1162.570,STOCK2,163.00,400,168.00,2800
1162.762,STOCK2,163.00,350,168.00,2800
1162.923,STOCK2,163.00,300,168.00,2800
1163.146,STOCK2,163.00,250,168.00,2800
1163.343,STOCK2,163.00,200,168.00,2800
1163.736,STOCK2,163.00,150,168.00,2800
1163.928,STOCK2,163.00,100,168.00,2800
1164.101,STOCK2,163.00,100,168.00,2600
1164.111,STOCK2,163.00,50,168.00,2600
1164.314,STOCK2,162.20,4850,168.00,2600
1164.597,STOCK2,162.20,4800,168.00,2600
1165.569,STOCK2,162.20,4750,168.00,2600
1167.356,STOCK2,162.20,4750,165.00,1000
1167.457,STOCK2,162.20,3750,165.00,1000
1169.402,STOCK2,162.20,3750,165.00,800
1169.764,STOCK1,128.02,3000,130.00,3950
1169.785,STOCK1,129.00,1000,130.00,3950
1169.937,STOCK2,162.20,3750,165.00,600
1170.492,STOCK1,129.00,2000,130.00,3950
1171.070,STOCK1,129.00,3000,130.00,3950
1171.181,STOCK2,162.20,3750,165.00,400
1171.628,STOCK1,129.00,4000,130.00,3950
1171.689,STOCK1,129.00,4000,130.00,3900
1172.090,STOCK1,129.00,5000,130.00,3900
1172.271,STOCK2,162.20,3750,165.00,200
1172.706,STOCK1,129.00,6000,130.00,3900
1173.149,STOCK1,129.00,7000,130.00,3900
1173.270,STOCK2,162.30,500,165.00,200
1173.633,STOCK1,129.00,8000,130.00,3900
1173.811,STOCK1,129.00,8000,130.00,3850
1174.349,STOCK1,129.00,9000,130.00,3850
1174.480,STOCK2,162.30,1000,165.00,200
1174.713,STOCK1,129.00,8900,130.00,3850
1174.783,STOCK1,129.00,9900,130.00,3850
1174.907,STOCK1,129.00,9800,130.00,3850
1175.433,STOCK2,162.30,1000,164.00,1000
1177.308,STOCK1,129.00,9700,130.00,3850
1177.381,STOCK1,129.00,9600,130.00,3850
1178.351,STOCK1,129.00,9500,130.00,3850
1180.097,STOCK1,129.00,9500,130.00,3800
1181.029,STOCK1,129.00,10000,130.00,3800
1181.242,STOCK1,129.00,10000,130.00,3750
1182.377,STOCK1,129.00,9900,130.00,3750
1188.630,STOCK1,129.00,9900,129.90,500
1188.851,STOCK1,129.00,9800,129.90,500
1189.017,STOCK1,129.00,9700,129.90,500
1189.531,STOCK1,129.00,9700,129.90,1000
1191.456,STOCK1,129.00,9600,129.90,1000
1192.522,STOCK1,129.00,9500,129.90,1000
1192.873,STOCK1,129.00,9400,129.90,1000
1195.144,STOCK1,129.00,9400,129.90,900
1195.425,STOCK1,129.00,9400,129.90,800
1195.666,STOCK1,129.00,9400,129.90,700
1195.820,STOCK1,129.00,9400,129.90,600
1196.004,STOCK1,129.00,9400,129.90,500
1197.365,STOCK1,129.00,9400,129.90,400
1197.538,STOCK1,129.00,9400,129.90,300
1202.445,STOCK2,162.41,1500,164.00,1000
1202.615,STOCK1,129.50,1000,129.90,300
1205.617,STOCK1,129.50,1000,129.90,200
1205.810,STOCK1,129.50,1000,129.90,100
1205.943,STOCK1,129.50,1000,130.00,3750
1206.025,STOCK1,129.50,1000,129.85,3000
1209.915,STOCK2,162.41,1500,168.00,1600
1210.337,STOCK2,162.41,1500,168.00,1500
1210.776,STOCK2,162.41,1500,168.00,1400
1210.928,STOCK2,162.41,1500,168.00,1300
1211.037,STOCK2,162.41,1500,168.00,300
1211.088,STOCK2,162.41,1500,168.00,200
1211.262,STOCK2,162.41,1500,168.00,100
1211.383,STOCK2,162.41,500,168.00,100
1211.444,STOCK2,162.30,1000,168.00,100
1212.156,STOCK2,162.30,500,168.00,100
1212.196,STOCK2,162.30,500,169.00,100
1213.066,STOCK1,129.50,2000,129.85,3000
1213.106,STOCK2,162.21,3000,169.00,100
1213.903,STOCK2,162.21,2500,169.00,100
1214.509,STOCK2,162.21,2000,169.00,100
1214.705,STOCK2,162.21,3000,169.00,100
1215.152,STOCK2,162.21,2500,169.00,100
1215.152,STOCK1,129.50,2000,129.85,2950
1215.988,STOCK1,129.50,2000,129.85,2900
1215.988,STOCK2,162.21,2000,169.00,100
1216.111,STOCK2,165.00,100,169.00,100
1216.765,STOCK2,162.21,1600,169.00,100
1216.805,STOCK1,129.50,2000,129.85,2850
1217.117,STOCK1,129.50,2000,129.85,1850
1217.325,STOCK1,129.50,2000,129.85,1800
1217.599,STOCK1,129.50,2000,129.85,1750
1217.809,STOCK2,163.00,1000,169.00,100
1217.880,STOCK1,129.50,2000,129.85,1700
1218.043,STOCK2,165.00,100,169.00,100
1218.053,STOCK1,129.50,2000,129.85,1650
1218.216,STOCK1,129.50,2000,129.85,1600
1218.226,STOCK2,165.00,200,169.00,100
1218.387,STOCK2,165.00,300,169.00,100
1218.560,STOCK2,165.00,400,169.00,100
1218.619,STOCK1,129.50,2000,129.85,1550
1218.790,STOCK1,129.50,2000,129.85,1500
1218.838,STOCK2,165.00,500,169.00,100
1218.914,STOCK1,129.50,2000,129.85,1450
1219.036,STOCK2,165.00,600,169.00,100
1219.088,STOCK1,129.50,2000,129.85,1400
1219.190,STOCK1,129.50,2000,129.85,1350
1219.261,STOCK2,165.00,700,169.00,100
1219.381,STOCK1,129.50,2000,129.85,1300
1219.554,STOCK1,129.50,2000,129.85,1250
1220.032,STOCK1,129.50,2000,129.85,1200
1220.245,STOCK1,129.50,2000,129.85,1150
1221.346,STOCK1,129.50,2000,129.85,1100
1221.527,STOCK1,129.50,2000,129.85,1050
1222.076,STOCK1,129.50,2000,129.85,550
1224.530,STOCK2,165.00,1700,169.00,100
1225.211,STOCK1,129.50,1950,129.85,550
1227.998,STOCK2,165.00,1650,169.00,100
1228.160,STOCK2,165.00,1600,169.00,100
1228.321,STOCK2,165.00,1550,169.00,100
1228.422,STOCK2,165.00,1450,169.00,100
1228.594,STOCK2,165.00,1350,169.00,100
1228.797,STOCK2,165.00,1300,169.00,100
1228.982,STOCK2,165.00,1250,169.00,100
1229.153,STOCK2,165.00,1200,169.00,100
1229.255,STOCK1,129.50,1950,130.00,3300
1229.275,STOCK2,165.00,1150,169.00,100
1229.388,STOCK2,165.00,1100,169.00,100
1229.540,STOCK2,165.00,1050,169.00,100
1229.551,STOCK1,129.50,1950,130.00,2800
1229.694,STOCK2,165.00,1000,169.00,100
1229.785,STOCK1,129.50,1450,130.00,2800
1229.815,STOCK2,165.00,950,169.00,100
1229.965,STOCK2,165.00,900,169.00,100
1230.137,STOCK2,165.00,850,169.00,100
1230.424,STOCK2,165.00,800,169.00,100
1230.596,STOCK2,165.00,750,169.00,100
1230.687,STOCK1,129.50,1250,130.00,2800
1231.495,STOCK1,129.50,1050,130.00,2800
1231.575,STOCK2,165.00,700,169.00,100
1231.876,STOCK2,165.00,650,169.00,100
1232.380,STOCK2,165.21,500,169.00,100
1232.430,STOCK1,129.50,850,130.00,2800
1232.873,STOCK2,165.21,450,169.00,100
1233.196,STOCK2,165.21,950,169.00,100
1233.682,STOCK2,165.21,900,169.00,100
1233.882,STOCK2,165.21,850,169.00,100
1234.631,STOCK2,165.21,850,168.00,1000
1235.065,STOCK2,165.21,850,166.00,1000
1235.075,STOCK2,165.21,800,166.00,1000
1236.146,STOCK2,165.21,750,166.00,1000
1236.326,STOCK2,165.21,750,166.00,2000
1237.466,STOCK2,165.21,750,166.00,1000
1237.760,STOCK2,165.21,750,168.00,1000
1238.164,STOCK2,165.21,750,168.50,2500
1238.996,STOCK2,165.21,750,168.50,1500
1239.492,STOCK2,165.21,750,166.00,1000
1239.633,STOCK2,165.21,750,168.50,1500
1241.682,STOCK2,165.21,700,168.50,1500
1242.699,STOCK2,165.21,700,168.50,500
1243.334,STOCK2,165.21,700,170.00,5600
1244.952,STOCK2,166.00,3000,170.00,5600
1246.003,STOCK2,166.00,3100,170.00,5600
1246.093,STOCK2,166.00,3200,170.00,5600
1246.236,STOCK2,166.00,3300,170.00,5600
1246.833,STOCK2,166.00,3400,170.00,5600
1247.046,STOCK2,166.00,3500,170.00,5600
1247.157,STOCK2,166.00,3600,170.00,5600
1247.340,STOCK2,166.00,3700,170.00,5600
1247.849,STOCK2,166.00,3700,170.00,5000
1247.889,STOCK2,166.00,3800,170.00,5000
1248.101,STOCK2,166.00,3900,170.00,5000
1248.192,STOCK2,166.00,4000,170.00,5000
1249.816,STOCK2,166.00,4000,169.21,500
1250.018,STOCK2,166.00,4000,169.21,1000
1253.927,STOCK2,166.10,100,169.21,1000
1254.068,STOCK2,166.10,200,169.21,1000
1254.220,STOCK2,166.10,300,169.21,1000
1254.253,STOCK2,166.50,1000,169.21,1000
1254.800,STOCK2,166.50,1000,169.20,500
1257.423,STOCK2,166.60,100,169.20,500
1257.574,STOCK2,166.60,200,169.20,500
1257.735,STOCK2,166.60,300,169.20,500
1257.914,STOCK2,166.60,400,169.20,500
1258.360,STOCK2,166.60,500,169.20,500
1258.580,STOCK2,166.60,600,169.20,500
1258.660,STOCK2,166.60,700,169.20,500
1259.405,STOCK1,129.50,350,130.00,2800
1261.342,STOCK2,166.60,700,169.00,1000
1263.058,STOCK2,166.60,650,169.00,1000
1263.365,STOCK2,166.65,1000,169.00,1000
1266.418,STOCK2,166.65,950,169.00,1000
1267.338,STOCK1,129.50,250,130.00,2800
1277.357,STOCK1,129.50,250,130.00,2700
1277.518,STOCK1,129.50,250,130.00,2600
1277.689,STOCK1,129.50,250,130.00,2500
1277.861,STOCK1,129.50,250,130.00,2400
1278.023,STOCK1,129.50,250,130.00,2300
1278.208,STOCK1,129.50,250,130.00,2200
1278.371,STOCK1,129.50,250,130.00,2100
1278.541,STOCK1,129.50,250,130.00,2000
1278.712,STOCK1,129.50,250,130.00,1900
1278.773,STOCK2,166.65,900,169.00,1000
1278.899,STOCK1,129.50,250,130.00,1800
1279.061,STOCK1,129.50,250,130.00,1700
1279.252,STOCK1,129.50,250,130.00,1600
1279.395,STOCK1,129.50,250,130.00,1500
1279.578,STOCK1,129.50,250,130.00,1400
1279.984,STOCK1,129.30,500,130.00,1400
1281.315,STOCK1,129.30,250,130.00,1400
1281.852,STOCK1,129.30,250,129.70,1000
1282.096,STOCK1,129.30,250,129.70,900
1282.116,STOCK1,129.00,10400,129.70,900
1282.257,STOCK1,129.00,10400,129.70,800
1282.927,STOCK2,166.70,3000,169.00,1000
1282.946,STOCK1,129.00,10400,129.70,700
1283.089,STOCK1,129.00,10400,129.70,600
1283.239,STOCK1,129.00,10400,129.70,500
1283.391,STOCK1,129.00,10400,129.70,400
1283.573,STOCK1,129.00,10400,129.70,300
1283.614,STOCK1,129.00,10400,129.70,250
1283.757,STOCK1,129.00,10400,129.70,150
1283.888,STOCK1,129.00,10400,129.70,50
1284.060,STOCK1,129.00,10400,130.00,1350
1284.718,STOCK1,129.00,10400,129.70,1000
1285.830,STOCK2,167.21,500,169.00,1000
1286.021,STOCK1,129.00,10400,129.70,900
1286.103,STOCK1,129.00,9900,129.70,900
1286.173,STOCK1,129.00,9900,129.70,800
1286.782,STOCK2,167.21,500,169.21,1000
1286.935,STOCK1,129.00,9400,129.70,800
1287.635,STOCK1,129.00,8900,129.70,800
1287.951,STOCK1,129.00,8900,129.70,700
1288.274,STOCK1,129.00,8400,129.70,700
1288.945,STOCK1,129.00,7900,129.70,700
1289.310,STOCK1,129.00,7900,129.70,600
1289.564,STOCK1,129.00,7400,129.70,600
1290.221,STOCK1,129.00,6900,129.70,600
1290.251,STOCK1,129.00,6900,129.70,550
1290.592,STOCK1,129.00,6400,129.70,550
1290.829,STOCK1,129.00,5900,129.70,550
1291.467,STOCK1,129.00,5400,129.70,550
1292.084,STOCK1,129.00,4900,129.70,550
1292.725,STOCK1,129.00,4400,129.70,550
1293.354,STOCK1,129.00,3900,129.70,550
1293.991,STOCK1,129.00,3400,129.70,550
1294.428,STOCK1,129.00,3400,129.70,450
1294.468,STOCK2,167.65,1000,169.21,1000
1294.570,STOCK1,129.00,3400,129.70,350
1294.753,STOCK1,129.00,2900,129.70,350
1294.763,STOCK1,129.00,2900,129.70,250
1294.903,STOCK1,129.00,2900,129.70,150
1295.390,STOCK1,129.00,2900,129.70,50
1295.572,STOCK1,129.00,2900,130.00,1300
1296.047,STOCK1,129.00,1900,130.00,1300
1300.096,STOCK2,167.65,950,169.21,1000
1306.956,STOCK2,168.00,100,169.21,1000
1307.110,STOCK1,129.00,1000,130.00,1300
1307.537,STOCK2,168.00,200,169.21,1000
1307.707,STOCK2,168.00,300,169.21,1000
1307.877,STOCK2,168.00,400,169.21,1000
1310.181,STOCK1,129.05,5000,130.00,1300
1311.140,STOCK2,168.00,400,169.21,800
1311.728,STOCK2,168.00,300,169.21,800
1312.707,STOCK2,168.00,200,169.21,800
1312.832,STOCK2,168.00,100,169.21,800
1315.390,STOCK1,129.05,5000,129.90,5000
1317.765,STOCK2,167.65,950,169.21,800
1318.709,STOCK2,169.00,3000,169.21,800
1319.698,STOCK2,169.00,3000,169.21,600
1325.012,STOCK2,169.00,2500,169.21,600
1325.287,STOCK2,169.01,500,169.21,600
1326.039,STOCK2,169.01,1000,169.21,600
1326.312,STOCK2,169.00,2500,169.21,600
1327.191,STOCK1,129.05,5000,129.89,1000
1327.343,STOCK1,129.05,5000,129.90,5000
1327.524,STOCK1,129.05,5000,129.90,4500
1328.030,STOCK1,129.05,5000,129.90,4000
1329.143,STOCK2,169.00,2400,169.21,600
1329.377,STOCK2,169.00,2300,169.21,600
1330.427,STOCK2,169.00,2200,169.21,600
1330.562,STOCK2,169.00,2100,169.21,600
1331.012,STOCK2,169.00,2100,169.21,500
1331.174,STOCK2,169.00,2100,169.21,400
1331.340,STOCK2,169.00,2100,169.21,300
1331.476,STOCK2,169.00,2000,169.21,300
1331.506,STOCK2,169.00,2000,169.21,200
1331.669,STOCK2,169.00,2000,169.21,100
1332.273,STOCK2,169.00,2000,169.99,5000
1333.070,STOCK2,169.00,1000,169.99,5000
1333.402,STOCK2,169.00,1000,169.01,1
1335.437,STOCK2,169.00,1000,169.99,4901
1335.669,STOCK2,169.00,1000,169.99,4801
1337.328,STOCK2,169.00,1000,169.99,4701
1337.540,STOCK1,129.06,1000,129.90,4000
1338.172,STOCK2,169.00,1000,169.99,4601
1338.332,STOCK2,169.00,1000,169.99,4501
1338.726,STOCK2,169.00,1000,169.99,3501
1338.958,STOCK2,169.00,1000,169.99,3401
1339.051,STOCK2,167.65,950,169.99,3401
1339.142,STOCK2,167.65,950,169.99,3301
1339.316,STOCK2,167.65,950,169.99,2301
1339.725,STOCK2,167.65,450,169.99,2301
1340.010,STOCK2,167.65,450,169.99,1301
1340.050,STOCK2,167.21,450,169.99,1301
1340.262,STOCK2,167.21,450,169.99,1201
1340.592,STOCK1,129.06,1000,130.00,1300
1340.663,STOCK2,167.21,450,169.99,201
1341.182,STOCK2,167.21,450,169.99,101
1341.414,STOCK2,167.21,450,170.00,4101
1342.356,STOCK2,167.21,450,169.98,500
1342.799,STOCK2,167.21,450,170.00,3601
1343.953,STOCK2,167.21,450,169.98,500
1344.024,STOCK2,167.21,450,170.00,3101
1344.951,STOCK2,167.21,450,170.00,2101
1345.665,STOCK2,167.21,450,169.98,500
1345.997,STOCK2,167.21,450,170.00,1601
1346.148,STOCK2,168.00,100,170.00,1601
1346.342,STOCK2,168.00,200,170.00,1601
1346.536,STOCK2,168.00,300,170.00,1601
1346.695,STOCK2,168.00,300,170.00,601
1346.726,STOCK2,168.00,400,170.00,601
1346.876,STOCK2,168.00,500,170.00,601
1347.453,STOCK2,168.00,500,172.00,2601
1347.453,STOCK2,168.00,500,172.00,2501
1347.617,STOCK1,129.06,1000,129.90,1000
1348.801,STOCK2,168.00,500,172.00,1501
1349.543,STOCK2,168.00,600,172.00,1501
1349.593,STOCK2,168.00,600,172.00,501
1349.673,STOCK2,168.00,700,172.00,501
1349.834,STOCK2,168.00,800,172.00,501
1350.027,STOCK2,168.00,900,172.00,501
1350.389,STOCK2,168.00,1000,172.00,501
1350.612,STOCK2,168.00,1100,172.00,501
1350.612,STOCK2,168.00,1100,175.00,1
1350.703,STOCK1,129.06,750,129.90,1000
1350.775,STOCK2,168.00,1200,175.00,1
1353.145,STOCK2,168.50,2500,175.00,1
1354.297,STOCK2,168.50,2500,190.00,3001
1357.507,STOCK2,168.50,1500,190.00,3001
1357.687,STOCK2,168.50,500,190.00,3001
1358.412,STOCK2,168.60,100,190.00,3001
1358.553,STOCK2,168.60,200,190.00,3001
1359.362,STOCK2,168.60,300,190.00,3001
1359.512,STOCK2,168.98,500,190.00,3001
1359.664,STOCK2,168.98,500,190.00,2501
1359.843,STOCK1,129.06,650,129.90,1000
1360.370,STOCK2,168.98,1000,190.00,2501
1361.332,STOCK2,168.98,1500,190.00,2501
1362.205,STOCK2,168.98,1500,189.00,1000
1362.633,STOCK2,168.98,1500,189.00,2000
1362.834,STOCK2,168.98,1500,189.00,3000
1363.006,STOCK2,168.98,1500,189.00,4000
1363.169,STOCK2,168.98,1500,189.00,5000
1363.338,STOCK2,168.98,1500,189.00,6000
1363.510,STOCK2,168.98,1500,189.00,7000
1363.530,STOCK2,170.00,1000,189.00,7000
1363.670,STOCK2,170.00,1000,189.00,8000
1368.551,STOCK2,171.00,1000,189.00,8000
1368.692,STOCK2,171.00,2000,189.00,8000
1368.825,STOCK2,171.00,3000,189.00,8000
1368.973,STOCK2,171.00,4000,189.00,8000
1369.999,STOCK2,171.00,5000,189.00,8000
1370.161,STOCK2,171.00,6000,189.00,8000
1370.801,STOCK2,171.00,7000,189.00,8000
1372.261,STOCK2,171.00,6500,189.00,8000
1372.364,STOCK2,171.00,6500,184.00,2500
1375.219,STOCK2,171.98,500,184.00,2500
1376.906,STOCK2,180.00,3000,184.00,2500
1378.312,STOCK2,180.00,3000,184.00,2400
1378.453,STOCK2,180.00,3000,184.00,2300
1378.675,STOCK2,180.00,3000,184.00,2200
1378.799,STOCK2,180.00,3000,184.00,2100
1378.961,STOCK2,180.00,3000,184.00,2000
1379.195,STOCK2,180.00,3000,184.00,1900
1379.296,STOCK2,180.00,3000,184.00,1800
1379.457,STOCK2,180.00,3000,184.00,1700
1379.627,STOCK2,180.00,3000,184.00,1600
1379.789,STOCK2,180.00,3000,184.00,1500
1379.991,STOCK2,180.00,3000,184.00,1400
1380.242,STOCK2,180.00,3000,184.00,1300
1380.342,STOCK2,180.00,3000,184.00,1200
1380.525,STOCK2,180.00,3000,184.00,1100
1380.771,STOCK2,180.00,2900,184.00,1100
1380.846,STOCK2,180.00,2900,184.00,1000
1380.927,STOCK2,180.00,7900,184.00,1000
1381.726,STOCK2,180.00,7800,184.00,1000
1381.869,STOCK2,180.00,7700,184.00,1000
1382.018,STOCK2,180.00,7600,184.00,1000
1382.161,STOCK2,180.00,7500,184.00,1000
1382.972,STOCK2,180.00,7500,184.00,900
1383.176,STOCK2,180.00,7500,184.00,800
1383.386,STOCK2,180.00,7500,184.00,700
1383.446,STOCK1,129.06,650,130.00,550
1384.071,STOCK2,180.00,7500,184.00,600
1384.253,STOCK2,180.00,7500,184.00,500
1384.283,STOCK2,180.00,7000,184.00,500
1384.435,STOCK2,180.00,7000,184.00,400
1385.221,STOCK2,180.00,6900,184.00,400
1385.376,STOCK2,180.00,6800,184.00,400
1385.511,STOCK2,180.00,6700,184.00,400
1385.643,STOCK2,180.00,6600,184.00,400
1386.540,STOCK1,129.06,150,130.00,550
1387.362,STOCK1,129.05,4900,130.00,550
1388.649,STOCK1,129.05,4650,130.00,550
1389.411,STOCK2,180.00,6100,184.00,400
1394.743,STOCK2,180.00,6100,184.00,300
1395.387,STOCK2,180.00,6100,183.00,1000
1395.638,STOCK2,180.00,6100,183.00,2000
1395.829,STOCK2,180.00,6100,183.00,3000
1395.982,STOCK2,180.00,5600,183.00,3000
1395.991,STOCK2,180.00,5600,183.00,4000
1396.306,STOCK2,180.00,5600,183.00,3900
1396.530,STOCK2,180.00,5600,183.00,4900
1396.742,STOCK2,180.00,5600,183.00,9900
1396.803,STOCK2,180.00,5600,183.00,10900
1396.987,STOCK2,180.00,5600,183.00,11900
1397.239,STOCK2,180.00,5600,183.00,11800
1397.442,STOCK2,180.00,5600,183.00,11700
1398.764,STOCK1,129.05,3650,130.00,550
1399.266,STOCK2,181.98,500,183.00,11700
1399.327,STOCK1,129.05,2650,130.00,550
1399.860,STOCK1,129.05,1650,130.00,550
1400.450,STOCK1,129.05,650,130.00,550
1401.407,STOCK1,129.05,450,130.00,550
1404.212,STOCK1,129.05,250,130.00,550
1404.282,STOCK2,181.98,500,182.98,500
1405.167,STOCK1,129.00,250,130.00,550
1406.878,STOCK2,181.98,500,183.00,7200
1407.099,STOCK1,129.00,250,131.00,1000
1407.562,STOCK2,181.98,500,183.00,2200
1408.107,STOCK2,181.98,500,188.99,2200
1408.782,STOCK2,181.98,500,189.00,5200
1408.852,STOCK2,181.98,400,189.00,5200
1409.085,STOCK2,181.98,300,189.00,5200
1409.671,STOCK2,181.98,300,189.00,200
1410.500,STOCK2,181.98,300,220.00,1701
1411.088,STOCK2,181.98,250,220.00,1701
1411.450,STOCK2,182.98,500,220.00,1701
1411.541,STOCK2,184.00,100,220.00,1701
1411.741,STOCK2,184.00,200,220.00,1701
1412.268,STOCK2,184.00,150,220.00,1701
1412.338,STOCK1,129.00,250,130.00,1000
1412.515,STOCK2,184.00,100,220.00,1701
1412.805,STOCK2,184.00,50,220.00,1701
1412.986,STOCK2,182.98,500,220.00,1701
1413.097,STOCK2,182.98,450,220.00,1701
1413.238,STOCK2,182.98,400,220.00,1701
1413.441,STOCK2,182.98,350,220.00,1701
1413.592,STOCK2,182.98,300,220.00,1701
1413.732,STOCK2,182.98,250,220.00,1701
1413.935,STOCK2,182.98,200,220.00,1701
1414.119,STOCK2,182.98,150,220.00,1701
1414.230,STOCK2,182.98,100,220.00,1701
1414.400,STOCK2,185.00,1000,220.00,1701
1414.400,STOCK2,185.00,950,220.00,1701
1414.493,STOCK2,185.00,900,220.00,1701
1414.554,STOCK2,185.00,1900,220.00,1701
1414.615,STOCK1,129.00,250,131.00,1000
1414.645,STOCK2,185.00,1850,220.00,1701
1414.696,STOCK2,185.00,2850,220.00,1701
1414.827,STOCK2,185.00,3850,220.00,1701
1415.058,STOCK2,185.00,3800,220.00,1701
1415.229,STOCK2,185.00,3750,220.00,1701
1415.354,STOCK2,185.00,3700,220.00,1701
1415.636,STOCK2,185.00,3650,220.00,1701
1415.788,STOCK2,185.00,3600,220.00,1701
1415.952,STOCK2,185.00,3550,220.00,1701
1415.952,STOCK2,185.00,4550,220.00,1701
1416.115,STOCK2,185.00,4500,220.00,1701
1416.237,STOCK2,185.00,4450,220.00,1701
1416.349,STOCK2,185.00,4400,220.00,1701
1416.480,STOCK2,185.00,4350,220.00,1701
1416.722,STOCK2,185.00,4300,220.00,1701
1417.583,STOCK2,185.00,4250,220.00,1701
1417.744,STOCK2,185.00,4200,220.00,1701
1417.865,STOCK2,185.00,4150,220.00,1701
1417.965,STOCK1,128.02,3350,131.00,1000
1418.045,STOCK2,185.00,4100,220.00,1701
1418.198,STOCK2,185.00,4050,220.00,1701
1418.857,STOCK1,128.02,3350,135.00,1000
1419.052,STOCK2,186.00,100,220.00,1701
1419.104,STOCK2,186.00,50,220.00,1701
1419.225,STOCK2,186.00,150,220.00,1701
1419.866,STOCK2,185.00,3700,220.00,1701
1420.268,STOCK2,185.00,3700,219.00,700
1420.268,STOCK2,186.00,100,219.00,700
1420.469,STOCK2,186.00,200,219.00,700
1420.620,STOCK2,186.00,100,219.00,700
1420.883,STOCK2,186.00,50,219.00,700
1421.065,STOCK2,185.00,3700,219.00,700
1421.227,STOCK2,185.00,3650,219.00,700
1421.257,STOCK2,186.00,100,219.00,700
1421.467,STOCK2,186.00,50,219.00,700
1421.477,STOCK2,186.00,150,219.00,700
1421.832,STOCK1,128.02,3350,130.95,3500
1422.163,STOCK2,185.00,3300,219.00,700
1422.203,STOCK2,190.00,2000,219.00,700
1422.226,STOCK2,190.00,1950,219.00,700
1422.407,STOCK2,190.00,1900,219.00,700
1423.686,STOCK1,128.02,3350,129.00,1390
1424.361,STOCK2,190.00,1400,219.00,700
1424.361,STOCK2,190.00,1350,219.00,700
1424.648,STOCK2,190.00,1250,219.00,700
1426.400,STOCK2,190.00,1250,218.00,1000
1426.975,STOCK1,128.02,2350,129.00,1390
1426.985,STOCK2,190.00,1250,218.00,2000
1427.418,STOCK1,128.02,2350,131.00,1000
1427.428,STOCK2,190.00,1250,218.00,3000
1427.670,STOCK2,190.00,1250,218.00,4000
1427.709,STOCK1,128.02,1350,131.00,1000
1427.831,STOCK2,190.00,1250,218.00,5000
1428.404,STOCK1,128.02,350,131.00,1000
1428.484,STOCK1,128.02,350,131.00,2000
1428.654,STOCK2,190.00,1200,218.00,5000
1428.804,STOCK1,129.00,1390,131.00,2000
1428.804,STOCK1,129.00,2390,131.00,2000
1428.813,STOCK2,190.00,1150,218.00,5000
1429.613,STOCK2,191.00,1000,218.00,5000
1431.116,STOCK1,129.00,1390,131.00,2000
1431.307,STOCK2,191.00,1100,218.00,5000
1431.459,STOCK2,191.00,1200,218.00,5000
1431.591,STOCK1,129.00,390,131.00,2000
1431.631,STOCK2,191.00,1300,218.00,5000
1431.772,STOCK2,191.00,1400,218.00,5000
1432.320,STOCK2,191.00,1350,218.00,5000
1432.845,STOCK1,129.00,390,130.95,3500
1433.994,STOCK2,191.00,1350,218.00,5500
1434.269,STOCK2,193.00,2000,218.00,5500
1436.012,STOCK1,129.00,290,130.95,3500
1436.623,STOCK2,193.00,1950,218.00,5500
1437.279,STOCK2,194.00,1000,218.00,5500
1437.400,STOCK1,129.00,190,130.95,3500
1437.932,STOCK2,194.00,2000,218.00,5500
1438.064,STOCK2,194.00,1950,218.00,5500
1438.187,STOCK2,194.00,2950,218.00,5500
1438.248,STOCK2,194.00,2900,218.00,5500
1438.433,STOCK2,194.00,3900,218.00,5500
1438.920,STOCK2,194.00,4900,218.00,5500
1439.307,STOCK2,194.00,4900,217.00,1000
1439.586,STOCK2,194.00,4850,217.00,1000
1439.798,STOCK1,128.00,1540,130.95,3500
1440.232,STOCK2,194.00,4850,217.00,1500
1440.468,STOCK2,194.00,4850,217.00,2000
1440.754,STOCK2,195.00,1000,217.00,2000
1440.901,STOCK2,195.00,2000,217.00,2000
1441.274,STOCK2,195.00,1900,217.00,2000
1441.456,STOCK2,195.00,2900,217.00,2000
1442.125,STOCK1,128.00,540,130.95,3500
1443.060,STOCK1,128.00,540,130.00,1000
1443.669,STOCK2,195.01,2000,217.00,2000
1443.967,STOCK1,128.00,540,130.00,2000
1444.200,STOCK1,127.00,3540,130.00,2000
1444.373,STOCK1,127.00,3540,130.00,3000
1444.535,STOCK1,127.00,3540,130.00,4000
1445.431,STOCK1,127.00,2540,130.00,4000
1446.136,STOCK1,127.00,2540,130.00,5000
1446.186,STOCK1,127.00,1540,130.00,5000
1447.234,STOCK1,127.00,540,130.00,5000
1449.352,STOCK2,195.50,1000,217.00,2000
1449.423,STOCK2,196.00,1000,217.00,2000
1450.105,STOCK2,200.00,4000,217.00,2000
1450.369,STOCK1,127.00,1540,130.00,5000
1450.379,STOCK1,127.00,1540,130.00,4000
1450.676,STOCK2,200.00,3950,217.00,2000
1450.869,STOCK1,127.00,2540,130.00,4000
1451.092,STOCK1,127.00,3540,130.00,4000
1451.122,STOCK2,200.00,3900,217.00,2000
1451.388,STOCK2,200.00,3850,217.00,2000
1451.631,STOCK2,200.00,3800,217.00,2000
1451.874,STOCK1,127.00,4540,130.00,4000
1452.066,STOCK2,200.00,3750,217.00,2000
1453.076,STOCK2,200.00,3700,217.00,2000
1454.072,STOCK2,200.00,3600,217.00,2000
1454.214,STOCK2,200.01,2000,217.00,2000
1455.069,STOCK2,200.01,1950,217.00,2000
1455.892,STOCK2,205.00,1000,217.00,2000
1456.137,STOCK2,205.00,2000,217.00,2000
1456.824,STOCK2,205.00,3000,217.00,2000
1457.453,STOCK2,205.00,4000,217.00,2000
1460.565,STOCK2,205.00,3500,217.00,2000
1461.111,STOCK2,207.00,1000,217.00,2000
1461.272,STOCK2,207.00,2000,217.00,2000
1461.322,STOCK2,207.00,1950,217.00,2000
1461.895,STOCK2,207.00,1900,217.00,2000
1461.956,STOCK2,207.00,1900,218.00,5500
1462.976,STOCK2,207.00,1900,218.00,5000
1463.362,STOCK2,207.00,1850,218.00,5000
1464.020,STOCK2,207.00,1800,218.00,5000
1465.290,STOCK2,210.00,4000,218.00,5000
1465.974,STOCK2,210.00,3950,218.00,5000
1466.979,STOCK2,210.00,3950,217.00,500
1467.221,STOCK2,210.00,3950,217.00,1000
1467.619,STOCK2,210.00,3450,217.00,1000
1469.810,STOCK2,210.00,3400,217.00,1000
1470.386,STOCK2,210.00,3350,217.00,1000
1471.072,STOCK2,210.00,3300,217.00,1000
1471.670,STOCK2,211.00,1000,217.00,1000
1471.837,STOCK2,211.00,2000,217.00,1000
1471.989,STOCK2,211.00,3000,217.00,1000
1472.159,STOCK2,211.00,4000,217.00,1000
1472.496,STOCK2,211.00,3950,217.00,1000
1474.291,STOCK2,211.00,3900,217.00,1000
1475.619,STOCK2,211.00,3850,217.00,1000
1478.994,STOCK2,211.00,3850,216.00,289
1479.055,STOCK2,212.00,394,216.00,289
1479.489,STOCK1,127.00,4540,130.00,3500
1479.896,STOCK2,212.00,344,216.00,289
1480.991,STOCK2,212.00,294,216.00,289
1484.030,STOCK2,212.50,1000,216.00,289
1484.181,STOCK2,213.00,1000,216.00,289
1484.343,STOCK2,213.00,2000,216.00,289
1484.506,STOCK2,213.00,3000,216.00,289
1484.697,STOCK2,213.00,4000,216.00,289
1485.092,STOCK2,213.00,5000,216.00,289
1486.142,STOCK2,213.00,4950,216.00,289
1486.770,STOCK2,213.00,4450,216.00,289
1486.891,STOCK2,213.00,4400,216.00,289
1487.500,STOCK2,213.00,4350,216.00,289
1487.975,STOCK2,213.00,3850,216.00,289
1488.255,STOCK2,213.50,1000,216.00,289
1488.327,STOCK2,213.50,500,216.00,289
1488.357,STOCK1,127.00,4540,129.00,1000
1488.420,STOCK2,213.50,1500,216.00,289
1488.551,STOCK2,213.50,1400,216.00,289
1488.712,STOCK2,213.50,1300,216.00,289
1488.813,STOCK2,213.50,1200,216.00,289
1488.887,STOCK2,213.50,700,216.00,289
1489.732,STOCK2,213.50,600,216.00,289
1489.802,STOCK2,213.50,550,216.00,289
1489.872,STOCK2,213.50,450,216.00,289
1489.984,STOCK2,213.50,400,216.00,289
1490.005,STOCK2,213.50,300,216.00,289
1490.543,STOCK2,213.50,250,216.00,289
1490.766,STOCK2,213.00,3100,216.00,289
1490.907,STOCK2,213.00,3050,216.00,289
1491.071,STOCK2,213.50,1000,216.00,289
1491.090,STOCK2,213.50,950,216.00,289
1491.301,STOCK1,127.00,3540,129.00,1000
1491.372,STOCK2,213.50,900,216.00,289
1491.825,STOCK2,213.50,850,216.00,289
1491.987,STOCK2,213.50,800,216.00,289
1492.078,STOCK1,127.00,2540,129.00,1000
1492.170,STOCK2,213.50,750,216.00,289
1492.370,STOCK2,213.50,700,216.00,289
1492.581,STOCK2,213.50,650,216.00,289
1492.732,STOCK1,127.00,1540,129.00,1000
1492.762,STOCK2,213.50,600,216.00,289
1492.862,STOCK2,213.50,500,216.00,289
1492.894,STOCK2,213.50,500,218.00,4289
1492.904,STOCK2,213.50,450,218.00,4289
1493.402,STOCK2,213.50,400,218.00,4289
1493.694,STOCK1,127.00,540,129.00,1000
1494.038,STOCK2,213.50,350,218.00,4289
1494.382,STOCK1,127.10,1000,129.00,1000
1495.531,STOCK2,213.50,250,218.00,4289
1495.924,STOCK2,213.50,200,218.00,4289
1496.117,STOCK2,213.50,150,218.00,4289
1496.629,STOCK1,127.00,540,129.00,1000
1497.546,STOCK2,213.50,100,218.00,4289
1497.710,STOCK2,213.50,50,218.00,4289
1498.710,STOCK2,213.00,14050,218.00,4289
1498.770,STOCK2,213.50,1000,218.00,4289
1498.873,STOCK2,213.50,950,218.00,4289
1499.004,STOCK2,213.50,900,218.00,4289
1499.164,STOCK2,213.50,850,218.00,4289
1500.804,STOCK2,213.50,1850,218.00,4289
1503.354,STOCK1,127.00,540,129.00,500
1504.064,STOCK2,213.50,2850,218.00,4289
1505.894,STOCK1,127.10,500,129.00,500
1506.815,STOCK1,127.10,500,129.00,450
1507.274,STOCK1,127.10,500,129.00,400
1507.488,STOCK1,127.10,500,129.00,350
1507.994,STOCK1,127.10,500,129.00,300
1508.916,STOCK1,127.10,500,129.00,250
1509.724,STOCK1,127.10,500,129.00,1250
1510.352,STOCK2,213.50,3850,218.00,4289
1511.107,STOCK1,127.10,500,129.00,1200
1513.834,STOCK2,214.00,1000,218.00,4289
1514.289,STOCK2,214.00,2000,218.00,4289
1514.693,STOCK2,214.00,3000,218.00,4289
1514.964,STOCK2,214.00,4000,218.00,4289
1515.662,STOCK2,214.00,5000,218.00,4289
1516.381,STOCK2,214.00,6000,218.00,4289
1516.797,STOCK2,214.00,7000,218.00,4289
1518.943,STOCK2,214.50,1000,218.00,4289
1523.624,STOCK2,214.60,2500,218.00,4289
1525.067,STOCK1,127.10,500,128.90,200
1528.138,STOCK2,214.60,3500,218.00,4289
1529.960,STOCK1,127.10,500,128.90,150
1531.567,STOCK1,127.10,500,128.90,100
1532.273,STOCK2,214.60,2500,218.00,4289
1533.536,STOCK1,127.10,500,128.90,50
1533.933,STOCK2,214.60,2500,220.00,1690
1534.501,STOCK2,214.70,1000,220.00,1690
1534.681,STOCK2,214.70,2000,220.00,1690
1534.711,STOCK1,127.10,500,129.00,1200
1535.034,STOCK2,214.70,3000,220.00,1690
1535.237,STOCK2,214.70,4000,220.00,1690
1535.426,STOCK2,214.70,5000,220.00,1690
1535.457,STOCK2,214.70,5000,217.00,100
1535.671,STOCK2,214.70,5000,217.00,200
1535.813,STOCK1,127.10,500,129.00,1150
1535.863,STOCK2,214.70,5000,217.00,300
1536.043,STOCK2,214.70,5000,217.00,400
1536.205,STOCK2,214.70,5000,217.00,500
1536.496,STOCK2,214.70,5000,217.00,600
1536.636,STOCK2,214.70,5000,217.00,700
1536.666,STOCK2,214.70,6000,217.00,700
1537.541,STOCK2,214.70,7000,217.00,700
1538.896,STOCK2,214.70,8000,217.00,700
1540.395,STOCK2,214.70,7950,217.00,700
1540.747,STOCK2,214.70,7900,217.00,700
1541.312,STOCK2,215.00,500,217.00,700
1541.809,STOCK2,215.00,1000,217.00,700
1542.651,STOCK2,215.00,1500,217.00,700
1542.993,STOCK2,215.00,1500,219.00,1300
1543.908,STOCK2,215.00,1450,219.00,1300
1544.189,STOCK2,215.00,1450,220.00,990
1546.020,STOCK2,215.00,1450,218.90,100
1546.174,STOCK2,215.00,1450,218.90,200
1546.305,STOCK1,127.10,500,129.00,150
1546.346,STOCK2,215.00,1450,218.90,300
1546.486,STOCK2,215.00,1450,218.90,400
1546.679,STOCK2,215.00,1450,218.90,500
1546.841,STOCK2,215.00,1450,218.90,600
1547.556,STOCK2,215.00,1450,218.90,700
1547.738,STOCK2,215.00,1450,218.90,800
1549.989,STOCK2,215.00,1450,218.90,100
1550.091,STOCK2,215.00,1450,230.00,590
1551.742,STOCK1,127.10,500,129.00,70
1555.356,STOCK2,216.00,1000,230.00,590
1556.143,STOCK2,216.00,1000,229.00,100
1557.295,STOCK1,127.00,40,129.00,70
1559.065,STOCK1,127.00,40,129.50,570
1561.885,STOCK2,216.00,1000,228.90,200
1562.434,STOCK2,217.00,500,228.90,200
1562.686,STOCK2,217.00,1000,228.90,200
1563.372,STOCK2,217.00,1000,228.50,3000
1564.645,STOCK1,125.10,40,129.50,570
1564.940,STOCK2,217.00,1000,220.00,2500
1566.782,STOCK1,125.00,540,129.50,570
1570.794,STOCK2,217.00,1000,230.00,390
1572.381,STOCK2,229.00,100,230.00,390
1572.606,STOCK1,125.00,5540,129.50,570
1573.719,STOCK2,217.00,1000,230.00,390
1575.042,STOCK2,217.00,1000,229.00,100
1578.125,STOCK1,125.01,700,129.50,570
1578.439,STOCK1,125.01,1400,129.50,570
1578.622,STOCK2,217.00,1000,228.00,1000
1581.253,STOCK1,125.01,1400,129.00,700
1583.399,STOCK1,125.01,1400,129.00,1400
1585.795,STOCK1,125.01,1400,129.00,1350
1586.182,STOCK2,217.00,1000,228.00,2000
1586.839,STOCK2,217.00,900,228.00,2000
1587.021,STOCK2,217.00,800,228.00,2000
1589.519,STOCK2,218.00,1000,228.00,2000
1593.031,STOCK1,125.01,1400,129.00,1820
1595.949,STOCK1,125.02,2000,129.00,1820
1602.016,STOCK2,218.00,1000,229.00,500
1602.527,STOCK1,125.02,2000,129.00,1770
1602.718,STOCK2,219.00,1000,229.00,500
1603.312,STOCK2,219.00,1000,229.00,300
1603.600,STOCK1,125.03,700,129.00,1770
1603.831,STOCK1,125.03,700,129.00,1720
1605.826,STOCK2,219.00,1000,230.00,3690
1606.225,STOCK1,125.03,1400,129.00,1720
1606.786,STOCK2,219.00,1000,230.00,1690
1607.773,STOCK1,125.04,2000,129.00,1720
1610.221,STOCK2,219.00,1000,228.00,1000
1610.785,STOCK1,125.04,2000,129.00,4720
1612.423,STOCK2,219.00,1000,227.50,1000
1612.554,STOCK1,125.05,700,129.00,4720
1612.615,STOCK2,219.00,1000,227.50,2000
1613.560,STOCK1,125.05,600,129.00,4720
1614.133,STOCK1,125.05,500,129.00,4720
1614.313,STOCK1,125.05,400,129.00,4720
1615.758,STOCK1,125.05,300,129.00,4720
1615.929,STOCK1,125.05,200,129.00,4720
1616.090,STOCK1,125.05,100,129.00,4720
1616.264,STOCK1,125.04,2000,129.00,4720
1616.473,STOCK1,125.05,700,129.00,4720
1617.847,STOCK2,225.00,5000,227.50,2000
1618.840,STOCK2,225.00,5000,227.50,1800
1619.063,STOCK1,125.06,2000,129.00,4720
1619.124,STOCK1,125.06,1900,129.00,4720
1619.355,STOCK2,225.00,5000,227.50,1600
1619.856,STOCK1,125.06,1800,129.00,4720
1619.896,STOCK2,225.00,5000,227.50,1400
1619.946,STOCK1,125.06,1700,129.00,4720
1619.986,STOCK2,225.00,5000,227.50,1000
1619.986,STOCK2,225.00,5000,228.00,1000
1620.168,STOCK1,126.00,3000,129.00,4720
1621.679,STOCK2,225.00,4950,228.00,1000
1622.907,STOCK2,225.00,4900,228.00,1000
1624.156,STOCK2,225.00,4900,230.00,1690
1624.176,STOCK1,126.00,2000,129.00,4720
1624.228,STOCK2,225.00,4400,230.00,1690
1624.881,STOCK1,126.00,1000,129.00,4720
1625.498,STOCK1,125.06,1700,129.00,4720
1625.619,STOCK1,125.09,3000,129.00,4720
1626.113,STOCK1,125.09,2000,129.00,4720
1626.713,STOCK1,125.09,1000,129.00,4720
1627.307,STOCK1,125.06,1700,129.00,4720
1627.967,STOCK1,125.06,700,129.00,4720
1628.684,STOCK1,125.05,400,129.00,4720
1629.198,STOCK1,125.03,800,129.00,4720
1629.776,STOCK1,125.01,1200,129.00,4720
1629.896,STOCK1,125.01,1200,128.00,1
1630.645,STOCK1,125.01,200,128.00,1
1630.737,STOCK2,225.00,4350,230.00,1690
1631.213,STOCK1,125.00,4700,128.00,1
1631.760,STOCK1,125.00,3700,128.00,1
1632.265,STOCK1,125.00,2700,128.00,1
1632.345,STOCK2,225.00,4350,229.00,200
1632.650,STOCK1,125.00,1700,128.00,1
1633.125,STOCK1,125.00,700,128.00,1
1633.619,STOCK1,120.00,1700,128.00,1
1634.026,STOCK1,120.00,700,128.00,1
1634.469,STOCK1,117.50,200,128.00,1
1636.358,STOCK2,225.00,3850,229.00,200
1637.230,STOCK2,225.00,3850,245.00,500
1637.464,STOCK2,225.30,200,245.00,500
1639.904,STOCK1,118.00,1,128.00,1
1641.082,STOCK1,120.00,5000,128.00,1
1645.058,STOCK1,120.00,5000,128.80,2981
1646.788,STOCK1,120.00,5000,128.80,2961
1647.472,STOCK1,121.00,1000,128.80,2961
1648.956,STOCK2,225.30,200,240.00,100
1649.457,STOCK2,225.30,200,240.00,200
1651.428,STOCK2,225.30,200,240.00,300
1651.457,STOCK1,121.00,1000,128.80,2461
1651.619,STOCK2,225.30,200,240.00,400
1651.770,STOCK2,225.00,3050,240.00,400
1652.446,STOCK2,225.00,2050,240.00,400
1654.645,STOCK1,121.00,1000,128.80,7461
1658.639,STOCK1,122.00,1000,128.80,7461
1659.267,STOCK1,122.00,2000,128.80,7461
1660.730,STOCK2,225.10,1000,240.00,400
1664.799,STOCK2,225.10,1000,239.00,1000
1665.992,STOCK2,225.11,1000,239.00,1000
1670.126,STOCK2,225.12,1000,239.00,1000
1672.063,STOCK2,225.50,1000,239.00,1000
1672.689,STOCK2,225.50,2000,239.00,1000
1673.194,STOCK2,225.50,3000,239.00,1000
1675.962,STOCK1,122.00,2000,123.00,1
1676.249,STOCK2,225.60,1000,239.00,1000
1676.453,STOCK2,225.60,2000,239.00,1000
1681.772,STOCK2,225.61,1000,239.00,1000
1682.298,STOCK2,238.90,1000,239.00,1000
1682.463,STOCK2,238.90,2000,239.00,1000
1682.961,STOCK2,238.90,3000,239.00,1000
1683.122,STOCK1,122.00,2000,128.80,7442
1683.384,STOCK1,122.00,2000,128.80,7422
1683.567,STOCK1,122.00,2000,128.80,7402
1683.689,STOCK1,122.00,2000,128.80,7382
1683.811,STOCK1,122.00,2000,128.80,7362
1683.925,STOCK1,122.00,2000,128.80,7342
1684.097,STOCK1,122.00,2000,128.80,7322
1684.218,STOCK1,122.00,2000,128.80,7302
1684.350,STOCK1,122.00,2000,128.80,7282
1684.512,STOCK2,238.90,2500,239.00,1000
1685.209,STOCK2,238.90,2000,239.00,1000
1685.416,STOCK1,122.00,1000,128.80,7282
1685.749,STOCK1,121.00,1000,128.80,7282
1686.214,STOCK1,121.00,1000,123.00,1
1686.296,STOCK2,238.90,1500,239.00,1000
1687.362,STOCK2,238.90,1000,239.00,1000
1688.447,STOCK2,238.90,500,239.00,1000
1689.457,STOCK1,121.00,900,123.00,1
1690.880,STOCK1,121.00,800,123.00,1
1691.606,STOCK2,225.61,1000,239.00,1000
1693.126,STOCK1,121.00,700,123.00,1
1694.133,STOCK1,120.00,4700,123.00,1
1694.585,STOCK1,120.00,4600,123.00,1
1698.168,STOCK2,225.61,1000,239.90,1000
1698.743,STOCK1,120.00,4600,128.80,7282
1698.908,STOCK2,225.61,1000,240.00,400
1699.142,STOCK2,228.00,1000,240.00,400
1699.284,STOCK2,228.00,2000,240.00,400
1699.547,STOCK2,228.00,2000,250.00,400
1701.142,STOCK1,120.00,4600,123.00,1
1701.232,STOCK2,228.00,1051,250.00,400
1701.915,STOCK1,120.00,3600,123.00,1
1703.365,STOCK1,120.00,2600,123.00,1
1703.768,STOCK1,120.00,1600,123.00,1
1704.130,STOCK1,120.00,600,123.00,1
1704.150,STOCK2,229.00,3000,250.00,400
1704.748,STOCK1,120.00,600,128.80,7282
1705.494,STOCK1,114.00,6601,128.80,7282
1706.072,STOCK2,230.00,400,250.00,400
1709.374,STOCK2,230.00,400,280.00,1000
1712.478,STOCK2,231.00,1000,280.00,1000
1712.681,STOCK2,231.00,2000,280.00,1000
1712.833,STOCK1,115.00,1,128.80,7282
1713.296,STOCK2,231.00,3000,280.00,1000
1713.780,STOCK2,231.00,3000,279.00,100
1713.950,STOCK2,231.00,3000,279.00,200
1714.111,STOCK2,231.00,3000,279.00,300
1714.262,STOCK2,231.00,3000,279.00,400
1714.401,STOCK2,231.00,3000,279.00,500
1714.554,STOCK2,231.00,3000,270.00,3000
1715.308,STOCK1,115.00,1,128.80,6782
1716.110,STOCK2,231.00,3000,270.00,3100
1716.242,STOCK2,231.00,3000,270.00,3200
1716.385,STOCK2,231.00,3000,270.00,3300
1716.539,STOCK2,231.00,3000,270.00,3400
1716.685,STOCK2,231.00,3000,270.00,3500
1716.735,STOCK1,115.10,1000,128.80,6782
1716.875,STOCK2,231.00,3000,270.00,3600
1717.005,STOCK2,231.00,3000,270.00,3700
1717.158,STOCK2,231.00,3000,270.00,3800
1719.588,STOCK2,231.00,3000,260.00,100
1719.739,STOCK2,231.00,3000,260.00,200
1719.889,STOCK2,231.00,3000,260.00,300
1720.064,STOCK2,231.00,3000,260.00,400
1720.225,STOCK2,231.00,3000,260.00,500
1720.406,STOCK2,231.00,3000,260.00,600
1720.466,STOCK2,235.00,1000,260.00,600
1720.557,STOCK1,115.10,1000,128.70,1000
1720.577,STOCK2,235.00,1000,260.00,700
1720.617,STOCK2,235.00,2000,260.00,700
1720.759,STOCK2,235.00,2000,260.00,800
1720.800,STOCK2,235.00,3000,260.00,800
1720.911,STOCK2,235.00,3000,260.00,900
1721.235,STOCK2,235.00,4000,260.00,900
1721.345,STOCK2,235.00,5000,260.00,900
1721.563,STOCK2,235.00,6000,260.00,900
1722.501,STOCK2,235.00,7000,260.00,900
1725.693,STOCK2,237.00,1000,260.00,900
1726.203,STOCK2,237.00,2000,260.00,900
1726.454,STOCK2,237.00,3000,260.00,900
1726.627,STOCK2,237.00,4000,260.00,900
1726.667,STOCK1,115.10,1000,128.00,1000
1726.800,STOCK2,237.00,5000,260.00,900
1726.947,STOCK2,237.00,6000,260.00,900
1727.108,STOCK2,237.00,7000,260.00,900
1727.259,STOCK2,237.00,8000,260.00,900
1727.426,STOCK2,237.00,9000,260.00,900
1727.578,STOCK2,237.00,10000,260.00,900
1727.898,STOCK1,115.10,1000,128.00,2000
1728.359,STOCK2,237.00,10000,250.00,1000
1728.521,STOCK2,237.00,10000,250.00,2000
1728.682,STOCK2,237.00,10000,250.00,3000
1732.606,STOCK2,240.00,3000,250.00,3000
1736.155,STOCK2,240.00,3000,249.00,100
1736.327,STOCK2,240.00,3000,249.00,200
1736.471,STOCK2,240.00,3000,249.00,300
1736.625,STOCK2,240.00,3000,249.00,400
1739.168,STOCK2,240.00,2900,249.00,400
1739.248,STOCK1,116.00,1000,128.00,2000
1739.719,STOCK1,116.00,1000,128.00,1500
1740.034,STOCK2,241.00,1000,249.00,400
1740.165,STOCK2,241.00,2000,249.00,400
1740.256,STOCK1,116.00,1000,128.00,2499
1740.276,STOCK1,116.00,2000,128.00,2499
1740.317,STOCK2,241.00,3000,249.00,400
1740.928,STOCK2,241.00,4000,249.00,400
1741.523,STOCK2,241.00,3900,249.00,400
1741.624,STOCK2,241.00,3800,249.00,400
1742.041,STOCK2,241.00,3800,248.00,1000
1742.207,STOCK2,241.00,3800,248.00,2000
1742.268,STOCK1,116.00,1000,128.00,2499
1742.278,STOCK2,241.00,3700,248.00,2000
1742.509,STOCK1,115.10,1000,128.00,2499
1742.520,STOCK2,241.00,3600,248.00,2000
1742.914,STOCK1,117.00,1000,128.00,2499
1743.088,STOCK1,117.00,1000,127.00,1000
1743.117,STOCK1,115.10,1000,127.00,1000
1743.537,STOCK1,115.00,1001,127.00,1000
1743.617,STOCK1,115.00,1001,127.00,2000
1743.918,STOCK1,115.15,3000,127.00,2000
1743.918,STOCK1,115.15,2000,127.00,2000
1744.200,STOCK1,115.15,1000,127.00,2000
1744.554,STOCK1,115.00,1001,127.00,2000
1744.850,STOCK1,115.00,1,127.00,2000
1745.163,STOCK1,114.00,5602,127.00,2000
1745.459,STOCK1,114.00,4602,127.00,2000
1745.740,STOCK1,114.00,3602,127.00,2000
1745.910,STOCK2,241.10,1000,248.00,2000
1746.030,STOCK1,114.00,2602,127.00,2000
1746.282,STOCK1,114.00,1602,127.00,2000
1746.523,STOCK1,114.00,602,127.00,2000
1746.736,STOCK1,112.01,4602,127.00,2000
1746.867,STOCK1,112.01,3602,127.00,2000
1746.939,STOCK1,112.01,2602,127.00,2000
1747.132,STOCK1,112.01,1602,127.00,2000
1747.234,STOCK1,112.01,1602,127.00,1900
1747.347,STOCK1,112.01,602,127.00,1900
1747.418,STOCK2,242.00,3000,248.00,2000
1747.459,STOCK1,112.01,602,127.00,1800
1747.599,STOCK1,112.00,202,127.00,1800
1747.650,STOCK1,112.00,202,127.00,1700
1747.711,STOCK1,109.00,1402,127.00,1700
1747.892,STOCK1,109.00,1402,127.00,1600
1747.932,STOCK1,109.00,402,127.00,1600
1748.114,STOCK1,109.00,402,127.00,1500
1748.134,STOCK1,96.00,4402,127.00,1500
1748.224,STOCK2,242.00,3000,248.00,3000
1748.304,STOCK1,96.00,4402,127.00,1400
1748.365,STOCK1,96.00,3402,127.00,1400
1748.693,STOCK1,96.00,3402,127.00,1300
1748.875,STOCK1,96.00,3402,127.00,1200
1749.058,STOCK1,96.00,3402,127.00,1100
1749.078,STOCK1,125.00,3000,127.00,1100
1749.128,STOCK1,125.00,3000,128.80,6381
1749.251,STOCK1,125.00,3000,128.80,1381
1749.364,STOCK1,125.00,3000,129.00,6101
1749.394,STOCK1,125.00,3000,129.00,6001
1749.495,STOCK1,125.00,3000,129.00,1001
1749.566,STOCK1,125.00,3000,129.00,901
1749.597,STOCK1,125.00,3000,129.99,2471
1750.602,STOCK2,242.00,3000,248.00,2500
1751.857,STOCK1,96.00,3402,129.99,2471
1752.029,STOCK1,96.00,3202,129.99,2471
1752.119,STOCK1,96.00,3202,129.99,2000
1752.119,STOCK1,96.00,3202,129.99,1000
1752.119,STOCK1,96.00,3202,130.00,11000
1752.299,STOCK1,96.00,2202,130.00,11000
1752.878,STOCK1,96.00,1202,130.00,11000
1753.115,STOCK1,96.00,1202,125.00,1000
1753.346,STOCK1,96.00,1202,125.00,4000
1753.904,STOCK1,96.00,202,125.00,4000
1754.380,STOCK1,95.00,302,125.00,4000
1755.277,STOCK1,92.00,1452,125.00,4000
1755.419,STOCK1,92.00,1452,125.00,3900
1755.784,STOCK1,92.00,452,125.00,3900
1756.162,STOCK1,91.00,1452,125.00,3900
1756.626,STOCK1,91.00,452,125.00,3900
1757.113,STOCK2,243.00,1000,248.00,2500
1757.194,STOCK1,90.00,1452,125.00,3900
1757.378,STOCK1,90.00,452,125.00,3900
1757.575,STOCK1,87.00,1452,125.00,3900
1757.717,STOCK2,243.00,2000,248.00,2500
1757.787,STOCK1,87.00,452,125.00,3900
1757.798,STOCK1,90.00,1000,125.00,3900
1757.962,STOCK1,87.00,452,125.00,3900
1758.127,STOCK1,87.00,452,125.00,3400
1758.188,STOCK1,85.00,1352,125.00,3400
1758.391,STOCK1,100.00,500,125.00,3400
1758.391,STOCK1,85.00,852,125.00,3400
1758.502,STOCK2,243.00,3000,248.00,2500
1758.624,STOCK1,82.10,852,125.00,3400
1758.664,STOCK1,90.00,1000,125.00,3400
1759.033,STOCK1,80.00,952,125.00,3400
1759.479,STOCK1,50.00,5052,125.00,3400
1759.622,STOCK1,50.00,5052,125.00,4400
1759.643,STOCK1,50.00,4052,125.00,4400
1759.927,STOCK1,50.00,3052,125.00,4400
1760.030,STOCK1,32.00,3052,125.00,4400
1761.632,STOCK2,243.50,1000,248.00,2500
1761.922,STOCK1,32.00,3052,124.00,1000
1762.154,STOCK2,243.50,2000,248.00,2500
1762.658,STOCK2,243.50,3000,248.00,2500
1763.012,STOCK2,243.50,4000,248.00,2500
1763.255,STOCK1,32.00,4052,124.00,1000
1763.474,STOCK1,32.00,5052,124.00,1000
1763.838,STOCK2,243.50,5000,248.00,2500
1764.264,STOCK1,32.00,5052,125.00,1400
1764.426,STOCK1,32.00,5052,125.00,2400
1764.457,STOCK2,243.50,6000,248.00,2500
1764.548,STOCK1,35.00,1000,125.00,2400
1764.650,STOCK1,35.00,1000,125.00,3400
1765.156,STOCK1,35.00,2000,125.00,3400
1765.308,STOCK1,35.00,3000,125.00,3400
1765.450,STOCK1,35.00,4000,125.00,3400
1765.732,STOCK1,35.00,5000,125.00,3400
1766.037,STOCK1,35.00,6000,125.00,3400
1766.037,STOCK1,35.00,6000,125.00,4400
1766.198,STOCK1,35.00,6000,125.00,5400
1766.400,STOCK1,35.00,6000,125.00,6400
1766.425,STOCK1,35.00,6000,125.00,6300
1766.558,STOCK1,35.00,6000,125.00,6200
1767.222,STOCK1,44.00,100,125.00,6200
1767.373,STOCK1,44.00,200,125.00,6200
1767.526,STOCK1,44.00,300,125.00,6200
1767.750,STOCK1,44.00,400,125.00,6200
1767.843,STOCK1,44.00,500,125.00,6200
1767.985,STOCK1,44.00,600,125.00,6200
1768.075,STOCK1,44.00,600,125.00,7200
1768.176,STOCK1,44.00,700,125.00,7200
1768.369,STOCK1,44.00,800,125.00,7200
1768.976,STOCK1,44.00,900,125.00,7200
1769.137,STOCK1,44.00,900,123.00,1000
1769.167,STOCK1,44.00,1000,123.00,1000
1769.831,STOCK1,44.00,1000,123.00,2000
1770.280,STOCK1,44.00,1000,123.00,1900
1770.462,STOCK1,44.00,1000,123.00,1800
1771.749,STOCK2,243.50,5500,248.00,2500
1771.942,STOCK1,50.00,2000,123.00,1800
1771.952,STOCK1,50.00,7000,123.00,1800
1772.356,STOCK1,50.00,8000,123.00,1800
1772.530,STOCK1,50.00,9000,123.00,1800
1773.259,STOCK1,50.00,10000,123.00,1800
1773.432,STOCK1,50.00,11000,123.00,1800
1773.612,STOCK1,50.00,12000,123.00,1800
1773.994,STOCK1,50.00,13000,123.00,1800
1774.196,STOCK1,50.00,14000,123.00,1800
1774.258,STOCK1,50.00,14000,123.00,1700
1774.644,STOCK1,50.00,19000,123.00,1700
1775.182,STOCK1,50.00,20000,123.00,1700
1775.526,STOCK1,50.00,20000,122.00,1000
1775.556,STOCK1,52.00,1000,122.00,1000
1775.676,STOCK1,52.00,1000,122.00,2000
1775.762,STOCK1,52.00,2000,122.00,2000
1775.842,STOCK1,52.00,2000,122.00,3000
1775.942,STOCK1,52.00,3000,122.00,3000
1776.106,STOCK1,52.00,4000,122.00,3000
1776.278,STOCK1,52.00,5000,122.00,3000
1776.441,STOCK1,52.00,6000,122.00,3000
1776.582,STOCK1,52.00,6000,122.00,4000
1776.612,STOCK1,52.00,7000,122.00,4000
1777.096,STOCK1,52.00,7000,122.00,5000
1777.199,STOCK2,243.50,5000,248.00,2500
1778.394,STOCK1,55.00,1000,122.00,5000
1778.666,STOCK1,55.00,6000,122.00,5000
1778.797,STOCK1,55.00,6000,120.00,5000
1778.877,STOCK1,55.00,7000,120.00,5000
1778.989,STOCK1,55.00,7000,120.00,6000
1779.160,STOCK1,55.00,7000,120.00,7000
1779.291,STOCK1,55.00,7000,120.00,8000
1779.412,STOCK1,55.00,7000,120.00,13000
1779.949,STOCK1,58.00,2000,120.00,13000
1781.223,STOCK1,66.00,100,120.00,13000
1781.373,STOCK1,66.00,200,120.00,13000
1781.530,STOCK1,66.00,300,120.00,13000
1781.670,STOCK1,66.00,400,120.00,13000
1782.468,STOCK1,66.00,400,120.00,12900
1783.180,STOCK1,66.00,400,120.00,12800
1783.362,STOCK1,66.00,400,120.00,12700
1783.769,STOCK1,66.00,400,120.00,12600
1784.672,STOCK1,66.00,400,120.00,12500
1785.614,STOCK1,70.00,1000,120.00,12500
1785.714,STOCK1,74.00,3000,120.00,12500
1785.864,STOCK1,74.00,3000,120.00,17500
1785.926,STOCK1,80.00,5000,120.00,17500
1786.980,STOCK1,80.00,5000,110.00,5000
1787.394,STOCK1,80.00,5000,110.00,10000
1788.712,STOCK1,80.00,4000,110.00,10000
1788.742,STOCK1,81.00,100,110.00,10000
1788.892,STOCK1,81.00,200,110.00,10000
1789.043,STOCK1,81.00,300,110.00,10000
1789.224,STOCK1,80.00,3300,110.00,10000
1789.234,STOCK1,81.00,100,110.00,10000
1789.325,STOCK1,81.00,200,110.00,10000
1789.489,STOCK1,81.00,300,110.00,10000
1789.639,STOCK1,81.00,400,110.00,10000
1789.812,STOCK1,81.00,500,110.00,10000
1789.862,STOCK1,81.00,500,110.00,11000
1789.882,STOCK1,80.00,2800,110.00,11000
1790.134,STOCK1,80.10,1000,110.00,11000
1790.275,STOCK1,80.00,2800,110.00,11000
1790.648,STOCK1,80.00,1800,110.00,11000
1791.142,STOCK1,80.00,800,110.00,11000
1791.444,STOCK1,80.10,1000,110.00,11000
1791.475,STOCK1,81.00,100,110.00,11000
1791.516,STOCK1,84.00,2000,110.00,11000
1791.656,STOCK1,84.00,1000,110.00,11000
1792.125,STOCK1,84.00,1000,110.00,10500
1792.340,STOCK1,81.00,600,110.00,10500
1792.692,STOCK1,80.10,600,110.00,10500
1792.994,STOCK1,81.00,100,110.00,10500
1792.994,STOCK1,80.00,500,110.00,10500
1793.146,STOCK1,80.00,500,100.00,3000
1793.176,STOCK1,81.00,100,100.00,3000
1793.307,STOCK1,74.00,2100,100.00,3000
1793.468,STOCK1,81.00,100,100.00,3000
1793.619,STOCK1,81.00,200,100.00,3000
1793.781,STOCK1,74.00,1300,100.00,3000
1793.974,STOCK1,81.00,100,100.00,3000
1794.124,STOCK1,81.00,200,100.00,3000
1794.133,STOCK1,85.00,5000,100.00,3000
1794.405,STOCK1,85.00,4000,100.00,3000
1794.833,STOCK1,85.00,3000,100.00,3000
1795.700,STOCK1,85.00,2000,100.00,3000
1795.964,STOCK1,85.00,1000,100.00,3000
1796.355,STOCK1,85.00,1000,100.00,8000
1796.645,STOCK1,88.00,1000,100.00,8000
1796.706,STOCK1,85.00,1000,100.00,8000
1796.798,STOCK1,88.00,1000,100.00,8000
1796.969,STOCK1,88.00,2000,100.00,8000
1797.040,STOCK1,88.00,1000,100.00,8000
1797.123,STOCK1,88.00,2000,100.00,8000
1797.398,STOCK1,88.00,1000,100.00,8000
1797.701,STOCK1,85.00,1000,100.00,8000
1797.801,STOCK1,88.00,1000,100.00,8000
1797.972,STOCK1,88.00,2000,100.00,8000
1798.012,STOCK1,88.00,1000,100.00,8000
1798.542,STOCK1,88.00,1000,99.00,1000
1798.603,STOCK1,85.00,1000,99.00,1000
1798.734,STOCK1,88.00,1000,99.00,1000
1798.914,STOCK1,85.00,1000,99.00,1000
1798.924,STOCK1,88.00,1000,99.00,1000
1799.156,STOCK1,85.00,1000,99.00,1000
1799.197,STOCK1,90.00,100,99.00,1000
1799.291,STOCK1,90.00,200,99.00,1000
1799.321,STOCK1,90.00,1200,99.00,1000
1799.380,STOCK1,90.00,1200,99.00,900
1799.699,STOCK1,90.00,200,99.00,900
1799.720,STOCK1,85.00,200,99.00,900
1799.772,STOCK1,90.00,100,99.00,900
1799.924,STOCK1,81.00,400,99.00,900
1799.944,STOCK1,90.00,100,99.00,900
1800.192,STOCK1,74.00,800,99.00,900
1800.243,STOCK1,74.00,800,100.00,3900
1800.306,STOCK1,90.00,100,100.00,3900
1800.426,STOCK1,70.00,1400,100.00,3900
1800.456,STOCK1,90.00,100,100.00,3900
1800.516,STOCK1,70.00,500,100.00,3900
1800.627,STOCK1,69.00,2500,100.00,3900
1800.637,STOCK1,81.00,1000,100.00,3900
1800.637,STOCK1,90.00,100,100.00,3900
1800.738,STOCK1,90.00,100,100.00,3800
1800.748,STOCK1,81.00,100,100.00,3800
1800.799,STOCK1,81.00,1100,100.00,3800
1801.010,STOCK1,90.00,100,100.00,3800
1801.030,STOCK1,81.00,200,100.00,3800
1801.161,STOCK1,69.00,1700,100.00,3800
1801.323,STOCK1,90.00,100,100.00,3800
1801.333,STOCK1,69.00,800,100.00,3800
1801.373,STOCK1,69.00,800,100.00,3750
1801.464,STOCK1,68.00,6800,100.00,3750
1801.526,STOCK1,90.00,100,100.00,3750
1801.576,STOCK1,68.00,5900,100.00,3750
1801.727,STOCK1,90.00,100,100.00,3750
1801.727,STOCK1,68.00,5000,100.00,3750
1801.848,STOCK1,68.00,4000,100.00,3750
1801.909,STOCK1,90.00,100,100.00,3750
1802.004,STOCK1,68.00,3100,100.00,3750
1802.247,STOCK1,68.00,2100,100.00,3750
1802.619,STOCK1,68.00,2100,98.00,1000
1802.791,STOCK1,68.00,2100,98.00,2000
1802.954,STOCK1,68.00,2100,98.00,3000
1803.115,STOCK1,68.00,2100,98.00,4000
1803.276,STOCK1,68.00,2100,98.00,5000
1803.742,STOCK1,68.00,2100,98.00,4900
1804.146,STOCK1,68.00,1100,98.00,4900
1804.278,STOCK1,68.00,1100,98.00,4850
1804.339,STOCK1,68.00,100,98.00,4850
1804.539,STOCK1,67.00,1100,98.00,4850
1804.839,STOCK1,67.00,100,98.00,4850
1805.491,STOCK1,56.00,1100,98.00,4850
1805.697,STOCK1,56.00,100,98.00,4850
1806.015,STOCK1,56.00,100,97.00,1000
1806.116,STOCK1,70.00,5000,97.00,1000
1806.216,STOCK1,70.00,4000,97.00,1000
1806.398,STOCK1,70.00,3000,97.00,1000
1806.488,STOCK1,70.00,3000,97.00,500
1806.649,STOCK1,70.00,2000,97.00,500
1806.940,STOCK1,70.00,1000,97.00,500
1807.215,STOCK1,70.00,1000,97.00,1500
1807.328,STOCK1,70.00,1000,95.00,5000
1807.392,STOCK1,70.00,1000,95.00,4950
1807.442,STOCK1,70.00,1000,95.00,4850
1808.709,STOCK1,70.00,1000,95.00,4750
1809.582,STOCK1,70.00,1000,95.00,4650
1809.744,STOCK1,70.00,2000,95.00,4650
1809.931,STOCK1,70.00,1000,95.00,4650
1810.126,STOCK1,60.00,3000,95.00,4650
1810.490,STOCK1,70.00,1000,95.00,4650
1810.511,STOCK1,70.00,1000,90.00,1000
1810.714,STOCK1,70.00,1000,90.00,2000
1811.686,STOCK1,70.00,2000,90.00,2000
1813.554,STOCK1,70.00,2000,90.00,1950
1815.134,STOCK1,70.00,1000,90.00,1950
1815.576,STOCK1,60.00,8000,90.00,1950
1815.849,STOCK1,60.00,7000,90.00,1950
1816.194,STOCK1,60.00,7000,90.00,1450
1816.254,STOCK1,60.00,7000,90.00,1400
1816.426,STOCK1,60.00,6000,90.00,1400
1816.647,STOCK1,60.00,5000,90.00,1400
1816.807,STOCK1,60.00,4000,90.00,1400
1817.089,STOCK1,60.00,3000,90.00,1400
1817.242,STOCK1,60.00,2000,90.00,1400
1817.271,STOCK1,60.00,2000,90.00,1350
1817.412,STOCK1,60.00,1000,90.00,1350
1817.589,STOCK1,56.00,100,90.00,1350
1817.762,STOCK1,55.00,1100,90.00,1350
1817.782,STOCK1,55.00,1100,88.00,5000
1817.964,STOCK1,55.00,100,88.00,5000
1818.196,STOCK1,52.00,6100,88.00,5000
1818.285,STOCK1,52.00,6100,88.00,4950
1818.468,STOCK1,52.00,5100,88.00,4950
1818.668,STOCK1,52.00,4100,88.00,4950
1818.838,STOCK1,52.00,4100,88.00,4900
1818.848,STOCK1,52.00,3100,88.00,4900
1819.024,STOCK1,52.00,2100,88.00,4900
1819.298,STOCK1,52.00,1100,88.00,4900
1819.541,STOCK1,52.00,100,88.00,4900
1819.742,STOCK1,51.00,100,88.00,4900
1819.927,STOCK1,50.00,7100,88.00,4900
1820.149,STOCK1,50.00,6100,88.00,4900
1820.261,STOCK1,50.00,6100,88.00,4800
1820.504,STOCK1,50.00,5100,88.00,4800
1820.709,STOCK1,50.00,6100,88.00,4800
1820.719,STOCK1,50.00,5100,88.00,4800
1820.861,STOCK1,50.00,4100,88.00,4800
1820.870,STOCK1,60.00,20,88.00,4800
1821.610,STOCK1,60.00,20,85.00,1000
1822.042,STOCK1,50.00,3120,85.00,1000
1822.727,STOCK1,50.00,3120,85.00,2000
1823.184,STOCK1,50.00,2120,85.00,2000
1823.683,STOCK1,50.00,1120,85.00,2000
1823.823,STOCK1,50.00,1000,85.00,2000
1823.954,STOCK1,50.00,1000,85.00,1950
1824.005,STOCK1,59.00,1000,85.00,1950
1824.310,STOCK1,59.00,2000,85.00,1950
1824.390,STOCK1,59.00,1000,85.00,1950
1825.048,STOCK1,50.00,1000,85.00,1950
1825.290,STOCK1,50.00,1000,85.00,1900
1825.938,STOCK1,50.00,2000,85.00,1900
1827.368,STOCK1,50.00,1000,85.00,1900
1827.783,STOCK1,50.00,2000,85.00,1900
1828.452,STOCK1,50.00,1000,85.00,1900
1828.655,STOCK1,50.00,2000,85.00,1900
1828.857,STOCK1,50.00,1000,85.00,1900
1829.296,STOCK1,45.00,3000,85.00,1900
1829.734,STOCK1,45.00,2000,85.00,1900
1830.259,STOCK1,45.00,1000,85.00,1900
1831.742,STOCK1,35.00,6000,85.00,1900
1832.414,STOCK1,49.00,1000,85.00,1900
1833.575,STOCK1,50.00,1000,85.00,1900
1835.527,STOCK1,50.00,1000,84.90,1000
1836.223,STOCK1,50.00,1000,84.00,2000
1837.812,STOCK1,51.00,1000,84.00,2000
1838.438,STOCK1,51.00,2000,84.00,2000
1838.629,STOCK1,51.00,3000,84.00,2000
1838.872,STOCK1,51.00,3000,84.00,5000
1839.611,STOCK2,243.50,5000,248.00,500
1840.120,STOCK2,243.50,5000,250.00,2900
1840.637,STOCK2,243.50,5000,250.00,900
1840.807,STOCK1,51.00,3000,84.00,4500
1841.808,STOCK1,51.00,3000,83.00,2000
1842.579,STOCK2,243.50,5000,260.00,800
1844.018,STOCK1,52.00,5000,83.00,2000
1844.896,STOCK1,52.00,5000,81.00,1000
1846.292,STOCK1,52.00,4000,81.00,1000
1846.684,STOCK1,52.00,4000,81.00,950
1846.724,STOCK1,52.00,3000,81.00,950
1847.025,STOCK1,52.00,2000,81.00,950
1847.358,STOCK1,52.00,1000,81.00,950
1847.730,STOCK1,51.00,3000,81.00,950
1848.267,STOCK1,51.00,2000,81.00,950
1848.287,STOCK1,51.00,2000,80.00,1000
1848.762,STOCK1,51.00,1000,80.00,1000
1849.030,STOCK1,50.00,4000,80.00,1000
1849.232,STOCK1,50.00,3000,80.00,1000
1849.675,STOCK1,50.00,3000,80.00,950
1849.908,STOCK1,50.00,2000,80.00,950
1850.209,STOCK1,50.00,1000,80.00,950
1850.410,STOCK1,49.00,1000,80.00,950
1850.644,STOCK1,49.00,1000,80.00,5950
1850.865,STOCK1,40.00,3000,80.00,5950
1851.350,STOCK1,40.00,2000,80.00,5950
1852.728,STOCK1,40.00,1000,80.00,5950
1854.025,STOCK1,40.00,1000,80.00,5900
1856.661,STOCK1,41.00,1000,80.00,5900
1856.661,STOCK1,41.00,1000,79.00,1000
1858.324,STOCK1,41.00,1000,79.00,2000
1860.737,STOCK1,41.00,1000,79.00,3000
1860.919,STOCK1,41.00,1000,78.00,1000
1861.082,STOCK1,41.00,1000,78.00,2000
1861.396,STOCK1,41.00,1000,78.00,1950
1861.628,STOCK1,43.00,3000,78.00,1950
1862.589,STOCK1,43.00,3000,70.00,5000
1865.382,STOCK1,43.00,3000,78.00,1950
1865.552,STOCK1,43.00,3000,78.00,1900
1866.026,STOCK1,43.00,3000,78.00,1850
1869.318,STOCK1,43.00,3000,77.00,1000
1869.460,STOCK1,43.00,3000,76.00,3000
1872.421,STOCK2,245.00,1000,260.00,800
1872.905,STOCK1,43.00,3000,75.00,1000
1874.167,STOCK1,43.00,3000,75.00,950
1874.607,STOCK1,43.00,3000,75.00,900
1874.921,STOCK1,43.00,3000,75.00,850
1875.126,STOCK1,43.00,3000,75.00,1850
1875.317,STOCK1,43.00,3000,75.00,1800
1876.950,STOCK1,43.00,3000,75.00,1750
1878.269,STOCK1,45.00,1000,75.00,1750
1878.484,STOCK1,45.00,1000,74.00,2000
1879.538,STOCK1,45.00,2000,74.00,2000
1881.444,STOCK2,245.00,1000,259.00,1000
1881.614,STOCK1,45.00,2000,76.00,1750
1882.552,STOCK1,42.00,7000,76.00,1750
1884.676,STOCK1,42.00,6900,76.00,1750
1884.838,STOCK1,45.00,1000,76.00,1750
1885.044,STOCK1,42.00,2900,76.00,1750
1885.105,STOCK1,42.00,2900,75.00,1000
1885.617,STOCK1,42.00,2900,75.00,2000
1885.788,STOCK1,45.00,1000,75.00,2000
1886.519,STOCK1,45.00,2000,75.00,2000
1886.539,STOCK1,41.00,900,75.00,2000
1886.855,STOCK2,245.00,1000,257.00,500
1887.187,STOCK1,45.00,1000,75.00,2000
1887.552,STOCK1,45.00,1000,75.00,7000
1889.003,STOCK1,45.00,1000,74.00,1000
1889.144,STOCK1,45.00,1000,74.00,2000
1889.337,STOCK1,45.00,1000,74.00,3000
1889.527,STOCK1,45.00,1000,74.00,4000
1889.699,STOCK1,45.00,1000,74.00,5000
1889.873,STOCK1,45.00,1000,74.00,6000
1890.288,STOCK1,45.00,1000,74.00,7000
1890.521,STOCK1,45.00,2000,74.00,7000
1890.743,STOCK1,45.00,2000,74.00,8000
1890.743,STOCK1,45.00,2000,74.00,9000
1890.943,STOCK1,45.00,2000,74.00,10000
1891.107,STOCK1,45.00,2000,74.00,11000
1891.279,STOCK1,45.00,2000,74.00,12000
1891.439,STOCK1,45.00,2000,74.00,13000
1891.610,STOCK1,45.00,2000,74.00,14000
1891.783,STOCK1,45.00,2000,74.00,15000
1891.990,STOCK1,45.00,2000,74.00,16000
1892.031,STOCK1,45.00,2000,70.00,5000
1892.729,STOCK1,46.00,1000,70.00,5000
1892.829,STOCK1,46.00,1000,70.00,4900
1892.879,STOCK1,46.00,2000,70.00,4900
1892.888,STOCK1,46.00,2000,70.00,4850
1892.990,STOCK1,46.00,2000,70.00,4750
1893.010,STOCK1,46.00,3000,70.00,4750
1893.323,STOCK1,46.00,3000,70.00,4650
1893.446,STOCK1,46.00,3000,70.00,4600
1893.920,STOCK1,46.00,3000,70.00,4500
1894.067,STOCK1,46.00,3000,70.00,4400
1895.242,STOCK1,46.00,3000,70.00,4300
1895.252,STOCK1,46.00,3000,70.00,4250
1895.413,STOCK1,46.00,3000,70.00,4150
1895.782,STOCK1,46.00,3000,70.00,4050
1895.934,STOCK1,46.00,3000,70.00,3950
1896.660,STOCK1,46.00,3000,70.00,3900
1896.700,STOCK1,46.00,3000,70.00,3800
1896.922,STOCK2,245.00,1000,260.00,300
1897.868,STOCK1,46.00,3000,70.00,3700
1898.015,STOCK1,46.00,3000,70.00,3600
1898.240,STOCK1,46.00,3000,70.00,3500
1898.319,STOCK1,46.00,3000,70.00,3400
1898.461,STOCK1,46.00,3000,70.00,3300
1898.472,STOCK1,46.00,3000,69.90,1000
1898.544,STOCK1,46.00,2000,69.90,1000
1898.660,STOCK1,46.00,2000,69.90,2000
1898.872,STOCK2,245.00,1000,270.00,2100
1899.294,STOCK1,46.00,1000,69.90,2000
1899.528,STOCK1,46.00,1000,69.90,3000
1899.944,STOCK1,45.00,2000,69.90,3000
1900.430,STOCK1,45.00,2000,69.00,1000
1900.683,STOCK1,45.00,1000,69.00,1000
1901.288,STOCK1,41.00,900,69.00,1000
1901.379,STOCK1,41.00,900,61.00,1000
1901.533,STOCK1,41.00,900,61.00,2000
1902.130,STOCK1,41.00,900,61.00,3000
1902.230,STOCK1,40.00,900,61.00,3000
1902.280,STOCK1,40.00,900,61.00,4000
1902.767,STOCK1,40.00,900,61.00,3900
1902.944,STOCK2,246.00,1000,270.00,2100
1902.954,STOCK1,40.00,900,61.00,3800
1903.044,STOCK1,40.00,900,61.00,3700
1903.126,STOCK2,246.00,2000,270.00,2100
1903.562,STOCK1,40.00,900,61.00,3650
1903.814,STOCK1,40.00,900,61.00,3550
1903.998,STOCK1,40.00,900,61.00,3450
1904.758,STOCK1,36.00,4900,61.00,3450
1905.377,STOCK2,246.00,3000,270.00,2100
1906.782,STOCK1,36.00,4900,61.00,3350
1906.964,STOCK1,36.00,4900,61.00,3250
1907.241,STOCK1,36.00,4900,61.00,3150
1907.421,STOCK1,36.00,4900,61.00,3050
1907.529,STOCK1,36.00,4900,61.00,2950
1908.194,STOCK1,36.00,4900,61.00,2850
1908.703,STOCK1,40.00,1000,61.00,2850
1909.943,STOCK1,40.00,1000,60.00,1000
1910.335,STOCK2,246.00,3000,247.00,1
1913.301,STOCK1,40.00,2000,60.00,1000
1913.582,STOCK1,40.00,4000,60.00,1000
1913.756,STOCK1,40.00,3000,60.00,1000
1914.225,STOCK1,40.00,3000,59.90,1000
1914.397,STOCK1,40.00,3000,59.90,2000
1915.116,STOCK1,40.00,8000,59.90,2000
1915.126,STOCK1,40.00,8000,59.90,1900
1915.208,STOCK2,246.00,3000,270.00,2100
1916.456,STOCK2,246.00,3000,247.00,1
1916.911,STOCK1,40.00,8000,58.00,1000
1916.921,STOCK2,246.00,4000,247.00,1
1917.367,STOCK1,40.00,8000,58.00,2000
1918.343,STOCK1,40.00,8000,58.00,1900
1918.776,STOCK2,246.00,4000,270.00,2100
1919.726,STOCK2,246.00,4000,247.00,1
1920.906,STOCK2,246.00,4000,270.00,2100
1921.584,STOCK1,40.00,8000,58.00,1800
1921.706,STOCK1,40.00,8000,58.00,1700
1925.319,STOCK2,247.00,1000,270.00,2100
1929.422,STOCK1,40.00,8000,57.90,1000
1929.593,STOCK1,40.00,8000,57.90,2000
1930.084,STOCK2,248.00,1000,270.00,2100
1930.267,STOCK2,248.00,2000,270.00,2100
1932.776,STOCK2,248.00,3000,270.00,2100
1932.837,STOCK1,40.00,8000,57.90,1900
1932.918,STOCK1,40.00,8000,57.90,1800
1934.137,STOCK2,248.00,3000,249.00,1
1936.090,STOCK2,248.00,3000,269.00,500
1936.964,STOCK1,40.00,8000,57.90,1700
1937.368,STOCK1,40.00,7000,57.90,1700
1937.590,STOCK1,40.00,6000,57.90,1700
1937.860,STOCK1,40.00,5000,57.90,1700
1938.316,STOCK1,40.00,4000,57.90,1700
1938.782,STOCK1,40.00,3000,57.90,1700
1939.162,STOCK1,40.00,2000,57.90,1700
1939.659,STOCK1,40.00,1000,57.90,1700
1940.062,STOCK2,248.00,3000,270.00,2100
1940.175,STOCK1,36.00,5900,57.90,1700
1940.987,STOCK2,250.00,5000,270.00,2100
1941.047,STOCK1,36.00,5900,55.00,5000
1941.979,STOCK2,250.00,5000,269.00,100
1942.174,STOCK2,250.00,5000,269.00,200
1942.356,STOCK2,250.00,5000,269.00,300
1942.467,STOCK1,40.00,200,55.00,5000
1942.570,STOCK2,250.00,5000,269.00,400
1945.247,STOCK2,250.00,5000,269.00,500
1945.458,STOCK2,250.00,5000,269.00,600
1945.936,STOCK2,250.00,4900,269.00,600
1949.605,STOCK1,40.00,200,54.90,1000
1949.827,STOCK1,40.00,200,54.90,2000
1950.291,STOCK2,250.00,4900,269.00,200
1952.161,STOCK1,40.00,200,50.00,1000
1952.726,STOCK1,40.00,200,50.00,2000
1955.810,STOCK1,40.00,200,50.00,1900
1955.959,STOCK1,40.00,200,50.00,1800
1956.040,STOCK2,250.00,4900,270.00,2100
1957.783,STOCK1,40.00,200,49.90,1000
1957.974,STOCK1,40.00,200,49.90,2000
1958.236,STOCK2,250.00,4900,269.00,100
1958.376,STOCK2,250.00,4900,269.00,200
1958.533,STOCK2,250.00,4900,269.00,300
1958.693,STOCK2,250.00,4900,269.00,400
1958.835,STOCK2,250.00,4900,269.00,500
1959.054,STOCK2,250.00,4900,269.00,600
1959.145,STOCK2,250.00,4900,269.00,700
1959.306,STOCK2,250.00,4900,269.00,800
1959.446,STOCK1,36.00,6100,49.90,2000
1959.476,STOCK2,250.00,4900,269.00,900
1959.636,STOCK2,250.00,4900,269.00,1000
1959.788,STOCK2,250.00,4900,269.00,1100
1959.957,STOCK2,250.00,4900,269.00,1200
1959.957,STOCK1,36.00,5100,49.90,2000
1960.109,STOCK2,250.00,4900,269.00,1300
1960.293,STOCK2,250.00,4900,269.00,1400
1960.348,STOCK1,36.00,4100,49.90,2000
1960.459,STOCK2,250.00,4900,269.00,1500
1960.619,STOCK2,250.00,4900,269.00,1600
1960.812,STOCK2,250.00,4900,269.00,1700
1960.832,STOCK1,36.00,3100,49.90,2000
1960.977,STOCK2,250.00,4900,269.00,1800
1961.190,STOCK2,250.00,4900,269.00,1900
1961.321,STOCK2,250.00,4800,269.00,1900
1961.476,STOCK1,36.00,2100,49.90,2000
1962.043,STOCK1,36.00,1100,49.90,2000
1966.394,STOCK1,36.00,1100,49.90,1900
1970.629,STOCK2,251.00,1000,269.00,1900
1970.801,STOCK2,251.00,2000,269.00,1900
1972.195,STOCK2,251.00,2000,270.00,2100
1974.402,STOCK1,36.00,1100,36.01,1
1976.671,STOCK1,36.00,1100,49.90,1801
1976.842,STOCK1,36.00,1100,49.90,1701
1976.934,STOCK2,251.00,2000,275.00,500
1978.318,STOCK1,36.00,1100,36.01,1
1982.116,STOCK1,36.00,1100,49.90,1701
1983.522,STOCK1,36.00,1100,36.01,1
1984.549,STOCK1,36.00,1100,49.90,1701
1985.505,STOCK2,251.00,2000,300.00,350
1986.453,STOCK1,36.00,1100,36.01,1
1987.404,STOCK1,36.00,1100,49.90,1701
1988.416,STOCK1,36.00,1100,36.01,1
1991.016,STOCK1,36.00,1100,49.90,1701
1991.076,STOCK1,36.00,1100,49.90,1700
1991.259,STOCK2,252.00,100,300.00,350
1991.422,STOCK2,252.00,200,300.00,350
1991.593,STOCK2,252.00,300,300.00,350
1991.753,STOCK2,252.00,400,300.00,350
1991.944,STOCK2,252.00,500,300.00,350
1992.155,STOCK1,36.00,1100,36.01,1
1992.756,STOCK2,252.00,600,300.00,350
1992.896,STOCK2,252.00,600,285.00,200
1992.958,STOCK2,252.00,700,285.00,200
1993.133,STOCK2,252.00,800,285.00,200
1993.676,STOCK1,36.00,1100,49.90,1700
1995.061,STOCK1,36.00,1100,36.01,1
1995.212,STOCK2,255.00,1000,285.00,200
1995.405,STOCK2,255.00,2000,285.00,200
1996.019,STOCK1,36.00,1100,49.90,1700
1996.848,STOCK2,255.00,2000,300.00,50
1997.321,STOCK1,36.00,1100,36.01,1
1998.178,STOCK2,256.00,100,300.00,50
1999.095,STOCK1,36.00,1100,49.90,1700
1999.503,STOCK2,256.00,200,300.00,50
1999.971,STOCK1,36.00,1100,36.01,1
2000.539,STOCK2,256.00,300,300.00,50
2001.042,STOCK2,256.00,400,300.00,50
2001.819,STOCK2,260.00,3000,300.00,50
2003.120,STOCK2,270.00,2000,300.00,50
2004.230,STOCK1,36.00,1100,49.90,1700
2004.869,STOCK2,270.00,4000,300.00,50
2005.553,STOCK1,36.00,1100,36.01,1
2006.058,STOCK1,36.00,1100,49.90,1700
2006.914,STOCK2,280.00,1000,300.00,50
2007.088,STOCK2,280.00,2000,300.00,50
2007.241,STOCK2,280.00,3000,300.00,50
2008.861,STOCK1,36.00,900,49.90,1700
2010.958,STOCK1,36.00,900,36.01,1
2012.191,STOCK2,281.00,1000,300.00,50
2013.861,STOCK2,281.00,950,300.00,50
2015.483,STOCK2,281.00,900,300.00,50
2015.666,STOCK1,36.00,900,49.90,1700
2017.139,STOCK2,281.00,850,300.00,50
2017.761,STOCK1,36.00,900,45.01,1000
2018.245,STOCK1,37.00,1000,45.01,1000
2018.945,STOCK1,37.00,1000,45.01,2000
2019.602,STOCK1,37.00,1000,45.01,3000
2019.814,STOCK1,37.00,1000,45.01,4000
2019.824,STOCK1,36.00,900,45.01,4000
2020.616,STOCK2,281.00,5850,300.00,50
2020.657,STOCK1,36.00,900,45.01,5000
2021.288,STOCK1,36.00,900,45.01,6000
2021.491,STOCK2,281.00,5350,300.00,50
2021.615,STOCK1,35.00,6900,45.01,6000
2021.676,STOCK2,281.00,10350,300.00,50
2021.997,STOCK1,35.00,6900,36.01,1
2022.310,STOCK1,35.00,5900,36.01,1
2022.730,STOCK1,35.00,5900,45.01,5501
2022.942,STOCK1,35.00,4900,45.01,5501
2023.034,STOCK1,35.00,4900,45.01,5500
2024.865,STOCK1,35.00,4900,36.01,1
2024.975,STOCK1,35.00,3900,36.01,1
2025.400,STOCK1,35.00,3900,45.01,5001
2025.655,STOCK1,35.00,3900,45.01,5000
2025.777,STOCK1,35.00,2900,45.01,5000
2026.324,STOCK1,35.00,1900,45.01,5000
2026.870,STOCK2,281.00,10350,295.00,500
2026.880,STOCK1,35.00,900,45.01,5000
2028.499,STOCK1,35.00,900,45.00,1000
2028.650,STOCK1,35.00,900,36.01,1
2028.810,STOCK1,32.00,4952,36.01,1
2029.357,STOCK1,32.00,4952,45.00,2000
2029.388,STOCK1,32.00,4952,45.00,1500
2030.422,STOCK2,285.00,500,295.00,500
2033.128,STOCK1,30.00,2152,45.00,1500
2033.689,STOCK1,30.00,2152,45.00,6500
2034.212,STOCK1,24.00,2247,45.00,6500
2036.464,STOCK1,24.00,2247,45.00,6400
2036.627,STOCK1,24.00,2247,45.00,6350
2036.647,STOCK1,24.00,2247,45.00,6250
2036.919,STOCK2,286.00,5000,295.00,500
2037.867,STOCK1,24.00,2247,45.00,6150
2038.009,STOCK1,24.00,2247,45.00,6050
2038.220,STOCK1,24.00,2247,45.00,5950
2041.892,STOCK1,24.00,2247,45.00,5850
2042.004,STOCK1,24.00,2247,45.00,5750
2042.166,STOCK1,24.00,2247,45.00,5650
2044.758,STOCK1,24.00,2247,45.00,6650
2045.138,STOCK1,24.00,2247,45.00,7650
2051.149,STOCK1,25.00,1000,45.00,7650
2051.215,STOCK2,286.20,500,295.00,500
2051.345,STOCK1,25.00,2000,45.00,7650
2060.387,STOCK1,25.00,2000,44.90,1000
2060.902,STOCK1,25.00,1000,44.90,1000
2061.236,STOCK1,24.00,2247,44.90,1000
2061.575,STOCK1,24.00,2247,44.90,2000
2061.756,STOCK1,24.00,1248,44.90,2000
2062.704,STOCK1,24.00,249,44.90,2000
2063.166,STOCK1,20.00,9000,44.90,2000
2063.236,STOCK2,286.20,450,295.00,500
2064.429,STOCK2,286.20,400,295.00,500
2068.127,STOCK1,20.00,9000,44.00,5000
2069.228,STOCK1,20.00,9000,43.00,1000
2069.398,STOCK1,20.00,9000,43.00,2000
2069.550,STOCK1,20.00,9000,43.00,3000
2069.702,STOCK1,20.00,9000,43.00,4000
2069.864,STOCK1,20.00,9000,43.00,5000
2070.005,STOCK1,20.00,9000,43.00,6000
2071.088,STOCK1,20.00,9000,43.00,5000
2071.088,STOCK1,20.00,9000,43.00,4000
2071.088,STOCK1,20.00,9000,43.00,3000
2071.088,STOCK1,20.00,9000,43.00,2000
2071.088,STOCK1,20.00,9000,43.00,1000
2071.088,STOCK1,20.00,9000,44.00,5000
2071.930,STOCK1,20.00,9000,43.00,1000
2072.119,STOCK1,20.00,9000,43.00,2000
2072.452,STOCK1,20.00,9000,43.00,3000
2072.724,STOCK1,20.00,9000,43.00,4000
2073.048,STOCK1,20.00,9000,43.00,5000
2073.497,STOCK1,20.00,9000,43.00,6000
2073.831,STOCK1,20.00,9000,43.00,7000
2074.567,STOCK1,20.00,9000,43.00,8000
2074.930,STOCK1,21.00,100,43.00,8000
2075.187,STOCK2,286.00,4900,295.00,500
2075.743,STOCK2,286.00,4850,295.00,500
2076.940,STOCK2,286.00,4350,295.00,500
2078.121,STOCK1,21.00,100,42.00,1000
2078.213,STOCK2,286.00,4300,295.00,500
2080.918,STOCK2,286.00,1300,295.00,500
2082.751,STOCK2,286.00,1250,295.00,500
2083.052,STOCK2,286.00,1050,295.00,500
2083.254,STOCK2,286.00,50,295.00,500
2083.587,STOCK2,281.00,7400,295.00,500
2085.304,STOCK2,281.00,6400,295.00,500
2086.399,STOCK1,21.00,100,42.00,2000
2088.190,STOCK2,281.00,6400,290.00,1000
2091.880,STOCK1,21.00,100,41.90,1000
2092.539,STOCK1,21.00,100,41.90,2000
2093.841,STOCK2,281.00,1400,290.00,1000
2095.058,STOCK1,21.00,100,41.90,1000
2096.428,STOCK1,21.00,100,42.00,2000
2097.624,STOCK1,21.00,100,42.00,1000
2098.045,STOCK1,21.00,100,42.00,950
2098.177,STOCK1,21.00,100,42.90,1950
2099.209,STOCK1,21.00,100,42.90,1900
2099.594,STOCK1,22.00,1000,42.90,1900
2100.269,STOCK1,22.00,1000,40.00,2000
2100.360,STOCK2,286.00,5000,290.00,1000
2101.181,STOCK1,22.00,1000,40.00,1950
2101.470,STOCK1,22.00,1000,40.00,950
2101.694,STOCK1,22.00,1000,42.90,1850
2101.805,STOCK2,286.00,4800,290.00,1000
2102.403,STOCK2,286.00,4600,290.00,1000
2102.907,STOCK2,286.00,4400,290.00,1000
2103.129,STOCK2,286.00,4200,290.00,1000
2103.392,STOCK2,286.00,4000,290.00,1000
2103.593,STOCK2,286.00,3800,290.00,1000
2103.803,STOCK2,286.00,3600,290.00,1000
2103.965,STOCK2,286.00,3400,290.00,1000
2104.106,STOCK2,286.00,3200,290.00,1000
2104.268,STOCK2,286.00,3000,290.00,1000
2104.348,STOCK2,286.00,2800,290.00,1000
2104.489,STOCK2,286.00,2600,290.00,1000
2104.650,STOCK2,286.00,2400,290.00,1000
2104.811,STOCK2,286.00,2200,290.00,1000
2104.985,STOCK2,286.00,2000,290.00,1000
2105.128,STOCK2,286.00,1800,290.00,1000
2105.228,STOCK1,22.00,6000,42.90,1850
2105.248,STOCK2,286.00,1600,290.00,1000
2105.418,STOCK2,286.00,1400,290.00,1000
2105.440,STOCK1,22.00,11000,42.90,1850
2105.713,STOCK2,286.00,1200,290.00,1000
2105.923,STOCK2,286.00,1000,290.00,1000
2106.175,STOCK2,286.00,800,290.00,1000
2106.248,STOCK1,23.00,1000,42.90,1850
2106.370,STOCK2,286.00,600,290.00,1000
2106.566,STOCK2,286.00,400,290.00,1000
2106.586,STOCK1,23.00,2000,42.90,1850
2106.748,STOCK2,286.00,200,290.00,1000
2106.810,STOCK1,23.00,3000,42.90,1850
2107.061,STOCK1,23.00,4000,42.90,1850
2107.091,STOCK2,281.00,1400,290.00,1000
2107.152,STOCK1,23.00,5000,42.90,1850
2107.252,STOCK1,23.00,6000,42.90,1850
2107.443,STOCK1,23.00,7000,42.90,1850
2107.443,STOCK1,23.00,8000,42.90,1850
2107.887,STOCK2,286.00,5000,290.00,1000
2109.442,STOCK1,23.00,8000,42.90,1800
2110.197,STOCK2,286.00,4800,290.00,1000
2110.490,STOCK2,286.00,4600,290.00,1000
2110.551,STOCK2,286.00,4400,290.00,1000
2110.704,STOCK2,286.00,4200,290.00,1000
2110.868,STOCK2,286.00,4000,290.00,1000
2111.007,STOCK2,286.00,3800,290.00,1000
2111.149,STOCK2,286.00,3600,290.00,1000
2111.321,STOCK2,286.00,3400,290.00,1000
2111.481,STOCK2,286.00,3200,290.00,1000
2111.642,STOCK2,286.00,3000,290.00,1000
2111.836,STOCK2,286.00,2800,290.00,1000
2111.977,STOCK2,286.00,2600,290.00,1000
2112.139,STOCK2,286.00,2400,290.00,1000
2112.280,STOCK1,24.00,1000,42.90,1800
2112.322,STOCK2,286.00,2200,290.00,1000
2112.404,STOCK2,286.00,2000,290.00,1000
2112.588,STOCK2,286.00,1800,290.00,1000
2112.759,STOCK2,286.00,1600,290.00,1000
2112.912,STOCK2,286.00,1400,290.00,1000
2113.085,STOCK2,286.00,1200,290.00,1000
2113.266,STOCK2,286.00,1000,290.00,1000
2113.409,STOCK2,286.00,800,290.00,1000
2113.560,STOCK2,286.00,600,290.00,1000
2113.734,STOCK2,286.00,400,290.00,1000
2114.841,STOCK2,286.00,400,290.00,1350
2115.165,STOCK1,24.00,2000,42.90,1800
2115.469,STOCK1,24.00,2000,41.00,2000
2115.496,STOCK2,286.00,1400,290.00,1350
2115.841,STOCK2,286.00,2400,290.00,1350
2115.984,STOCK2,286.00,2200,290.00,1350
2116.419,STOCK1,25.00,5000,41.00,2000
2117.266,STOCK2,286.00,2000,290.00,1350
2117.640,STOCK2,286.00,1800,290.00,1350
2118.056,STOCK2,286.00,1600,290.00,1350
2118.367,STOCK2,286.00,1400,290.00,1350
2118.536,STOCK2,286.00,900,290.00,1350
2118.690,STOCK2,286.00,700,290.00,1350
2118.882,STOCK2,286.00,500,290.00,1350
2119.093,STOCK2,286.00,300,290.00,1350
2119.934,STOCK2,286.00,1300,290.00,1350
2120.298,STOCK2,286.00,1100,290.00,1350
2120.724,STOCK1,25.00,5000,41.00,1000
2120.876,STOCK2,286.00,900,290.00,1350
2121.026,STOCK2,286.00,700,290.00,1350
2121.177,STOCK1,25.00,5000,42.00,1000
2121.218,STOCK2,286.00,500,290.00,1350
2121.391,STOCK2,286.00,300,290.00,1350
2121.585,STOCK2,286.00,100,290.00,1350
2122.118,STOCK2,281.00,1300,290.00,1350
2123.309,STOCK1,25.10,500,42.00,1000
2126.845,STOCK2,281.00,1300,289.00,206
2126.915,STOCK1,25.10,500,41.00,500
2127.392,STOCK1,25.10,500,41.00,1000
2129.871,STOCK1,26.00,1000,41.00,1000
2130.425,STOCK1,26.00,2000,41.00,1000
2130.899,STOCK2,281.00,300,289.00,206
2132.168,STOCK2,280.00,300,289.00,206
2132.258,STOCK2,270.00,3300,289.00,206
2132.602,STOCK2,270.00,300,289.00,206
2132.733,STOCK2,260.00,3000,289.00,206
2133.656,STOCK1,26.00,2000,41.00,2000
2134.013,STOCK1,26.00,2000,41.00,1000
2135.606,STOCK1,26.00,2000,42.00,1000
2138.663,STOCK1,26.00,2000,41.00,5000
2141.142,STOCK1,26.00,2000,41.00,4990
2141.142,STOCK1,26.00,2000,41.00,4980
2141.434,STOCK1,26.00,2000,41.00,4970
2141.434,STOCK1,26.00,2000,41.00,4960
2141.727,STOCK1,26.00,2000,41.00,4950
2141.727,STOCK1,26.00,2000,41.00,4940
2143.228,STOCK1,26.00,2000,40.90,1000
2144.041,STOCK1,26.00,2000,40.90,2000
2144.980,STOCK1,26.00,2000,40.90,3000
2145.383,STOCK1,26.00,2000,40.90,2950
2145.562,STOCK1,26.00,2000,40.90,2450
2145.723,STOCK1,26.00,2000,40.90,1450
2146.138,STOCK1,26.00,2000,40.90,450
2146.623,STOCK2,260.00,2000,289.00,206
2146.643,STOCK1,26.00,2000,41.00,4390
2146.643,STOCK1,26.00,2000,41.00,4340
2147.125,STOCK1,26.00,2000,41.00,4290
2147.125,STOCK1,26.00,2000,41.00,3290
2147.318,STOCK2,260.00,1000,289.00,206
2147.480,STOCK2,256.00,600,289.00,206
2147.620,STOCK1,26.00,2000,41.00,2290
2148.024,STOCK1,26.00,2000,41.00,1290
2148.388,STOCK1,26.00,2000,41.00,290
2148.608,STOCK1,26.00,2000,41.00,240
2149.104,STOCK1,27.01,5000,41.00,240
2149.781,STOCK2,256.00,600,290.00,1056
2150.036,STOCK1,27.01,5000,42.00,1000
2150.410,STOCK1,27.01,5000,43.00,7800
2150.410,STOCK1,27.01,5000,43.00,2800
2150.673,STOCK1,27.01,5000,40.90,1000
2150.713,STOCK1,27.01,5000,44.00,3800
2150.713,STOCK1,27.01,5000,44.90,800
2151.023,STOCK1,27.01,5000,45.00,1450
2151.023,STOCK1,27.01,5000,49.90,150
2151.316,STOCK1,27.01,5000,50.00,1950
2151.316,STOCK1,27.01,5000,57.90,1650
2151.632,STOCK1,27.01,5000,59.90,250
2151.642,STOCK1,27.01,5000,61.00,1100
2151.964,STOCK1,27.01,5000,69.90,100
2151.964,STOCK1,27.01,5000,70.00,5750
2152.257,STOCK1,27.01,5000,70.00,750
2152.257,STOCK1,27.01,5000,74.00,16750
2152.563,STOCK1,27.01,5000,74.00,11750
2152.574,STOCK1,27.01,5000,74.00,6750
2152.895,STOCK1,27.01,5000,74.00,1750
2152.895,STOCK1,27.01,5000,77.00,1750
2153.217,STOCK1,27.01,5000,80.00,650
2153.217,STOCK1,27.01,5000,82.00,12600
2153.552,STOCK1,27.01,5000,82.00,7600
2153.552,STOCK1,27.01,5000,82.00,2600
2153.896,STOCK1,27.01,5000,85.00,1500
2153.896,STOCK1,27.01,5000,88.00,1300
2154.239,STOCK1,27.01,5000,94.00,3650
2154.239,STOCK1,27.01,5000,95.00,3300
2154.555,STOCK1,27.01,5000,97.00,800
2154.555,STOCK1,27.01,5000,100.00,7050
2154.880,STOCK1,27.01,5000,100.00,2050
2154.880,STOCK1,27.01,5000,110.00,50
2155.203,STOCK1,27.01,5000,120.00,3050
2155.203,STOCK1,27.01,5000,128.80,750
2155.516,STOCK1,27.01,5000,130.00,9750
2155.516,STOCK1,27.01,5000,130.00,4750
2155.838,STOCK1,27.01,5000,135.00,750
2155.838,STOCK1,27.01,5000,138.00,650
2156.148,STOCK1,27.01,5000,147.00,8050
2156.148,STOCK1,27.01,5000,147.00,3050
2156.483,STOCK1,27.01,5000,150.00,5050
2156.483,STOCK1,27.01,5000,150.00,50
2156.806,STOCK1,27.01,5000,190.00,350
2157.110,STOCK1,27.01,5000,240.00,1350
2157.120,STOCK1,27.01,5000,1111.02,1450
2157.221,STOCK1,29.00,1000,1111.02,1450
2157.454,STOCK1,29.00,1000,9994.00,1450
2157.463,STOCK1,29.00,1000,9999.00,6450
2157.740,STOCK1,29.00,1000,9999.00,1450
2158.078,STOCK1,29.00,1000,9999.00,450
2158.213,STOCK1,29.00,1000,9999.99,11850
2158.253,STOCK1,29.00,900,9999.99,11850
2158.429,STOCK1,29.00,900,9999.99,10850
2158.460,STOCK1,29.00,800,9999.99,10850
2158.631,STOCK1,29.00,800,9999.99,9850
2158.862,STOCK1,29.00,700,9999.99,9850
2158.882,STOCK1,29.00,700,9999.99,8850
2159.149,STOCK1,29.00,700,9999.99,7850
2159.340,STOCK1,29.00,700,9999.99,6850
2159.753,STOCK1,29.00,700,9999.99,5850
2160.518,STOCK1,29.00,500,9999.99,5850
2160.619,STOCK1,29.00,500,9999.99,4850
2160.783,STOCK1,29.00,500,9999.99,3850
2161.004,STOCK1,29.00,500,9999.99,2850
2161.218,STOCK1,29.00,500,9999.99,1850
2162.372,STOCK1,29.00,500,100.00,1000
2162.524,STOCK1,29.00,500,100.00,2000
2162.858,STOCK1,29.00,500,,
2163.069,STOCK1,29.00,500,9999.00,5000
2163.435,STOCK1,29.00,500,5000.00,5000
2163.647,STOCK1,29.00,500,1809.00,1000
2165.632,STOCK1,27.01,500,1809.00,1000
2166.402,STOCK1,25.00,3000,1809.00,1000
2166.818,STOCK1,25.00,3000,800.00,100
2166.959,STOCK1,25.00,3000,800.00,200
2167.129,STOCK1,25.00,3000,800.00,300
2167.279,STOCK1,25.00,3000,800.00,400
2167.440,STOCK1,25.00,3000,800.00,500
2167.599,STOCK1,25.00,3000,800.00,600
2167.761,STOCK1,25.00,3000,800.00,700
2167.935,STOCK1,25.00,3000,800.00,800
2169.477,STOCK1,25.00,3000,700.00,1000
2169.850,STOCK1,25.00,3000,700.00,2000
2171.646,STOCK1,25.00,3000,500.00,1000
2171.809,STOCK1,25.00,3000,500.00,2000
2171.970,STOCK1,25.00,3000,500.00,3000
2172.041,STOCK1,25.00,2900,500.00,3000
2172.122,STOCK1,25.00,2900,500.00,4000
2175.375,STOCK1,26.00,1000,500.00,4000
2175.681,STOCK1,26.00,2000,500.00,4000
2175.836,STOCK1,26.00,3000,500.00,4000
2176.017,STOCK1,26.00,4000,500.00,4000
2176.017,STOCK1,26.00,4000,450.00,5000
2176.199,STOCK1,26.00,5000,450.00,5000
2176.367,STOCK1,26.00,6000,450.00,5000
2176.527,STOCK1,26.00,7000,450.00,5000
2176.691,STOCK1,26.00,8000,450.00,5000
2176.733,STOCK1,26.00,8000,41.00,1000
2176.920,STOCK1,26.00,9000,41.00,1000
2177.040,STOCK1,26.00,10000,41.00,1000
2177.211,STOCK1,26.00,11000,41.00,1000
2177.394,STOCK1,26.00,12000,41.00,1000
2177.568,STOCK1,26.00,13000,41.00,1000
2177.749,STOCK1,26.00,14000,41.00,1000
2177.930,STOCK1,26.00,15000,41.00,1000
2178.104,STOCK1,26.00,16000,41.00,1000
2178.279,STOCK1,26.00,17000,41.00,1000
2178.471,STOCK1,26.00,18000,41.00,1000
2178.652,STOCK1,26.00,19000,41.00,1000
2178.842,STOCK1,26.00,20000,41.00,1000
2180.580,STOCK1,26.00,20000,400.00,6600
2183.092,STOCK1,30.00,3000,400.00,6600
2183.262,STOCK1,30.00,3000,380.00,1000
2183.708,STOCK1,30.00,3000,350.00,1000
2184.263,STOCK1,30.00,6000,350.00,1000
2185.167,STOCK1,30.00,6000,350.00,2000
2188.026,STOCK1,30.00,6000,350.00,7000
2188.117,STOCK1,30.00,9000,350.00,7000
2188.845,STOCK1,40.00,4700,350.00,7000
2189.172,STOCK1,40.00,4700,350.00,12000
2190.437,STOCK1,40.00,7700,350.00,12000
2191.313,STOCK1,40.00,7700,340.00,1000
2191.454,STOCK1,40.00,7700,340.00,2000
2191.615,STOCK1,40.00,7700,340.00,3000
2191.789,STOCK1,40.00,7700,340.00,4000
2192.159,STOCK1,40.00,7700,340.00,5000
2192.373,STOCK1,40.00,7700,340.00,6000
2192.515,STOCK1,45.00,3000,340.00,6000
2193.153,STOCK1,45.00,6000,340.00,6000
2193.153,STOCK1,45.00,6000,200.00,100
2193.284,STOCK1,45.00,6000,200.00,200
2193.445,STOCK1,45.00,6000,200.00,300
2193.574,STOCK1,45.00,6000,200.00,400
2193.731,STOCK1,45.00,6000,200.00,500
2193.876,STOCK1,45.00,6000,200.00,600
2194.019,STOCK1,45.00,6000,200.00,700
2194.179,STOCK1,45.00,6000,200.00,800
2194.319,STOCK1,45.00,6000,200.00,900
2194.494,STOCK1,45.00,6000,200.00,1000
2194.624,STOCK1,45.00,6000,200.00,1100
2194.797,STOCK1,45.00,6000,200.00,1200
2195.015,STOCK1,45.00,6000,200.00,1300
2195.106,STOCK1,45.00,6000,200.00,1400
2195.288,STOCK1,45.00,6000,190.00,1000
2195.541,STOCK1,45.00,6000,190.00,2000
2195.592,STOCK1,45.00,6000,190.00,3000
2196.503,STOCK1,45.00,6000,190.00,4000
2196.863,STOCK1,50.00,3000,190.00,4000
2197.725,STOCK1,50.00,7700,190.00,4000
2199.058,STOCK1,50.00,7700,180.00,1000
2199.211,STOCK1,50.00,7700,180.00,2000
2199.337,STOCK1,50.00,7700,180.00,3000
2199.437,STOCK2,255.00,600,290.00,1056
2199.458,STOCK1,50.00,7700,180.00,4000
2199.577,STOCK1,50.00,7700,180.00,9000
2199.748,STOCK1,50.00,7700,180.00,10000
2199.973,STOCK1,50.00,7700,180.00,11000
2202.128,STOCK1,50.00,7700,170.00,1000
2203.190,STOCK1,50.10,3000,170.00,1000
2203.323,STOCK1,50.10,3000,180.00,7000
2203.901,STOCK1,50.10,6000,180.00,7000
2204.112,STOCK1,50.10,5000,180.00,7000
2204.547,STOCK1,50.10,4000,180.00,7000
2204.698,STOCK1,50.10,4000,170.00,1000
2204.698,STOCK1,50.10,3000,170.00,1000
2204.921,STOCK1,50.10,2000,170.00,1000
2205.359,STOCK1,50.10,1000,170.00,1000
2205.517,STOCK1,50.00,7700,170.00,1000
2205.658,STOCK1,50.00,6700,170.00,1000
2205.811,STOCK1,50.00,5700,170.00,1000
2205.963,STOCK1,50.00,4700,170.00,1000
2206.115,STOCK1,50.00,3700,170.00,1000
2206.265,STOCK1,50.00,2700,170.00,1000
2206.416,STOCK1,50.00,2500,170.00,1000
2206.426,STOCK1,50.00,1500,170.00,1000
2206.561,STOCK1,50.00,500,170.00,1000
2206.631,STOCK1,45.00,5500,170.00,1000
2206.793,STOCK1,45.00,4500,170.00,1000
2206.874,STOCK1,45.00,4300,170.00,1000
2206.913,STOCK1,45.00,3300,170.00,1000
2207.058,STOCK1,45.00,2300,170.00,1000
2207.228,STOCK1,45.00,1300,170.00,1000
2207.358,STOCK1,45.00,300,170.00,1000
2207.448,STOCK1,40.00,4300,170.00,1000
2207.600,STOCK1,40.00,3300,170.00,1000
2207.760,STOCK1,40.00,2300,170.00,1000
2208.143,STOCK1,40.00,2300,160.00,1000
2208.395,STOCK1,40.00,2300,178.00,4000
2208.435,STOCK1,150.00,1,178.00,4000
2209.818,STOCK1,40.00,2101,178.00,4000
2210.425,STOCK1,150.00,1,178.00,4000
2211.298,STOCK1,150.00,1,165.00,1000
2211.450,STOCK1,150.00,1,165.00,2000
2212.624,STOCK1,150.00,1,178.00,1000
2216.622,STOCK1,49.00,3000,178.00,1000
2216.693,STOCK1,49.00,3000,170.00,1000
2216.765,STOCK1,49.00,2800,170.00,1000
2217.360,STOCK1,150.00,1,170.00,1000
2218.607,STOCK1,49.00,1801,170.00,1000
2219.081,STOCK1,49.00,801,170.00,1000
2219.081,STOCK1,55.00,1000,170.00,1000
2219.213,STOCK1,55.00,1000,170.00,2000
2219.233,STOCK1,150.00,1,170.00,2000
2220.128,STOCK1,150.00,1,180.00,5000
2220.783,STOCK1,150.00,2,180.00,5000
2220.886,STOCK1,55.00,1002,180.00,5000
2221.017,STOCK1,55.00,1001,180.00,5000
2221.240,STOCK1,55.00,1000,180.00,5000
2221.554,STOCK1,55.00,1000,150.00,5000
2221.807,STOCK1,49.00,801,150.00,5000
2221.920,STOCK1,49.00,601,150.00,5000
2222.134,STOCK1,41.00,2601,150.00,5000
2222.500,STOCK1,41.00,2600,150.00,5000
2222.945,STOCK1,55.00,1000,150.00,5000
2223.107,STOCK1,55.00,2000,150.00,5000
2223.230,STOCK1,55.00,1000,150.00,5000
2224.132,STOCK1,41.00,2600,150.00,5000
2227.066,STOCK1,42.00,1000,150.00,5000
2227.238,STOCK1,42.00,2000,150.00,5000
2230.167,STOCK1,149.00,1,150.00,5000
2230.258,STOCK1,149.00,1,176.00,1000
2230.359,STOCK2,252.00,400,290.00,1056
2230.957,STOCK1,45.00,1000,176.00,1000
2231.256,STOCK1,45.00,999,176.00,1000
2231.744,STOCK1,149.00,1,176.00,1000
2232.393,STOCK1,45.00,999,176.00,1000
2232.655,STOCK2,250.00,400,290.00,1056
2233.078,STOCK1,149.00,1,176.00,1000
2234.381,STOCK1,149.00,1,170.00,5000
2235.034,STOCK2,248.00,2400,290.00,1056
2235.594,STOCK2,248.00,1400,290.00,1056
2235.655,STOCK1,46.00,1000,170.00,5000
2235.698,STOCK1,46.00,999,170.00,5000
2235.738,STOCK1,46.00,1999,170.00,5000
2235.880,STOCK1,46.00,2999,170.00,5000
2235.960,STOCK2,248.00,400,290.00,1056
2236.051,STOCK1,46.00,3999,170.00,5000
2236.212,STOCK1,46.00,3998,170.00,5000
2236.222,STOCK1,46.00,4998,170.00,5000
2236.275,STOCK1,149.00,1,170.00,5000
2236.376,STOCK2,245.00,400,290.00,1056
2236.500,STOCK2,243.50,2400,290.00,1056
2236.873,STOCK2,243.50,1400,290.00,1056
2237.273,STOCK2,243.50,400,290.00,1056
2237.293,STOCK1,46.00,6998,170.00,5000
2237.333,STOCK1,46.00,6997,170.00,5000
2237.424,STOCK2,243.00,2400,290.00,1056
2238.011,STOCK2,243.00,1400,290.00,1056
2238.152,STOCK1,149.00,1,170.00,5000
2238.162,STOCK2,243.00,400,290.00,1056
2238.786,STOCK1,46.00,8997,170.00,5000
2238.857,STOCK1,46.00,9997,170.00,5000
2239.027,STOCK1,46.00,10997,170.00,5000
2239.207,STOCK1,46.00,11997,170.00,5000
2239.370,STOCK1,46.00,12997,170.00,5000
2239.451,STOCK1,50.00,5000,170.00,5000
2239.512,STOCK1,149.00,1,170.00,5000
2240.139,STOCK1,50.00,5000,170.00,5000
2240.290,STOCK1,50.00,4999,170.00,5000
2240.759,STOCK1,149.00,1,170.00,5000
2241.491,STOCK1,50.00,4999,170.00,5000
2241.794,STOCK1,50.00,4999,169.00,1000
2242.109,STOCK1,149.00,1,169.00,1000
2242.644,STOCK1,50.00,4999,169.00,1000
2242.894,STOCK1,50.00,4998,169.00,1000
2243.010,STOCK1,50.00,4798,169.00,1000
2243.274,STOCK1,149.00,1,169.00,1000
2243.794,STOCK1,50.00,4798,169.00,1000
2243.968,STOCK1,50.00,4298,169.00,1000
2243.998,STOCK1,50.00,4297,169.00,1000
2244.324,STOCK1,149.00,1,169.00,1000
2244.366,STOCK1,50.00,4098,169.00,1000
2244.813,STOCK1,50.00,3898,169.00,1000
2245.227,STOCK1,50.00,3698,169.00,1000
2245.422,STOCK1,149.00,1,169.00,1000
2246.152,STOCK1,50.00,3698,169.00,1000
2246.394,STOCK1,50.00,6698,169.00,1000
2246.414,STOCK1,50.00,6697,169.00,1000
2246.694,STOCK1,149.00,1,169.00,1000
2247.339,STOCK1,50.00,6697,169.00,1000
2247.409,STOCK1,51.00,1000,169.00,1000
2247.560,STOCK1,51.00,2000,169.00,1000
2247.725,STOCK1,51.00,3000,169.00,1000
2248.058,STOCK1,149.00,1,169.00,1000
2248.623,STOCK1,51.00,5000,169.00,1000
2248.876,STOCK1,52.00,5000,169.00,1000
2249.175,STOCK1,149.00,1,169.00,1000
2250.308,STOCK1,52.00,5000,169.00,1000
2250.894,STOCK1,149.00,1,169.00,1000
2251.490,STOCK1,52.00,5000,169.00,1000
2251.691,STOCK1,52.00,4999,169.00,1000
2252.229,STOCK1,149.00,1,169.00,1000
2252.797,STOCK1,55.00,1000,169.00,1000
2253.412,STOCK1,55.00,999,169.00,1000
2253.646,STOCK1,149.00,1,169.00,1000
2253.726,STOCK1,52.00,4999,169.00,1000
2254.483,STOCK1,52.00,3999,169.00,1000
2255.010,STOCK1,149.00,1,169.00,1000
2255.050,STOCK1,52.00,3000,169.00,1000
2255.061,STOCK1,52.00,3000,150.00,5000
2255.364,STOCK1,75.00,1000,150.00,5000
2255.546,STOCK1,75.00,2000,150.00,5000
2255.709,STOCK1,75.00,3000,150.00,5000
2255.893,STOCK1,75.00,4000,150.00,5000
2255.983,STOCK1,149.00,1,150.00,5000
2256.146,STOCK1,75.00,4001,150.00,5000
2256.244,STOCK1,75.00,5001,150.00,5000
2256.395,STOCK1,75.00,6001,150.00,5000
2256.579,STOCK1,75.00,7001,150.00,5000
2256.619,STOCK1,75.00,7000,150.00,5000
2256.754,STOCK1,75.00,8000,150.00,5000
2256.914,STOCK1,149.00,1,150.00,5000
2257.960,STOCK1,75.00,13000,150.00,5000
2258.243,STOCK1,75.00,12999,150.00,5000
2258.726,STOCK1,149.00,1,150.00,5000
2259.463,STOCK1,75.00,14000,150.00,5000
2259.516,STOCK1,75.00,15000,150.00,5000
2259.698,STOCK1,75.00,16000,150.00,5000
2260.074,STOCK1,75.00,15999,150.00,5000
2260.144,STOCK1,75.00,14999,150.00,5000
2260.672,STOCK1,149.00,1,150.00,5000
2260.714,STOCK1,75.00,14000,150.00,5000
2261.446,STOCK1,149.00,1,150.00,5000
2261.851,STOCK1,75.00,13001,150.00,5000
2262.223,STOCK1,75.00,12001,150.00,5000
2262.424,STOCK1,149.00,1,150.00,5000
2262.707,STOCK1,75.00,11002,150.00,5000
2263.223,STOCK1,149.00,1,150.00,5000
2263.384,STOCK1,75.00,10003,150.00,5000
2263.781,STOCK1,75.00,9003,150.00,5000
2263.910,STOCK1,149.00,1,150.00,5000
2264.262,STOCK2,243.00,400,287.00,1000
2264.344,STOCK1,75.00,8004,150.00,5000
2265.010,STOCK1,75.00,7004,150.00,5000
2265.431,STOCK1,75.00,7003,150.00,5000
2265.544,STOCK1,149.00,1,150.00,5000
2266.742,STOCK2,245.00,3000,287.00,1000
2267.413,STOCK1,75.00,8003,150.00,5000
2267.514,STOCK1,75.00,9003,150.00,5000
2267.968,STOCK1,75.00,10003,150.00,5000
2268.071,STOCK1,149.00,1,150.00,5000
2268.888,STOCK1,75.00,10003,150.00,5000
2269.011,STOCK1,75.00,9003,150.00,5000
2269.563,STOCK1,75.00,4003,150.00,5000
2269.584,STOCK1,149.00,1,150.00,5000
2269.847,STOCK1,75.00,3004,150.00,5000
2270.080,STOCK1,75.00,2004,150.00,5000
2270.555,STOCK1,149.00,1,150.00,5000
2270.748,STOCK1,75.00,1005,150.00,5000
2270.780,STOCK1,75.00,805,150.00,5000
2271.012,STOCK1,61.00,2805,150.00,5000
2271.314,STOCK1,61.00,2804,150.00,5000
2271.365,STOCK1,149.00,1,150.00,5000
2271.988,STOCK1,61.00,1805,150.00,5000
2272.496,STOCK1,61.00,105,150.00,5000
2272.677,STOCK1,58.00,2105,150.00,5000
2272.707,STOCK1,149.00,1,150.00,5000
2272.909,STOCK1,58.00,1106,150.00,5000
2273.034,STOCK1,75.00,1000,150.00,5000
2273.228,STOCK1,75.00,2000,150.00,5000
2273.418,STOCK1,75.00,3000,150.00,5000
2273.498,STOCK1,149.00,1,150.00,5000
2273.841,STOCK1,75.00,4001,150.00,5000
2273.943,STOCK1,75.00,5001,150.00,5000
2274.105,STOCK1,75.00,6001,150.00,5000
2274.287,STOCK1,75.00,7001,150.00,5000
2274.440,STOCK1,75.00,6001,150.00,5000
2274.521,STOCK1,149.00,1,150.00,5000
2274.803,STOCK1,75.00,5002,150.00,5000
2274.863,STOCK1,75.00,5002,150.00,5100
2275.408,STOCK1,149.00,1,150.00,5100
2275.558,STOCK2,245.00,3000,287.00,2000
2275.669,STOCK1,75.00,4003,150.00,5100
2275.791,STOCK1,75.00,4002,150.00,5100
2276.332,STOCK1,149.00,1,150.00,5100
2276.363,STOCK1,75.00,3803,150.00,5100
2276.465,STOCK1,75.00,4803,150.00,5100
2276.560,STOCK1,75.00,3803,150.00,5100
2276.631,STOCK1,75.00,4803,150.00,5100
2276.802,STOCK1,75.00,5803,150.00,5100
2276.983,STOCK1,75.00,6803,150.00,5100
2277.083,STOCK1,75.00,5803,150.00,5100
2277.154,STOCK1,75.00,6803,150.00,5100
2277.204,STOCK1,149.00,1,150.00,5100
2277.244,STOCK1,75.00,5804,150.00,5100
2277.335,STOCK1,75.00,6804,150.00,5100
2277.425,STOCK1,75.00,5804,150.00,5100
2277.532,STOCK1,75.00,6804,150.00,5100
2277.593,STOCK1,75.00,5804,150.00,5100
2277.703,STOCK1,75.00,6804,150.00,5100
2277.795,STOCK1,75.00,5804,150.00,5100
2277.878,STOCK1,75.00,6804,150.00,5100
2277.999,STOCK1,75.00,5804,150.00,5100
2278.079,STOCK1,75.00,6804,150.00,5100
2278.200,STOCK1,75.00,5804,150.00,5100
2278.210,STOCK1,149.00,1,150.00,5100
2278.363,STOCK1,75.00,5805,150.00,5100
2278.404,STOCK1,75.00,5804,150.00,5100
2278.404,STOCK1,75.00,6804,150.00,5100
2278.595,STOCK1,75.00,5804,150.00,5100
2278.766,STOCK1,75.00,4804,150.00,5100
2278.992,STOCK1,149.00,1,150.00,5100
2279.147,STOCK1,75.00,3805,150.00,5100
2279.462,STOCK1,75.00,2805,150.00,5100
2279.645,STOCK1,75.00,1805,150.00,5100
2279.746,STOCK1,149.00,1,150.00,5100
2279.806,STOCK1,75.00,1606,150.00,5100
2279.836,STOCK1,75.00,606,150.00,5100
2280.006,STOCK1,59.00,4606,150.00,5100
2280.196,STOCK1,59.00,3606,150.00,5100
2280.358,STOCK1,149.00,1,150.00,5100
2280.913,STOCK1,75.00,1,150.00,5100
2281.279,STOCK1,59.00,3606,150.00,5100
2281.349,STOCK1,59.00,2606,150.00,5100
2281.564,STOCK1,149.00,1,150.00,5100
2282.484,STOCK1,59.00,1607,150.00,5100
2282.859,STOCK1,59.00,1606,150.00,5100
2284.725,STOCK1,59.00,1606,130.00,100
2285.287,STOCK2,245.00,3000,280.00,3000
2285.459,STOCK1,59.00,606,130.00,100
2286.365,STOCK1,58.00,712,130.00,100
2287.076,STOCK1,55.00,1712,130.00,100
2288.133,STOCK1,55.00,1712,129.00,1000
2288.297,STOCK1,55.00,1712,129.00,2000
2288.349,STOCK1,60.00,1000,129.00,2000
2288.461,STOCK1,60.00,1000,129.00,3000
2288.625,STOCK1,60.00,1000,129.00,4000
2288.783,STOCK1,60.00,1000,129.00,5000
2288.944,STOCK1,60.00,1000,129.00,6000
2289.107,STOCK1,60.00,1000,129.00,7000
2289.259,STOCK1,60.00,1000,129.00,8000
2289.916,STOCK2,245.00,3000,287.00,2000
2289.936,STOCK1,60.00,1000,129.00,9000
2290.119,STOCK1,55.00,1712,129.00,9000
2290.140,STOCK1,55.00,1712,129.00,10000
2290.270,STOCK1,55.00,1712,129.00,11000
2290.344,STOCK1,55.00,12,129.00,11000
2290.414,STOCK1,55.00,12,120.00,5000
2291.000,STOCK1,60.00,2000,120.00,5000
2291.778,STOCK1,60.00,4000,120.00,5000
2291.939,STOCK1,60.00,3000,120.00,5000
2292.713,STOCK1,60.00,2000,120.00,5000
2293.308,STOCK1,60.00,1000,120.00,5000
2294.145,STOCK1,56.00,2000,120.00,5000
2294.945,STOCK1,56.00,1000,120.00,5000
2295.795,STOCK1,55.00,12,120.00,5000
2295.865,STOCK1,56.00,1000,120.00,5000
2296.607,STOCK1,55.00,12,120.00,5000
2297.145,STOCK1,53.00,4012,120.00,5000
2297.418,STOCK1,56.00,1000,120.00,5000
2297.578,STOCK1,53.00,4012,120.00,5000
2297.969,STOCK1,53.00,3012,120.00,5000
2298.224,STOCK2,245.00,3000,286.00,1000
2298.325,STOCK1,53.00,3012,120.00,4000
2298.408,STOCK1,53.00,2012,120.00,4000
2298.673,STOCK1,53.00,1012,120.00,4000
2298.753,STOCK1,110.00,2000,120.00,4000
2298.863,STOCK2,245.00,2000,286.00,1000
2298.914,STOCK1,110.00,1000,120.00,4000
2299.105,STOCK1,58.00,1000,120.00,4000
2299.497,STOCK1,58.00,1000,111.00,1000
2299.849,STOCK1,53.00,1012,111.00,1000
2300.021,STOCK1,53.00,12,111.00,1000
2300.184,STOCK1,52.00,2012,111.00,1000
2300.294,STOCK1,52.00,2012,111.00,2000
2300.404,STOCK2,245.00,1000,286.00,1000
2300.434,STOCK1,52.00,2012,110.00,2000
2301.043,STOCK1,52.00,1012,110.00,2000
2301.234,STOCK1,52.00,12,110.00,2000
2301.397,STOCK1,51.00,8012,110.00,2000
2301.558,STOCK1,51.00,7012,110.00,2000
2301.718,STOCK1,51.00,6012,110.00,2000
2301.911,STOCK1,51.00,5012,110.00,2000
2302.082,STOCK1,51.00,4012,110.00,2000
2302.255,STOCK1,51.00,3012,110.00,2000
2302.417,STOCK1,51.00,2012,110.00,2000
2302.698,STOCK1,51.00,1012,110.00,2000
2302.728,STOCK1,51.00,12,110.00,2000
2302.919,STOCK1,50.00,5709,110.00,2000
2303.062,STOCK1,50.00,4709,110.00,2000
2303.223,STOCK1,50.00,3709,110.00,2000
2303.426,STOCK1,50.00,2709,110.00,2000
2303.790,STOCK1,50.00,1709,110.00,2000
2303.912,STOCK1,50.00,709,110.00,2000
2304.064,STOCK1,47.00,6709,110.00,2000
2304.296,STOCK1,47.00,6709,120.00,2000
2304.346,STOCK1,47.00,6709,105.00,5000
2304.406,STOCK1,47.00,5709,105.00,5000
2304.612,STOCK1,47.00,4709,105.00,5000
2305.126,STOCK1,47.00,3709,105.00,5000
2305.310,STOCK1,47.00,2709,105.00,5000
2305.501,STOCK1,47.00,1709,105.00,5000
2305.571,STOCK1,51.10,1000,105.00,5000
2305.671,STOCK1,47.00,1709,105.00,5000
2306.135,STOCK1,47.00,709,105.00,5000
2306.326,STOCK1,45.00,1708,105.00,5000
2306.506,STOCK1,45.00,708,105.00,5000
2306.697,STOCK1,42.00,1708,105.00,5000
2306.899,STOCK1,42.00,708,105.00,5000
2308.109,STOCK1,41.50,5708,105.00,5000
2308.547,STOCK1,41.50,5708,105.00,4950
2308.670,STOCK1,41.50,5708,101.00,1000
2308.840,STOCK1,41.50,5708,101.00,2000
2309.065,STOCK2,243.00,400,286.00,1000
2309.116,STOCK1,41.50,5708,99.00,1000
2309.299,STOCK1,41.50,5708,99.00,2000
2309.543,STOCK1,41.50,5708,99.00,3000
2309.687,STOCK2,241.10,400,286.00,1000
2309.767,STOCK1,41.50,5708,99.00,4000
2309.969,STOCK1,41.50,5708,99.00,5000
2310.475,STOCK2,241.00,3100,286.00,1000
2310.572,STOCK1,41.50,4708,99.00,5000
2311.017,STOCK2,241.00,2100,286.00,1000
2311.027,STOCK1,41.50,3708,99.00,5000
2311.077,STOCK2,231.00,2100,286.00,1000
2311.229,STOCK1,41.50,2708,99.00,5000
2311.564,STOCK1,41.50,1708,99.00,5000
2312.076,STOCK1,41.50,708,99.00,5000
2312.755,STOCK2,231.00,1100,286.00,1000
2313.193,STOCK1,41.50,708,98.00,1000
2313.295,STOCK2,231.00,100,286.00,1000
2313.365,STOCK1,41.50,708,98.00,2000
2313.507,STOCK1,41.50,708,98.00,3000
2313.898,STOCK1,41.60,1000,98.00,3000
2313.928,STOCK1,41.60,1000,98.00,4000
2314.069,STOCK1,41.60,2000,98.00,4000
2314.242,STOCK1,41.60,3000,98.00,4000
2314.756,STOCK1,41.60,3000,98.00,3950
2315.206,STOCK1,41.60,3000,98.00,3900
2315.581,STOCK2,225.61,700,286.00,1000
2317.073,STOCK1,41.60,3000,98.00,4900
2317.495,STOCK1,42.00,5000,98.00,4900
2318.449,STOCK2,225.50,2700,286.00,1000
2318.479,STOCK1,42.00,5000,98.00,5900
2318.662,STOCK1,42.00,5000,98.00,6900
2320.708,STOCK1,42.00,7000,98.00,6900
2320.848,STOCK1,42.00,7000,98.00,7900
2321.074,STOCK1,42.00,7000,80.00,1000
2321.297,STOCK1,43.00,1000,80.00,1000
2321.842,STOCK1,43.00,2000,80.00,1000
2322.218,STOCK1,44.00,5000,80.00,1000
2324.529,STOCK1,44.00,5000,80.00,950
2325.285,STOCK1,44.00,5000,79.00,1000
2325.897,STOCK1,44.00,5000,79.00,950
2327.580,STOCK1,44.00,4000,79.00,950
2327.610,STOCK1,44.00,4000,79.00,900
2327.721,STOCK1,44.00,3000,79.00,900
2328.032,STOCK1,44.00,2000,79.00,900
2328.276,STOCK1,44.00,1000,79.00,900
2328.571,STOCK1,43.00,2000,79.00,900
2328.788,STOCK1,43.00,2000,79.00,1900
2329.630,STOCK1,43.00,2000,79.00,1850
2330.239,STOCK1,43.00,2000,78.00,5000
2330.605,STOCK1,43.00,2000,76.00,1000
2330.768,STOCK1,43.00,2000,76.00,2000
2330.940,STOCK1,43.00,2000,76.00,3000
2331.093,STOCK2,217.00,500,286.00,1000
2331.917,STOCK1,43.00,2000,76.00,4000
2332.039,STOCK1,43.00,1000,76.00,4000
2332.229,STOCK1,42.00,7000,76.00,4000
2332.392,STOCK1,42.00,6000,76.00,4000
2332.606,STOCK1,42.00,5000,76.00,4000
2332.808,STOCK1,42.00,4000,76.00,4000
2332.991,STOCK1,42.00,3000,76.00,4000
2333.171,STOCK1,42.00,2000,76.00,4000
2333.342,STOCK1,42.00,1000,76.00,4000
2333.896,STOCK1,41.60,2000,76.00,4000
2334.198,STOCK1,41.60,1000,76.00,4000
2334.431,STOCK1,41.50,708,76.00,4000
2334.773,STOCK2,217.00,500,287.00,2000
2336.630,STOCK1,41.00,2308,76.00,4000
2336.722,STOCK1,41.00,2308,76.00,3950
2336.782,STOCK1,41.00,2308,75.00,5000
2337.175,STOCK1,41.00,2308,75.00,6000
2337.266,STOCK2,217.00,500,287.00,1000
2337.356,STOCK1,41.00,2308,75.00,7000
2337.446,STOCK1,41.00,2308,75.00,12000
2337.525,STOCK1,41.00,1308,75.00,12000
2337.696,STOCK1,45.00,1000,75.00,12000
2337.948,STOCK1,45.00,2000,75.00,12000
2338.090,STOCK1,45.00,1000,75.00,12000
2338.382,STOCK1,45.00,2000,75.00,12000
2340.715,STOCK1,45.00,1000,75.00,12000
2341.237,STOCK1,45.00,1000,70.00,1000
2341.268,STOCK1,41.00,1308,70.00,1000
2341.428,STOCK1,41.00,1308,70.00,2000
2341.894,STOCK1,41.00,1308,70.00,3000
2342.068,STOCK1,41.00,1308,70.00,4000
2343.498,STOCK1,41.00,1308,70.00,5000
2345.268,STOCK1,31.00,2308,70.00,5000
2346.676,STOCK1,30.00,6308,70.00,5000
2348.030,STOCK2,214.70,3950,287.00,1000
2348.856,STOCK2,214.70,2950,287.00,1000
2348.957,STOCK1,30.00,11308,70.00,5000
2349.218,STOCK2,214.70,2950,287.00,500
2349.410,STOCK2,250.00,1000,287.00,500
2350.256,STOCK1,30.00,11308,69.00,1000
2350.428,STOCK1,30.00,11308,69.00,2000
2350.744,STOCK1,31.00,1000,69.00,2000
2350.928,STOCK1,31.00,2000,69.00,2000
2351.311,STOCK1,31.00,2000,69.00,3000
2351.788,STOCK2,250.00,1000,290.00,556
2352.012,STOCK1,31.00,2000,69.00,4000
2352.124,STOCK1,31.00,2000,69.00,5000
2353.698,STOCK2,250.00,1000,310.00,4806
2355.142,STOCK2,250.00,1000,310.00,3806
2355.487,STOCK2,214.70,1950,310.00,3806
2356.525,STOCK1,31.00,2000,69.00,6000
2359.291,STOCK1,31.00,2000,67.00,2000
2359.565,STOCK2,220.00,1000,310.00,3806
2361.142,STOCK1,31.10,1000,67.00,2000
2361.658,STOCK1,31.10,2000,67.00,2000
2362.072,STOCK1,31.10,2000,66.00,1000
2362.447,STOCK1,31.10,2000,66.00,2000
2365.000,STOCK1,31.10,2000,66.00,3000
2365.000,STOCK2,220.00,1000,310.00,3906
2365.633,STOCK1,31.10,2000,66.00,4000
2366.132,STOCK2,220.00,1000,300.00,1000
2367.470,STOCK1,31.10,2000,65.00,1000
2368.111,STOCK1,31.10,2000,65.00,2000
2368.151,STOCK1,31.10,2000,65.00,4000
2368.858,STOCK1,40.00,1000,65.00,4000
2370.194,STOCK1,40.00,1000,64.00,1000
2370.194,STOCK2,220.00,1000,299.00,5000
2370.966,STOCK1,40.00,1000,64.00,2000
2374.390,STOCK2,220.00,1000,300.00,1000
2374.673,STOCK1,40.00,1000,60.00,1000
2374.868,STOCK2,220.00,1000,295.00,1000
2375.728,STOCK1,40.00,1000,60.00,2000
2376.673,STOCK2,220.00,1000,295.00,2000
2378.544,STOCK1,40.00,1000,60.00,3000
2378.695,STOCK2,220.00,1000,295.00,3000
2380.954,STOCK1,40.00,1000,59.00,5000
2382.930,STOCK2,220.00,1000,292.00,1000
2383.360,STOCK2,220.00,1000,292.00,2000
2385.152,STOCK2,214.70,1950,292.00,2000
2386.100,STOCK1,40.00,1000,59.00,6000
2387.156,STOCK1,40.00,1000,59.00,5000
2387.500,STOCK1,31.11,900,59.00,5000
2389.112,STOCK2,214.70,950,292.00,2000
2392.215,STOCK2,214.70,950,292.00,1000
2392.397,STOCK1,31.11,900,58.00,1000
2392.568,STOCK1,31.11,900,58.00,2000
2393.500,STOCK2,214.70,950,310.00,4406
2393.712,STOCK2,214.70,950,291.00,1000
2393.984,STOCK2,214.70,950,291.00,2000
2394.209,STOCK2,214.70,950,291.00,3000
2397.028,STOCK1,31.11,900,35.00,1000
2397.636,STOCK1,31.11,900,35.00,2000
2397.696,STOCK2,215.00,1000,291.00,3000
2397.830,STOCK2,215.00,2000,291.00,3000
2397.952,STOCK1,31.11,900,35.00,3000
2398.162,STOCK1,31.11,900,35.00,4000
2398.344,STOCK2,215.00,3000,291.00,3000
2400.082,STOCK1,31.11,900,35.00,3000
2400.788,STOCK1,31.11,900,35.00,1000
2402.882,STOCK1,32.00,5000,35.00,1000
2404.053,STOCK1,32.00,5000,50.00,1000
2404.328,STOCK1,32.00,5000,50.00,950
2404.635,STOCK1,32.00,5000,50.00,900
2405.046,STOCK1,32.00,5000,50.00,850
2405.211,STOCK1,32.00,5000,50.00,800
2406.693,STOCK1,32.01,1000,50.00,800
2407.402,STOCK2,215.00,3000,297.00,1000
2408.448,STOCK2,215.00,3000,290.00,1000
2408.599,STOCK1,32.01,1000,49.00,5000
2408.659,STOCK2,220.00,2000,290.00,1000
2410.051,STOCK2,220.00,2000,290.00,800
2414.656,STOCK1,32.01,1000,45.00,1000
2414.740,STOCK2,220.00,2000,290.00,900
2416.514,STOCK2,221.00,1000,290.00,900
2417.899,STOCK1,32.01,1000,45.00,750
2418.161,STOCK1,32.02,900,45.00,750
2419.419,STOCK2,221.00,2000,290.00,900
2419.633,STOCK2,221.00,3000,290.00,900
2420.072,STOCK1,32.02,1900,45.00,750
2420.738,STOCK1,32.02,1900,45.00,1750
2425.153,STOCK1,32.05,1000,45.00,1750
2426.986,STOCK1,32.05,1000,45.00,2750
2427.612,STOCK1,32.05,1000,45.00,2650
2427.612,STOCK2,230.00,1000,290.00,900
2428.511,STOCK1,32.05,900,45.00,2650
2428.905,STOCK1,32.06,900,45.00,2650
2429.516,STOCK1,32.06,1900,45.00,2650
2433.241,STOCK2,231.00,1000,290.00,900
2433.372,STOCK2,231.00,2000,290.00,900
2434.624,STOCK1,32.06,1900,44.00,2000
2436.344,STOCK1,32.06,1800,44.00,2000
2436.803,STOCK1,32.50,1000,44.00,2000
2437.490,STOCK1,32.50,1000,44.00,3000
2438.388,STOCK1,32.50,900,44.00,3000
2438.459,STOCK2,231.00,1000,290.00,900
2438.846,STOCK1,32.50,1900,44.00,3000
2439.377,STOCK2,230.00,1000,290.00,900
2443.561,STOCK2,230.00,1000,270.00,1000
2444.331,STOCK2,231.00,1000,270.00,1000
2444.875,STOCK2,230.00,1000,270.00,1000
2445.025,STOCK2,231.00,1000,270.00,1000
2445.982,STOCK2,230.00,1000,270.00,1000
2447.520,STOCK1,33.00,900,44.00,3000
2448.065,STOCK2,230.00,1000,270.00,500
2449.201,STOCK2,230.00,1000,270.00,300
2452.221,STOCK2,231.00,1000,270.00,300
2453.479,STOCK2,230.00,1000,270.00,300
2453.732,STOCK2,231.00,1000,270.00,300
2454.671,STOCK2,230.00,1000,270.00,300
2455.365,STOCK2,230.00,900,270.00,300
2457.546,STOCK2,230.00,800,270.00,300
2458.534,STOCK2,230.00,800,269.00,1000
2458.656,STOCK2,230.00,700,269.00,1000
2459.589,STOCK2,230.00,700,231.00,1
2461.071,STOCK2,221.00,2700,231.00,1
2464.585,STOCK1,33.00,900,44.00,2900
2465.578,STOCK2,221.00,2700,269.00,1000
2465.941,STOCK1,33.00,900,44.00,2800
2469.679,STOCK1,33.00,900,44.00,2700
2470.296,STOCK1,33.00,900,44.00,2600
2470.487,STOCK1,33.00,900,44.00,2500
2471.462,STOCK2,231.00,100,269.00,1000
2476.492,STOCK2,231.00,100,265.00,1000
2476.767,STOCK2,232.00,1000,265.00,1000
2478.381,STOCK2,231.00,100,265.00,1000
2479.996,STOCK2,222.00,501,265.00,1000
2481.030,STOCK2,222.00,501,265.00,800
2481.373,STOCK2,222.10,100,265.00,800
2481.525,STOCK2,222.10,200,265.00,800
2481.942,STOCK2,222.10,300,265.00,800
2482.268,STOCK2,222.10,300,265.00,799
2482.288,STOCK2,222.10,400,265.00,799
2482.609,STOCK2,222.10,500,265.00,799
2486.370,STOCK1,33.01,1000,44.00,2500
2488.034,STOCK2,222.50,1000,265.00,799
2488.205,STOCK2,222.50,2000,265.00,799
2488.225,STOCK1,33.01,2000,44.00,2500
2488.369,STOCK2,222.50,3000,265.00,799
2488.864,STOCK2,222.50,3000,269.00,899
2491.403,STOCK1,33.01,2000,43.99,1000
2491.988,STOCK2,222.50,3000,260.00,500
2492.018,STOCK1,33.01,2000,43.99,2000
2492.065,STOCK2,230.00,1000,260.00,500
2492.218,STOCK1,33.01,2000,43.99,3000
2492.575,STOCK1,33.01,2000,43.99,4000
2493.799,STOCK1,33.01,2000,43.99,3900
2493.951,STOCK2,222.50,3000,260.00,500
2495.453,STOCK1,33.01,2000,43.99,3800
2497.050,STOCK1,33.01,2000,43.99,3000
2497.050,STOCK1,33.01,2000,43.99,2000
2497.050,STOCK1,33.01,2000,43.99,1000
2497.050,STOCK1,33.01,2000,44.00,2500
2497.417,STOCK2,222.50,3000,260.00,400
2497.752,STOCK1,33.01,2000,43.99,1000
2497.762,STOCK2,222.50,3000,260.00,200
2498.309,STOCK1,33.01,2000,43.99,2000
2498.836,STOCK1,33.01,2000,43.99,3000
2499.705,STOCK2,222.50,3000,260.00,1200
2500.757,STOCK2,222.50,3000,260.00,1100
2501.361,STOCK1,33.01,2000,43.99,4000
2501.899,STOCK2,224.00,1000,260.00,1100
2504.493,STOCK2,222.50,3000,260.00,1100
2505.319,STOCK2,223.00,1000,260.00,1100
2505.329,STOCK1,33.01,2000,43.99,3900
2505.550,STOCK1,33.01,2000,43.99,3800
2506.289,STOCK1,33.01,2000,43.99,3700
2508.406,STOCK2,223.00,1000,230.00,5000
2509.089,STOCK1,33.01,2000,44.00,2200
2509.668,STOCK2,223.00,1000,230.00,4800
2510.009,STOCK2,223.00,1000,230.00,4600
2510.440,STOCK2,223.00,1000,230.00,4400
2510.562,STOCK1,33.01,2000,49.90,400
2510.898,STOCK2,223.00,1000,230.00,4200
2510.958,STOCK2,223.00,1000,230.00,4100
2511.029,STOCK2,223.00,1000,230.00,3100
2511.413,STOCK2,224.00,1000,230.00,3100
2511.550,STOCK2,224.00,1000,230.00,3000
2511.802,STOCK2,224.00,3500,230.00,3000
2511.864,STOCK1,33.01,2000,50.00,200
2512.057,STOCK2,224.00,3500,230.00,2800
2512.157,STOCK2,224.00,3500,230.00,2700
2512.177,STOCK2,224.00,4500,230.00,2700
2512.971,STOCK2,224.00,4500,230.00,2500
2513.001,STOCK2,224.00,4500,230.00,2400
2513.561,STOCK2,224.00,6500,230.00,2400
2513.951,STOCK2,224.00,6500,230.00,2300
2514.808,STOCK2,224.00,6500,265.00,1400
2515.000,STOCK2,224.00,6500,265.00,1200
2515.041,STOCK2,224.00,6500,265.00,1100
2516.225,STOCK2,224.00,6500,271.00,2299
2516.557,STOCK2,225.00,1000,271.00,2299
2517.446,STOCK2,225.00,2000,271.00,2299
2517.918,STOCK2,225.00,1000,271.00,2299
2518.758,STOCK1,35.00,5000,50.00,200
2520.196,STOCK2,224.00,2500,271.00,2299
2520.338,STOCK2,225.00,1000,271.00,2299
2531.491,STOCK1,33.01,2000,50.00,200
2532.322,STOCK2,226.00,1000,271.00,2299
2532.777,STOCK1,33.01,2000,45.00,5000
2533.141,STOCK2,226.00,1000,270.00,1000
2534.981,STOCK1,32.06,800,45.00,5000
2537.941,STOCK1,32.06,800,45.00,4900
2538.584,STOCK2,226.00,2000,270.00,1000
2538.655,STOCK1,32.00,2800,45.00,4900
2540.428,STOCK1,31.00,1800,45.00,4900
2540.884,STOCK2,226.00,2000,268.00,1000
2541.879,STOCK2,226.00,3000,268.00,1000
2542.665,STOCK2,230.00,1000,268.00,1000
2544.283,STOCK2,226.00,3000,268.00,1000
2544.515,STOCK1,31.00,1800,45.00,9900
2545.295,STOCK2,226.00,2000,268.00,1000
2547.011,STOCK2,226.00,2000,265.00,5000
2549.568,STOCK1,31.00,1800,44.00,100
2550.462,STOCK1,31.00,1800,45.00,9900
2551.295,STOCK2,226.00,2000,260.00,1000
2553.368,STOCK1,32.00,1000,45.00,9900
2553.645,STOCK1,32.00,2000,45.00,9900
2553.836,STOCK1,32.00,3000,45.00,9900
2556.346,STOCK2,226.00,2001,260.00,1000
2557.358,STOCK2,226.00,2001,265.00,6000
2558.638,STOCK2,226.00,2001,258.00,1000
2560.077,STOCK2,226.00,3001,258.00,1000
2560.758,STOCK2,226.00,4001,258.00,1000
2562.757,STOCK2,257.00,1,258.00,1000
2563.556,STOCK1,32.00,3000,44.90,271
2564.071,STOCK2,257.00,1,258.00,800
2564.141,STOCK2,226.00,3002,258.00,800
2564.624,STOCK2,226.00,3002,258.00,600
2565.319,STOCK2,226.00,3002,258.00,400
2565.709,STOCK2,228.00,1000,258.00,400
2566.287,STOCK2,228.00,1000,258.00,300
2566.489,STOCK2,257.00,1,258.00,300
2566.731,STOCK2,228.00,1,258.00,300
2567.228,STOCK2,226.00,3002,258.00,300
2567.278,STOCK2,226.00,2002,258.00,300
2567.531,STOCK1,32.00,3000,45.00,8156
2569.622,STOCK2,226.00,2002,258.00,1300
2571.036,STOCK2,226.00,1002,258.00,1300
2571.675,STOCK2,226.00,1002,255.00,1000
2572.202,STOCK2,226.00,1002,255.00,2000
2572.412,STOCK2,226.00,802,255.00,2000
2572.704,STOCK2,226.00,802,255.00,1900
2573.144,STOCK1,32.00,3000,44.00,1000
2573.530,STOCK2,226.00,602,255.00,1900
2573.783,STOCK1,32.00,3000,44.00,900
2573.874,STOCK2,225.10,2602,255.00,1900
2573.965,STOCK1,32.00,3000,44.00,800
2574.169,STOCK1,32.00,3000,44.00,700
2574.508,STOCK2,225.10,2602,255.00,2900
2574.729,STOCK1,32.00,3000,44.00,600
2575.478,STOCK1,32.00,3000,44.00,500
2575.638,STOCK1,32.00,3000,44.00,400
2576.068,STOCK1,32.00,3000,44.00,300
2576.168,STOCK2,225.10,1602,255.00,2900
2576.551,STOCK1,32.00,3000,44.00,200
2576.715,STOCK1,32.00,3000,44.00,100
2576.906,STOCK1,32.00,3000,45.00,8156
2577.067,STOCK1,32.00,3000,45.00,6141
2577.077,STOCK1,32.00,3000,45.00,6041
2577.792,STOCK1,32.00,3000,45.00,5941
2577.853,STOCK1,32.00,3000,45.00,3926
2578.286,STOCK1,32.00,3000,45.00,1911
2578.760,STOCK1,32.00,3000,44.00,1000
2578.982,STOCK1,32.00,3000,44.00,900
2579.155,STOCK1,32.00,3000,44.00,800
2579.378,STOCK1,32.00,3000,44.00,700
2579.994,STOCK2,225.10,602,255.00,2900
2580.096,STOCK1,32.00,3000,44.00,600
2581.194,STOCK1,32.00,3000,44.00,450
2581.860,STOCK2,225.10,602,250.00,5000
2582.965,STOCK2,225.10,602,250.00,4100
2583.509,STOCK2,225.00,1000,250.00,4100
2588.091,STOCK1,32.00,3000,45.00,361
2588.667,STOCK2,226.00,1,250.00,4100
2591.669,STOCK2,226.00,1,249.50,1000
2593.253,STOCK2,226.00,1,249.50,2000
2597.255,STOCK2,249.00,1,249.50,2000
2599.716,STOCK1,32.00,3000,50.00,200
2602.258,STOCK2,226.00,1,249.50,2000
2602.679,STOCK2,226.00,1,249.50,1800
2605.111,STOCK2,225.00,1000,249.50,1800
2606.237,STOCK2,224.00,2500,249.50,1800
2606.558,STOCK2,224.00,1500,249.50,1800
2607.036,STOCK2,224.00,500,249.50,1800
2607.350,STOCK2,225.01,1000,249.50,1800
2607.380,STOCK1,32.00,3000,49.00,1000
2607.582,STOCK2,224.00,500,249.50,1800
2608.530,STOCK2,224.00,300,249.50,1800
2608.843,STOCK1,32.00,4000,49.00,1000
2608.944,STOCK2,224.00,100,249.50,1800
2609.134,STOCK2,223.00,2900,249.50,1800
2609.337,STOCK2,223.00,2700,249.50,1800
2609.480,STOCK2,223.00,2700,248.00,1000
2609.612,STOCK2,223.00,2500,248.00,1000
2609.914,STOCK2,223.00,2500,245.00,1000
2609.914,STOCK2,223.00,2300,245.00,1000
2610.084,STOCK2,223.00,2100,245.00,1000
2610.186,STOCK2,223.00,1100,245.00,1000
2610.266,STOCK2,223.00,900,245.00,1000
2610.387,STOCK2,223.00,700,245.00,1000
2610.519,STOCK2,222.50,2700,245.00,1000
2610.565,STOCK2,222.50,2500,245.00,1000
2610.644,STOCK2,222.50,1500,245.00,1000
2610.931,STOCK2,222.50,1300,245.00,1000
2611.184,STOCK2,222.50,1300,245.00,900
2611.353,STOCK2,222.50,300,245.00,900
2611.364,STOCK2,222.50,100,245.00,900
2611.404,STOCK1,32.00,4000,48.00,2000
2611.526,STOCK2,222.10,2600,245.00,900
2611.536,STOCK2,222.10,2400,245.00,900
2611.556,STOCK2,225.01,1000,245.00,900
2611.585,STOCK2,222.10,2400,245.00,900
2611.666,STOCK2,222.10,1400,245.00,900
2611.746,STOCK2,222.10,1200,245.00,900
2611.786,STOCK2,222.10,200,245.00,900
2611.786,STOCK2,221.00,2401,245.00,900
2611.906,STOCK2,221.00,2201,245.00,900
2611.977,STOCK2,221.00,1201,245.00,900
2612.179,STOCK2,221.00,201,245.00,900
2612.190,STOCK2,221.00,1,245.00,900
2612.342,STOCK2,221.00,1,245.00,1900
2612.565,STOCK2,215.10,2001,245.00,1900
2612.575,STOCK2,215.10,1801,245.00,1900
2612.788,STOCK2,215.10,1601,245.00,1900
2612.959,STOCK2,215.10,1401,245.00,1900
2613.192,STOCK2,215.10,1201,245.00,1900
2613.355,STOCK2,215.10,1001,245.00,1900
2613.496,STOCK2,215.10,801,245.00,1900
2614.295,STOCK2,215.10,801,245.00,2900
2614.477,STOCK2,215.10,801,240.00,1000
2614.659,STOCK2,215.10,801,240.00,2000
2615.563,STOCK2,225.01,1000,240.00,2000
2615.868,STOCK2,225.01,1000,240.00,1900
2617.505,STOCK2,215.10,801,240.00,1900
2617.566,STOCK2,215.00,5000,240.00,1900
2618.441,STOCK2,215.00,4000,240.00,1900
2618.686,STOCK1,32.00,3000,48.00,2000
2618.857,STOCK2,215.00,4000,240.00,1700
2619.279,STOCK2,220.00,1000,240.00,1700
2619.340,STOCK1,32.00,2000,48.00,2000
2620.004,STOCK1,32.00,1000,48.00,2000
2620.753,STOCK2,220.00,1000,239.00,1
2621.388,STOCK2,215.00,4000,239.00,1
2621.548,STOCK2,215.00,4000,240.00,1501
2621.650,STOCK2,215.00,4000,240.00,1401
2622.277,STOCK2,215.00,4000,233.00,5000
2622.863,STOCK2,215.00,3800,233.00,5000
2623.521,STOCK2,215.00,3600,233.00,5000
2623.771,STOCK2,215.00,3600,233.00,4800
2624.400,STOCK2,215.00,3600,233.00,3800
2625.224,STOCK1,33.00,1000,48.00,2000
2626.723,STOCK1,33.00,2000,48.00,2000
2627.418,STOCK1,33.00,3000,48.00,2000
2629.860,STOCK2,215.00,3600,233.00,3600
2630.052,STOCK2,230.00,1,233.00,3600
2630.205,STOCK2,230.00,1,233.00,3500
2630.366,STOCK2,230.00,1,232.00,1000
2630.963,STOCK2,230.00,1,232.00,2000
2632.545,STOCK2,216.00,1,232.00,2000
2632.586,STOCK1,34.00,5000,48.00,2000
2634.772,STOCK2,216.00,1,232.00,3000
2634.994,STOCK2,215.00,3600,232.00,3000
2635.606,STOCK2,216.00,2000,232.00,3000
2635.736,STOCK2,216.00,2000,232.00,2999
2636.048,STOCK2,216.00,2000,230.00,100
2636.190,STOCK2,216.00,2000,230.00,200
2636.372,STOCK2,216.00,2000,230.00,300
2636.576,STOCK2,216.00,2000,230.00,400
2638.446,STOCK2,216.00,2000,230.00,100
2638.600,STOCK2,216.00,2000,232.00,2999
2639.726,STOCK2,216.00,2000,230.00,100
2640.020,STOCK2,216.00,2000,232.00,2999
2640.788,STOCK2,216.00,2000,229.00,501
2641.578,STOCK2,216.00,2000,229.00,401
2642.933,STOCK2,216.00,2000,229.00,301
2644.471,STOCK2,216.00,2000,229.00,201
2644.967,STOCK2,216.00,2000,229.00,202
2645.981,STOCK2,216.00,2000,229.00,102
2647.048,STOCK2,216.00,2000,229.00,2
2649.006,STOCK2,216.00,1800,229.00,2
2649.036,STOCK1,45.00,5000,48.00,2000
2649.632,STOCK2,216.00,1800,227.00,2000
2650.048,STOCK2,216.00,800,227.00,2000
2650.603,STOCK1,45.00,10000,48.00,2000
2651.019,STOCK2,215.00,2800,227.00,2000
2651.509,STOCK2,215.00,2600,227.00,2000
2652.317,STOCK1,45.00,9800,48.00,2000
2652.683,STOCK1,45.00,9740,48.00,2000
2652.824,STOCK2,215.00,1600,227.00,2000
2652.844,STOCK2,215.00,1400,227.00,2000
2653.360,STOCK1,45.00,9540,48.00,2000
2653.674,STOCK2,215.00,1200,227.00,2000
2654.193,STOCK2,215.00,1200,226.00,100
2654.275,STOCK1,45.00,9540,48.00,1500
2654.436,STOCK2,215.00,1000,226.00,100
2654.790,STOCK2,225.00,1,226.00,100
2654.944,STOCK2,215.00,1,226.00,100
2655.919,STOCK1,45.00,9340,48.00,1500
2656.021,STOCK2,225.00,1,226.00,100
2657.219,STOCK1,45.00,9140,48.00,1500
2657.590,STOCK2,214.71,802,226.00,100
2658.623,STOCK1,45.00,9140,48.00,1000
2658.883,STOCK1,45.00,8940,48.00,1000
2658.944,STOCK2,225.00,1,226.00,100
2659.655,STOCK1,45.00,8740,48.00,1000
2659.816,STOCK1,45.00,8740,48.00,1200
2664.194,STOCK2,214.71,1603,226.00,100
2665.131,STOCK2,214.71,603,226.00,100
2665.759,STOCK2,225.00,1,226.00,100
2666.719,STOCK2,225.00,1,227.00,1200
2667.059,STOCK1,45.00,8740,50.00,2400
2669.618,STOCK1,45.00,8740,55.00,200
2669.809,STOCK2,214.71,404,227.00,1200
2669.870,STOCK2,214.71,403,227.00,1200
2670.791,STOCK2,214.71,203,227.00,1200
2670.943,STOCK2,214.70,153,227.00,1200
2671.025,STOCK2,225.00,1,227.00,1200
2672.232,STOCK1,45.00,3740,55.00,200
2672.785,STOCK1,34.00,5000,55.00,200
2676.547,STOCK1,34.00,5000,54.90,1000
2676.619,STOCK2,214.00,2154,227.00,1200
2676.749,STOCK1,34.00,5000,54.90,990
2676.871,STOCK1,34.00,5000,54.90,980
2677.002,STOCK2,214.00,2153,227.00,1200
2677.032,STOCK1,34.00,5000,54.90,970
2677.165,STOCK1,34.00,5000,54.90,960
2677.185,STOCK2,214.00,2152,227.00,1200
2677.288,STOCK1,34.00,5000,54.90,950
2677.418,STOCK2,214.00,1952,227.00,1200
2677.418,STOCK1,34.00,5000,54.90,940
2677.649,STOCK2,214.00,952,227.00,1200
2677.739,STOCK1,34.00,5000,54.90,930
2677.820,STOCK2,214.00,952,225.00,2000
2677.851,STOCK1,34.00,5000,54.90,920
2677.954,STOCK1,34.00,5000,54.90,910
2678.004,STOCK2,214.00,752,225.00,2000
2678.121,STOCK1,34.00,5000,54.90,900
2678.271,STOCK1,34.00,5000,54.90,890
2678.411,STOCK1,34.00,5000,54.90,880
2678.524,STOCK1,34.00,5000,54.90,870
2678.705,STOCK2,214.00,752,225.00,3000
2679.099,STOCK1,34.00,5000,54.90,860
2680.616,STOCK2,214.00,752,225.00,2900
2681.117,STOCK2,214.00,752,230.00,802
2683.163,STOCK1,34.00,5000,54.60,2000
2683.537,STOCK1,34.00,5000,54.60,500
2684.813,STOCK2,224.00,1,230.00,802
2686.052,STOCK1,34.00,5000,54.90,360
2686.202,STOCK1,34.00,5000,59.00,3560
2686.436,STOCK1,34.00,5000,59.00,2560
2686.618,STOCK1,34.00,5000,59.00,1560
2686.964,STOCK1,34.00,5000,59.00,560
2686.964,STOCK1,34.00,5000,64.00,1560
2687.119,STOCK1,34.00,5000,64.00,560
2687.232,STOCK1,34.00,5000,65.10,560
2687.494,STOCK1,34.00,5000,66.00,1560
2687.494,STOCK1,34.00,5000,66.00,560
2687.555,STOCK1,34.00,5000,68.99,4560
2688.522,STOCK2,224.00,1,229.00,1000
2688.586,STOCK1,34.00,5000,50.00,1000
2688.750,STOCK1,34.00,5000,50.00,2000
2689.383,STOCK1,34.00,5000,50.00,1000
2689.545,STOCK1,34.00,5000,68.99,4560
2689.676,STOCK1,34.00,5000,68.99,3560
2689.746,STOCK2,224.00,1,229.00,2000
2689.817,STOCK1,34.00,5000,68.99,2560
2689.907,STOCK1,34.00,5000,68.99,1560
2689.959,STOCK1,34.00,5000,68.99,560
2690.079,STOCK2,224.00,1,229.00,1900
2690.109,STOCK1,34.00,5000,69.00,1560
2690.254,STOCK1,34.00,5000,69.00,560
2690.567,STOCK1,34.00,5000,69.90,2560
2690.597,STOCK1,34.00,5000,54.00,5000
2690.830,STOCK1,34.00,5000,54.00,4000
2690.890,STOCK2,215.00,1801,229.00,1900
2690.939,STOCK1,34.00,5000,54.00,3000
2691.000,STOCK1,34.00,5000,54.00,2000
2691.203,STOCK1,34.00,5000,54.00,1000
2691.285,STOCK1,34.00,5000,69.90,2560
2691.460,STOCK1,34.00,5000,69.90,1560
2691.542,STOCK1,34.00,5000,69.90,560
2691.647,STOCK1,34.00,5000,72.00,1560
2691.727,STOCK1,34.00,5000,72.00,560
2691.828,STOCK1,34.00,5000,76.00,1510
2691.929,STOCK1,34.00,5000,76.00,510
2691.949,STOCK1,34.00,5000,76.00,310
2692.031,STOCK1,34.00,5000,79.00,1160
2692.102,STOCK1,34.00,5000,79.00,160
2692.204,STOCK1,34.00,5000,98.00,7560
2692.274,STOCK2,215.00,1801,229.00,1800
2692.285,STOCK1,34.00,5000,98.00,6560
2692.356,STOCK2,215.00,1601,229.00,1800
2692.387,STOCK1,34.00,5000,98.00,5560
2692.659,STOCK1,34.00,5000,98.00,4560
2692.850,STOCK1,34.00,5000,98.00,3560
2692.961,STOCK2,215.00,1401,229.00,1800
2693.042,STOCK1,34.00,5000,98.00,2560
2693.076,STOCK1,34.00,5000,98.00,2550
2693.217,STOCK2,215.00,1401,229.00,800
2693.217,STOCK1,34.00,5000,98.00,1550
2693.399,STOCK1,34.00,5000,98.00,550
2693.399,STOCK2,215.00,1201,229.00,800
2693.701,STOCK1,34.00,5000,100.00,5550
2693.752,STOCK1,34.00,5000,100.00,5540
2693.874,STOCK1,34.00,5000,100.00,4540
2693.956,STOCK2,215.00,1001,229.00,800
2694.057,STOCK1,34.00,5000,100.00,3540
2694.228,STOCK1,34.00,5000,100.00,2540
2694.429,STOCK1,34.00,5000,100.00,1540
2694.621,STOCK2,215.00,801,229.00,800
2694.661,STOCK1,34.00,5000,100.00,540
2694.861,STOCK1,34.00,5000,101.00,1540
2695.023,STOCK1,34.00,5000,101.00,540
2695.032,STOCK1,34.00,5000,101.00,530
2695.145,STOCK1,34.00,5000,100.00,200
2695.185,STOCK1,34.00,5000,110.00,1730
2695.195,STOCK2,215.00,601,229.00,800
2695.387,STOCK1,34.00,5000,110.00,730
2695.417,STOCK1,34.00,5000,100.00,1000
2695.458,STOCK1,34.00,5000,100.00,990
2695.641,STOCK1,34.00,5000,100.00,980
2695.662,STOCK1,34.00,5000,110.00,710
2695.772,STOCK2,215.00,401,229.00,800
2695.802,STOCK1,34.00,5000,110.00,700
2695.822,STOCK1,34.00,5000,118.00,700
2695.966,STOCK1,34.00,5000,100.00,1000
2695.985,STOCK1,34.00,5000,100.00,990
2696.088,STOCK1,34.00,5000,118.00,690
2696.288,STOCK1,34.00,5000,120.00,1690
2696.390,STOCK2,215.00,201,229.00,800
2696.390,STOCK1,34.00,5000,120.00,690
2696.540,STOCK2,215.00,201,229.00,700
2697.390,STOCK2,214.00,201,229.00,700
2700.075,STOCK2,214.00,201,225.00,2000
2700.165,STOCK1,34.00,5000,120.00,1690
2700.669,STOCK2,214.00,1,225.00,2000
2700.669,STOCK1,34.00,5000,120.00,2690
2700.910,STOCK1,34.00,5000,100.00,100
2701.050,STOCK1,34.00,5000,100.00,200
2702.201,STOCK2,214.00,1,225.00,1900
2703.168,STOCK2,200.00,1000,225.00,1900
2703.188,STOCK1,34.00,5000,110.00,2200
2703.289,STOCK2,200.00,1000,225.00,1800
2703.340,STOCK1,34.00,5000,110.00,1200
2703.390,STOCK1,34.00,5000,100.00,100
2703.472,STOCK1,34.00,5000,110.00,300
2703.583,STOCK1,34.00,5000,100.00,100
2703.746,STOCK1,34.00,5000,120.00,2090
2703.908,STOCK1,34.00,5000,120.00,1090
2704.090,STOCK1,34.00,5000,110.00,1000
2704.112,STOCK1,34.00,5000,100.00,100
2704.273,STOCK1,34.00,5000,100.00,200
2704.375,STOCK1,34.00,5000,110.00,200
2704.406,STOCK2,200.00,1000,225.00,1700
2704.468,STOCK1,34.00,5000,120.00,290
2704.741,STOCK1,34.00,5000,100.00,100
2704.761,STOCK2,215.00,2000,225.00,1700
2704.791,STOCK1,34.00,5000,129.00,10390
2704.811,STOCK1,34.00,5000,129.00,9390
2704.893,STOCK1,34.00,5000,100.00,100
2705.026,STOCK1,34.00,5000,129.00,8490
2705.107,STOCK1,34.00,5000,100.00,100
2705.257,STOCK1,34.00,5000,129.00,7590
2705.307,STOCK1,34.00,5000,100.00,100
2705.744,STOCK2,215.00,1000,225.00,1700
2705.744,STOCK1,34.00,5000,129.00,6690
2705.754,STOCK1,34.00,5000,129.00,5690
2705.804,STOCK1,34.00,5000,100.00,100
2706.026,STOCK1,34.00,5000,129.00,4790
2706.076,STOCK1,34.00,5000,100.00,100
2706.197,STOCK1,34.00,5000,129.00,3890
2706.288,STOCK1,34.00,5000,129.00,2890
2706.369,STOCK1,34.00,5000,100.00,100
2706.380,STOCK1,34.00,5000,129.00,1990
2706.474,STOCK1,34.00,5000,129.00,990
2706.577,STOCK1,34.00,5000,130.00,90
2706.577,STOCK2,200.00,1000,225.00,1700
2706.577,STOCK1,34.00,5000,100.00,100
2706.659,STOCK1,34.00,5000,176.00,390
2706.749,STOCK1,34.00,5000,180.00,390
2706.810,STOCK1,34.00,5000,190.00,3390
2706.831,STOCK1,34.00,5000,100.00,100
2706.932,STOCK1,34.00,5000,190.00,2490
2706.963,STOCK1,34.00,5000,100.00,100
2706.973,STOCK1,34.00,5000,190.00,1590
2707.105,STOCK1,34.00,5000,150.00,4000
2707.146,STOCK1,34.00,5000,150.00,3000
2707.247,STOCK1,34.00,5000,150.00,2000
2707.338,STOCK1,34.00,5000,150.00,1000
2707.438,STOCK1,34.00,5000,190.00,1590
2707.529,STOCK1,34.00,5000,190.00,590
2707.621,STOCK1,34.00,5000,200.00,4590
2707.703,STOCK1,34.00,5000,110.00,1000
2707.805,STOCK1,34.00,5000,200.00,4590
2707.905,STOCK1,34.00,5000,110.00,1000
2707.946,STOCK1,34.00,5000,110.00,990
2707.987,STOCK1,34.00,5000,200.00,4580
2708.167,STOCK1,34.00,5000,200.00,3580
2708.354,STOCK1,34.00,5000,200.00,2580
2708.565,STOCK1,34.00,5000,200.00,1580
2708.787,STOCK1,34.00,5000,200.00,580
2708.959,STOCK1,34.00,5000,285.00,1580
2709.049,STOCK2,200.00,1000,225.00,1600
2709.192,STOCK1,34.00,5000,285.00,580
2709.476,STOCK1,34.00,5000,100.00,200
2711.404,STOCK1,34.00,5000,100.00,400
2711.878,STOCK1,34.00,5000,100.00,600
2712.041,STOCK1,34.00,5000,100.00,800
2712.212,STOCK1,34.00,5000,100.00,1000
2712.212,STOCK1,34.00,5000,100.00,990
2712.527,STOCK1,34.00,5000,100.00,1990
2713.866,STOCK1,34.00,5000,99.00,1000
2714.460,STOCK1,34.00,5000,99.00,2000
2716.190,STOCK2,201.00,2000,225.00,1600
2716.926,STOCK2,201.00,2000,225.00,1500
2717.112,STOCK2,201.00,2000,225.00,1400
2717.418,STOCK2,201.00,2000,225.00,1300
2717.843,STOCK1,35.00,1000,99.00,2000
2718.239,STOCK2,201.00,2000,225.00,1200
2718.581,STOCK2,201.00,2000,225.00,1100
2719.347,STOCK1,35.00,2000,99.00,2000
2720.395,STOCK1,35.00,2000,99.00,1990
2720.555,STOCK2,201.00,2000,224.00,1000
2720.869,STOCK1,35.00,3000,99.00,1990
2721.120,STOCK1,35.00,3000,98.00,1000
2721.220,STOCK2,201.00,2000,224.00,2000
2721.445,STOCK1,35.00,2000,98.00,1000
2722.275,STOCK2,201.00,2000,224.00,3000
2722.763,STOCK2,201.00,2000,224.00,2900
2722.813,STOCK1,35.00,2000,98.00,990
2723.682,STOCK1,35.00,2000,80.00,2000
2724.765,STOCK1,50.00,5000,80.00,2000
2725.546,STOCK1,50.00,10000,80.00,2000
2726.202,STOCK2,201.00,2000,220.00,2000
2727.143,STOCK1,50.00,9000,80.00,2000
2727.646,STOCK1,50.00,8000,80.00,2000
2727.717,STOCK1,50.00,7000,80.00,2000
2727.847,STOCK1,50.00,6000,80.00,2000
2728.149,STOCK1,50.00,5000,80.00,2000
2728.251,STOCK1,50.00,4000,80.00,2000
2728.281,STOCK1,50.00,3000,80.00,2000
2728.402,STOCK1,36.00,800,80.00,2000
2728.543,STOCK1,35.00,1800,80.00,2000
2728.594,STOCK1,35.00,800,80.00,2000
2729.378,STOCK1,34.00,4800,80.00,2000
2729.521,STOCK1,34.00,3800,80.00,2000
2729.672,STOCK1,34.00,2800,80.00,2000
2729.832,STOCK1,34.00,1800,80.00,2000
2730.003,STOCK1,34.00,800,80.00,2000
2730.127,STOCK1,33.00,2800,80.00,2000
2730.410,STOCK1,33.00,2800,80.00,3000
2730.451,STOCK1,33.00,1800,80.00,3000
2730.804,STOCK1,33.00,800,80.00,3000
2730.954,STOCK1,32.00,800,80.00,3000
2731.086,STOCK1,31.00,1600,80.00,3000
2731.177,STOCK2,201.00,2000,219.00,1000
2731.227,STOCK1,31.00,600,80.00,3000
2731.298,STOCK2,201.00,2000,219.00,900
2731.359,STOCK1,30.00,15908,80.00,3000
2731.551,STOCK1,30.00,14908,80.00,3000
2731.775,STOCK1,30.00,13908,80.00,3000
2731.816,STOCK2,201.00,2000,219.00,1900
2731.977,STOCK1,30.00,12908,80.00,3000
2732.155,STOCK1,30.00,11908,80.00,3000
2732.296,STOCK1,30.00,10908,80.00,3000
2732.558,STOCK1,30.00,9908,80.00,3000
2732.629,STOCK1,30.00,8908,80.00,3000
2732.669,STOCK1,30.00,8908,80.00,4000
2734.316,STOCK2,218.00,1000,219.00,1900
2734.631,STOCK1,31.00,100,80.00,4000
2734.792,STOCK1,31.00,200,80.00,4000
2734.963,STOCK1,31.00,300,80.00,4000
2735.161,STOCK1,31.00,400,80.00,4000
2735.293,STOCK1,31.00,500,80.00,4000
2735.475,STOCK1,31.00,600,80.00,4000
2735.687,STOCK1,31.00,700,80.00,4000
2735.777,STOCK2,201.00,2000,219.00,1900
2736.737,STOCK1,30.00,8608,80.00,4000
2736.827,STOCK1,30.00,8608,78.00,1000
2736.907,STOCK1,30.00,7608,78.00,1000
2737.068,STOCK1,30.00,6608,78.00,1000
2737.423,STOCK2,201.00,2000,218.00,1000
2737.475,STOCK1,31.00,100,78.00,1000
2737.635,STOCK1,31.00,200,78.00,1000
2737.685,STOCK2,202.00,2000,218.00,1000
2737.837,STOCK1,31.00,300,78.00,1000
2738.020,STOCK1,31.00,400,78.00,1000
2738.179,STOCK1,31.00,500,78.00,1000
2738.249,STOCK1,31.00,500,78.00,990
2738.360,STOCK1,31.00,600,78.00,990
2738.381,STOCK1,31.00,600,78.00,980
2738.532,STOCK1,31.00,600,78.00,970
2738.543,STOCK1,31.00,700,78.00,970
2738.675,STOCK1,31.00,700,78.00,960
2738.817,STOCK1,31.00,700,78.00,950
2738.827,STOCK1,31.00,800,78.00,950
2738.867,STOCK1,30.00,6408,78.00,950
2738.947,STOCK1,30.00,6408,78.00,940
2738.988,STOCK1,30.00,5408,78.00,940
2738.988,STOCK1,31.00,100,78.00,940
2739.089,STOCK1,31.00,100,78.00,930
2739.109,STOCK1,31.00,100,78.00,1930
2739.129,STOCK1,30.00,4508,78.00,1930
2739.220,STOCK1,30.00,4508,78.00,1920
2739.280,STOCK1,30.00,3508,78.00,1920
2739.359,STOCK1,30.00,3508,78.00,1910
2739.410,STOCK1,31.00,100,78.00,1910
2739.490,STOCK1,30.00,2608,78.00,1910
2739.490,STOCK1,30.00,2608,78.00,1900
2739.588,STOCK1,30.00,1608,78.00,1900
2739.618,STOCK1,31.00,100,78.00,1900
2739.648,STOCK1,31.00,100,78.00,1890
2739.719,STOCK1,30.00,708,78.00,1890
2739.780,STOCK1,30.00,708,78.00,1880
2739.861,STOCK1,25.00,11708,78.00,1880
2739.871,STOCK1,31.00,100,78.00,1880
2739.962,STOCK1,25.00,10808,78.00,1880
2739.992,STOCK1,25.00,10808,78.00,1870
2740.013,STOCK1,31.00,100,78.00,1870
2740.076,STOCK1,25.00,9908,78.00,1870
2740.127,STOCK1,25.00,9908,78.00,1860
2740.177,STOCK1,25.00,8908,78.00,1860
2740.268,STOCK1,25.00,8908,78.00,1850
2740.348,STOCK1,25.00,7908,78.00,1850
2740.418,STOCK1,25.00,7908,78.00,1840
2740.428,STOCK1,31.00,100,78.00,1840
2740.468,STOCK1,25.00,7008,78.00,1840
2740.569,STOCK1,25.00,7008,78.00,1830
2740.630,STOCK1,25.00,6008,78.00,1830
2740.650,STOCK1,31.00,100,78.00,1830
2740.701,STOCK1,31.00,100,78.00,1820
2740.751,STOCK1,25.00,5108,78.00,1820
2740.851,STOCK1,25.00,5108,78.00,1810
2740.923,STOCK1,31.00,100,78.00,1810
2740.955,STOCK1,25.00,4208,78.00,1810
2741.005,STOCK1,25.00,4208,78.00,1800
2741.342,STOCK1,31.00,100,78.00,1800
2741.444,STOCK1,25.00,3308,78.00,1800
2741.596,STOCK1,25.00,2308,78.00,1800
2741.747,STOCK1,25.00,1308,78.00,1800
2741.909,STOCK1,25.00,308,78.00,1800
2742.089,STOCK1,24.00,1308,78.00,1800
2742.324,STOCK1,24.00,308,78.00,1800
2742.485,STOCK1,23.00,1308,78.00,1800
2742.505,STOCK1,23.00,1308,80.00,800
2742.687,STOCK1,23.00,308,80.00,800
2742.838,STOCK1,22.00,308,80.00,800
2742.992,STOCK1,20.00,8408,80.00,800
2743.042,STOCK2,202.00,1000,218.00,1000
2743.182,STOCK1,20.00,7408,80.00,800
2743.362,STOCK1,20.00,8408,80.00,800
2743.556,STOCK1,20.00,9408,80.00,800
2743.748,STOCK1,20.00,10408,80.00,800
2744.031,STOCK1,20.00,9408,80.00,800
2744.207,STOCK1,20.00,8408,80.00,800
2744.320,STOCK1,26.00,100,80.00,800
2744.484,STOCK1,26.00,200,80.00,800
2744.675,STOCK1,26.00,300,80.00,800
2744.836,STOCK1,26.00,400,80.00,800
2745.179,STOCK1,26.00,500,80.00,800
2745.321,STOCK1,26.00,600,80.00,800
2745.501,STOCK1,26.00,700,80.00,800
2745.589,STOCK1,26.00,700,80.00,5800
2745.700,STOCK1,26.00,800,80.00,5800
2745.874,STOCK1,26.00,900,80.00,5800
2746.147,STOCK1,26.00,900,80.00,10800
2746.836,STOCK2,217.00,1,218.00,1000
2746.846,STOCK1,26.00,1000,80.00,10800
2747.038,STOCK1,26.00,1100,80.00,10800
2747.095,STOCK1,26.00,1100,80.00,5800
2747.196,STOCK2,202.00,1,218.00,1000
2747.256,STOCK1,26.00,1200,80.00,5800
2747.642,STOCK1,26.00,200,80.00,5800
2747.703,STOCK1,26.00,200,80.00,800
2747.784,STOCK1,20.00,12608,80.00,800
2747.844,STOCK1,20.00,13608,80.00,800
2747.946,STOCK1,20.00,12608,80.00,800
2748.037,STOCK1,20.00,13608,80.00,800
2748.067,STOCK1,20.00,13608,100.00,3970
2748.138,STOCK1,20.00,12608,100.00,3970
2748.199,STOCK1,25.00,4000,100.00,3970
2748.229,STOCK1,25.00,3000,100.00,3970
2748.390,STOCK1,25.00,2000,100.00,3970
2748.460,STOCK1,25.00,2000,150.00,370
2748.586,STOCK1,25.00,1000,150.00,370
2748.788,STOCK1,26.00,100,150.00,370
2748.951,STOCK1,26.00,200,150.00,370
2749.041,STOCK1,25.00,200,150.00,370
2749.121,STOCK1,26.00,100,150.00,370
2749.157,STOCK1,26.00,100,300.00,21650
2749.268,STOCK1,20.00,11908,300.00,21650
2749.318,STOCK1,26.00,100,300.00,21650
2749.481,STOCK2,217.00,1,218.00,1000
2749.491,STOCK1,26.00,200,300.00,21650
2749.642,STOCK1,20.00,12108,300.00,21650
2749.692,STOCK1,26.00,100,300.00,21650
2749.792,STOCK1,20.00,11208,300.00,21650
2749.813,STOCK1,20.00,12208,300.00,21650
2749.873,STOCK1,26.00,100,300.00,21650
2749.954,STOCK1,20.00,11308,300.00,21650
2749.984,STOCK1,20.00,11308,300.00,16650
2750.064,STOCK1,26.00,100,300.00,16650
2750.211,STOCK1,20.00,10408,300.00,16650
2750.241,STOCK1,26.00,100,300.00,16650
2750.321,STOCK1,20.00,9508,300.00,16650
2750.321,STOCK1,20.00,9508,300.00,11650
2750.422,STOCK1,26.00,100,300.00,11650
2750.522,STOCK1,26.00,100,300.00,6650
2750.532,STOCK1,20.00,8608,300.00,6650
2750.623,STOCK1,26.00,100,300.00,6650
2750.683,STOCK1,20.00,7708,300.00,6650
2750.704,STOCK1,20.00,7708,300.00,1650
2750.796,STOCK1,26.00,100,300.00,1650
2750.846,STOCK1,20.00,6808,300.00,1650
2750.859,STOCK1,20.00,6808,350.00,1650
2750.971,STOCK1,26.00,100,350.00,1650
2751.000,STOCK1,26.00,100,700.00,1850
2751.092,STOCK1,20.00,5908,700.00,1850
2751.132,STOCK1,20.00,5908,1000.00,650
2751.151,STOCK1,26.00,100,1000.00,650
2751.272,STOCK1,20.00,5008,1000.00,650
2751.292,STOCK1,20.00,5008,5000.00,2650
2751.403,STOCK1,26.00,100,5000.00,2650
2751.434,STOCK1,26.00,100,9000.00,1050
2751.464,STOCK1,20.00,4108,9000.00,1050
2751.516,STOCK1,26.00,100,9000.00,1050
2751.557,STOCK1,26.00,100,9990.00,6050
2751.640,STOCK1,20.00,3208,9990.00,6050
2751.712,STOCK1,20.00,3208,9990.00,1050
2751.864,STOCK1,20.00,3208,9999.00,33050
2752.002,STOCK1,20.00,2208,9999.00,33050
2752.012,STOCK1,20.00,2208,9999.00,28050
2752.162,STOCK1,20.00,2208,9999.00,23050
2752.172,STOCK1,20.00,1208,9999.00,23050
2752.263,STOCK1,11.00,808,9999.00,23050
2752.305,STOCK1,11.00,808,9999.00,18050
2752.325,STOCK1,10.00,1918,9999.00,18050
2752.448,STOCK1,10.00,1918,9999.00,13050
2752.579,STOCK1,10.00,1918,9999.00,8050
2752.729,STOCK1,10.00,1918,9999.00,3050
2752.869,STOCK1,10.00,418,9999.00,3050
2753.107,STOCK1,2.00,2418,9999.00,3050
2753.519,STOCK1,2.00,918,9999.00,3050
2753.610,STOCK1,2.00,918,180.00,1000
2753.731,STOCK1,,,180.00,1000
2754.278,STOCK2,202.00,1,218.00,1000
2754.359,STOCK1,20.00,1000,180.00,1000
2755.013,STOCK1,20.00,1000,9999.00,3050
2755.307,STOCK1,28.00,5000,9999.00,3050
2755.580,STOCK1,28.00,3500,9999.00,3050
2755.680,STOCK1,28.00,3500,1000.00,1000
2756.062,STOCK1,28.00,3500,1000.00,2000
2757.526,STOCK1,28.00,3500,1000.00,3000
2758.280,STOCK1,28.00,3500,9999.00,3050
2758.461,STOCK1,28.00,3500,,
2758.591,STOCK1,28.00,3500,1000.00,100
2758.754,STOCK1,28.00,3500,1000.00,200
2758.855,STOCK1,28.00,3500,1000.00,300
2758.995,STOCK1,28.00,3500,1000.00,400
2759.119,STOCK1,28.00,3500,,
2759.119,STOCK1,28.00,3500,1000.00,100
2759.269,STOCK1,28.00,3500,1000.00,200
2759.379,STOCK1,28.00,3500,1000.00,300
2759.509,STOCK1,28.00,3500,1000.00,400
2759.641,STOCK1,28.00,3500,1000.00,500
2759.723,STOCK1,28.00,3500,1000.00,1500
2759.793,STOCK1,28.00,3500,1000.00,1600
2759.884,STOCK1,28.00,3500,1000.00,1700
2760.024,STOCK1,28.00,3500,1000.00,1800
2760.144,STOCK1,28.00,3500,1000.00,2800
2760.154,STOCK1,28.00,3500,1000.00,2900
2760.215,STOCK1,28.00,3500,9999.00,900
2760.317,STOCK1,28.00,3500,1000.00,100
2760.347,STOCK1,28.00,3500,1000.00,1100
2760.397,STOCK1,28.00,3500,1000.00,2100
2760.407,STOCK1,28.00,3500,1000.00,2200
2760.537,STOCK1,28.00,3500,1000.00,2300
2760.610,STOCK1,28.00,3500,1000.00,3300
2760.650,STOCK1,28.00,3500,1000.00,3400
2760.841,STOCK1,28.00,3500,9999.00,1300
2760.851,STOCK1,28.00,3500,1000.00,100
2760.942,STOCK1,28.00,3500,1000.00,200
2761.054,STOCK1,28.00,3500,5000.00,1200
2761.074,STOCK1,28.00,3500,1000.00,100
2761.206,STOCK1,28.00,3500,5000.00,300
2761.225,STOCK1,28.00,3500,1000.00,100
2761.327,STOCK1,28.00,3500,9999.00,1700
2761.367,STOCK1,28.00,3500,1000.00,100
2761.448,STOCK1,28.00,3500,9999.00,800
2761.508,STOCK1,28.00,3500,1000.00,100
2761.579,STOCK1,28.00,3500,,
2761.640,STOCK1,28.00,3500,1000.00,100
2761.791,STOCK1,28.00,3500,,
2761.791,STOCK1,28.00,3500,1000.00,100
2761.854,STOCK1,28.00,3500,5000.00,1100
2761.936,STOCK1,28.00,3500,1000.00,100
2762.056,STOCK1,28.00,3500,1000.00,200
2762.163,STOCK1,28.00,3500,5000.00,300
2762.224,STOCK1,28.00,3500,1000.00,100
2762.325,STOCK1,28.00,3500,9999.00,1400
2762.417,STOCK1,28.00,3500,1000.00,100
2762.487,STOCK1,28.00,3500,9999.00,500
2762.599,STOCK1,28.00,3500,,
2762.659,STOCK1,28.00,3500,1000.00,100
2762.731,STOCK1,28.00,3500,,
2762.791,STOCK1,28.00,3500,1000.00,100
2762.881,STOCK1,28.00,3500,,
2763.073,STOCK1,28.00,3500,1000.00,100
2763.237,STOCK1,28.00,3500,5000.00,1100
2763.237,STOCK1,28.00,3500,1000.00,100
2763.297,STOCK1,28.00,3500,5000.00,200
2763.408,STOCK1,28.00,3500,,
2763.448,STOCK1,28.00,3500,9999.00,4000
2763.469,STOCK1,28.00,3500,1000.00,100
2763.549,STOCK1,28.00,3500,9999.00,3100
2763.650,STOCK1,28.00,3500,9999.00,2100
2763.795,STOCK1,28.00,3500,9999.00,3100
2763.805,STOCK1,28.00,3500,9999.00,2100
2763.938,STOCK1,28.00,3500,9999.00,3100
2763.968,STOCK1,28.00,3500,5000.00,2000
2764.019,STOCK1,28.00,3500,5000.00,1000
2764.119,STOCK1,28.00,3500,9999.00,3100
2764.292,STOCK1,28.00,3500,9999.00,2100
2764.475,STOCK1,28.00,3500,9999.00,1100
2764.608,STOCK1,28.00,3500,9999.00,100
2764.751,STOCK1,28.00,3500,5000.00,2000
2764.770,STOCK1,28.00,3500,5000.00,1000
2764.851,STOCK2,215.00,1000,218.00,1000
2764.942,STOCK1,28.00,3500,9999.00,100
2765.044,STOCK1,28.00,3500,9999.00,1100
2765.112,STOCK1,28.00,3500,9999.00,100
2765.112,STOCK1,28.00,3500,9999.00,1100
2765.253,STOCK1,28.00,3500,9999.00,2100
2765.283,STOCK1,28.00,3500,9999.00,1100
2765.377,STOCK1,28.00,3500,9999.00,2100
2765.461,STOCK1,28.00,3500,9999.00,1100
2765.562,STOCK1,28.00,3500,9999.00,2100
2765.594,STOCK2,202.00,1,218.00,1000
2765.645,STOCK1,28.00,3500,9999.00,1100
2765.655,STOCK1,28.00,3500,9999.00,2100
2765.665,STOCK1,28.00,3500,9999.00,3100
2765.736,STOCK1,28.00,3500,9000.00,1000
2765.848,STOCK1,28.00,3500,9999.00,4100
2765.918,STOCK1,28.00,3500,3000.00,2000
2766.059,STOCK1,28.00,3500,3000.00,1000
2766.265,STOCK1,28.00,3500,9999.00,6100
2766.285,STOCK1,28.00,3500,3000.00,2000
2766.438,STOCK1,28.00,3500,3000.00,4000
2766.438,STOCK1,28.00,3500,3000.00,3000
2766.621,STOCK1,28.00,3500,3000.00,2000
2766.632,STOCK1,28.00,3500,500.00,200
2767.128,STOCK1,28.00,3500,3000.00,3200
2767.188,STOCK1,28.00,3500,5000.00,200
2767.248,STOCK1,28.00,3500,500.00,200
2767.321,STOCK1,28.00,3500,9000.00,400
2767.331,STOCK1,28.00,3500,5000.00,2000
2767.341,STOCK1,28.00,3500,9990.00,400
2767.411,STOCK1,28.00,3500,9990.00,1400
2767.442,STOCK1,28.00,3500,3000.00,2000
2767.472,STOCK1,28.00,3500,3000.00,1000
2767.482,STOCK1,28.00,3500,1000.00,5000
2767.503,STOCK1,28.00,3500,3000.00,1000
2767.644,STOCK1,28.00,3500,9999.00,10500
2767.725,STOCK1,28.00,3500,5000.00,2000
2767.796,STOCK1,28.00,3500,9999.00,8500
2767.889,STOCK1,28.00,3500,9990.00,1000
2767.959,STOCK1,28.00,3500,9999.00,4500
2768.049,STOCK1,28.00,3500,5000.00,2000
2768.117,STOCK1,28.00,3500,9999.00,3500
2768.208,STOCK1,28.00,3500,9990.00,1000
2768.258,STOCK1,28.00,3500,5000.00,2000
2768.309,STOCK1,28.00,3500,9999.00,1500
2768.369,STOCK1,28.00,3500,9990.00,1000
2768.410,STOCK1,28.00,3500,8000.00,1000
2768.471,STOCK1,28.00,3500,1000.00,5000
2768.951,STOCK1,28.00,3500,100.00,100
2769.072,STOCK1,28.00,3500,100.00,200
2769.233,STOCK1,28.00,3500,100.00,300
2769.293,STOCK2,202.00,1,218.00,800
2769.374,STOCK1,28.00,3500,100.00,400
2769.518,STOCK1,28.00,3500,100.00,500
2769.758,STOCK1,28.00,3500,100.00,600
2769.849,STOCK2,201.00,1801,218.00,800
2770.226,STOCK1,28.00,3500,1000.00,4800
2770.277,STOCK1,28.00,3500,1000.00,9800
2770.318,STOCK1,28.00,3500,1000.00,8300
2770.398,STOCK1,28.00,3500,1000.00,7300
2770.579,STOCK1,28.00,3500,1000.00,6300
2770.762,STOCK1,28.00,3500,1000.00,5300
2770.853,STOCK2,201.00,1601,218.00,800
2770.925,STOCK1,28.00,3500,1000.00,4300
2771.037,STOCK1,28.00,3500,500.00,200
2771.091,STOCK1,28.00,3500,1000.00,3500
2771.221,STOCK1,28.00,3500,1000.00,2500
2771.415,STOCK2,201.00,1401,218.00,800
2771.863,STOCK1,28.00,3500,1000.00,1500
2771.965,STOCK2,201.00,1201,218.00,800
2772.025,STOCK1,28.00,3500,500.00,200
2772.195,STOCK2,201.00,201,218.00,800
2772.542,STOCK2,201.00,1,218.00,800
2773.675,STOCK1,28.00,3500,500.00,400
2773.978,STOCK1,29.00,1000,500.00,400
2774.132,STOCK1,29.00,2000,500.00,400
2774.282,STOCK1,29.00,3000,500.00,400
2774.434,STOCK1,30.00,1500,500.00,400
2774.554,STOCK1,30.00,1500,500.00,600
2774.932,STOCK1,30.00,3000,500.00,600
2774.942,STOCK1,30.00,3000,500.00,800
2775.105,STOCK1,30.00,4500,500.00,800
2775.286,STOCK1,30.00,6000,500.00,800
2775.286,STOCK1,30.00,6000,500.00,1000
2775.438,STOCK1,30.00,7500,500.00,1000
2775.509,STOCK1,30.00,7500,500.00,1200
2775.529,STOCK2,217.00,1000,218.00,800
2775.594,STOCK1,30.00,9000,500.00,1200
2775.717,STOCK1,30.00,10500,500.00,1200
2775.881,STOCK1,30.00,12000,500.00,1200
2776.593,STOCK2,201.00,1,218.00,800
2776.784,STOCK2,185.10,1,218.00,800
2777.267,STOCK1,30.00,11000,500.00,1200
2778.812,STOCK1,40.00,1000,500.00,1200
2779.563,STOCK1,40.00,2000,500.00,1200
2779.727,STOCK1,40.00,3000,500.00,1200
2783.954,STOCK1,40.00,3000,400.00,1000
2784.115,STOCK1,40.00,3000,400.00,2000
2784.549,STOCK1,40.00,3000,400.00,3000
2784.696,STOCK1,40.00,3000,400.00,4000
2784.838,STOCK1,40.00,3000,400.00,5000
2785.161,STOCK2,185.10,1,218.00,600
2786.584,STOCK1,41.00,1000,400.00,5000
2786.604,STOCK1,40.00,3000,400.00,5000
2786.778,STOCK1,41.00,1000,400.00,5000
2786.788,STOCK1,40.00,3000,400.00,5000
2786.964,STOCK1,41.00,1000,400.00,5000
2787.146,STOCK1,41.00,2000,400.00,5000
2787.319,STOCK1,41.00,3000,400.00,5000
2787.596,STOCK1,41.00,4000,400.00,5000
2787.775,STOCK1,41.00,5000,400.00,5000
2787.949,STOCK1,41.00,6000,400.00,5000
2788.120,STOCK1,41.00,7000,400.00,5000
2788.202,STOCK1,41.00,7000,400.00,4000
2788.304,STOCK1,41.00,8000,400.00,4000
2788.476,STOCK1,41.00,9000,400.00,4000
2788.647,STOCK1,41.00,10000,400.00,4000
2788.667,STOCK1,41.00,9000,400.00,4000
2788.809,STOCK1,41.00,8000,400.00,4000
2789.341,STOCK1,41.00,7000,400.00,4000
2789.504,STOCK1,41.00,6000,400.00,4000
2789.666,STOCK1,41.00,5000,400.00,4000
2789.818,STOCK1,41.00,4000,400.00,4000
2789.969,STOCK1,41.00,3000,400.00,4000
2790.119,STOCK1,41.00,2000,400.00,4000
2790.300,STOCK1,41.00,1000,400.00,4000
2790.443,STOCK1,40.00,3000,400.00,4000
2790.660,STOCK1,40.00,2000,400.00,4000
2790.771,STOCK1,40.00,1000,400.00,4000
2790.781,STOCK1,190.00,2000,400.00,4000
2790.974,STOCK1,190.00,1000,400.00,4000
2791.137,STOCK1,190.00,1000,399.00,1000
2791.207,STOCK1,40.00,1000,399.00,1000
2791.391,STOCK1,30.00,11000,399.00,1000
2791.603,STOCK1,30.00,10000,399.00,1000
2791.643,STOCK1,41.00,1000,399.00,1000
2791.825,STOCK1,41.00,2000,399.00,1000
2791.907,STOCK1,41.00,2000,399.00,2000
2791.968,STOCK1,41.00,1000,399.00,2000
2791.998,STOCK1,41.00,2000,399.00,2000
2792.129,STOCK1,41.00,1000,399.00,2000
2792.149,STOCK1,41.00,2000,399.00,2000
2792.273,STOCK1,41.00,1000,399.00,2000
2792.293,STOCK1,41.00,2000,399.00,2000
2792.513,STOCK1,50.00,1000,399.00,2000
2792.534,STOCK1,41.00,2000,399.00,2000
2792.564,STOCK2,185.10,1,224.00,400
2792.595,STOCK1,41.00,1000,399.00,2000
2793.040,STOCK1,41.00,2000,399.00,2000
2793.153,STOCK1,41.00,1000,399.00,2000
2793.213,STOCK1,41.00,2000,399.00,2000
2793.353,STOCK1,41.00,3000,399.00,2000
2793.564,STOCK1,41.00,3000,390.00,682
2793.713,STOCK2,185.10,1,232.00,2
2793.874,STOCK1,50.00,1000,390.00,682
2793.955,STOCK1,50.00,2000,390.00,682
2793.996,STOCK1,50.00,4000,390.00,682
2794.076,STOCK1,50.00,5000,390.00,682
2794.834,STOCK1,50.00,6000,390.00,682
2795.130,STOCK2,185.10,1,249.50,702
2795.552,STOCK1,50.00,8000,390.00,682
2795.815,STOCK1,50.00,7000,390.00,682
2796.374,STOCK1,50.00,6000,390.00,682
2797.296,STOCK2,185.10,1,260.00,802
2797.346,STOCK1,50.00,7000,390.00,682
2798.202,STOCK1,50.00,12000,390.00,682
2798.303,STOCK2,185.10,1,271.00,101
2798.699,STOCK1,51.00,1000,390.00,682
2798.780,STOCK2,185.10,1,300.00,2201
2798.790,STOCK2,190.00,2000,300.00,2201
2799.202,STOCK2,190.00,2000,310.00,1707
2799.397,STOCK1,51.00,2000,390.00,682
2801.632,STOCK1,52.00,1000,390.00,682
2802.270,STOCK1,52.00,2000,390.00,682
2802.649,STOCK1,52.00,1594,390.00,682
2804.028,STOCK1,52.00,2594,390.00,682
2804.483,STOCK2,190.00,1000,310.00,1707
2805.147,STOCK1,52.00,1594,390.00,682
2805.347,STOCK1,52.00,594,390.00,682
2805.478,STOCK2,190.00,1000,300.00,1000
2805.767,STOCK1,51.00,1594,390.00,682
2805.949,STOCK1,51.00,594,390.00,682
2806.102,STOCK1,50.00,11594,390.00,682
2806.266,STOCK1,50.00,10594,390.00,682
2806.428,STOCK1,50.00,10593,390.00,682
2806.428,STOCK1,50.00,9593,390.00,682
2806.619,STOCK2,190.00,800,300.00,1000
2806.772,STOCK1,50.00,8593,390.00,682
2806.914,STOCK1,53.00,2000,390.00,682
2806.954,STOCK1,60.00,5000,390.00,682
2807.302,STOCK1,60.00,4000,390.00,682
2807.643,STOCK1,60.00,3000,390.00,682
2807.662,STOCK1,60.00,2999,390.00,682
2807.773,STOCK1,60.00,1999,390.00,682
2807.843,STOCK2,190.00,600,300.00,1000
2807.924,STOCK1,60.00,999,390.00,682
2808.094,STOCK1,53.00,1999,390.00,682
2808.255,STOCK1,53.00,999,390.00,682
2808.296,STOCK1,53.00,849,390.00,682
2808.386,STOCK1,50.00,8692,390.00,682
2808.556,STOCK2,190.00,400,300.00,1000
2808.900,STOCK1,50.00,8492,390.00,682
2809.102,STOCK2,190.00,400,400.00,1975
2809.173,STOCK1,50.00,8292,390.00,682
2809.594,STOCK2,190.00,400,299.00,1000
2809.805,STOCK1,100.00,1000,390.00,682
2809.836,STOCK1,50.00,8292,390.00,682
2809.966,STOCK1,100.00,1000,390.00,682
2810.122,STOCK2,190.00,400,9000.00,11125
2810.185,STOCK1,100.00,800,390.00,682
2810.185,STOCK1,50.00,8092,390.00,682
2810.315,STOCK2,190.00,400,299.00,1000
2810.395,STOCK1,50.00,7092,390.00,682
2810.406,STOCK2,190.00,399,299.00,1000
2810.618,STOCK1,50.00,6092,390.00,682
2810.728,STOCK2,190.00,399,9000.00,7125
2811.100,STOCK2,190.00,399,9000.00,2125
2811.131,STOCK1,50.00,5092,390.00,682
2811.322,STOCK2,190.00,399,9990.00,8125
2811.443,STOCK1,52.00,2000,390.00,682
2811.537,STOCK2,190.00,399,9990.00,3125
2811.733,STOCK2,190.00,399,9999.00,64125
2811.856,STOCK2,190.00,399,9999.00,69125
2812.242,STOCK2,190.00,399,9999.00,64125
2812.372,STOCK2,190.00,398,9999.00,64125
2812.382,STOCK2,190.00,398,9999.00,69125
2812.412,STOCK2,190.00,398,9999.00,64125
2812.553,STOCK2,190.00,398,9999.00,59125
2812.694,STOCK2,190.00,398,9999.00,54125
2812.835,STOCK1,52.00,2000,380.00,1000
2813.140,STOCK1,52.00,4000,380.00,1000
2813.270,STOCK1,52.00,4000,250.00,100
2813.390,STOCK1,52.00,4000,250.00,200
2813.551,STOCK1,52.00,4000,250.00,300
2813.974,STOCK1,52.00,3000,250.00,300
2814.599,STOCK1,52.00,2000,250.00,300
2814.599,STOCK2,190.00,398,9000.00,1000
2815.490,STOCK1,52.00,1000,250.00,300
2815.724,STOCK2,190.00,398,9000.00,2000
2815.896,STOCK1,50.00,5092,250.00,300
2816.783,STOCK2,190.00,298,9000.00,2000
2817.379,STOCK2,190.00,198,9000.00,2000
2817.895,STOCK2,190.00,198,9000.00,3000
2818.480,STOCK2,190.00,198,8000.00,5000
2818.603,STOCK2,190.00,98,8000.00,5000
2818.898,STOCK2,190.00,98,8000.00,6000
2819.123,STOCK2,190.00,98,8000.00,7000
2819.780,STOCK2,190.00,98,8000.00,8000
2819.943,STOCK2,190.00,98,8000.00,9000
2820.044,STOCK1,52.00,2000,250.00,300
2820.056,STOCK2,190.00,98,8000.00,10000
2820.086,STOCK2,190.00,98,8000.00,11000
2820.229,STOCK2,190.00,98,8000.00,12000
2820.730,STOCK2,190.00,98,8000.00,13000
2820.901,STOCK2,190.00,98,8000.00,14000
2821.134,STOCK2,190.00,98,8000.00,15000
2821.346,STOCK2,190.00,98,5000.00,1000
2822.284,STOCK1,52.00,1950,250.00,300
2822.525,STOCK2,190.00,98,5000.00,6000
2823.081,STOCK1,55.00,5000,250.00,300
2823.090,STOCK2,190.00,98,5000.00,11000
2823.152,STOCK1,55.00,4999,250.00,300
2823.444,STOCK1,55.00,3999,250.00,300
2823.554,STOCK1,55.00,8999,250.00,300
2823.815,STOCK2,185.10,1,5000.00,11000
2824.441,STOCK1,55.00,7999,250.00,300
2825.060,STOCK2,185.10,1,1000.00,1000
2825.224,STOCK2,185.10,1,1000.00,2000
2825.264,STOCK1,55.00,12999,250.00,300
2826.980,STOCK1,55.00,12998,250.00,300
2827.517,STOCK1,55.00,12798,250.00,300
2827.567,STOCK1,55.00,11798,250.00,300
2827.699,STOCK1,55.00,10798,250.00,300
2827.951,STOCK1,55.00,9798,250.00,300
2828.021,STOCK1,55.00,8798,250.00,300
2828.217,STOCK1,55.00,7798,250.00,300
2828.388,STOCK1,55.00,6798,250.00,300
2828.590,STOCK1,55.00,5798,250.00,300
2828.732,STOCK1,55.00,4798,250.00,300
2828.834,STOCK1,55.00,3798,250.00,300
2828.905,STOCK1,55.00,2798,250.00,300
2829.025,STOCK2,185.10,1,900.00,1000
2829.105,STOCK1,55.00,2748,250.00,300
2829.144,STOCK1,55.00,1748,250.00,300
2829.195,STOCK1,55.00,748,250.00,300
2829.358,STOCK1,52.00,6698,250.00,300
2829.540,STOCK1,52.00,5698,250.00,300
2829.658,STOCK1,52.00,4698,250.00,300
2830.266,STOCK1,52.00,3698,250.00,300
2830.397,STOCK1,52.00,2698,250.00,300
2830.580,STOCK1,52.00,1698,250.00,300
2830.671,STOCK1,52.00,1498,250.00,300
2830.681,STOCK1,52.00,498,250.00,300
2832.452,STOCK1,52.00,498,200.00,5000
2832.584,STOCK1,186.00,1000,200.00,5000
2832.767,STOCK1,186.00,2000,200.00,5000
2833.200,STOCK1,186.00,1950,200.00,5000
2833.402,STOCK2,185.10,1,400.00,5000
2833.642,STOCK2,179.00,1001,400.00,5000
2833.783,STOCK1,186.00,1950,250.00,300
2833.794,STOCK2,179.00,1,400.00,5000
2833.904,STOCK1,186.00,1750,250.00,300
2833.925,STOCK2,170.00,1,400.00,5000
2834.066,STOCK1,186.00,1550,250.00,300
2834.076,STOCK2,153.00,551,400.00,5000
2834.104,STOCK1,186.00,1500,250.00,300
2834.166,STOCK1,186.00,1350,250.00,300
2834.226,STOCK2,152.00,251,400.00,5000
2834.257,STOCK1,186.00,1150,250.00,300
2834.358,STOCK2,147.00,251,400.00,5000
2834.510,STOCK2,146.00,251,400.00,5000
2834.520,STOCK1,186.00,950,250.00,300
2834.652,STOCK1,186.00,750,250.00,300
2834.793,STOCK1,186.00,550,250.00,300
2834.823,STOCK1,186.00,550,400.00,5982
2834.863,STOCK1,186.00,500,400.00,5982
2834.953,STOCK1,186.00,300,400.00,5982
2835.096,STOCK1,186.00,100,400.00,5982
2835.226,STOCK2,141.00,251,400.00,5000
2835.297,STOCK1,52.00,398,400.00,5982
2835.437,STOCK1,52.00,198,400.00,5982
2835.497,STOCK2,132.00,651,400.00,5000
2835.577,STOCK1,50.00,5090,400.00,5982
2835.610,STOCK1,50.00,5090,400.00,982
2835.661,STOCK2,123.00,631,400.00,5000
2835.806,STOCK2,121.00,631,400.00,5000
2835.826,STOCK1,50.00,4090,400.00,982
2835.826,STOCK1,50.00,3890,400.00,982
2835.947,STOCK1,50.00,3890,999.00,1182
2835.947,STOCK2,120.00,3731,400.00,5000
2836.057,STOCK2,120.00,2731,400.00,5000
2836.077,STOCK1,50.00,3890,1000.00,3682
2836.207,STOCK1,50.00,3890,5000.00,682
2836.328,STOCK1,50.00,3890,9000.00,682
2836.480,STOCK1,50.00,3890,9990.00,6682
2836.632,STOCK1,50.00,3890,9990.00,1682
2836.757,STOCK2,120.00,1731,400.00,5000
2838.559,STOCK2,120.00,1731,800.00,2000
2838.606,STOCK2,120.00,1731,300.00,1000
2840.654,STOCK2,120.00,731,300.00,1000
2840.817,STOCK1,60.00,5000,9990.00,1682
2841.231,STOCK2,113.00,731,300.00,1000
2841.659,STOCK2,121.00,1000,300.00,1000
2842.002,STOCK2,121.00,1000,800.00,2000
2842.108,STOCK1,60.00,5000,9990.00,1932
2842.138,STOCK2,121.00,1000,800.00,1000
2842.332,STOCK2,121.00,1000,900.00,1000
2842.433,STOCK2,121.00,2000,900.00,1000
2842.593,STOCK2,121.00,3000,900.00,1000
2842.644,STOCK2,121.00,4000,900.00,1000
2842.726,STOCK2,121.00,5000,900.00,1000
2842.796,STOCK2,121.00,5000,1000.00,2000
2842.879,STOCK2,121.00,6000,1000.00,2000
2842.909,STOCK1,60.00,5000,9000.00,1000
2842.909,STOCK2,121.00,6000,1000.00,1000
2842.999,STOCK2,121.00,6000,3000.00,1000
2843.009,STOCK2,121.00,7000,3000.00,1000
2843.163,STOCK2,121.00,8000,3000.00,1000
2843.253,STOCK2,121.00,9000,3000.00,1000
2843.374,STOCK2,121.00,10000,3000.00,1000
2843.415,STOCK2,121.00,10000,4000.00,3000
2843.640,STOCK2,121.00,10000,800.00,2000
2843.710,STOCK2,121.00,11000,800.00,2000
2843.770,STOCK2,121.00,11000,800.00,1000
2843.942,STOCK2,121.00,11000,4000.00,3000
2843.992,STOCK2,121.00,12000,4000.00,3000
2844.103,STOCK2,121.00,12000,4000.00,2000
2844.214,STOCK2,121.00,13000,4000.00,2000
2844.264,STOCK2,121.00,13000,4000.00,1000
2844.538,STOCK2,121.00,13000,5000.00,1000
2844.742,STOCK2,121.00,14000,5000.00,1000
2844.752,STOCK2,121.00,14000,7000.00,900
2844.874,STOCK1,50.00,3890,9000.00,1000
2844.874,STOCK2,121.00,14000,8000.00,9900
2844.914,STOCK1,50.00,3484,9000.00,1000
2845.037,STOCK2,121.00,14000,8000.00,8900
2845.210,STOCK2,121.00,14000,8000.00,7900
2845.362,STOCK2,121.00,14000,8000.00,6900
2845.515,STOCK2,121.00,14000,8000.00,5900
2845.655,STOCK2,121.00,14000,8000.00,4900
2845.797,STOCK2,121.00,14000,8000.00,3900
2845.938,STOCK2,121.00,14000,8000.00,2900
2845.979,STOCK1,50.00,3484,9999.00,40332
2846.111,STOCK2,121.00,14000,8000.00,1900
2846.254,STOCK2,121.00,14000,8000.00,900
2846.597,STOCK2,121.00,14000,9000.00,900
2846.658,STOCK1,50.00,2484,9999.00,40332
2846.739,STOCK2,121.00,14000,9977.00,3900
2846.919,STOCK2,121.00,14000,9977.00,2900
2847.079,STOCK2,121.00,14000,9977.00,1900
2847.212,STOCK2,121.00,14000,9977.00,900
2847.233,STOCK2,121.00,14000,8000.00,2000
2847.393,STOCK2,121.00,14000,8000.00,1000
2847.556,STOCK2,121.00,14000,9977.00,900
2847.619,STOCK2,121.00,14000,8000.00,2000
2847.699,STOCK2,121.00,14000,8000.00,1000
2847.791,STOCK2,121.00,14000,8000.00,3000
2847.841,STOCK1,50.00,2484,9990.00,250
2847.851,STOCK2,121.00,14000,8000.00,2000
2847.951,STOCK2,121.00,14000,8000.00,4000
2848.013,STOCK2,121.00,14000,8000.00,3000
2848.115,STOCK2,121.00,14000,8000.00,5000
2848.115,STOCK1,50.00,2484,9000.00,4000
2848.169,STOCK2,121.00,14000,8000.00,4000
2848.389,STOCK2,121.00,14000,8000.00,3000
2848.511,STOCK2,121.00,14000,8000.00,2000
2848.622,STOCK2,121.00,15000,8000.00,2000
2848.692,STOCK2,121.00,15000,8000.00,1000
2848.743,STOCK1,60.00,3000,9000.00,4000
2848.783,STOCK1,60.00,3000,3000.00,100
2848.843,STOCK1,60.00,2000,3000.00,100
2848.883,STOCK2,121.00,15000,9000.00,5000
2848.943,STOCK1,60.00,2000,3000.00,200
2849.070,STOCK1,60.00,2000,3000.00,300
2849.192,STOCK2,121.00,15000,9000.00,4000
2849.222,STOCK2,121.00,15000,9000.00,5000
2849.403,STOCK2,121.00,15000,8000.00,2000
2849.575,STOCK2,121.00,15000,8000.00,4000
2849.726,STOCK2,121.00,15000,8000.00,6000
2849.777,STOCK1,70.00,2000,3000.00,300
2849.889,STOCK2,121.00,15000,8000.00,8000
2849.960,STOCK2,121.00,15000,7000.00,1000
2850.130,STOCK2,121.00,15000,7000.00,2000
2850.292,STOCK2,121.00,15000,7000.00,3000
2850.462,STOCK2,121.00,15000,7000.00,4000
2850.626,STOCK2,121.00,15000,7000.00,5000
2850.647,STOCK1,70.00,4000,3000.00,300
2850.788,STOCK2,121.00,15000,7000.00,6000
2850.952,STOCK2,121.00,15000,7000.00,7000
2851.098,STOCK1,70.00,3500,3000.00,300
2851.129,STOCK2,121.00,15000,7000.00,8000
2851.281,STOCK2,121.00,15000,7000.00,9000
2852.436,STOCK2,121.00,15000,500.00,5000
2852.518,STOCK2,121.00,15000,500.00,4850
2853.420,STOCK1,70.00,3000,3000.00,300
2854.145,STOCK2,121.00,15000,500.00,4700
2854.275,STOCK1,70.00,2000,3000.00,300
2854.478,STOCK1,70.00,1500,3000.00,300
2855.482,STOCK1,70.00,1000,3000.00,300
2856.773,STOCK1,70.00,1000,9000.00,300
2856.833,STOCK1,60.00,2000,9000.00,300
2857.726,STOCK1,60.00,1500,9000.00,300
2857.868,STOCK2,121.00,15000,6000.00,2000
2857.961,STOCK1,60.00,1500,3000.00,100
2858.142,STOCK1,60.00,1500,3000.00,200
2858.243,STOCK1,60.00,1500,9998.00,11250
2858.272,STOCK2,121.00,15000,6000.00,3000
2858.374,STOCK1,60.00,1500,3000.00,100
2858.506,STOCK1,60.00,1500,3000.00,200
2858.616,STOCK1,60.00,1500,9998.00,6450
2858.686,STOCK1,60.00,1500,3000.00,100
2858.968,STOCK1,60.00,1500,3000.00,200
2859.059,STOCK2,121.00,15000,5000.00,5000
2859.158,STOCK1,60.00,1500,3000.00,300
2859.230,STOCK1,60.00,1500,9998.00,1750
2859.513,STOCK1,60.00,1500,3000.00,100
2859.618,STOCK1,60.00,1500,9999.00,37182
2859.671,STOCK1,60.00,1500,3000.00,100
2859.944,STOCK1,60.00,1450,3000.00,100
2860.046,STOCK1,60.00,1450,9999.00,32282
2860.130,STOCK1,60.00,1450,3000.00,100
2860.674,STOCK1,60.00,1450,3000.00,200
2860.684,STOCK1,60.00,1450,2500.00,2000
2860.894,STOCK1,60.00,1400,2500.00,2000
2861.473,STOCK1,60.00,900,2500.00,2000
2861.664,STOCK1,60.00,850,2500.00,2000
2862.534,STOCK1,60.00,800,2500.00,2000
2863.064,STOCK2,121.00,15000,4500.00,1000
2863.345,STOCK1,60.00,750,2500.00,2000
2864.019,STOCK1,60.00,700,2500.00,2000
2864.443,STOCK1,60.00,700,300.00,250
2864.493,STOCK2,121.00,15000,4000.00,1000
2864.884,STOCK1,60.00,650,300.00,250
2866.111,STOCK1,60.00,600,300.00,250
2866.303,STOCK1,60.00,5600,300.00,250
2866.754,STOCK1,60.00,10600,300.00,250
2866.917,STOCK1,60.00,10400,300.00,250
2867.028,STOCK2,121.00,15000,4000.00,2000
2867.147,STOCK1,60.00,15400,300.00,250
2867.239,STOCK1,70.00,2000,300.00,250
2867.280,STOCK1,70.00,1000,300.00,250
2867.441,STOCK1,60.00,15400,300.00,250
2867.644,STOCK2,121.00,15000,4000.00,5000
2867.727,STOCK1,70.00,2000,300.00,250
2867.808,STOCK1,70.00,1000,300.00,250
2867.858,STOCK1,60.00,15400,300.00,250
2868.090,STOCK1,60.00,14400,300.00,250
2868.241,STOCK1,60.00,13400,300.00,250
2868.281,STOCK1,70.00,2000,300.00,250
2868.422,STOCK1,70.00,1000,300.00,250
2868.493,STOCK1,70.00,3000,300.00,250
2868.543,STOCK1,70.00,2000,300.00,250
2868.653,STOCK1,70.00,4000,300.00,250
2868.705,STOCK1,70.00,3000,300.00,250
2868.815,STOCK1,70.00,5000,300.00,250
2868.855,STOCK1,70.00,4000,300.00,250
2868.968,STOCK1,70.00,6000,300.00,250
2869.019,STOCK1,70.00,5000,300.00,250
2869.129,STOCK1,70.00,7000,300.00,250
2869.150,STOCK1,70.00,6000,300.00,250
2869.261,STOCK1,70.00,5800,300.00,250
2869.292,STOCK1,70.00,7800,300.00,250
2869.383,STOCK1,70.00,6800,300.00,250
2869.413,STOCK1,70.00,5800,300.00,250
2869.442,STOCK1,70.00,7800,300.00,250
2869.484,STOCK2,121.00,15000,3000.00,1000
2869.494,STOCK1,70.00,7300,300.00,250
2869.576,STOCK1,70.00,6300,300.00,250
2869.586,STOCK1,70.00,6250,300.00,250
2869.606,STOCK1,70.00,6050,300.00,250
2869.606,STOCK1,70.00,8050,300.00,250
2869.737,STOCK1,70.00,7050,300.00,250
2869.759,STOCK1,70.00,6850,300.00,250
2869.769,STOCK1,70.00,8850,300.00,250
2869.900,STOCK1,70.00,7850,300.00,250
2869.940,STOCK1,70.00,9850,300.00,250
2870.040,STOCK1,70.00,8850,300.00,250
2870.194,STOCK1,70.00,7850,300.00,250
2870.426,STOCK1,70.00,6850,300.00,250
2870.548,STOCK1,70.00,5850,300.00,250
2870.559,STOCK1,70.00,5350,300.00,250
2870.710,STOCK1,70.00,4350,300.00,250
2870.811,STOCK1,70.00,3350,300.00,250
2870.930,STOCK1,70.00,5350,300.00,250
2870.971,STOCK1,70.00,5300,300.00,250
2870.971,STOCK1,70.00,4300,300.00,250
2871.103,STOCK1,70.00,3300,300.00,250
2871.153,STOCK1,70.00,3250,300.00,250
2871.276,STOCK1,70.00,2250,300.00,250
2871.477,STOCK1,70.00,1250,300.00,250
2871.538,STOCK1,70.00,250,300.00,250
2871.715,STOCK1,61.00,1250,300.00,250
2871.725,STOCK1,61.00,2250,300.00,250
2871.877,STOCK1,61.00,1250,300.00,250
2872.197,STOCK1,61.00,250,300.00,250
2872.288,STOCK1,70.00,284,300.00,250
2872.560,STOCK1,60.00,17934,300.00,250
2872.750,STOCK1,60.00,16934,300.00,250
2872.966,STOCK1,60.00,15934,300.00,250
2873.193,STOCK1,60.00,14934,300.00,250
2873.306,STOCK1,60.00,13934,300.00,250
2873.408,STOCK1,100.00,1000,300.00,250
2873.461,STOCK1,60.00,13934,300.00,250
2873.572,STOCK1,100.00,1000,300.00,250
2873.692,STOCK1,60.00,13934,300.00,250
2873.711,STOCK1,100.00,1000,300.00,250
2873.975,STOCK1,60.00,13934,300.00,250
2874.229,STOCK1,60.00,12934,300.00,250
2874.330,STOCK1,60.00,11934,300.00,250
2874.361,STOCK1,60.00,10934,300.00,250
2874.401,STOCK1,60.00,10434,300.00,250
2874.474,STOCK1,100.00,1000,300.00,250
2874.635,STOCK1,100.00,2000,300.00,250
2874.757,STOCK1,100.00,1000,300.00,250
2874.757,STOCK1,60.00,10434,300.00,250
2874.776,STOCK1,100.00,1000,300.00,250
2874.919,STOCK1,70.00,1000,300.00,250
2874.928,STOCK1,100.00,1000,300.00,250
2875.141,STOCK1,100.00,2000,300.00,250
2875.192,STOCK1,100.00,1800,300.00,250
2875.212,STOCK1,100.00,2800,300.00,250
2875.282,STOCK1,100.00,1800,300.00,250
2875.282,STOCK1,100.00,800,300.00,250
2875.444,STOCK1,100.00,1800,300.00,250
2875.674,STOCK1,100.00,2800,300.00,250
2875.705,STOCK1,100.00,2600,300.00,250
2875.785,STOCK1,100.00,3600,300.00,250
2875.805,STOCK1,100.00,2600,300.00,250
2875.936,STOCK1,100.00,1600,300.00,250
2875.966,STOCK1,100.00,2600,300.00,250
2876.016,STOCK1,100.00,1600,300.00,250
2876.225,STOCK1,100.00,1100,300.00,250
2876.470,STOCK1,100.00,100,300.00,250
2876.562,STOCK1,70.00,100,300.00,250
2876.723,STOCK1,61.00,1100,300.00,250
2876.764,STOCK1,61.00,900,300.00,250
2876.896,STOCK1,60.00,15334,300.00,250
2876.926,STOCK1,60.00,14834,300.00,250
2876.966,STOCK1,70.00,1000,300.00,250
2877.027,STOCK1,60.00,14834,300.00,250
2877.239,STOCK1,60.00,14784,300.00,250
2878.276,STOCK1,60.00,14784,2500.00,2250
2879.241,STOCK2,140.00,2000,3000.00,1000
2879.416,STOCK2,140.00,4000,3000.00,1000
2879.566,STOCK2,140.00,6000,3000.00,1000
2879.717,STOCK2,140.00,8000,3000.00,1000
2879.837,STOCK1,60.00,14784,2500.00,250
2879.868,STOCK2,140.00,10000,3000.00,1000
2880.365,STOCK1,60.00,14784,9000.00,8650
2880.841,STOCK1,60.00,13784,9000.00,8650
2880.901,STOCK1,60.00,13784,9000.00,6650
2881.334,STOCK1,60.00,13784,9000.00,4650
2881.508,STOCK1,60.00,12784,9000.00,4650
2881.679,STOCK1,60.00,11784,9000.00,4650
2881.779,STOCK1,60.00,11784,9000.00,2650
2881.829,STOCK1,60.00,10784,9000.00,2650
2881.973,STOCK1,60.00,9784,9000.00,2650
2882.197,STOCK1,60.00,9784,9000.00,650
2882.227,STOCK1,65.00,2000,9000.00,650
2882.413,STOCK1,65.00,4000,9000.00,650
2882.503,STOCK2,150.00,1000,3000.00,1000
2882.604,STOCK1,65.00,6000,9000.00,650
2882.644,STOCK2,150.00,2000,3000.00,1000
2882.804,STOCK2,150.00,3000,3000.00,1000
2882.946,STOCK1,65.00,5000,9000.00,650
2883.018,STOCK2,150.00,4000,3000.00,1000
2883.072,STOCK2,150.00,5000,3000.00,1000
2883.113,STOCK1,65.00,4000,9000.00,650
2883.215,STOCK2,150.00,6000,3000.00,1000
2883.276,STOCK1,65.00,3000,9000.00,650
2883.286,STOCK1,65.00,3000,9998.00,23000
2883.346,STOCK2,150.00,7000,3000.00,1000
2883.407,STOCK1,65.00,2000,9998.00,23000
2883.538,STOCK1,65.00,1000,9998.00,23000
2883.652,STOCK1,60.00,9784,9998.00,23000
2883.813,STOCK1,60.00,8784,9998.00,23000
2884.359,STOCK1,60.00,8784,9998.00,22000
2884.380,STOCK2,150.00,8000,3000.00,1000
2884.522,STOCK1,60.00,8784,9998.00,21000
2884.583,STOCK2,150.00,9000,3000.00,1000
2884.654,STOCK1,60.00,8784,9998.00,20000
2884.768,STOCK1,60.00,8784,9998.00,19000
2884.980,STOCK1,60.00,8784,9998.00,18000
2885.074,STOCK1,60.00,8784,9998.00,17000
2885.218,STOCK1,60.00,8784,9998.00,16000
2885.503,STOCK1,60.00,8784,9998.00,15000
2885.643,STOCK1,60.00,8784,9998.00,14000
2885.787,STOCK1,60.00,8784,9998.00,13000
2885.979,STOCK1,60.00,8784,9998.00,12000
2886.111,STOCK1,60.00,8784,9998.00,11000
2886.253,STOCK1,60.00,8784,9998.00,10000
2886.304,STOCK1,65.00,1000,9998.00,10000
2886.394,STOCK1,65.00,950,9998.00,10000
2886.434,STOCK1,65.00,950,9998.00,9000
2886.464,STOCK1,65.00,1950,9998.00,9000
2886.596,STOCK1,65.00,1950,9998.00,8000
2886.643,STOCK1,65.00,2950,9998.00,8000
2886.643,STOCK1,65.00,1950,9998.00,8000
2886.754,STOCK1,65.00,1950,9998.00,7000
2886.754,STOCK1,65.00,1950,8000.00,1000
2886.795,STOCK1,65.00,950,8000.00,1000
2886.920,STOCK1,65.00,950,9998.00,7000
2886.940,STOCK1,60.00,8734,9998.00,7000
2887.076,STOCK1,60.00,8734,9998.00,6000
2887.086,STOCK1,60.00,7734,9998.00,6000
2887.188,STOCK1,65.00,1000,9998.00,6000
2887.248,STOCK1,65.00,1000,9998.00,5000
2887.268,STOCK1,60.00,7734,9998.00,5000
2887.298,STOCK2,150.00,10000,3000.00,1000
2887.379,STOCK1,60.00,7734,9998.00,4000
2887.602,STOCK1,60.00,7734,8000.00,1000
2887.745,STOCK1,60.00,7734,9998.00,4000
2887.918,STOCK1,60.00,7734,9998.00,3000
2887.938,STOCK1,60.00,7734,9997.00,5000
2888.079,STOCK1,60.00,7734,9997.00,4000
2888.217,STOCK1,60.00,7734,9997.00,3000
2888.258,STOCK1,60.00,7734,8000.00,100
2888.409,STOCK1,60.00,7734,8000.00,200
2888.551,STOCK1,60.00,7734,8000.00,300
2888.612,STOCK1,65.00,1000,8000.00,300
2888.775,STOCK1,65.00,1000,8000.00,400
2888.867,STOCK1,65.00,2000,8000.00,400
2888.888,STOCK1,65.00,2000,8000.00,500
2889.052,STOCK1,65.00,2000,8000.00,600
2889.307,STOCK1,65.00,2000,8000.00,700
2889.367,STOCK1,65.00,2000,8000.00,800
2889.559,STOCK1,65.00,2000,8000.00,900
2889.703,STOCK1,65.00,2000,8000.00,1000
2889.868,STOCK1,65.00,2000,8000.00,1100
2890.019,STOCK1,65.00,2000,8000.00,1200
2890.189,STOCK1,65.00,2000,8000.00,1300
2890.360,STOCK1,65.00,2000,8000.00,1400
2890.492,STOCK1,65.00,1500,8000.00,1400
2890.524,STOCK1,65.00,1500,8000.00,1500
2890.697,STOCK1,65.00,1500,8000.00,1600
2890.880,STOCK1,65.00,1500,8000.00,1700
2891.010,STOCK1,65.00,1500,1000.00,250
2895.201,STOCK1,70.00,5000,1000.00,250
2895.753,STOCK1,70.00,10000,1000.00,250
2895.973,STOCK1,70.00,15000,1000.00,250
2896.466,STOCK1,70.00,14000,1000.00,250
2896.547,STOCK1,70.00,13500,1000.00,250
2898.061,STOCK1,70.00,13500,900.00,1000
2898.234,STOCK1,70.00,13500,900.00,2000
2898.653,STOCK1,70.00,13000,900.00,2000
2899.369,STOCK1,70.00,17000,900.00,2000
2899.489,STOCK1,70.00,16950,900.00,2000
2899.529,STOCK1,70.00,16450,900.00,2000
2899.780,STOCK1,75.00,2000,900.00,2000
2900.050,STOCK1,75.00,1950,900.00,2000
2900.234,STOCK1,75.00,3950,900.00,2000
2900.485,STOCK1,75.00,3900,900.00,2000
2900.676,STOCK1,75.00,2900,900.00,2000
2900.969,STOCK1,75.00,900,900.00,2000
2901.334,STOCK1,75.00,850,900.00,2000
2901.364,STOCK1,71.00,850,900.00,2000
2901.444,STOCK1,70.00,15300,900.00,2000
2901.508,STOCK1,70.00,15300,800.00,1000
2901.777,STOCK1,70.00,13300,800.00,1000
2901.868,STOCK1,71.00,1000,800.00,1000
2902.019,STOCK1,71.00,1000,800.00,2000
2902.100,STOCK1,71.00,2000,800.00,2000
2902.130,STOCK1,70.00,13300,800.00,2000
2902.446,STOCK1,70.00,11300,800.00,2000
2903.136,STOCK1,70.00,9300,800.00,2000
2903.580,STOCK1,70.00,7300,800.00,2000
2903.900,STOCK1,70.00,6800,800.00,2000
2903.970,STOCK1,70.00,6800,500.00,5000
2903.990,STOCK2,200.00,1000,3000.00,1000
2904.012,STOCK1,70.00,4800,500.00,5000
2904.284,STOCK1,70.00,4800,500.00,10000
2904.354,STOCK1,70.00,2800,500.00,10000
2904.427,STOCK1,75.00,4000,500.00,10000
2904.749,STOCK2,200.00,2000,3000.00,1000
2905.330,STOCK1,75.00,3950,500.00,10000
2905.512,STOCK1,75.00,1950,500.00,10000
2905.634,STOCK2,200.00,3000,3000.00,1000
2905.644,STOCK1,71.00,1950,500.00,10000
2905.775,STOCK1,70.00,2750,500.00,10000
2905.877,STOCK1,70.00,750,500.00,10000
2905.978,STOCK1,65.00,250,500.00,10000
2906.071,STOCK1,60.00,15984,500.00,10000
2906.092,STOCK1,60.00,15934,500.00,10000
2906.140,STOCK1,60.00,13934,500.00,10000
2906.245,STOCK1,60.00,11934,500.00,10000
2906.365,STOCK1,60.00,9934,500.00,10000
2906.437,STOCK1,60.00,7934,500.00,10000
2906.537,STOCK1,60.00,5934,500.00,10000
2906.639,STOCK1,60.00,3934,500.00,10000
2906.750,STOCK1,60.00,1934,500.00,10000
2906.841,STOCK1,51.00,1934,500.00,10000
2906.890,STOCK1,71.00,1000,500.00,10000
2906.991,STOCK1,51.00,934,500.00,10000
2907.132,STOCK1,50.00,5418,500.00,10000
2907.263,STOCK2,200.00,3000,500.00,250
2907.333,STOCK1,50.00,5418,500.00,15000
2907.404,STOCK1,71.00,1000,500.00,15000
2907.434,STOCK2,200.00,2500,500.00,250
2907.801,STOCK2,200.00,2000,500.00,250
2908.254,STOCK2,200.00,1500,500.00,250
2908.325,STOCK1,71.00,2000,500.00,15000
2908.447,STOCK1,71.00,1800,500.00,15000
2908.862,STOCK2,200.00,500,500.00,250
2909.389,STOCK1,71.00,1750,500.00,15000
2910.065,STOCK1,71.00,1700,500.00,15000
2911.057,STOCK1,71.00,1650,500.00,15000
2911.504,STOCK1,71.00,1600,500.00,15000
2911.808,STOCK1,71.00,1600,300.00,1000
2912.099,STOCK1,71.00,1600,300.00,2000
2912.176,STOCK2,200.00,1500,500.00,250
2912.408,STOCK1,71.00,1550,300.00,2000
2912.480,STOCK1,71.00,550,300.00,2000
2912.972,STOCK1,71.00,540,300.00,2000
2913.454,STOCK1,71.00,490,300.00,2000
2913.474,STOCK2,200.00,2500,500.00,250
2913.535,STOCK1,71.00,340,300.00,2000
2913.800,STOCK1,50.00,5258,300.00,2000
2914.086,STOCK2,200.00,3500,500.00,250
2914.096,STOCK2,200.00,2500,500.00,250
2914.563,STOCK2,200.00,1500,500.00,250
2915.098,STOCK2,200.00,500,500.00,250
2915.382,STOCK2,200.00,1500,500.00,250
2916.048,STOCK1,50.00,5258,200.00,5000
2916.149,STOCK2,200.00,2500,500.00,250
2916.391,STOCK1,50.00,5258,200.00,10000
2917.447,STOCK1,51.00,1000,200.00,10000
2917.568,STOCK2,200.00,1500,500.00,250
2917.669,STOCK1,51.00,2000,200.00,10000
2918.610,STOCK2,201.00,1000,500.00,250
2918.864,STOCK2,200.00,1500,500.00,250
2919.542,STOCK2,200.00,500,500.00,250
2919.562,STOCK2,201.00,1000,500.00,250
2920.250,STOCK2,200.00,500,500.00,250
2921.698,STOCK1,51.00,2000,199.00,1000
2921.867,STOCK1,51.00,2000,199.00,2000
2921.917,STOCK2,152.00,500,500.00,250
2921.938,STOCK2,200.00,5000,500.00,250
2922.038,STOCK2,200.00,4000,500.00,250
2922.149,STOCK2,200.00,3000,500.00,250
2922.259,STOCK2,200.00,2000,500.00,250
2922.370,STOCK2,200.00,1000,500.00,250
2922.790,STOCK2,152.00,2500,500.00,250
2922.922,STOCK2,152.00,1500,500.00,250
2923.022,STOCK2,152.00,500,500.00,250
2923.385,STOCK1,60.00,100,199.00,2000
2923.435,STOCK2,151.00,5500,500.00,250
2923.476,STOCK1,60.00,200,199.00,2000
2923.639,STOCK1,60.00,300,199.00,2000
2923.709,STOCK2,151.00,4500,500.00,250
2923.789,STOCK1,60.00,400,199.00,2000
2923.849,STOCK2,151.00,3500,500.00,250
2923.960,STOCK1,60.00,500,199.00,2000
2924.051,STOCK2,151.00,2500,500.00,250
2924.092,STOCK1,60.00,600,199.00,2000
2924.243,STOCK2,151.00,1500,500.00,250
2924.253,STOCK1,60.00,700,199.00,2000
2924.403,STOCK2,151.00,500,500.00,250
2924.433,STOCK1,60.00,800,199.00,2000
2924.554,STOCK1,60.00,900,199.00,2000
2924.664,STOCK2,152.00,1000,500.00,250
2924.704,STOCK1,60.00,1000,199.00,2000
2924.956,STOCK1,60.00,1100,199.00,2000
2925.037,STOCK1,60.00,1200,199.00,2000
2925.068,STOCK2,152.00,1000,400.00,1000
2925.341,STOCK1,60.00,1300,199.00,2000
2926.253,STOCK2,152.00,1000,400.00,2000
2926.614,STOCK2,152.00,2000,400.00,2000
2926.777,STOCK2,152.00,3000,400.00,2000
2926.927,STOCK2,152.00,4000,400.00,2000
2927.090,STOCK2,152.00,5000,400.00,2000
2927.173,STOCK1,61.00,2000,199.00,2000
2928.986,STOCK1,61.00,1000,199.00,2000
2929.108,STOCK1,60.00,1300,199.00,2000
2929.231,STOCK1,60.00,300,199.00,2000
2929.314,STOCK1,60.00,300,180.00,2000
2929.354,STOCK1,51.00,1300,180.00,2000
2929.437,STOCK1,51.00,300,180.00,2000
2929.557,STOCK1,50.00,4558,180.00,2000
2930.052,STOCK1,50.00,3558,180.00,2000
2930.141,STOCK1,50.00,2558,180.00,2000
2930.241,STOCK1,50.00,1558,180.00,2000
2930.435,STOCK1,50.00,558,180.00,2000
2930.625,STOCK1,45.00,29808,180.00,2000
2930.767,STOCK1,45.00,28808,180.00,2000
2931.019,STOCK1,45.00,27808,180.00,2000
2931.322,STOCK1,45.00,26808,180.00,2000
2931.484,STOCK1,45.00,25808,180.00,2000
2931.647,STOCK1,45.00,24808,180.00,2000
2931.770,STOCK1,45.00,23808,180.00,2000
2932.004,STOCK1,45.00,22808,180.00,2000
2932.288,STOCK1,45.00,21808,180.00,2000
2932.439,STOCK1,45.00,20808,180.00,2000
2932.581,STOCK1,45.00,19808,180.00,2000
2932.826,STOCK1,45.00,18808,180.00,2000
2932.967,STOCK1,45.00,17808,180.00,2000
2933.164,STOCK1,45.00,16808,180.00,2000
2933.354,STOCK1,45.00,15808,180.00,2000
2933.526,STOCK1,45.00,14808,180.00,2000
2933.709,STOCK1,45.00,13808,180.00,2000
2933.830,STOCK1,45.00,12808,180.00,2000
2934.112,STOCK1,45.00,11808,180.00,2000
2934.274,STOCK1,45.00,10808,180.00,2000
2934.345,STOCK1,45.00,9808,180.00,2000
2934.407,STOCK1,45.00,8808,180.00,2000
2934.478,STOCK1,45.00,7808,180.00,2000
2934.869,STOCK1,45.00,6808,180.00,2000
2934.932,STOCK1,45.00,5808,180.00,2000
2935.023,STOCK1,45.00,4808,180.00,2000
2935.104,STOCK1,45.00,3808,180.00,2000
2935.185,STOCK1,45.00,2808,180.00,2000
2935.260,STOCK1,45.00,1808,180.00,2000
2935.351,STOCK1,45.00,808,180.00,2000
2935.411,STOCK1,41.00,1808,180.00,2000
2935.521,STOCK1,41.00,808,180.00,2000
2935.642,STOCK1,30.00,9808,180.00,2000
2935.652,STOCK1,170.00,1000,180.00,2000
2936.012,STOCK2,152.00,3000,400.00,2000
2936.416,STOCK2,152.00,1000,400.00,2000
2936.597,STOCK1,170.00,850,180.00,2000
2936.687,STOCK2,150.00,14750,400.00,2000
2936.749,STOCK1,50.00,350,180.00,2000
2936.953,STOCK2,150.00,12750,400.00,2000
2937.063,STOCK1,50.00,5350,180.00,2000
2937.366,STOCK2,150.00,10750,400.00,2000
2937.599,STOCK2,150.00,8750,400.00,2000
2937.867,STOCK2,150.00,6750,400.00,2000
2938.151,STOCK2,150.00,4750,400.00,2000
2938.385,STOCK1,50.00,5350,179.00,1000
2938.395,STOCK2,150.00,2750,400.00,2000
2938.638,STOCK2,150.00,750,400.00,2000
2938.830,STOCK2,140.00,8750,400.00,2000
2938.941,STOCK1,50.00,5350,179.00,2000
2939.022,STOCK2,140.00,6750,400.00,2000
2939.072,STOCK1,50.00,5350,150.00,5000
2939.373,STOCK2,152.00,1000,400.00,2000
2940.010,STOCK1,51.00,100,150.00,5000
2940.171,STOCK1,51.00,200,150.00,5000
2940.335,STOCK1,51.00,300,150.00,5000
2940.826,STOCK1,51.00,400,150.00,5000
2943.170,STOCK2,150.00,8000,400.00,2000
2943.230,STOCK2,150.00,9000,400.00,2000
2943.301,STOCK2,150.00,8000,400.00,2000
2943.452,STOCK2,150.00,7000,400.00,2000
2943.474,STOCK2,150.00,6500,400.00,2000
2943.606,STOCK2,150.00,5500,400.00,2000
2943.946,STOCK2,150.00,4500,400.00,2000
2944.267,STOCK2,150.00,3500,400.00,2000
2944.307,STOCK1,51.00,400,149.00,1000
2944.398,STOCK2,150.00,2500,400.00,2000
2944.480,STOCK1,51.00,400,149.00,2000
2944.500,STOCK2,150.00,3500,400.00,2000
2944.520,STOCK2,150.00,3000,400.00,2000
2944.551,STOCK2,150.00,2000,400.00,2000
2944.692,STOCK2,150.00,1000,400.00,2000
2944.742,STOCK2,150.00,2000,400.00,2000
2944.842,STOCK2,150.00,3000,400.00,2000
2944.991,STOCK2,150.00,2000,400.00,2000
2945.023,STOCK2,150.00,3000,400.00,2000
2945.167,STOCK2,150.00,2000,400.00,2000
2945.207,STOCK2,150.00,3000,400.00,2000
2945.328,STOCK2,150.00,4000,400.00,2000
2945.338,STOCK2,150.00,3000,400.00,2000
2945.499,STOCK2,150.00,4000,400.00,2000
2945.670,STOCK2,150.00,3000,400.00,2000
2945.690,STOCK2,150.00,4000,400.00,2000
2945.802,STOCK2,150.00,5000,400.00,2000
2945.835,STOCK2,150.00,4000,400.00,2000
2945.977,STOCK2,150.00,5000,400.00,2000
2946.038,STOCK2,150.00,4000,400.00,2000
2946.169,STOCK2,150.00,5000,400.00,2000
2946.259,STOCK1,51.00,500,149.00,2000
2946.269,STOCK2,150.00,6000,400.00,2000
2946.279,STOCK2,150.00,5000,400.00,2000
2946.460,STOCK1,51.00,600,149.00,2000
2946.571,STOCK2,150.00,4000,400.00,2000
2946.571,STOCK1,51.00,700,149.00,2000
2946.706,STOCK2,150.00,3000,400.00,2000
2946.856,STOCK2,150.00,2000,400.00,2000
2946.996,STOCK2,150.00,1000,400.00,2000
2947.077,STOCK2,140.00,6750,400.00,2000
2947.157,STOCK2,140.00,5750,400.00,2000
2947.167,STOCK2,150.00,1000,400.00,2000
2947.238,STOCK2,140.00,5750,400.00,2000
2947.258,STOCK2,150.00,1000,400.00,2000
2947.339,STOCK2,140.00,5750,400.00,2000
2947.400,STOCK2,140.00,4750,400.00,2000
2947.420,STOCK2,150.00,1000,400.00,2000
2947.492,STOCK2,140.00,4750,400.00,2000
2947.502,STOCK2,140.00,4250,400.00,2000
2947.552,STOCK2,140.00,3250,400.00,2000
2947.643,STOCK2,140.00,2250,400.00,2000
2948.177,STOCK2,140.00,1250,400.00,2000
2948.521,STOCK2,140.00,250,400.00,2000
2948.892,STOCK2,121.00,14250,400.00,2000
2949.693,STOCK1,51.00,700,140.00,1000
2949.868,STOCK1,51.00,700,140.00,2000
2950.000,STOCK1,51.00,700,140.00,3000
2951.179,STOCK2,130.00,1000,400.00,2000
2951.496,STOCK2,130.00,2000,400.00,2000
2953.199,STOCK2,121.00,14250,400.00,2000
2953.342,STOCK2,121.00,12250,400.00,2000
2953.494,STOCK2,121.00,10250,400.00,2000
2953.799,STOCK2,121.00,8250,400.00,2000
2954.187,STOCK2,121.00,6250,400.00,2000
2954.431,STOCK2,121.00,4250,400.00,2000
2954.985,STOCK2,121.00,2250,400.00,2000
2955.167,STOCK2,121.00,250,400.00,2000
2955.330,STOCK2,121.00,250,399.00,1000
2955.330,STOCK2,100.00,3081,399.00,1000
2955.503,STOCK2,100.00,1081,399.00,1000
2956.174,STOCK2,96.00,1081,399.00,1000
2956.620,STOCK2,95.00,81,399.00,1000
2957.027,STOCK2,85.00,1081,399.00,1000
2957.265,STOCK1,52.00,1000,140.00,3000
2959.857,STOCK2,100.00,2000,399.00,1000
2963.094,STOCK2,100.00,2000,300.00,1000
2963.269,STOCK2,100.00,2000,300.00,2000
2966.934,STOCK1,52.00,1000,139.00,2000
2967.024,STOCK2,100.00,2000,299.00,1000
2967.287,STOCK2,100.00,2000,299.00,2000
2968.321,STOCK2,100.00,2000,299.00,1000
2968.475,STOCK2,100.00,2000,300.00,2000
2968.665,STOCK2,100.00,2000,300.00,1000
2968.859,STOCK2,100.00,2000,399.00,1000
2969.021,STOCK2,100.00,2000,400.00,2000
2969.152,STOCK2,100.00,2000,400.00,1000
2969.172,STOCK2,110.00,100,400.00,1000
2969.557,STOCK2,110.00,100,500.00,250
2969.708,STOCK2,110.00,100,2500.00,1250
2969.941,STOCK2,110.00,100,2500.00,250
2970.217,STOCK2,110.00,100,3000.00,250
2970.278,STOCK2,110.00,100,4000.00,1250
2970.369,STOCK2,110.00,100,4000.00,250
2970.429,STOCK2,110.00,100,4500.00,250
2970.529,STOCK2,110.00,100,5000.00,4250
2970.589,STOCK2,110.00,100,5000.00,3250
2970.651,STOCK2,110.00,100,5000.00,2250
2970.723,STOCK2,110.00,100,5000.00,1250
2971.009,STOCK2,110.00,100,5000.00,250
2971.080,STOCK2,110.00,100,6000.00,2250
2971.183,STOCK2,110.00,100,6000.00,1250
2971.243,STOCK2,110.00,100,6000.00,250
2972.061,STOCK1,53.00,500,139.00,2000
2972.176,STOCK2,110.00,100,8000.00,15250
2972.286,STOCK2,110.00,100,8000.00,14250
2972.366,STOCK2,110.00,100,8000.00,13250
2972.457,STOCK2,110.00,100,8000.00,12250
2972.539,STOCK2,110.00,100,8000.00,11250
2972.641,STOCK2,110.00,100,8000.00,10250
2972.721,STOCK2,110.00,100,8000.00,9250
2972.824,STOCK2,110.00,100,8000.00,8250
2972.896,STOCK2,110.00,100,8000.00,7250
2972.996,STOCK2,110.00,100,8000.00,6250
2973.067,STOCK2,110.00,100,8000.00,5250
2973.180,STOCK2,110.00,100,8000.00,4250
2973.252,STOCK2,110.00,100,8000.00,3250
2973.523,STOCK2,111.00,1000,8000.00,3250
2973.623,STOCK2,111.00,1000,8000.00,2250
2973.675,STOCK2,111.00,1000,8000.00,1250
2973.696,STOCK2,111.00,2000,8000.00,1250
2973.838,STOCK2,111.00,2000,8000.00,250
2973.848,STOCK2,111.00,3000,8000.00,250
2974.203,STOCK2,111.00,3000,9000.00,6250
2974.273,STOCK2,111.00,3000,9000.00,5250
2974.273,STOCK2,111.00,3000,8000.00,100
2974.374,STOCK2,111.00,3000,200.00,250
2974.444,STOCK2,111.00,3000,9000.00,4700
2974.535,STOCK2,111.00,3000,8000.00,100
2974.688,STOCK2,111.00,3000,8000.00,200
2974.828,STOCK2,111.00,3000,8000.00,300
2974.928,STOCK2,111.00,3000,9000.00,4000
2974.968,STOCK2,111.00,3000,8000.00,100
2975.019,STOCK2,111.00,3000,9000.00,3100
2975.099,STOCK2,111.00,3000,9000.00,2100
2975.109,STOCK2,111.00,3000,8000.00,100
2975.283,STOCK2,111.00,3000,9000.00,1200
2975.303,STOCK2,111.00,3000,8000.00,100
2975.385,STOCK2,111.00,3000,8000.00,200
2975.536,STOCK2,111.00,3000,8000.00,300
2975.566,STOCK2,111.00,3000,9000.00,500
2975.656,STOCK2,111.00,3000,9977.00,400
2975.676,STOCK2,111.00,3000,8000.00,100
2975.828,STOCK2,111.00,3000,8000.00,200
2975.868,STOCK2,111.00,3000,5000.00,1000
2976.737,STOCK2,111.00,3000,8000.00,600
2977.678,STOCK2,111.00,3000,5000.00,1000
2978.350,STOCK2,111.00,3000,5000.00,2000
2978.512,STOCK2,111.00,3000,600.00,250
2979.129,STOCK2,111.00,3000,600.00,500
2980.641,STOCK2,111.00,3000,600.00,750
2983.565,STOCK2,111.00,3000,1000.00,1750
2984.018,STOCK2,111.00,3000,3000.00,3750
2984.463,STOCK2,111.00,3000,3000.00,1750
2984.745,STOCK1,55.00,5000,139.00,2000
2984.996,STOCK2,111.00,3000,4000.00,850
2985.247,STOCK2,111.00,3000,5000.00,3850
2985.257,STOCK2,112.00,1000,5000.00,3850
2985.379,STOCK2,112.00,1000,5000.00,2850
2985.399,STOCK2,112.00,2000,5000.00,2850
2985.551,STOCK2,112.00,2000,5000.00,850
2985.611,STOCK2,112.00,3000,5000.00,850
2985.621,STOCK2,112.00,3000,7000.00,13850
2985.718,STOCK2,112.00,3000,7000.00,12850
2985.737,STOCK2,112.00,3000,7000.00,10850
2985.789,STOCK2,112.00,4000,7000.00,10850
2985.799,STOCK2,112.00,4000,7000.00,11850
2985.829,STOCK2,112.00,4000,7000.00,10850
2985.912,STOCK2,112.00,5000,7000.00,10850
2985.922,STOCK2,112.00,5000,7000.00,8850
2985.983,STOCK2,112.00,5000,7000.00,9850
2986.054,STOCK2,112.00,5000,7000.00,8850
2986.137,STOCK2,112.00,5000,7000.00,9850
2986.157,STOCK2,112.00,5000,7000.00,7850
2986.268,STOCK2,112.00,5000,7000.00,6850
2986.309,STOCK2,112.00,5000,7000.00,7850
2986.379,STOCK2,112.00,5000,7000.00,6850
2986.420,STOCK2,112.00,5000,7000.00,4850
2986.472,STOCK2,112.00,5000,7000.00,5850
2986.632,STOCK2,112.00,5000,7000.00,6850
2986.693,STOCK2,112.00,5000,7000.00,4850
2986.713,STOCK2,112.00,5000,7000.00,3850
2986.786,STOCK2,112.00,5000,7000.00,4850
2986.806,STOCK2,112.00,5000,7000.00,3850
2986.896,STOCK2,112.00,6000,7000.00,3850
2986.926,STOCK2,112.00,6000,7000.00,2850
2986.946,STOCK2,112.00,6000,7000.00,3850
2986.956,STOCK2,112.00,6000,7000.00,1850
2987.037,STOCK2,112.00,7000,7000.00,1850
2987.100,STOCK2,112.00,7000,4000.00,100
2987.155,STOCK2,112.00,8000,4000.00,100
2987.155,STOCK2,112.00,8000,7000.00,1950
2987.267,STOCK2,112.00,8000,7000.00,2950
2987.297,STOCK2,112.00,8000,7000.00,1950
2987.357,STOCK2,112.00,8000,4000.00,100
2987.427,STOCK2,112.00,8000,7000.00,1050
2987.437,STOCK2,112.00,8000,7000.00,2050
2987.457,STOCK2,112.00,8000,4000.00,100
2987.567,STOCK2,112.00,8000,7000.00,1150
2987.587,STOCK2,112.00,8000,7000.00,2150
2987.763,STOCK2,112.00,8000,7000.00,3150
2987.924,STOCK2,112.00,8000,4000.00,100
2987.985,STOCK2,112.00,8000,4000.00,5100
2988.085,STOCK2,112.00,8000,4000.00,5200
2988.236,STOCK2,112.00,8000,4000.00,4200
2988.236,STOCK2,112.00,8000,4000.00,4300
2988.356,STOCK2,112.00,8000,4000.00,3300
2988.447,STOCK2,112.00,8000,4000.00,3400
2988.507,STOCK2,112.00,8000,4000.00,2400
2988.670,STOCK2,112.00,8000,4000.00,1400
2988.831,STOCK2,112.00,8000,4000.00,400
2988.973,STOCK2,112.00,8000,7000.00,8550
2988.973,STOCK2,112.00,8000,7000.00,9550
2989.115,STOCK2,112.00,8000,7000.00,8550
2989.115,STOCK2,112.00,8000,7000.00,6550
2989.145,STOCK2,112.00,8000,7000.00,7550
2989.307,STOCK2,112.00,8000,7000.00,8550
2989.457,STOCK2,112.00,8000,7000.00,9550
2989.884,STOCK2,112.00,8000,7000.00,7550
2990.167,STOCK2,112.00,8000,7000.00,6550
2990.281,STOCK2,112.00,8000,7000.00,5550
2990.424,STOCK2,112.00,8000,7000.00,4550
2990.486,STOCK2,112.00,8000,4000.00,5000
2990.626,STOCK2,112.00,8000,4000.00,4000
2990.748,STOCK2,112.00,8000,4000.00,3000
2990.989,STOCK2,112.00,8000,4000.00,2000
2991.221,STOCK2,112.00,8000,4000.00,1000
2991.392,STOCK2,112.00,8000,7000.00,4550
2992.087,STOCK2,112.00,8000,7000.00,3550
2992.238,STOCK2,112.00,8000,7000.00,2550
2992.299,STOCK2,112.00,8000,5000.00,1000
2992.329,STOCK2,112.00,8000,4000.00,500
2992.720,STOCK2,112.00,8000,4000.00,5500
2992.771,STOCK2,112.00,8000,4000.00,3500
2992.834,STOCK2,112.00,8000,4000.00,2500
2993.005,STOCK2,112.00,8000,4000.00,1500
2993.426,STOCK2,113.00,1000,4000.00,1500
2993.800,STOCK2,113.00,1000,4000.00,1600
2993.953,STOCK2,113.00,1000,4000.00,1700
2994.013,STOCK2,113.00,1000,1000.00,250
2994.068,STOCK2,113.00,2000,1000.00,250
2994.232,STOCK2,113.00,3000,1000.00,250
2994.753,STOCK2,113.00,3000,4000.00,950
2994.874,STOCK2,113.00,3000,4000.00,1050
2994.914,STOCK2,113.00,4000,4000.00,1050
2995.024,STOCK2,113.00,4000,4000.00,1150
2995.225,STOCK2,113.00,4000,4000.00,1250
2995.350,STOCK2,113.00,4000,4000.00,1350
2995.522,STOCK2,113.00,4000,4000.00,1450
2995.654,STOCK2,113.00,5000,4000.00,1450
2995.744,STOCK2,113.00,5000,4000.00,1550
2995.835,STOCK2,113.00,5000,4000.00,1650
2995.966,STOCK2,113.00,5000,5000.00,6650
2996.007,STOCK2,113.00,5000,4000.00,100
2996.108,STOCK2,113.00,5000,5000.00,4750
2996.177,STOCK2,113.00,5000,4000.00,100
2996.267,STOCK2,113.00,5000,5000.00,2850
2996.317,STOCK2,113.00,5000,4000.00,100
2996.448,STOCK2,113.00,5000,5000.00,950
2996.468,STOCK2,113.00,5000,4000.00,100
2996.642,STOCK2,113.00,5000,4000.00,200
2996.662,STOCK2,113.00,5000,6000.00,9150
2996.793,STOCK2,113.00,5000,4000.00,100
2996.888,STOCK2,113.00,5000,6000.00,7250
2996.919,STOCK2,113.00,5000,4000.00,100
2997.065,STOCK2,113.00,5000,6000.00,5350
2997.075,STOCK2,113.00,5000,4000.00,100
2997.218,STOCK2,113.00,5000,4000.00,200
2997.239,STOCK2,113.00,5000,6000.00,3550
2997.393,STOCK2,113.00,5000,4000.00,100
2997.433,STOCK2,113.00,5000,6000.00,1650
2997.616,STOCK2,113.00,5000,3000.00,5000
2997.760,STOCK1,55.00,5000,130.00,5000
2997.924,STOCK2,113.00,5000,3000.00,3000
2998.250,STOCK2,113.00,5000,3000.00,1000
2998.587,STOCK2,113.00,5000,4000.00,100
2998.719,STOCK2,113.00,5000,4000.00,200
2998.903,STOCK2,113.00,5000,4000.00,300
2999.075,STOCK2,113.00,5000,4000.00,400
2999.159,STOCK2,113.00,5000,3000.00,2000
2999.292,STOCK2,113.00,5000,4000.00,500
2999.435,STOCK2,113.00,5000,4000.00,600
2999.435,STOCK2,113.00,5000,4000.00,5600
2999.587,STOCK2,113.00,5000,4000.00,5700
2999.690,STOCK2,113.00,5000,4000.00,3700
2999.742,STOCK2,113.00,5000,4000.00,3950
2999.942,STOCK2,113.00,5000,4000.00,4050
3000.084,STOCK2,113.00,5000,4000.00,2050
3000.305,STOCK2,113.00,5000,4000.00,50
3000.326,STOCK2,113.00,5000,4000.00,150
3000.447,STOCK2,113.00,5000,6000.00,13800
3000.487,STOCK2,113.00,5000,4000.00,100
3000.608,STOCK2,113.00,5000,6000.00,12900
3000.660,STOCK2,113.00,5000,4000.00,100
3000.751,STOCK2,113.00,5000,4000.00,5100
3000.801,STOCK2,113.00,5000,4000.00,3100
3000.821,STOCK2,113.00,5000,4000.00,3200
3000.973,STOCK2,113.00,6000,4000.00,3200
3000.994,STOCK2,113.00,6000,4000.00,1200
3000.994,STOCK2,113.00,6000,4000.00,1300
3001.156,STOCK2,113.00,7000,4000.00,1300
3001.156,STOCK2,113.00,7000,4000.00,1400
3001.186,STOCK2,113.00,7000,5000.00,400
3001.236,STOCK2,113.00,7000,4000.00,250
3001.306,STOCK2,113.00,7000,4000.00,350
3001.306,STOCK2,113.00,8000,4000.00,350
3001.336,STOCK2,113.00,8000,6000.00,11650
3001.476,STOCK2,113.00,9000,6000.00,11650
3001.487,STOCK2,113.00,9000,6000.00,9650
3001.517,STOCK2,113.00,9000,5000.00,1000
3001.517,STOCK2,113.00,9000,4000.00,100
3001.527,STOCK2,113.00,9000,4000.00,600
3001.587,STOCK2,113.00,9000,4000.00,700
3001.637,STOCK2,113.00,9000,5000.00,700
3001.648,STOCK2,113.00,10000,5000.00,700
3001.757,STOCK2,113.00,10000,4000.00,100
3001.779,STOCK2,113.00,10000,6000.00,8450
3001.821,STOCK2,113.00,11000,6000.00,8450
3001.871,STOCK2,113.00,11000,4000.00,5000
3001.921,STOCK2,113.00,11000,4000.00,5100
3001.931,STOCK2,113.00,11000,4000.00,3100
3002.012,STOCK2,113.00,12000,4000.00,3100
3002.072,STOCK2,113.00,12000,4000.00,3200
3002.082,STOCK2,113.00,12000,4000.00,1200
3002.194,STOCK2,113.00,13000,4000.00,1200
3002.224,STOCK2,113.00,13000,6000.00,9650
3002.233,STOCK2,113.00,13000,4000.00,100
3002.367,STOCK2,113.00,14000,4000.00,100
3002.377,STOCK2,113.00,14000,6000.00,8750
3002.399,STOCK2,113.00,14000,4000.00,100
3002.531,STOCK2,113.00,14000,6000.00,7850
3002.542,STOCK2,113.00,15000,6000.00,7850
3002.562,STOCK2,113.00,15000,5000.00,1000
3002.572,STOCK2,113.00,15000,4000.00,100
3002.723,STOCK2,113.00,15000,4000.00,200
3002.723,STOCK2,113.00,15000,4000.00,700
3002.733,STOCK2,113.00,16000,4000.00,700
3002.792,STOCK2,113.00,16000,4000.00,5700
3002.873,STOCK2,113.00,16000,4000.00,5800
3002.914,STOCK2,113.00,17000,4000.00,5800
3002.924,STOCK2,113.00,17000,4000.00,3800
3003.055,STOCK2,115.00,1000,4000.00,3800
3003.085,STOCK2,115.00,1000,4000.00,3900
3003.095,STOCK2,115.00,1000,4000.00,1900
3003.175,STOCK2,115.00,1000,4000.00,2000
3003.206,STOCK2,115.00,2000,4000.00,2000
3003.256,STOCK2,115.00,2000,5000.00,4000
3003.326,STOCK2,115.00,2000,4000.00,100
3003.336,STOCK2,115.00,3000,4000.00,100
3003.427,STOCK2,115.00,3000,5000.00,2100
3003.507,STOCK2,115.00,3000,4000.00,100
3003.614,STOCK2,115.00,3000,5000.00,200
3003.659,STOCK2,115.00,3000,4000.00,100
3003.720,STOCK2,115.00,3000,4000.00,5100
3003.798,STOCK2,115.00,3000,4000.00,3100
3003.818,STOCK2,115.00,3000,4000.00,3200
3003.818,STOCK2,115.00,3000,4000.00,3700
3003.939,STOCK2,115.00,3000,4000.00,1700
3003.980,STOCK2,115.00,4000,4000.00,1700
3004.121,STOCK2,115.00,4000,5000.00,1900
3004.144,STOCK2,115.00,5000,5000.00,1900
3004.174,STOCK2,115.00,5000,4000.00,100
3004.286,STOCK2,115.00,5000,6000.00,13850
3004.306,STOCK2,115.00,6000,6000.00,13850
3004.346,STOCK2,115.00,6000,4000.00,100
3004.407,STOCK2,115.00,6000,4000.00,5100
3004.477,STOCK2,115.00,6000,4000.00,3100
3004.477,STOCK2,115.00,7000,4000.00,3100
3004.507,STOCK2,115.00,7000,4000.00,3200
3004.567,STOCK2,120.00,5000,4000.00,3200
3004.671,STOCK2,120.00,5000,4000.00,3300
3004.862,STOCK2,120.00,5000,4000.00,3400
3004.903,STOCK2,120.00,5000,4000.00,3900
3005.044,STOCK2,120.00,5000,4000.00,4000
3005.164,STOCK2,120.00,5000,4000.00,9000
3005.287,STOCK2,120.00,5000,4000.00,9250
3005.377,STOCK2,120.00,5000,4000.00,9350
3005.561,STOCK2,120.00,5000,4000.00,9450
3005.876,STOCK2,120.00,5000,4000.00,9550
3006.061,STOCK2,120.00,5000,4000.00,9650
3006.244,STOCK2,120.00,5000,4000.00,9750
3006.402,STOCK2,120.00,5000,4000.00,9850
3006.557,STOCK2,120.00,5000,4000.00,9950
3006.759,STOCK2,120.00,5000,4000.00,10050
3006.921,STOCK2,120.00,5000,4000.00,10150
3007.123,STOCK2,120.00,5000,4000.00,10250
3007.286,STOCK2,120.00,5000,4000.00,10350
3007.472,STOCK2,120.00,5000,4000.00,10450
3007.645,STOCK2,120.00,5000,4000.00,10550
3007.738,STOCK2,120.00,5000,4000.00,12550
3007.818,STOCK2,120.00,5000,4000.00,12650
3008.190,STOCK2,120.00,5000,4000.00,12750
3008.340,STOCK2,121.00,1000,4000.00,12750
3008.360,STOCK2,121.00,1000,4000.00,12850
3008.502,STOCK2,121.00,2000,4000.00,12850
3008.522,STOCK2,121.00,2000,4000.00,12950
3008.692,STOCK2,121.00,2000,4000.00,12450
3008.743,STOCK2,135.00,1000,4000.00,12450
3008.884,STOCK2,135.00,2000,4000.00,12450
3009.026,STOCK2,135.00,3000,4000.00,12450
3009.178,STOCK2,135.00,4000,4000.00,12450
3010.034,STOCK2,135.00,4000,4000.00,10450
3010.155,STOCK2,135.00,4000,4000.00,8450
3010.225,STOCK2,135.00,4000,4000.00,6450
3010.335,STOCK2,135.00,4000,4000.00,4450
3010.417,STOCK2,135.00,4000,4000.00,2450
3010.518,STOCK2,135.00,4000,4000.00,450
3010.611,STOCK2,135.00,4000,5000.00,450
3010.714,STOCK2,135.00,4000,6000.00,20300
3010.814,STOCK2,135.00,4000,6000.00,18300
3010.909,STOCK2,135.00,4000,6000.00,16300
3011.000,STOCK2,135.00,4000,6000.00,14300
3011.105,STOCK2,135.00,4000,6000.00,12300
3011.201,STOCK2,135.00,4000,6000.00,10300
3011.293,STOCK2,135.00,4000,6000.00,8300
3011.395,STOCK2,135.00,4000,6000.00,6300
3011.476,STOCK2,135.00,4000,4000.00,100
3011.476,STOCK2,200.00,1000,4000.00,100
3011.496,STOCK2,200.00,1000,6000.00,4400
3011.596,STOCK2,200.00,1000,6000.00,2400
3011.596,STOCK2,200.00,2000,6000.00,2400
3011.717,STOCK2,200.00,2000,6000.00,400
3011.726,STOCK2,200.00,2000,4000.00,100
3011.726,STOCK2,200.00,3000,4000.00,100
3011.860,STOCK2,200.00,4000,4000.00,100
3011.870,STOCK2,200.00,4000,4000.00,200
3012.004,STOCK2,200.00,5000,4000.00,200
3012.045,STOCK2,200.00,5000,4000.00,300
3012.106,STOCK2,200.00,6000,4000.00,300
3012.207,STOCK2,200.00,6000,4000.00,400
3012.207,STOCK2,200.00,6000,6000.00,4800
3012.348,STOCK2,200.00,6000,6000.00,2800
3012.388,STOCK2,200.00,6000,4000.00,100
3012.488,STOCK2,200.00,6000,6000.00,2900
3012.549,STOCK2,200.00,6000,6000.00,4900
3012.569,STOCK2,200.00,6000,4000.00,100
3012.664,STOCK2,200.00,6000,6000.00,3000
3012.714,STOCK2,200.00,6000,6000.00,5000
3012.785,STOCK2,200.00,6000,6000.00,3000
3012.908,STOCK2,200.00,6000,6000.00,5000
3012.908,STOCK2,200.00,6000,4000.00,100
3012.919,STOCK2,200.00,6000,6000.00,3100
3012.981,STOCK2,2000.00,1000,6000.00,3100
3013.062,STOCK2,2000.00,1000,6000.00,5100
3013.132,STOCK2,2000.00,1000,6000.00,3100
3013.143,STOCK2,2000.00,2000,6000.00,3100
3013.228,STOCK2,2000.00,2000,6000.00,5100
3013.278,STOCK2,2000.00,2000,4000.00,100
3013.318,STOCK2,2000.00,3000,4000.00,100
3013.430,STOCK2,2000.00,3000,6000.00,5200
3013.451,STOCK2,2000.00,3000,4000.00,100
3013.564,STOCK2,2000.00,3000,6000.00,3300
3013.564,STOCK2,2000.00,3000,6000.00,5300
3013.624,STOCK2,2000.00,3000,4000.00,100
3013.644,STOCK2,2000.00,3000,6000.00,3400
3013.754,STOCK2,2000.00,3000,6000.00,5400
3013.807,STOCK2,2000.00,3000,4000.00,100
3013.988,STOCK2,2000.00,3000,4000.00,200
3013.988,STOCK2,2000.00,3000,6000.00,5600
3014.118,STOCK2,2000.00,3000,6000.00,7600
3014.128,STOCK2,2000.00,3000,6000.00,5600
3014.176,STOCK2,2000.00,3000,4000.00,100
3014.326,STOCK2,2000.00,3000,4000.00,200
3014.326,STOCK2,2000.00,3000,6000.00,5800
3014.479,STOCK2,2000.00,3000,6000.00,7800
3014.479,STOCK2,2000.00,3000,6000.00,5800
3014.498,STOCK2,2000.00,3000,4000.00,100
3014.610,STOCK2,2000.00,2500,4000.00,100
3014.691,STOCK2,2000.00,2500,4000.00,200
3014.722,STOCK2,2000.00,2500,6000.00,6000
3014.833,STOCK2,2000.00,2500,6000.00,8000
3014.873,STOCK2,2000.00,2500,4000.00,100
3015.055,STOCK2,2000.00,2500,4000.00,200
3015.055,STOCK2,2000.00,2500,6000.00,8200
3015.167,STOCK2,2000.00,2500,6000.00,6200
3015.177,STOCK2,2000.00,2500,6000.00,8200
3015.257,STOCK2,2000.00,2500,4000.00,100
3015.359,STOCK2,2000.00,2500,6000.00,8300
3015.422,STOCK2,2000.00,2500,4000.00,100
3015.584,STOCK2,2000.00,2500,6000.00,8400
3015.673,STOCK2,2000.00,2500,4000.00,100
3015.746,STOCK2,2000.00,2500,6000.00,8500
3015.827,STOCK2,2000.00,2500,4000.00,100
3015.898,STOCK2,2000.00,2500,6000.00,6600
3015.918,STOCK2,2000.00,2500,6000.00,8600
3016.028,STOCK2,2000.00,2500,4000.00,100
3016.047,STOCK2,2000.00,2500,6000.00,6700
3016.058,STOCK2,2000.00,2500,6000.00,8700
3016.208,STOCK2,2000.00,2500,4000.00,100
3016.388,STOCK2,2000.00,2500,4000.00,200
3016.458,STOCK2,2000.00,2500,6000.00,10900
3016.478,STOCK2,2000.00,2500,6000.00,9900
3016.489,STOCK1,55.00,4900,130.00,5000
3016.596,STOCK2,2000.00,2500,6000.00,11900
3016.606,STOCK2,2000.00,2500,6000.00,9900
3016.616,STOCK2,2000.00,2000,6000.00,9900
3016.748,STOCK2,2000.00,2000,6000.00,7900
3016.789,STOCK2,2000.00,2000,6000.00,9900
3016.989,STOCK2,2000.00,2000,6000.00,11900
3017.040,STOCK2,2000.00,2000,6000.00,9900
3017.050,STOCK2,2000.00,2000,6000.00,8900
3017.174,STOCK2,2000.00,2000,6000.00,6900
3017.185,STOCK2,2000.00,2000,6000.00,8900
3017.245,STOCK2,2000.00,2000,4000.00,100
3017.316,STOCK2,2000.00,2000,6000.00,7000
3017.356,STOCK2,2000.00,2000,4000.00,100
3017.456,STOCK2,2000.00,2000,6000.00,7100
3017.538,STOCK2,2000.00,1000,6000.00,7100
3017.538,STOCK2,2000.00,1000,4000.00,100
3017.611,STOCK2,2000.00,500,4000.00,100
3017.773,STOCK2,2000.00,500,4000.00,200
3017.924,STOCK2,2000.00,500,4000.00,300
3017.944,STOCK2,2000.00,500,6000.00,7400
3018.106,STOCK2,2000.00,500,6000.00,9400
3018.116,STOCK2,200.00,8000,6000.00,9400
3018.116,STOCK2,200.00,8000,6000.00,7400
3018.126,STOCK2,200.00,8000,4000.00,100
3018.298,STOCK2,200.00,8000,4000.00,200
3018.298,STOCK2,200.00,8000,6000.00,5600
3018.308,STOCK2,200.00,8000,6000.00,7600
3018.462,STOCK2,200.00,8000,6000.00,5600
3018.472,STOCK2,200.00,8000,4000.00,100
3018.482,STOCK2,200.00,7500,4000.00,100
3018.512,STOCK2,200.00,6500,4000.00,100
3018.666,STOCK2,200.00,6500,6000.00,5700
3018.676,STOCK2,200.00,6500,4000.00,100
3018.797,STOCK2,200.00,6500,6000.00,5800
3018.857,STOCK2,200.00,6500,4000.00,100
3018.977,STOCK1,55.00,4800,130.00,5000
3018.977,STOCK2,200.00,6500,6000.00,3900
3019.058,STOCK2,200.00,6500,4000.00,100
3019.149,STOCK2,200.00,6500,6000.00,2000
3019.221,STOCK2,200.00,6500,4000.00,100
3019.252,STOCK2,500.00,4353,4000.00,100
3019.312,STOCK2,500.00,4353,6000.00,100
3019.413,STOCK2,500.00,4353,4000.00,100
3019.493,STOCK2,500.00,4353,8000.00,8550
3019.575,STOCK2,500.00,4353,4000.00,100
3019.686,STOCK2,500.00,4353,8000.00,6650
3019.777,STOCK2,500.00,4353,4000.00,100
3019.777,STOCK2,500.00,3353,4000.00,100
3019.818,STOCK1,55.00,4700,130.00,5000
3019.939,STOCK2,500.00,3353,4000.00,200
3019.990,STOCK2,500.00,3353,8000.00,4850
3020.000,STOCK1,55.00,4600,130.00,5000
3020.142,STOCK2,500.00,3353,4000.00,100
3020.142,STOCK2,500.00,3353,8000.00,2950
3020.164,STOCK1,55.00,4500,130.00,5000
3020.317,STOCK1,55.00,4400,130.00,5000
3020.327,STOCK2,500.00,3353,8000.00,950
3020.389,STOCK2,500.00,3353,4000.00,100
3020.469,STOCK1,55.00,4300,130.00,5000
3020.489,STOCK2,500.00,3353,9998.00,29450
3020.509,STOCK2,500.00,3353,4000.00,100
3020.700,STOCK2,500.00,3353,4000.00,200
3020.710,STOCK2,500.00,3353,9998.00,27650
3020.912,STOCK2,500.00,3353,4000.00,100
3020.922,STOCK2,500.00,3353,9998.00,25750
3021.044,STOCK2,500.00,3353,4000.00,100
3021.065,STOCK2,500.00,2353,4000.00,100
3021.086,STOCK2,500.00,2353,9998.00,23850
3021.116,STOCK2,500.00,2353,5000.00,1000
3021.237,STOCK2,500.00,2353,4000.00,100
3021.309,STOCK2,500.00,2353,9998.00,22950
3021.309,STOCK2,500.00,2353,5000.00,1000
3021.439,STOCK2,500.00,2353,4000.00,100
3021.632,STOCK2,500.00,2353,4000.00,200
3021.778,STOCK2,500.00,2353,5000.00,1200
3021.817,STOCK2,500.00,2353,5000.00,2200
3021.931,STOCK2,500.00,2353,5000.00,200
3021.962,STOCK2,500.00,2353,4000.00,100
3022.053,STOCK2,500.00,2353,4000.00,200
3022.063,STOCK2,500.00,2353,9998.00,22350
3022.134,STOCK2,500.00,2353,5000.00,1000
3022.215,STOCK2,500.00,2353,9998.00,21350
3022.347,STOCK2,500.00,2353,6000.00,2000
3022.357,STOCK2,500.00,2353,9998.00,21350
3022.479,STOCK2,500.00,2353,9998.00,19350
3022.509,STOCK2,500.00,2353,6000.00,2000
3022.590,STOCK2,500.00,2353,5000.00,1000
3022.821,STOCK2,500.00,1353,5000.00,1000
3023.094,STOCK2,500.00,353,5000.00,1000
3023.094,STOCK2,500.00,353,6000.00,7000
3023.227,STOCK2,500.00,353,6000.00,9000
3023.246,STOCK2,500.00,353,6000.00,7000
3023.281,STOCK2,200.00,7353,6000.00,7000
3023.390,STOCK2,200.00,7353,6000.00,9000
3023.390,STOCK2,200.00,7353,6000.00,7000
3023.543,STOCK2,200.00,7353,6000.00,5000
3023.676,STOCK2,200.00,7353,6000.00,3000
3023.853,STOCK2,200.00,7353,6000.00,1000
3023.965,STOCK2,200.00,7343,6000.00,1000
3024.056,STOCK2,200.00,7343,9998.00,18350
3024.247,STOCK2,200.00,7343,9998.00,16350
3024.403,STOCK2,200.00,7343,9998.00,14350
3024.513,STOCK2,200.00,7343,9998.00,12350
3025.623,STOCK2,300.00,500,9998.00,12350
3026.006,STOCK2,300.00,500,9000.00,1000
3026.076,STOCK2,300.00,500,9000.00,500
3026.172,STOCK2,300.00,500,9000.00,1500
3026.303,STOCK2,300.00,500,9000.00,2500
3026.444,STOCK2,300.00,500,9000.00,3500
3026.565,STOCK1,55.00,3300,130.00,5000
3026.718,STOCK2,300.00,1000,9000.00,3500
3026.818,STOCK2,200.00,7343,9000.00,3500
3027.336,STOCK2,201.00,1000,9000.00,3500
3027.497,STOCK2,201.00,1000,9000.00,4500
3027.578,STOCK2,201.00,500,9000.00,4500
3027.727,STOCK2,201.00,500,9000.00,5500
3027.737,STOCK2,201.00,1500,9000.00,5500
3027.909,STOCK2,201.00,2500,9000.00,5500
3028.244,STOCK2,3000.00,2000,9000.00,5500
3028.411,STOCK2,3000.00,4000,9000.00,5500
3028.584,STOCK2,3000.00,6000,9000.00,5500
3028.738,STOCK2,3000.00,8000,9000.00,5500
3028.900,STOCK2,3000.00,10000,9000.00,5500
3028.970,STOCK2,3000.00,9801,9000.00,5500
3029.061,STOCK2,3000.00,11801,9000.00,5500
3029.070,STOCK2,3000.00,10801,9000.00,5500
3029.092,STOCK2,3000.00,10301,9000.00,5500
3029.247,STOCK2,3000.00,10291,9000.00,5500
3029.277,STOCK2,3000.00,10291,9000.00,3500
3029.378,STOCK2,3000.00,10092,9000.00,3500
3029.429,STOCK2,3000.00,10092,9000.00,1500
3029.449,STOCK2,3000.00,12092,9000.00,1500
3029.510,STOCK2,3000.00,11592,9000.00,1500
3029.531,STOCK2,3000.00,10592,9000.00,1500
3029.551,STOCK2,3000.00,10393,9000.00,1500
3029.571,STOCK2,3000.00,10393,9990.00,6500
3029.651,STOCK2,3000.00,9893,9990.00,6500
3029.680,STOCK2,3000.00,9893,9990.00,4500
3029.771,STOCK2,3000.00,9393,9990.00,4500
3029.791,STOCK2,3000.00,9194,9990.00,4500
3029.811,STOCK2,3000.00,9194,9990.00,5500
3029.811,STOCK2,3000.00,9194,9990.00,3500
3029.882,STOCK2,3000.00,8194,9990.00,3500
3029.893,STOCK2,3000.00,7995,9990.00,3500
3029.903,STOCK2,3000.00,6995,9990.00,3500
3029.913,STOCK2,3000.00,6495,9990.00,3500
3029.953,STOCK2,3000.00,6495,9990.00,1500
3030.023,STOCK2,3000.00,6296,9990.00,1500
3030.073,STOCK2,3000.00,5296,9990.00,1500
3030.093,STOCK2,3000.00,5296,9998.00,11850
3030.103,STOCK2,3000.00,5296,9990.00,1000
3030.165,STOCK2,3000.00,5097,9990.00,1000
3030.206,STOCK2,3000.00,5097,9998.00,10850
3030.236,STOCK2,3000.00,4097,9998.00,10850
3030.246,STOCK2,3000.00,3097,9998.00,10850
3030.266,STOCK2,3000.00,2597,9998.00,10850
3030.286,STOCK2,3000.00,2398,9998.00,10850
3030.336,STOCK2,3000.00,2398,9998.00,8850
3030.397,STOCK2,3000.00,1398,9998.00,8850
3030.397,STOCK2,3000.00,1199,9998.00,8850
3030.418,STOCK2,3000.00,699,9998.00,8850
3030.499,STOCK2,3000.00,699,9998.00,6850
3030.519,STOCK2,3000.00,500,9998.00,6850
3030.549,STOCK2,300.00,4500,9998.00,6850
3030.640,STOCK2,300.00,4500,9998.00,4850
3030.667,STOCK2,300.00,4301,9998.00,4850
3030.777,STOCK2,300.00,4301,9990.00,1000
3030.777,STOCK2,300.00,4301,9998.00,3850
3030.777,STOCK2,300.00,3301,9998.00,3850
3030.787,STOCK2,300.00,3102,9998.00,3850
3030.858,STOCK2,300.00,3102,9998.00,1850
3030.908,STOCK2,300.00,3102,9000.00,1000
3030.928,STOCK2,300.00,2903,9000.00,1000
3030.958,STOCK2,300.00,2903,9998.00,1850
3030.978,STOCK2,300.00,1903,9998.00,1850
3031.052,STOCK2,300.00,1704,9998.00,1850
3031.062,STOCK2,300.00,1704,9000.00,1000
3031.073,STOCK2,300.00,1704,9998.00,850
3031.124,STOCK2,300.00,1704,9990.00,1000
3031.196,STOCK2,300.00,1704,9999.00,104975
3031.226,STOCK2,300.00,1704,9000.00,1000
3031.316,STOCK2,300.00,1704,9999.00,104975
3031.418,STOCK2,300.00,1505,9999.00,104975
3031.429,STOCK2,300.00,1505,9999.00,102975
3031.450,STOCK2,300.00,505,9999.00,102975
3031.460,STOCK2,300.00,505,9990.00,1000
3031.571,STOCK2,300.00,505,9999.00,101975
3031.621,STOCK2,300.00,505,9990.00,1000
3031.711,STOCK2,300.00,505,9999.00,100975
3031.721,STOCK2,300.00,505,9000.00,1000
3031.831,STOCK2,300.00,505,9999.00,100975
3031.923,STOCK2,300.00,505,9000.00,1000
3031.933,STOCK2,300.00,306,9000.00,1000
3031.963,STOCK2,300.00,306,9999.00,100975
3031.993,STOCK2,300.00,306,8000.00,5000
3032.074,STOCK2,300.00,107,8000.00,5000
3032.095,STOCK2,300.00,107,8000.00,3000
3032.229,STOCK2,210.00,1408,8000.00,3000
3032.239,STOCK2,210.00,1408,8000.00,1000
3032.289,STOCK2,210.00,1508,8000.00,1000
3032.350,STOCK2,210.00,508,8000.00,1000
3032.380,STOCK2,210.00,508,9000.00,1000
3032.441,STOCK2,210.00,508,9000.00,2000
3032.481,STOCK2,210.00,608,9000.00,2000
3032.501,STOCK2,210.00,608,9000.00,3000
3032.522,STOCK2,202.00,2608,9000.00,3000
3032.552,STOCK2,202.00,2608,9000.00,1000
3032.664,STOCK2,210.00,100,9000.00,1000
3032.674,STOCK2,210.00,100,7000.00,250
3032.703,STOCK2,210.00,100,8800.00,250
3032.785,STOCK2,210.00,100,8000.00,5000
3032.826,STOCK2,210.00,200,8000.00,5000
3032.977,STOCK2,210.00,200,8000.00,3000
3032.977,STOCK2,210.00,300,8000.00,3000
3033.121,STOCK2,210.00,300,8000.00,1000
3033.141,STOCK2,210.00,400,8000.00,1000
3033.293,STOCK2,210.00,500,8000.00,1000
3033.385,STOCK2,210.00,500,9000.00,1250
3033.495,STOCK2,210.00,600,9000.00,1250
3033.585,STOCK2,210.00,700,9000.00,1250
3033.668,STOCK2,210.00,700,8000.00,5000
3033.759,STOCK2,210.00,800,8000.00,5000
3033.920,STOCK2,210.00,900,8000.00,5000
3034.112,STOCK2,210.00,1000,8000.00,5000
3034.252,STOCK2,210.00,1100,8000.00,5000
3034.433,STOCK2,210.00,1200,8000.00,5000
3034.624,STOCK2,210.00,1200,8000.00,4997
3034.624,STOCK2,210.00,1300,8000.00,4997
3034.786,STOCK2,210.00,1400,8000.00,4997
3034.937,STOCK2,210.00,1500,8000.00,4997
3035.099,STOCK2,210.00,1600,8000.00,4997
3035.276,STOCK2,210.00,1700,8000.00,4997
3035.436,STOCK2,210.00,1800,8000.00,4997
3035.607,STOCK2,210.00,1900,8000.00,4997
3035.708,STOCK2,300.00,2000,8000.00,4997
3035.880,STOCK2,300.00,4000,8000.00,4997
3036.042,STOCK2,300.00,6000,8000.00,4997
3036.194,STOCK2,300.00,8000,8000.00,4997
3036.356,STOCK2,300.00,10000,8000.00,4997
3036.507,STOCK2,300.00,12000,8000.00,4997
3036.678,STOCK2,300.00,14000,8000.00,4997
3036.718,STOCK2,300.00,14000,8000.00,4897
3036.820,STOCK2,300.00,14000,8000.00,4797
3036.830,STOCK2,300.00,16000,8000.00,4797
3036.910,STOCK2,300.00,16000,8000.00,4697
3036.990,STOCK2,300.00,18000,8000.00,4697
3037.000,STOCK2,300.00,18000,8000.00,4597
3037.071,STOCK2,300.00,18000,8000.00,4497
3037.144,STOCK2,300.00,20000,8000.00,4497
3037.174,STOCK2,300.00,20000,8000.00,4397
3037.256,STOCK2,300.00,20000,8000.00,4297
3037.337,STOCK2,300.00,20000,8000.00,4197
3037.408,STOCK2,300.00,20000,8000.00,4097
3037.581,STOCK2,300.00,20000,8000.00,3997
3037.733,STOCK2,300.00,20000,8000.00,3897
3038.016,STOCK2,300.00,20000,8000.00,3797
3038.200,STOCK2,300.00,19500,8000.00,3797
3038.222,STOCK2,300.00,19500,8000.00,3697
3038.252,STOCK2,300.00,19000,8000.00,3697
3038.404,STOCK2,300.00,19000,8000.00,3597
3038.577,STOCK2,300.00,18500,8000.00,3597
3038.587,STOCK2,300.00,18500,8000.00,3497
3038.737,STOCK2,300.00,18500,8000.00,3397
3038.827,STOCK2,300.00,18000,8000.00,3397
3039.131,STOCK2,300.00,17000,8000.00,3397
3039.313,STOCK2,300.00,16500,8000.00,3397
3039.486,STOCK2,300.00,15500,8000.00,3397
3039.796,STOCK2,300.00,15000,8000.00,3397
3039.867,STOCK2,300.00,14000,8000.00,3397
3039.978,STOCK2,300.00,9000,8000.00,3397
3040.038,STOCK2,300.00,9000,6000.00,5000
3040.089,STOCK2,300.00,8500,6000.00,5000
3040.089,STOCK2,300.00,8000,6000.00,5000
3040.352,STOCK2,300.00,7500,6000.00,5000
3040.645,STOCK2,300.00,2500,6000.00,5000
3040.839,STOCK2,300.00,3500,6000.00,5000
3040.979,STOCK2,300.00,3000,6000.00,5000
3040.998,STOCK2,300.00,4000,6000.00,5000
3041.139,STOCK2,300.00,3500,6000.00,5000
3041.281,STOCK2,300.00,4500,6000.00,5000
3041.784,STOCK2,300.00,4000,6000.00,5000
3041.968,STOCK2,212.00,5000,6000.00,5000
3041.990,STOCK2,212.00,4500,6000.00,5000
3042.171,STOCK2,212.00,4000,6000.00,5000
3042.295,STOCK2,212.00,5000,6000.00,5000
3042.347,STOCK2,212.00,4500,6000.00,5000
3042.490,STOCK2,212.00,4000,6000.00,5000
3043.169,STOCK2,350.00,1000,6000.00,5000
3043.340,STOCK2,350.00,2000,6000.00,5000
3044.038,STOCK2,350.00,1500,6000.00,5000
3044.411,STOCK2,400.00,5000,6000.00,5000
3044.472,STOCK2,400.00,4500,6000.00,5000
3044.674,STOCK2,400.00,4000,6000.00,5000
3044.887,STOCK2,400.00,9000,6000.00,5000
3045.017,STOCK2,400.00,8500,6000.00,5000
3045.241,STOCK2,400.00,8000,6000.00,5000
3045.374,STOCK2,400.00,7500,6000.00,5000
3045.496,STOCK2,400.00,7000,6000.00,5000
3045.812,STOCK2,400.00,2000,6000.00,5000
3045.923,STOCK2,400.00,7000,6000.00,5000
3046.115,STOCK2,400.00,6500,6000.00,5000
3046.287,STOCK2,400.00,1500,6000.00,5000
3046.603,STOCK2,350.00,1000,6000.00,5000
3046.705,STOCK2,350.00,500,6000.00,5000
3046.767,STOCK2,300.00,26000,6000.00,5000
3046.847,STOCK2,300.00,21000,6000.00,5000
3046.927,STOCK2,400.00,5000,6000.00,5000
3047.255,STOCK2,400.00,10000,6000.00,5000
3047.510,STOCK2,400.00,11000,6000.00,5000
3047.700,STOCK2,400.00,12000,6000.00,5000
3047.740,STOCK2,400.00,17000,6000.00,5000
3047.892,STOCK2,400.00,18000,6000.00,5000
3048.013,STOCK2,400.00,19000,6000.00,5000
3048.105,STOCK2,400.00,18500,6000.00,5000
3048.185,STOCK2,400.00,19500,6000.00,5000
3048.366,STOCK2,400.00,14500,6000.00,5000
3048.376,STOCK2,400.00,15500,6000.00,5000
3048.436,STOCK2,400.00,15000,6000.00,5000
3048.496,STOCK2,400.00,14000,6000.00,5000
3048.559,STOCK2,400.00,15000,6000.00,5000
3048.672,STOCK2,400.00,16000,6000.00,5000
3048.704,STOCK2,400.00,15500,6000.00,5000
3048.786,STOCK2,400.00,20500,6000.00,5000
3048.908,STOCK2,400.00,20000,6000.00,5000
3048.918,STOCK2,400.00,19500,6000.00,5000
3048.918,STOCK2,400.00,20500,6000.00,5000
3049.009,STOCK2,400.00,21500,6000.00,5000
3049.092,STOCK2,400.00,21000,6000.00,5000
3049.132,STOCK2,400.00,20500,6000.00,5000
3049.203,STOCK2,400.00,21500,6000.00,5000
3049.243,STOCK2,400.00,21000,6000.00,5000
3049.323,STOCK2,400.00,20000,6000.00,5000
3049.364,STOCK2,400.00,19500,6000.00,5000
3049.524,STOCK2,400.00,24500,6000.00,5000
3049.534,STOCK2,400.00,24000,6000.00,5000
3049.635,STOCK2,400.00,19000,6000.00,5000
3049.676,STOCK2,400.00,19000,4000.00,1000
3049.716,STOCK2,400.00,18500,4000.00,1000
3049.778,STOCK2,400.00,18000,4000.00,1000
3049.849,STOCK2,400.00,18000,4000.00,2000
3049.879,STOCK2,400.00,17500,4000.00,2000
3050.001,STOCK2,400.00,17000,4000.00,2000
3050.081,STOCK2,400.00,12000,4000.00,2000
3050.114,STOCK2,400.00,11500,4000.00,2000
3050.312,STOCK2,400.00,6500,4000.00,2000
3050.373,STOCK2,400.00,6000,4000.00,2000
3050.423,STOCK2,400.00,5000,4000.00,2000
3050.553,STOCK2,400.00,4500,4000.00,2000
3050.563,STOCK2,400.00,3500,4000.00,2000
3050.675,STOCK2,400.00,2500,4000.00,2000
3050.705,STOCK2,400.00,3500,4000.00,2000
3050.705,STOCK2,400.00,3000,4000.00,2000
3050.725,STOCK2,400.00,2500,4000.00,2000
3050.835,STOCK2,400.00,1500,4000.00,2000
3050.866,STOCK2,400.00,2500,4000.00,2000
3050.927,STOCK2,400.00,7500,4000.00,2000
3051.007,STOCK2,400.00,6500,4000.00,2000
3051.027,STOCK2,400.00,7500,4000.00,2000
3051.037,STOCK2,400.00,6500,4000.00,2000
3051.149,STOCK2,400.00,5500,4000.00,2000
3051.191,STOCK2,400.00,6500,4000.00,2000
3051.191,STOCK2,400.00,5500,4000.00,2000
3051.262,STOCK2,400.00,4500,4000.00,2000
3051.343,STOCK2,400.00,5500,4000.00,2000
3051.364,STOCK2,400.00,4500,4000.00,2000
3051.364,STOCK2,400.00,4450,4000.00,2000
3051.485,STOCK2,400.00,3450,4000.00,2000
3051.505,STOCK2,400.00,4450,4000.00,2000
3051.597,STOCK2,400.00,3450,4000.00,2000
3051.674,STOCK2,400.00,4450,4000.00,2000
3052.242,STOCK2,400.00,5450,4000.00,2000
3052.333,STOCK2,400.00,450,4000.00,2000
3052.415,STOCK2,350.00,3950,4000.00,2000
3052.415,STOCK2,400.00,1000,4000.00,2000
3052.588,STOCK2,400.00,2000,4000.00,2000
3052.721,STOCK2,400.00,1950,4000.00,2000
3052.751,STOCK2,400.00,950,4000.00,2000
3052.762,STOCK2,400.00,1950,4000.00,2000
3052.792,STOCK2,400.00,1450,4000.00,2000
3052.942,STOCK2,400.00,2450,4000.00,2000
3052.982,STOCK2,400.00,1450,4000.00,2000
3053.012,STOCK2,350.00,400,4000.00,2000
3053.063,STOCK2,300.00,25400,4000.00,2000
3053.082,STOCK2,300.00,24400,4000.00,2000
3053.113,STOCK2,400.00,1000,4000.00,2000
3053.221,STOCK2,300.00,24400,4000.00,2000
3053.304,STOCK2,400.00,1000,4000.00,2000
3053.426,STOCK2,400.00,950,4000.00,2000
3053.457,STOCK2,400.00,1950,4000.00,2000
3053.618,STOCK2,400.00,2950,4000.00,2000
3053.799,STOCK2,400.00,3950,4000.00,2000
3053.819,STOCK2,400.00,2950,4000.00,2000
3053.952,STOCK2,400.00,1950,4000.00,2000
3053.982,STOCK2,400.00,2950,4000.00,2000
3054.062,STOCK2,400.00,1950,4000.00,2000
3054.112,STOCK2,400.00,950,4000.00,2000
3054.141,STOCK2,400.00,1950,4000.00,2000
3054.173,STOCK2,400.00,950,4000.00,2000
3054.255,STOCK2,300.00,24350,4000.00,2000
3054.255,STOCK2,350.00,1000,4000.00,2000
3054.306,STOCK2,300.00,24350,4000.00,2000
3054.306,STOCK2,400.00,1000,4000.00,2000
3054.447,STOCK2,400.00,950,4000.00,2000
3054.487,STOCK2,400.00,1950,4000.00,2000
3054.629,STOCK2,400.00,6950,4000.00,2000
3054.650,STOCK2,400.00,6450,4000.00,2000
3054.682,STOCK2,400.00,7450,4000.00,2000
3054.836,STOCK2,400.00,8450,4000.00,2000
3054.947,STOCK2,400.00,13450,4000.00,2000
3055.018,STOCK2,400.00,14450,4000.00,2000
3055.098,STOCK2,450.00,1000,4000.00,2000
3055.259,STOCK2,450.00,2000,4000.00,2000
3055.368,STOCK2,450.00,1000,4000.00,2000
3055.409,STOCK2,450.00,2000,4000.00,2000
3055.461,STOCK2,450.00,1950,4000.00,2000
3055.491,STOCK2,450.00,950,4000.00,2000
3055.541,STOCK2,400.00,18400,4000.00,2000
3055.621,STOCK2,400.00,17400,4000.00,2000
3055.651,STOCK2,400.00,16900,4000.00,2000
3055.681,STOCK2,400.00,17900,4000.00,2000
3055.733,STOCK2,400.00,16900,4000.00,2000
3055.845,STOCK2,400.00,15900,4000.00,2000
3055.845,STOCK2,450.00,1000,4000.00,2000
3055.936,STOCK2,400.00,16900,4000.00,2000
3056.026,STOCK2,400.00,17900,4000.00,2000
3056.136,STOCK2,400.00,16900,4000.00,2000
3056.210,STOCK2,400.00,15900,4000.00,2000
3056.220,STOCK2,400.00,16900,4000.00,2000
3056.393,STOCK2,400.00,17900,4000.00,2000
3056.443,STOCK2,400.00,16400,4000.00,2000
3056.533,STOCK2,400.00,15400,4000.00,2000
3056.533,STOCK2,400.00,14900,4000.00,2000
3056.573,STOCK2,400.00,15900,4000.00,2000
3056.604,STOCK2,450.00,1000,4000.00,2000
3056.727,STOCK2,400.00,15900,4000.00,2000
3056.737,STOCK2,450.00,1000,4000.00,2000
3056.899,STOCK2,450.00,2000,4000.00,2000
3056.929,STOCK2,400.00,13900,4000.00,2000
3056.929,STOCK2,400.00,14900,4000.00,2000
3057.039,STOCK2,450.00,1000,4000.00,2000
3057.191,STOCK2,450.00,2000,4000.00,2000
3057.251,STOCK2,450.00,1950,4000.00,2000
3057.311,STOCK2,450.00,2950,4000.00,2000
3057.473,STOCK2,450.00,3950,4000.00,2000
3057.493,STOCK2,450.00,3450,4000.00,2000
3057.774,STOCK2,450.00,2950,4000.00,2000
3057.924,STOCK2,450.00,3950,4000.00,2000
3057.945,STOCK2,450.00,2950,4000.00,2000
3057.965,STOCK2,450.00,2950,1000.00,1000
3057.975,STOCK2,450.00,1950,1000.00,1000
3058.047,STOCK2,450.00,1450,1000.00,1000
3058.047,STOCK2,450.00,2450,1000.00,1000
3058.189,STOCK2,450.00,3450,1000.00,1000
3058.209,STOCK2,450.00,2450,1000.00,1000
3058.249,STOCK2,450.00,1950,1000.00,1000
3058.350,STOCK2,450.00,2950,1000.00,1000
3058.441,STOCK2,400.00,24850,1000.00,1000
3058.441,STOCK2,400.00,23350,1000.00,1000
3058.501,STOCK2,400.00,24350,1000.00,1000
3058.501,STOCK2,450.00,1000,1000.00,1000
3058.742,STOCK1,55.00,3300,129.75,2000
3058.832,STOCK2,450.00,500,1000.00,1000
3058.978,STOCK2,450.00,450,1000.00,1000
3059.040,STOCK2,400.00,26300,1000.00,1000
3059.040,STOCK2,450.00,1000,1000.00,1000
3059.712,STOCK2,450.00,950,1000.00,1000
3059.712,STOCK2,400.00,26250,1000.00,1000
3059.863,STOCK2,400.00,27250,1000.00,1000
3059.873,STOCK2,400.00,26750,1000.00,1000
3060.044,STOCK2,400.00,27750,1000.00,1000
3060.134,STOCK2,400.00,27750,1000.00,800
3060.318,STOCK2,400.00,22750,1000.00,800
3060.542,STOCK1,56.00,551,129.75,2000
3060.582,STOCK2,400.00,21750,1000.00,800
3060.847,STOCK2,400.00,21250,1000.00,800
3061.027,STOCK2,400.00,16250,1000.00,800
3061.383,STOCK2,400.00,11250,1000.00,800
3061.443,STOCK2,400.00,10750,1000.00,800
3061.453,STOCK2,400.00,11750,1000.00,800
3061.483,STOCK1,56.00,551,129.75,4000
3061.593,STOCK2,400.00,12750,1000.00,800
3061.694,STOCK2,400.00,12250,1000.00,800
3061.947,STOCK2,400.00,7250,1000.00,800
3062.403,STOCK2,400.00,7000,1000.00,800
3062.403,STOCK2,400.00,6000,1000.00,800
3062.403,STOCK2,400.00,5000,1000.00,800
3062.403,STOCK2,400.00,4000,1000.00,800
3062.403,STOCK2,400.00,3000,1000.00,800
3062.403,STOCK2,400.00,2000,1000.00,800
3062.483,STOCK2,400.00,1500,1000.00,800
3062.494,STOCK2,400.00,2500,1000.00,800
3062.662,STOCK2,400.00,3500,1000.00,800
3062.854,STOCK2,350.00,4500,1000.00,800
3062.945,STOCK2,410.00,1000,1000.00,800
3063.115,STOCK2,410.00,500,1000.00,800
3063.185,STOCK2,350.00,4000,1000.00,800
3063.348,STOCK2,350.00,3950,1000.00,800
3063.530,STOCK2,410.00,1000,1000.00,800
3063.683,STOCK2,410.00,1000,800.00,1000
3063.846,STOCK2,410.00,1000,800.00,2000
3063.976,STOCK2,410.00,1000,800.00,3000
3064.127,STOCK2,410.00,1000,800.00,4000
3064.287,STOCK2,410.00,1000,800.00,5000
3064.317,STOCK2,410.00,500,800.00,5000
3064.367,STOCK2,300.00,23800,800.00,5000
3064.560,STOCK2,300.00,22800,800.00,5000
3065.553,STOCK2,300.00,21800,800.00,5000
3065.875,STOCK1,56.00,51,129.75,4000
3067.919,STOCK2,300.00,21800,800.00,4900
3068.376,STOCK2,300.00,21300,800.00,4900
3069.146,STOCK2,300.00,20300,800.00,4900
3069.257,STOCK1,57.00,1000,129.75,4000
3071.851,STOCK2,300.00,19300,800.00,4900
3071.851,STOCK2,300.00,19300,799.00,1000
3072.246,STOCK1,55.00,2351,129.75,4000
3072.286,STOCK2,300.00,19300,799.00,2000
3072.465,STOCK2,300.00,19300,700.00,1000
3073.502,STOCK2,300.00,18800,700.00,1000
3073.735,STOCK2,300.00,17800,700.00,1000
3074.149,STOCK2,300.00,22800,700.00,1000
3074.619,STOCK2,300.00,27800,700.00,1000
3074.800,STOCK2,300.00,27800,600.00,1000
3074.951,STOCK2,300.00,32800,600.00,1000
3074.951,STOCK2,300.00,32800,600.00,2000
3074.961,STOCK2,300.00,32300,600.00,2000
3075.131,STOCK2,300.00,32300,600.00,3000
3075.161,STOCK2,310.00,1000,600.00,3000
3075.201,STOCK2,310.00,500,600.00,3000
3075.352,STOCK2,300.00,37300,600.00,3000
3075.496,STOCK2,300.00,36300,600.00,3000
3075.506,STOCK2,300.00,35800,600.00,3000
3075.636,STOCK2,300.00,40800,600.00,3000
3076.183,STOCK2,300.00,45800,600.00,3000
3076.204,STOCK2,300.00,45800,600.00,4000
3076.224,STOCK2,300.00,45300,600.00,4000
3076.335,STOCK2,300.00,40300,600.00,4000
3076.387,STOCK2,300.00,39800,600.00,4000
3076.559,STOCK2,300.00,39300,600.00,4000
3076.689,STOCK2,300.00,38800,600.00,4000
3076.749,STOCK2,300.00,33800,600.00,4000
3076.810,STOCK2,310.00,1000,600.00,4000
3076.870,STOCK2,310.00,1000,600.00,5000
3077.011,STOCK2,300.00,38800,600.00,5000
3077.133,STOCK2,300.00,33800,600.00,5000
3078.382,STOCK2,300.00,28800,600.00,5000
3078.676,STOCK2,300.00,23800,600.00,5000
3078.816,STOCK2,300.00,23800,700.00,3093
3078.928,STOCK2,300.00,22800,700.00,3093
3079.682,STOCK2,300.00,17800,700.00,3093
3080.246,STOCK2,300.00,12800,700.00,3093
3081.310,STOCK1,60.00,5000,129.75,4000
3081.310,STOCK2,300.00,7800,700.00,3093
3081.707,STOCK2,300.00,2800,700.00,3093
3082.534,STOCK2,300.00,7800,700.00,3093
3082.707,STOCK2,300.00,6300,700.00,3093
3082.757,STOCK2,300.00,1300,700.00,3093
3082.829,STOCK2,301.00,1000,700.00,3093
3082.850,STOCK2,301.00,1000,500.00,1000
3083.121,STOCK2,301.00,2000,500.00,1000
3083.603,STOCK2,300.00,3300,500.00,1000
3083.746,STOCK2,300.00,8300,500.00,1000
3083.866,STOCK2,300.00,8300,500.00,2000
3083.877,STOCK2,301.00,1000,500.00,2000
3084.120,STOCK2,300.00,9300,500.00,2000
3084.569,STOCK2,300.00,4300,500.00,2000
3084.610,STOCK2,300.00,4300,500.00,3000
3085.037,STOCK2,213.00,2300,500.00,3000
3085.535,STOCK2,212.00,1300,500.00,3000
3087.541,STOCK2,212.00,1300,499.00,1000
3087.541,STOCK2,212.00,1300,499.00,2000
3088.993,STOCK1,60.00,4950,129.75,4000
3090.449,STOCK1,60.00,4900,129.75,4000
3090.490,STOCK2,230.00,2000,499.00,2000
3091.044,STOCK2,230.00,4000,499.00,2000
3091.074,STOCK1,60.00,4850,129.75,4000
3091.195,STOCK2,230.00,6000,499.00,2000
3091.358,STOCK2,230.00,8000,499.00,2000
3091.499,STOCK2,230.00,10000,499.00,2000
3091.679,STOCK1,60.00,4800,129.75,4000
3091.922,STOCK2,230.00,5000,499.00,2000
3092.441,STOCK1,60.00,4750,129.75,4000
3093.015,STOCK1,60.00,4700,129.75,4000
3093.015,STOCK2,212.00,1300,499.00,2000
3093.902,STOCK2,212.00,1300,489.00,1093
3094.340,STOCK1,60.00,4650,129.75,4000
3094.450,STOCK2,220.00,1000,489.00,1093
3094.580,STOCK2,230.00,2000,489.00,1093
3094.732,STOCK2,230.00,4000,489.00,1093
3094.872,STOCK2,230.00,6000,489.00,1093
3094.963,STOCK1,60.00,4600,129.75,4000
3095.025,STOCK2,230.00,8000,489.00,1093
3095.277,STOCK2,250.00,1000,489.00,1093
3098.867,STOCK2,230.00,4000,489.00,1093
3099.838,STOCK1,60.00,4500,129.75,4000
3100.241,STOCK2,240.00,1000,489.00,1093
3100.436,STOCK1,60.00,4400,129.75,4000
3100.771,STOCK2,220.00,2000,489.00,1093
3100.975,STOCK1,60.00,4300,129.75,4000
3101.067,STOCK2,220.00,2000,485.00,1000
3101.254,STOCK2,220.00,2000,485.00,2000
3101.404,STOCK2,220.00,2000,485.00,3000
3101.535,STOCK1,60.00,4200,129.75,4000
3101.568,STOCK2,220.00,2000,485.00,4000
3101.578,STOCK2,230.00,2000,485.00,4000
3101.742,STOCK2,230.00,2000,485.00,5000
3101.916,STOCK2,230.00,2000,485.00,6000
3102.101,STOCK2,230.00,2000,485.00,7000
3102.212,STOCK2,230.00,4000,485.00,7000
3102.212,STOCK1,60.00,4100,129.75,4000
3102.272,STOCK2,230.00,4000,485.00,8000
3102.392,STOCK2,230.00,6000,485.00,8000
3102.451,STOCK2,230.00,6000,485.00,9000
3102.544,STOCK2,250.00,5000,485.00,9000
3102.616,STOCK2,250.00,5000,485.00,10000
3102.626,STOCK2,250.00,5000,450.00,1000
3103.106,STOCK2,250.00,5000,450.00,2000
3103.349,STOCK2,250.00,4000,450.00,2000
3103.584,STOCK2,250.00,4000,450.00,3000
3103.675,STOCK1,60.00,3650,129.75,4000
3103.746,STOCK1,60.00,3550,129.75,4000
3103.959,STOCK2,250.00,4000,450.00,4000
3104.299,STOCK2,250.00,4000,450.00,5000
3104.400,STOCK1,60.00,3450,129.75,4000
3104.744,STOCK2,250.00,4000,450.00,6000
3104.859,STOCK1,60.00,1450,129.75,4000
3105.113,STOCK1,60.00,1350,129.75,4000
3105.436,STOCK2,250.00,4000,450.00,7000
3105.943,STOCK2,250.00,4000,450.00,8000
3106.167,STOCK1,60.00,1250,129.75,4000
3106.521,STOCK2,251.00,1000,450.00,8000
3106.692,STOCK2,251.00,2000,450.00,8000
3106.907,STOCK2,251.00,3000,450.00,8000
3107.089,STOCK1,60.00,1150,129.75,4000
3107.109,STOCK2,251.00,3000,450.00,9000
3107.444,STOCK2,251.00,3000,450.00,10000
3107.657,STOCK1,60.00,1050,129.75,4000
3108.010,STOCK2,251.00,3000,450.00,11000
3109.072,STOCK1,60.00,950,129.75,4000
3110.592,STOCK2,252.00,1000,450.00,11000
3110.735,STOCK2,251.00,514,450.00,11000
3110.775,STOCK2,252.00,1000,450.00,11000
3111.028,STOCK1,60.00,850,129.75,4000
3111.110,STOCK2,252.00,2000,450.00,11000
3111.514,STOCK2,252.00,2000,450.00,10800
3112.046,STOCK1,60.00,750,129.75,4000
3112.066,STOCK2,252.00,1000,450.00,10800
3112.217,STOCK2,252.00,2000,450.00,10800
3112.954,STOCK1,60.00,750,129.75,3700
3113.084,STOCK2,252.00,1000,450.00,10800
3113.405,STOCK2,252.00,1000,450.00,11800
3113.666,STOCK2,252.00,1000,449.00,1093
3113.706,STOCK2,251.00,514,449.00,1093
3114.986,STOCK2,251.00,514,410.00,1000
3115.142,STOCK2,251.00,514,410.00,2000
3115.303,STOCK2,251.00,514,410.00,3000
3115.313,STOCK2,251.00,1514,410.00,3000
3115.436,STOCK1,55.00,1351,129.75,3700
3118.326,STOCK2,256.00,2000,410.00,3000
3119.776,STOCK2,256.00,2000,400.00,1000
3120.355,STOCK2,256.00,2000,400.00,2000
3122.113,STOCK1,51.00,51,129.75,3700
3122.770,STOCK2,256.00,2000,400.00,1000
3123.265,STOCK1,51.00,51,125.00,5000
3124.355,STOCK2,256.00,2000,380.00,1000
3124.657,STOCK2,256.00,2000,380.00,2000
3124.731,STOCK2,256.00,1800,380.00,2000
3126.367,STOCK2,256.00,1800,380.00,3000
3127.172,STOCK2,256.00,800,380.00,3000
3127.345,STOCK2,260.00,5000,380.00,3000
3127.477,STOCK1,51.00,51,124.00,1000
3127.679,STOCK1,51.00,51,124.00,2000
3127.873,STOCK1,51.00,51,124.00,3000
3128.056,STOCK1,51.00,51,124.00,4000
3128.249,STOCK1,51.00,51,124.00,5000
3128.453,STOCK1,51.00,51,124.00,6000
3128.635,STOCK1,51.00,51,124.00,7000
3128.819,STOCK1,51.00,51,124.00,8000
3128.899,STOCK1,50.00,5401,124.00,8000
3129.011,STOCK1,50.00,5401,124.00,9000
3129.176,STOCK1,50.00,5401,124.00,10000
3129.235,STOCK2,260.00,4000,380.00,3000
3129.356,STOCK1,50.00,5401,124.00,11000
3129.376,STOCK2,260.00,4000,380.00,2750
3129.527,STOCK1,50.00,5401,124.00,12000
3129.840,STOCK1,50.00,5401,124.00,13000
3130.011,STOCK1,50.00,5401,124.00,14000
3130.192,STOCK1,50.00,5401,124.00,15000
3130.366,STOCK2,260.00,3000,380.00,2750
3130.376,STOCK1,50.00,5401,124.00,16000
3130.547,STOCK1,50.00,5401,124.00,17000
3130.730,STOCK1,50.00,5401,124.00,18000
3130.822,STOCK2,260.00,3000,360.00,1093
3134.498,STOCK1,50.00,4401,124.00,18000
3136.098,STOCK1,50.00,4401,123.00,2000
3136.148,STOCK1,50.00,4401,123.00,3000
3136.311,STOCK1,50.00,3401,123.00,3000
3136.534,STOCK1,50.00,3401,123.00,5000
3136.686,STOCK1,50.00,3401,123.00,6000
3136.998,STOCK2,260.00,3000,360.00,843
3138.622,STOCK1,50.00,3401,120.00,1000
3138.724,STOCK2,260.00,3000,350.00,1000
3139.823,STOCK1,50.00,1401,120.00,1000
3139.926,STOCK1,50.00,401,120.00,1000
3141.700,STOCK1,50.00,401,120.00,3000
3142.977,STOCK2,260.00,3000,350.00,2000
3143.910,STOCK1,35.00,901,120.00,3000
3145.853,STOCK1,35.00,901,119.00,1000
3146.017,STOCK1,35.00,901,119.00,2000
3146.871,STOCK1,35.00,1901,119.00,2000
3146.953,STOCK2,260.00,2500,350.00,2000
3147.491,STOCK2,260.00,2000,350.00,2000
3147.552,STOCK1,35.00,2901,119.00,2000
3148.130,STOCK2,260.00,2000,350.00,1000
3149.007,STOCK2,260.00,2000,360.00,843
3149.453,STOCK2,260.00,2000,349.00,1000
3150.153,STOCK2,260.00,2000,349.00,2000
3150.356,STOCK1,35.00,901,119.00,2000
3150.497,STOCK1,36.00,1000,119.00,2000
3150.649,STOCK2,260.00,2000,349.00,3000
3150.762,STOCK1,36.00,2000,119.00,2000
3151.178,STOCK2,260.00,2000,349.00,4000
3153.992,STOCK1,36.00,2000,100.00,5000
3154.597,STOCK2,260.00,1500,349.00,4000
3154.789,STOCK1,36.00,1000,100.00,5000
3154.829,STOCK2,260.00,1000,349.00,4000
3156.352,STOCK2,260.00,1000,330.00,1093
3160.611,STOCK2,260.00,1000,320.00,1000
3160.782,STOCK2,260.00,1000,320.00,2000
3160.964,STOCK2,260.00,1000,320.00,3000
3161.136,STOCK2,260.00,1000,320.00,4000
3161.311,STOCK2,260.00,1000,320.00,5000
3161.463,STOCK2,260.00,1000,320.00,6000
3161.633,STOCK2,260.00,1000,320.00,7000
3161.796,STOCK2,260.00,1000,320.00,8000
3161.966,STOCK2,260.00,1000,320.00,9000
3162.129,STOCK2,260.00,1000,320.00,10000
3162.292,STOCK2,260.00,1000,320.00,11000
3162.462,STOCK2,260.00,1000,320.00,12000
3162.623,STOCK2,260.00,1000,320.00,13000
3162.789,STOCK2,260.00,1000,320.00,14000
3162.971,STOCK2,260.00,1000,320.00,15000
3163.152,STOCK2,260.00,1000,320.00,16000
3163.345,STOCK2,260.00,1000,320.00,17000
3163.365,STOCK2,256.00,800,320.00,17000
3163.625,STOCK2,256.00,800,320.00,18000
3164.802,STOCK2,256.00,800,320.00,15000
3165.207,STOCK2,256.00,800,319.00,1000
3167.923,STOCK2,256.00,800,319.00,750
3169.005,STOCK2,260.00,2850,319.00,750
3169.025,STOCK2,260.00,2850,319.00,1750
3169.035,STOCK1,37.00,5000,100.00,5000
3169.340,STOCK2,260.00,2850,315.00,1093
3170.414,STOCK2,260.00,2850,315.00,843
3171.745,STOCK2,260.00,2850,315.00,743
3173.426,STOCK2,267.00,2000,315.00,743
3174.438,STOCK2,267.00,2000,315.00,543
3174.459,STOCK2,267.00,2000,315.00,293
3175.130,STOCK2,267.00,2000,315.00,43
3176.905,STOCK2,267.00,1500,315.00,43
3177.066,STOCK2,267.00,1000,315.00,43
3177.249,STOCK2,267.00,500,315.00,43
3177.433,STOCK2,260.00,2850,315.00,43
3177.618,STOCK2,260.00,2350,315.00,43
3177.804,STOCK2,260.00,1850,315.00,43
3177.970,STOCK2,260.00,1350,315.00,43
3178.131,STOCK2,260.00,850,315.00,43
3178.151,STOCK1,38.00,3000,100.00,5000
3178.201,STOCK1,38.00,4000,100.00,5000
3178.313,STOCK1,38.00,5000,100.00,5000
3178.465,STOCK1,38.00,6000,100.00,5000
3178.599,STOCK1,38.00,7000,100.00,5000
3178.730,STOCK1,38.00,8000,100.00,5000
3178.741,STOCK1,38.00,8000,100.00,4500
3178.872,STOCK1,38.00,9000,100.00,4500
3179.134,STOCK2,260.00,350,315.00,43
3179.285,STOCK2,260.00,350,319.00,1750
3179.315,STOCK2,256.00,650,319.00,1750
3179.567,STOCK1,38.00,9000,100.00,4000
3180.377,STOCK2,251.00,5164,319.00,1750
3180.467,STOCK2,251.00,4664,319.00,1750
3180.486,STOCK1,38.00,9000,100.00,3500
3180.648,STOCK2,251.00,4164,319.00,1750
3180.843,STOCK2,267.00,2000,319.00,1750
3181.047,STOCK2,267.00,1500,319.00,1750
3181.310,STOCK1,38.00,9000,100.00,3000
3181.401,STOCK2,267.00,1000,319.00,1750
3181.635,STOCK2,267.00,3000,319.00,1750
3181.645,STOCK2,267.00,2500,319.00,1750
3182.058,STOCK1,38.00,9000,100.00,2500
3182.209,STOCK2,267.00,2000,319.00,1750
3182.543,STOCK2,267.00,4000,319.00,1750
3182.563,STOCK1,38.00,10000,100.00,2500
3182.644,STOCK2,267.00,3500,319.00,1750
3182.715,STOCK1,38.00,11000,100.00,2500
3182.726,STOCK1,38.00,11000,100.00,2000
3182.917,STOCK1,38.00,12000,100.00,2000
3183.618,STOCK2,267.00,5500,319.00,1750
3183.746,STOCK2,267.00,4500,319.00,1750
3183.929,STOCK1,38.00,12000,100.00,1500
3186.711,STOCK2,267.00,4500,319.00,1250
3187.289,STOCK1,38.00,12000,99.00,1000
3187.574,STOCK1,38.00,12000,99.00,2000
3187.584,STOCK2,267.00,4500,319.00,750
3188.578,STOCK1,38.00,9000,99.00,2000
3189.150,STOCK2,267.00,4500,319.00,1750
3190.114,STOCK2,267.00,4500,319.00,2750
3190.461,STOCK1,38.00,9000,99.00,3000
3190.511,STOCK1,38.00,9000,99.00,4700
3193.302,STOCK1,50.00,5000,99.00,4700
3193.632,STOCK2,270.00,5000,319.00,2750
3196.136,STOCK1,51.00,1000,99.00,4700
3196.300,STOCK2,270.00,4500,319.00,2750
3196.482,STOCK2,270.00,4000,319.00,2750
3197.207,STOCK2,275.00,207,319.00,2750
3197.825,STOCK2,270.00,3707,319.00,2750
3199.187,STOCK2,270.00,3207,319.00,2750
3200.020,STOCK2,270.00,2707,319.00,2750
3200.658,STOCK2,270.00,2207,319.00,2750
3201.387,STOCK1,51.00,900,99.00,4700
3201.518,STOCK1,52.00,5000,99.00,4700
3201.904,STOCK2,270.00,1707,319.00,2750
3202.474,STOCK2,280.00,2000,319.00,2750
3202.950,STOCK2,280.00,1500,319.00,2750
3203.294,STOCK1,52.00,4900,99.00,4700
3204.474,STOCK2,280.00,1000,319.00,2750
3205.457,STOCK2,280.00,3000,319.00,2750
3205.923,STOCK2,280.00,3000,300.00,1000
3206.656,STOCK2,280.00,2500,300.00,1000
3206.676,STOCK2,280.00,2500,300.00,2000
3207.177,STOCK2,280.00,2500,300.00,1900
3207.318,STOCK2,280.00,2500,319.00,1650
3207.712,STOCK2,280.00,2500,319.00,1400
3207.755,STOCK2,280.00,2500,319.00,950
3207.876,STOCK2,280.00,2500,319.00,850
3207.885,STOCK2,280.00,2000,319.00,850
3208.414,STOCK2,280.00,2000,300.00,1000
3210.136,STOCK2,280.00,2000,300.00,2000
3210.582,STOCK2,280.00,2000,300.00,3000
3210.919,STOCK2,280.00,2000,300.00,2800
3211.241,STOCK2,280.00,2000,300.00,2550
3211.394,STOCK2,280.00,2000,300.00,2450
3211.656,STOCK2,280.00,2000,300.00,2200
3211.849,STOCK2,280.00,2000,300.00,1950
3211.892,STOCK2,280.00,1500,300.00,1950
3212.288,STOCK2,280.00,1500,300.00,1850
3213.259,STOCK2,280.00,1500,300.00,1750
3213.603,STOCK1,52.00,4900,99.00,4200
3213.663,STOCK1,52.00,4900,95.00,5000
3213.663,STOCK2,280.00,1500,300.00,6750
3214.070,STOCK2,280.00,1500,300.00,6650
3215.141,STOCK2,280.00,1500,300.00,6550
3215.538,STOCK2,280.00,1500,300.00,6450
3215.750,STOCK2,280.00,1500,300.00,6350
3216.610,STOCK2,280.00,1500,300.00,6250
3218.420,STOCK2,280.00,1500,300.00,7250
3218.685,STOCK2,280.00,1500,300.00,7000
3218.816,STOCK2,280.00,1500,300.00,4000
3219.127,STOCK2,280.00,1500,300.00,3750
3219.876,STOCK2,280.00,1500,300.00,3500
3220.317,STOCK2,267.00,2707,300.00,3500
3221.298,STOCK2,251.00,1871,300.00,3500
3221.500,STOCK1,52.00,4900,94.00,1700
3221.540,STOCK2,251.00,1871,300.00,3400
3221.833,STOCK2,230.00,16271,300.00,3400
3222.398,STOCK2,230.00,11271,300.00,3400
3222.949,STOCK2,230.00,11271,300.00,3300
3223.100,STOCK2,230.00,11271,300.00,2300
3223.150,STOCK2,230.00,6271,300.00,2300
3223.413,STOCK1,52.00,4900,90.00,1000
3223.517,STOCK2,230.00,1271,300.00,2300
3223.984,STOCK2,220.00,2271,300.00,2300
3224.097,STOCK2,280.00,2000,300.00,2300
3224.414,STOCK2,215.00,4271,300.00,2300
3224.444,STOCK1,52.00,4900,90.00,2000
3224.708,STOCK2,215.00,4271,300.00,2200
3224.880,STOCK2,210.00,5271,300.00,2200
3225.443,STOCK1,52.00,4900,90.00,3000
3225.714,STOCK2,210.00,5271,300.00,2148
3225.734,STOCK2,210.00,271,300.00,2148
3226.349,STOCK2,200.00,21614,300.00,2148
3227.608,STOCK2,200.00,21614,300.00,2048
3227.618,STOCK2,220.00,5000,300.00,2048
3227.900,STOCK2,280.00,2000,300.00,2048
3228.786,STOCK2,280.00,2000,300.00,1948
3230.154,STOCK2,280.00,2000,300.00,2048
3230.210,STOCK2,280.00,2000,300.00,7048
3232.045,STOCK2,280.00,2000,300.00,5048
3232.992,STOCK2,280.00,2000,300.00,4948
3233.622,STOCK2,220.00,7000,300.00,4948
3233.632,STOCK1,52.00,4900,89.90,1000
3234.134,STOCK1,52.00,4900,89.90,2000
3234.304,STOCK1,52.00,4900,89.90,3000
3234.585,STOCK2,230.00,2000,300.00,4948
3234.667,STOCK1,53.00,500,89.90,3000
3235.424,STOCK1,53.00,500,89.90,4000
3236.386,STOCK2,230.00,1500,300.00,4948
3236.598,STOCK2,230.00,1500,300.00,4848
3240.023,STOCK2,230.00,1500,299.00,1000
3240.195,STOCK2,220.00,1500,299.00,1000
3240.721,STOCK2,220.00,1500,299.00,2000
3240.954,STOCK2,230.00,2000,299.00,2000
3241.270,STOCK2,230.00,2000,299.00,3000
3241.951,STOCK2,230.00,2000,299.00,4000
3242.239,STOCK1,53.00,500,88.00,1000
3243.491,STOCK1,53.00,500,85.00,5000
3243.531,STOCK2,230.00,1800,299.00,4000
3244.260,STOCK2,230.00,1800,299.00,3100
3244.340,STOCK2,230.00,1800,299.00,4100
3244.903,STOCK2,230.00,1800,299.00,5100
3245.269,STOCK2,220.00,1300,299.00,5100
3245.816,STOCK2,200.00,20914,299.00,5100
3248.511,STOCK2,200.00,20914,289.00,1000
3249.592,STOCK1,53.00,500,84.00,1000
3249.751,STOCK2,230.00,2000,289.00,1000
3249.800,STOCK2,230.00,2000,289.00,100
3249.841,STOCK2,200.00,20914,289.00,100
3249.911,STOCK2,200.00,20867,289.00,100
3250.081,STOCK2,200.00,18867,289.00,100
3250.565,STOCK2,230.00,2000,289.00,100
3250.786,STOCK1,52.00,4400,84.00,1000
3252.079,STOCK2,200.00,18867,289.00,100
3252.663,STOCK2,230.00,2000,289.00,100
3253.722,STOCK2,200.00,18867,289.00,100
3254.198,STOCK2,230.00,2000,289.00,100
3254.955,STOCK2,200.00,18867,289.00,100
3255.267,STOCK1,52.00,4400,83.00,2000
3255.399,STOCK2,230.00,2000,289.00,100
3255.895,STOCK2,230.00,1500,289.00,100
3255.895,STOCK2,230.00,1500,299.00,6000
3256.472,STOCK1,53.00,391,83.00,2000
3257.425,STOCK2,230.00,3500,299.00,6000
3257.999,STOCK2,230.00,3500,299.00,11000
3258.261,STOCK1,53.00,391,83.00,1999
3258.625,STOCK1,53.00,391,82.00,1000
3258.801,STOCK1,53.00,391,82.00,2000
3258.974,STOCK1,53.00,391,82.00,3000
3259.146,STOCK1,53.00,391,82.00,4000
3259.318,STOCK1,53.00,391,82.00,5000
3259.480,STOCK1,53.00,391,82.00,6000
3259.661,STOCK1,53.00,391,82.00,7000
3259.821,STOCK1,53.00,391,82.00,8000
3259.943,STOCK2,230.00,5500,299.00,11000
3259.993,STOCK1,53.00,391,82.00,9000
3260.163,STOCK1,53.00,391,82.00,10000
3260.314,STOCK1,53.00,391,82.00,11000
3260.485,STOCK1,53.00,391,82.00,12000
3260.667,STOCK1,53.00,391,82.00,13000
3260.838,STOCK1,53.00,391,82.00,14000
3261.120,STOCK1,53.00,391,82.00,15000
3261.300,STOCK1,53.00,391,82.00,16000
3261.794,STOCK1,53.00,391,82.00,17000
3262.404,STOCK1,53.00,391,82.00,18000
3262.637,STOCK1,53.00,393,82.00,18000
3264.780,STOCK1,53.00,393,81.00,1000
3264.872,STOCK1,53.00,393,82.00,18000
3265.591,STOCK1,53.00,393,81.00,1000
3266.591,STOCK1,53.00,293,81.00,1000
3267.296,STOCK1,53.00,293,82.00,18000
3268.372,STOCK2,230.00,5500,299.00,10000
3268.372,STOCK2,230.00,5500,299.00,9000
3268.372,STOCK2,230.00,5500,299.00,8000
3268.372,STOCK2,230.00,5500,299.00,7000
3268.372,STOCK2,230.00,5500,299.00,6000
3268.372,STOCK2,230.00,5500,299.00,5000
3268.917,STOCK1,53.00,293,81.00,1000
3269.040,STOCK1,53.00,293,80.00,500
3270.643,STOCK1,53.00,293,79.00,2000
3272.796,STOCK2,230.00,5500,299.00,4900
3273.586,STOCK2,230.00,5500,298.00,1000
3273.819,STOCK2,230.00,5500,298.00,900
3274.304,STOCK2,230.00,5500,298.00,1900
3275.232,STOCK2,230.00,5500,298.00,1800
3278.374,STOCK1,52.00,6693,79.00,2000
3278.506,STOCK1,52.00,6693,75.00,500
3278.546,STOCK2,230.00,5500,298.00,2800
3279.548,STOCK2,230.00,5500,298.00,3800
3280.138,STOCK2,230.00,5500,298.00,4800
3280.472,STOCK2,230.00,5500,298.00,5800
3280.803,STOCK2,230.00,5500,298.00,6800
3281.154,STOCK2,230.00,5500,298.00,7800
3281.390,STOCK2,230.00,5500,298.00,8800
3281.683,STOCK2,230.00,5500,298.00,9800
3281.703,STOCK1,54.00,100,75.00,500
3281.936,STOCK2,230.00,5500,298.00,10800
3282.219,STOCK2,230.00,5500,298.00,11800
3282.504,STOCK2,230.00,5500,298.00,12800
3282.753,STOCK2,230.00,5500,298.00,13800
3284.835,STOCK1,52.00,6693,75.00,500
3286.486,STOCK1,52.00,6693,79.00,2000
3286.970,STOCK1,52.00,6693,79.00,1500
3288.832,STOCK2,230.00,3500,298.00,13800
3289.166,STOCK2,230.00,1500,298.00,13800
3289.894,STOCK2,230.00,1500,250.00,1000
3290.064,STOCK2,230.00,1500,250.00,2000
3290.235,STOCK2,230.00,1500,250.00,3000
3290.267,STOCK2,200.00,3500,250.00,3000
3290.408,STOCK2,200.00,3500,250.00,4000
3290.559,STOCK2,235.00,2000,250.00,4000
3290.559,STOCK2,235.00,2000,250.00,5000
3290.731,STOCK2,235.00,2000,250.00,6000
3290.913,STOCK2,235.00,2000,250.00,7000
3291.080,STOCK2,235.00,2000,250.00,8000
3291.242,STOCK2,235.00,2000,250.00,9000
3291.415,STOCK2,235.00,2000,250.00,10000
3291.415,STOCK1,52.00,6693,79.00,2500
3291.599,STOCK2,235.00,2000,250.00,11000
3291.752,STOCK2,235.00,2000,250.00,12000
3291.752,STOCK1,52.00,6693,79.00,3500
3292.185,STOCK2,200.00,3500,250.00,12000
3292.357,STOCK1,52.00,6693,79.00,4500
3292.630,STOCK2,200.00,3500,250.00,13000
3292.761,STOCK2,120.00,5000,250.00,13000
3292.811,STOCK2,120.00,5000,250.00,14000
3292.992,STOCK2,120.00,5000,250.00,15000
3293.800,STOCK1,52.00,6693,75.00,100
3296.778,STOCK2,140.00,2000,250.00,15000
3297.807,STOCK1,52.00,6693,55.00,1000
3297.847,STOCK2,140.00,1500,250.00,15000
3297.999,STOCK1,52.00,6693,55.00,2000
3298.173,STOCK1,52.00,6693,55.00,3000
3298.355,STOCK1,52.00,6693,55.00,4000
3298.505,STOCK1,52.00,6693,55.00,5000
3298.665,STOCK1,52.00,6693,55.00,6000
3298.837,STOCK1,52.00,6693,55.00,7000
3298.988,STOCK1,52.00,6693,55.00,6000
3299.008,STOCK1,52.00,6693,55.00,7000
3299.161,STOCK1,52.00,6693,55.00,8000
3299.237,STOCK2,140.00,1500,249.00,1000
3299.337,STOCK1,52.00,6693,55.00,9000
3299.397,STOCK1,52.00,6693,55.00,8500
3299.448,STOCK2,140.00,1500,249.00,2000
3299.510,STOCK1,52.00,6693,55.00,9500
3299.640,STOCK1,52.00,6693,55.00,8500
3299.670,STOCK1,52.00,6693,55.00,9500
3299.680,STOCK2,140.00,1500,249.00,3000
3299.830,STOCK1,52.00,6693,55.00,10500
3300.211,STOCK1,52.00,6693,55.00,9500
3300.221,STOCK1,52.00,6693,55.00,10500
3300.252,STOCK1,52.00,6693,55.00,10000
3300.262,STOCK2,140.00,1500,249.00,4000
3300.272,STOCK2,141.00,2000,249.00,4000
3300.394,STOCK1,52.00,6693,55.00,11000
3300.485,STOCK2,141.00,2000,249.00,5000
3300.587,STOCK1,52.00,6693,55.00,12000
3300.736,STOCK2,141.00,2000,249.00,6000
3300.736,STOCK2,141.00,2000,244.00,5000
3300.763,STOCK1,52.00,6693,55.00,13000
3300.783,STOCK1,52.00,6693,55.00,12050
3300.894,STOCK1,52.00,6693,55.00,11050
3301.015,STOCK1,52.00,6693,55.00,10050
3301.561,STOCK1,52.00,6693,55.00,11050
3302.234,STOCK1,52.00,6693,55.00,9050
3302.566,STOCK1,52.00,6693,55.00,8550
3302.677,STOCK1,52.00,6693,55.00,6550
3303.119,STOCK1,52.00,6693,55.00,4550
3303.414,STOCK1,52.00,6693,55.00,2550
3303.707,STOCK2,141.00,2000,244.00,4000
3303.914,STOCK2,145.00,1000,244.00,4000
3303.934,STOCK1,52.00,6693,55.00,550
3304.206,STOCK1,52.00,6693,55.00,50
3304.236,STOCK1,52.00,6693,79.00,5150
3304.519,STOCK1,52.00,6693,79.00,4650
3304.786,STOCK1,52.00,6693,79.00,4150
3305.038,STOCK2,147.00,2000,244.00,4000
3305.317,STOCK1,53.00,1000,79.00,4150
3306.694,STOCK1,53.00,2000,79.00,4150
3308.331,STOCK2,147.00,2000,240.00,1000
3308.511,STOCK2,150.00,2000,240.00,1000
3308.641,STOCK2,150.00,2000,240.00,2000
3309.232,STOCK1,53.00,2000,55.00,783
3310.323,STOCK2,150.00,2000,240.00,1500
3310.801,STOCK1,53.00,2000,55.00,683
3311.045,STOCK1,53.00,2000,55.00,583
3311.527,STOCK2,151.00,500,240.00,1500
3311.992,STOCK2,151.00,500,240.00,1000
3312.357,STOCK2,151.00,500,240.00,2000
3312.776,STOCK2,151.00,500,240.00,3000
3313.037,STOCK1,53.00,2000,79.00,3733
3313.137,STOCK2,151.00,500,240.00,4000
3313.308,STOCK1,53.00,2000,79.00,3233
3314.139,STOCK2,155.00,1000,240.00,4000
3314.413,STOCK2,155.00,1000,240.00,5000
3315.436,STOCK2,155.00,1000,240.00,6000
3315.587,STOCK2,155.00,1000,239.00,1000
3316.899,STOCK2,155.00,1000,239.00,2000
3317.010,STOCK2,156.00,5000,239.00,2000
3317.274,STOCK1,53.00,3000,79.00,3233
3318.002,STOCK2,156.00,5000,239.00,3000
3318.235,STOCK1,53.00,3000,79.00,3133
3318.368,STOCK2,157.00,2000,239.00,3000
3320.377,STOCK2,160.00,500,239.00,3000
3320.820,STOCK2,160.00,500,238.00,1000
3324.559,STOCK2,160.00,500,200.00,500
3324.959,STOCK2,160.00,500,161.00,1000
3324.979,STOCK1,53.00,2700,79.00,3133
3325.039,STOCK1,52.00,4393,79.00,3133
3325.120,STOCK2,160.00,500,161.00,2000
3325.280,STOCK2,160.00,500,161.00,3000
3325.434,STOCK2,160.00,500,161.00,4000
3325.597,STOCK2,160.00,500,161.00,5000
3325.748,STOCK2,160.00,500,161.00,6000
3325.909,STOCK2,160.00,500,161.00,7000
3326.069,STOCK2,160.00,500,161.00,8000
3326.244,STOCK2,160.00,500,161.00,9000
3326.389,STOCK2,160.00,500,161.00,10000
3326.551,STOCK2,160.00,500,161.00,11000
3326.835,STOCK2,160.00,500,161.00,12000
3327.036,STOCK2,160.00,500,161.00,13000
3327.337,STOCK2,160.00,500,161.00,14000
3327.672,STOCK2,160.00,500,161.00,13800
3327.741,STOCK2,160.00,500,161.00,14800
3328.365,STOCK1,53.00,1000,79.00,3133
3329.052,STOCK2,160.00,500,161.00,14600
3329.112,STOCK1,53.00,2000,79.00,3133
3329.216,STOCK2,160.00,500,161.00,14400
3329.893,STOCK1,53.00,1000,79.00,3133
3331.259,STOCK2,160.00,500,161.00,14200
3331.491,STOCK1,52.00,4393,79.00,3133
3332.318,STOCK1,53.00,1000,79.00,3133
3332.527,STOCK1,53.00,2000,79.00,3133
3334.292,STOCK1,53.00,3000,79.00,3133
3334.482,STOCK1,53.00,4000,79.00,3133
3335.300,STOCK2,160.00,500,161.00,13200
3336.300,STOCK2,160.00,500,161.00,13000
3336.454,STOCK2,160.00,500,161.00,12800
3336.756,STOCK1,53.00,5000,79.00,3133
3338.396,STOCK1,53.00,5000,75.00,2534
3338.656,STOCK2,160.00,500,161.00,12600
3338.819,STOCK2,160.00,500,161.00,12400
3338.869,STOCK2,160.00,500,161.00,11400
3338.949,STOCK2,160.00,500,161.00,11200
3339.715,STOCK2,160.00,500,161.00,6200
3340.528,STOCK2,160.00,500,161.00,1200
3342.578,STOCK2,160.00,3500,161.00,1200
3342.943,STOCK2,160.00,3500,161.00,200
3343.700,STOCK2,160.00,3500,199.00,1000
3347.273,STOCK2,160.00,2500,199.00,1000
3347.840,STOCK2,160.00,1500,199.00,1000
3348.404,STOCK2,160.00,500,199.00,1000
3348.667,STOCK1,55.00,500,75.00,2534
3350.356,STOCK2,160.00,500,180.00,4456
3355.450,STOCK2,157.00,1550,180.00,4456
3355.917,STOCK2,157.00,1550,180.00,4956
3356.284,STOCK2,160.00,3000,180.00,4956
3358.210,STOCK2,160.00,3000,180.00,956
3361.087,STOCK2,160.00,3000,161.00,690
3362.667,STOCK1,55.00,500,74.00,1000
3363.050,STOCK1,53.01,5000,74.00,1000
3364.697,STOCK1,53.01,5000,74.00,2000
3367.140,STOCK1,53.01,5000,74.00,3000
3367.849,STOCK2,160.00,3000,161.00,490
3369.752,STOCK2,160.00,3000,161.00,290
3370.479,STOCK1,53.01,4900,74.00,3000
3370.774,STOCK1,53.01,4800,74.00,3000
3370.935,STOCK2,160.00,3000,170.00,3790
3371.030,STOCK1,53.01,4700,74.00,3000
3371.131,STOCK2,160.00,3000,170.00,3290
3371.287,STOCK1,53.01,4600,74.00,3000
3371.535,STOCK1,53.01,4500,74.00,3000
3371.809,STOCK1,70.00,1,74.00,3000
3371.910,STOCK1,53.01,4401,74.00,3000
3372.429,STOCK1,53.01,4301,74.00,3000
3372.896,STOCK1,70.00,1,74.00,3000
3373.203,STOCK2,160.00,3000,170.00,1790
3373.313,STOCK1,53.01,4202,74.00,3000
3374.488,STOCK2,160.00,3000,239.00,746
3374.618,STOCK2,160.00,3000,240.00,4246
3374.679,STOCK1,70.00,1,74.00,3000
3377.251,STOCK2,160.00,3000,249.00,6246
3379.933,STOCK2,156.00,4550,249.00,6246
3379.944,STOCK2,156.00,4550,249.00,6146
3380.176,STOCK2,156.00,4550,249.00,6046
3380.393,STOCK2,156.00,4550,249.00,5946
3380.645,STOCK2,156.00,4550,249.00,5846
3381.209,STOCK2,147.00,1550,249.00,5846
3383.104,STOCK2,147.00,1550,249.00,4846
3387.890,STOCK2,150.00,500,249.00,4846
3390.277,STOCK2,160.00,5000,249.00,4846
3391.181,STOCK1,53.01,4202,74.00,3000
3392.446,STOCK2,162.00,1581,249.00,4846
3393.668,STOCK1,53.01,3702,74.00,3000
3394.846,STOCK2,160.00,1581,249.00,4846
3395.048,STOCK2,161.00,1000,249.00,4846
3396.269,STOCK2,169.00,500,249.00,4846
3398.453,STOCK1,53.01,3202,74.00,3000
3398.907,STOCK1,53.01,2702,74.00,3000
3399.130,STOCK2,169.00,500,246.00,5000
3399.149,STOCK1,53.01,2202,74.00,3000
3399.415,STOCK1,53.01,1702,74.00,3000
3399.620,STOCK1,53.01,1202,74.00,3000
3399.923,STOCK1,53.01,702,74.00,3000
3400.820,STOCK1,53.01,202,74.00,3000
3401.072,STOCK1,53.00,4702,74.00,3000
3401.923,STOCK1,53.00,4202,74.00,3000
3402.625,STOCK1,53.00,4202,70.00,2534
3404.311,STOCK2,170.00,1000,246.00,5000
3404.482,STOCK2,170.00,2000,246.00,5000
3404.643,STOCK2,170.00,3000,246.00,5000
3405.259,STOCK1,53.00,4102,70.00,2534
3405.904,STOCK1,53.00,4002,70.00,2534
3406.066,STOCK2,170.00,3000,245.00,1000
3406.645,STOCK2,170.00,3000,245.00,2000
3406.924,STOCK2,170.00,2000,245.00,2000
3406.975,STOCK2,170.00,2000,245.00,3000
3407.450,STOCK2,170.00,2000,245.00,4000
3410.796,STOCK2,170.00,2000,245.00,5000
3411.388,STOCK2,162.00,2500,245.00,5000
3412.785,STOCK2,178.00,5000,245.00,5000
3415.418,STOCK2,162.00,2500,245.00,5000
3418.473,STOCK2,162.00,2500,240.00,500
3418.694,STOCK2,162.00,2500,240.00,1500
3419.949,STOCK2,165.00,1000,240.00,1500
3420.119,STOCK2,165.00,2000,240.00,1500
3420.455,STOCK2,165.00,3000,240.00,1500
3423.087,STOCK2,165.00,2000,240.00,1500
3425.387,STOCK2,165.00,2000,240.00,1000
3425.911,STOCK2,165.00,2000,240.00,500
3426.041,STOCK2,161.00,1500,240.00,500
3428.769,STOCK2,161.00,1500,240.00,2500
3433.533,STOCK1,54.00,1000,70.00,2534
3434.043,STOCK1,54.00,1000,69.00,1000
3434.277,STOCK1,54.00,1000,69.00,2000
3436.134,STOCK1,54.00,1000,69.00,3000
3436.625,STOCK1,54.00,1000,69.00,4000
3436.816,STOCK2,161.00,1500,239.00,500
3436.937,STOCK1,54.00,1000,69.00,5000
3449.904,STOCK2,161.00,1500,238.00,2000
3455.660,STOCK2,162.00,500,238.00,2000
3457.128,STOCK1,55.00,1000,69.00,5000
3459.561,STOCK2,147.00,181,238.00,2000
3460.634,STOCK2,147.00,181,237.00,589
3460.884,STOCK2,147.00,181,220.00,500
3471.355,STOCK2,150.00,100,220.00,500
3471.535,STOCK2,150.00,200,220.00,500
3471.667,STOCK2,150.00,300,220.00,500
3472.050,STOCK2,150.00,400,220.00,500
3472.552,STOCK2,150.00,500,220.00,500
3473.417,STOCK2,150.00,500,219.00,589
3475.093,STOCK2,151.00,2000,219.00,589
3475.307,STOCK1,56.00,5000,69.00,5000
3475.873,STOCK1,56.00,10000,69.00,5000
3476.246,STOCK1,56.00,10000,68.00,1699
3476.633,STOCK1,56.00,15000,68.00,1699
3482.157,STOCK2,151.00,2000,218.00,500
3485.902,STOCK1,56.00,14900,68.00,1699
3486.223,STOCK2,152.00,100,218.00,500
3486.374,STOCK2,152.00,200,218.00,500
3486.433,STOCK1,56.00,14800,68.00,1699
3486.606,STOCK1,56.00,14700,68.00,1699
3486.667,STOCK2,152.00,300,218.00,500
3486.790,STOCK1,56.00,14600,68.00,1699
3486.821,STOCK2,152.00,400,218.00,500
3486.972,STOCK1,56.00,14500,68.00,1699
3487.473,STOCK2,152.00,500,218.00,500
3487.966,STOCK2,152.00,500,217.90,589
3488.878,STOCK2,152.00,500,217.90,1178
3491.623,STOCK1,58.00,1000,68.00,1699
3492.283,STOCK1,58.00,2000,68.00,1699
3494.639,STOCK1,58.00,2000,68.00,1689
3494.763,STOCK1,58.00,2000,68.00,1679
3494.896,STOCK1,58.00,2000,68.00,1669
3495.019,STOCK1,58.00,2000,68.00,1659
3495.150,STOCK1,58.00,2000,68.00,1649
3495.264,STOCK1,58.00,2000,68.00,1639
3495.395,STOCK1,58.00,2000,68.00,1629
3495.518,STOCK1,58.00,2000,68.00,1619
3495.648,STOCK1,58.00,2000,68.00,1609
3495.773,STOCK1,58.00,2000,68.00,1599
3495.894,STOCK1,58.00,2000,68.00,1589
3496.027,STOCK1,58.00,2000,68.00,1579
3496.159,STOCK1,58.00,2000,68.00,1569
3496.280,STOCK1,58.00,2000,68.00,1559
3496.420,STOCK1,58.00,2000,68.00,1549
3496.540,STOCK1,58.00,2000,68.00,1539
3496.671,STOCK1,58.00,2000,68.00,1529
3496.801,STOCK1,58.00,2000,68.00,1519
3496.933,STOCK1,58.00,2000,68.00,1509
3497.054,STOCK1,58.00,2000,68.00,1499
3497.669,STOCK2,151.00,500,217.90,1178
3499.190,STOCK1,58.00,2000,68.00,1489
3499.434,STOCK1,58.00,2000,67.00,589
3499.629,STOCK1,58.00,2000,67.00,1178
3499.781,STOCK1,58.00,2000,67.00,1767
3499.902,STOCK2,151.00,500,215.00,100
3500.072,STOCK2,151.00,500,215.00,200
3500.204,STOCK2,151.00,500,215.00,300
3500.322,STOCK1,58.00,2000,67.00,2356
3500.392,STOCK2,151.00,500,215.00,400
3500.565,STOCK1,58.00,2000,67.00,2945
3500.818,STOCK2,151.00,500,215.00,500
3501.846,STOCK1,58.00,2000,67.00,3534
3502.597,STOCK1,58.00,2000,67.00,4123
3502.898,STOCK2,147.00,181,215.00,500
3505.202,STOCK1,58.00,2000,66.00,500
3505.384,STOCK1,58.00,2000,66.00,1000
3506.751,STOCK2,147.00,181,210.00,2000
3506.762,STOCK1,58.00,2000,67.00,4123
3506.886,STOCK1,58.00,2000,67.00,3123
3507.026,STOCK1,58.00,2000,67.00,2123
3507.147,STOCK1,58.00,2000,67.00,1123
3507.208,STOCK1,58.00,2000,66.00,500
3507.267,STOCK1,58.00,2000,67.00,623
3507.357,STOCK1,58.00,2000,65.00,589
3507.387,STOCK1,58.00,2000,67.00,212
3507.528,STOCK1,58.00,2000,68.00,701
3507.579,STOCK1,58.00,2000,65.00,589
3507.649,STOCK1,58.00,2000,68.00,290
3507.789,STOCK1,58.00,2000,69.00,4290
3507.926,STOCK1,58.00,2000,69.00,3290
3508.018,STOCK1,58.00,2000,69.00,2290
3508.140,STOCK1,58.00,2000,69.00,1290
3508.280,STOCK1,58.00,2000,69.00,290
3508.392,STOCK1,58.00,2000,70.00,1824
3508.523,STOCK1,58.00,2000,70.00,824
3508.643,STOCK1,58.00,2000,73.00,1824
3508.766,STOCK1,58.00,2000,73.00,824
3508.868,STOCK1,56.00,13966,73.00,824
3508.898,STOCK1,56.00,13966,74.00,2824
3509.012,STOCK1,56.00,13966,74.00,1824
3509.154,STOCK1,56.00,13966,74.00,824
3509.286,STOCK1,56.00,13966,79.00,2957
3509.418,STOCK1,56.00,13966,79.00,1957
3509.528,STOCK1,56.00,13966,79.00,957
3509.658,STOCK1,56.00,13966,85.00,4957
3509.780,STOCK1,56.00,13966,85.00,3957
3510.042,STOCK1,56.00,13966,85.00,2957
3510.276,STOCK1,56.00,13966,85.00,1957
3510.407,STOCK1,56.00,13966,85.00,957
3510.662,STOCK1,56.00,13966,97.00,957
3510.788,STOCK1,56.00,13966,100.00,1457
3511.040,STOCK1,56.00,13966,100.00,457
3511.173,STOCK1,56.00,13966,120.00,1457
3511.425,STOCK1,56.00,13966,120.00,457
3511.678,STOCK1,56.00,13966,124.00,1457
3511.739,STOCK2,147.00,181,210.00,2500
3511.799,STOCK1,56.00,13966,124.00,457
3512.050,STOCK1,56.00,13966,125.00,4457
3512.172,STOCK1,56.00,13966,125.00,3457
3512.432,STOCK1,56.00,13966,125.00,2457
3512.541,STOCK2,147.00,181,200.00,100
3512.675,STOCK1,56.00,13966,125.00,1457
3512.705,STOCK2,147.00,181,200.00,200
3512.817,STOCK1,56.00,13966,125.00,457
3512.848,STOCK2,147.00,181,200.00,300
3513.022,STOCK2,147.00,181,200.00,400
3513.044,STOCK1,56.00,13966,130.00,4457
3513.176,STOCK1,56.00,13966,130.00,3457
3513.422,STOCK1,56.00,13966,130.00,2457
3513.451,STOCK2,147.00,181,200.00,500
3513.675,STOCK1,56.00,13966,130.00,1457
3513.799,STOCK1,56.00,13966,130.00,457
3514.061,STOCK1,56.00,13966,170.00,457
3514.184,STOCK1,56.00,13966,900.00,1457
3514.194,STOCK1,56.00,13966,500.00,1000
3514.438,STOCK1,56.00,13966,900.00,1457
3514.568,STOCK1,56.00,13966,900.00,457
3514.722,STOCK1,56.00,13966,500.00,1000
3514.822,STOCK1,56.00,13966,900.00,457
3514.904,STOCK2,147.00,181,210.00,2200
3515.076,STOCK1,56.00,13966,1000.00,1407
3515.207,STOCK1,56.00,13966,1000.00,407
3515.336,STOCK1,56.00,13966,4000.00,723
3515.954,STOCK1,56.00,13966,1000.00,500
3516.067,STOCK2,147.00,181,210.00,1200
3517.580,STOCK1,57.00,589,1000.00,500
3518.044,STOCK1,57.00,1178,1000.00,500
3523.514,STOCK1,57.00,1178,2000.00,9501
3523.797,STOCK1,57.00,1178,2000.00,8502
3523.838,STOCK1,57.00,1178,2000.00,7503
3523.961,STOCK1,57.00,1178,2000.00,6504
3524.093,STOCK1,57.00,1178,2000.00,5505
3524.346,STOCK1,57.00,1178,2000.00,4506
3524.346,STOCK1,57.00,1178,2000.00,3507
3524.427,STOCK2,147.00,181,210.00,1000
3524.761,STOCK1,60.00,2766,2000.00,3507
3524.833,STOCK1,60.00,2766,2000.00,2508
3524.863,STOCK1,60.00,2766,2000.00,1509
3525.199,STOCK1,60.00,2766,2000.00,2509
3525.449,STOCK1,60.00,2766,2000.00,1510
3525.459,STOCK1,60.00,2766,2000.00,511
3526.091,STOCK1,60.00,2766,4000.00,235
3526.930,STOCK1,60.00,2766,5000.00,2186
3526.940,STOCK1,60.00,2766,5000.00,1187
3528.061,STOCK1,60.00,2766,5000.00,188
3528.811,STOCK1,60.00,2766,1000.00,1000
3529.236,STOCK1,60.00,2766,1000.00,1
3530.744,STOCK1,60.00,2766,4000.00,34002
3532.192,STOCK1,60.00,2766,3000.00,5000
3532.415,STOCK1,60.00,2766,3000.00,4001
3532.659,STOCK1,60.00,2666,3000.00,4001
3532.669,STOCK2,147.00,181,209.00,1000
3533.857,STOCK1,60.00,2666,3000.00,9001
3534.020,STOCK1,60.00,2666,3000.00,14001
3534.445,STOCK1,60.00,2566,3000.00,14001
3534.535,STOCK1,60.00,2566,3000.00,13002
3534.586,STOCK1,60.00,2566,3000.00,15002
3535.511,STOCK1,60.00,2466,3000.00,15002
3536.099,STOCK1,60.00,2366,3000.00,15002
3536.595,STOCK1,60.00,2266,3000.00,15002
3537.030,STOCK1,60.00,2266,3000.00,14003
3537.101,STOCK1,60.00,2266,2000.00,500
3537.313,STOCK1,60.00,2266,2000.00,1000
3538.431,STOCK1,60.00,2266,2000.00,1500
3539.045,STOCK2,147.00,181,208.00,500
3539.187,STOCK1,60.10,1000,2000.00,1500
3539.542,STOCK1,60.10,2000,2000.00,1500
3539.632,STOCK1,60.10,2000,2000.00,501
3539.702,STOCK1,60.10,3000,2000.00,501
3539.884,STOCK1,60.10,4000,2000.00,501
3540.106,STOCK1,60.10,5000,2000.00,501
3540.360,STOCK1,60.10,6000,2000.00,501
3540.510,STOCK1,60.10,6000,1000.00,1000
3541.451,STOCK2,147.00,181,209.00,500
3542.051,STOCK2,145.00,1000,209.00,500
3542.552,STOCK1,60.10,6000,1000.00,1
3542.592,STOCK1,60.10,6000,2999.00,17503
3542.663,STOCK1,60.10,6000,2999.00,18503
3544.853,STOCK1,60.10,6000,2999.00,17504
3545.214,STOCK1,60.10,6000,1000.00,1000
3546.420,STOCK1,60.10,6000,1000.00,1
3547.435,STOCK1,60.11,2997,1000.00,1
3548.181,STOCK1,60.11,2997,2000.00,4002
3549.923,STOCK1,60.11,2997,2000.00,3003
3551.305,STOCK1,60.11,2997,1000.00,2000
3551.496,STOCK1,60.11,2997,1000.00,1001
3552.531,STOCK1,63.00,1000,1000.00,1001
3552.632,STOCK1,63.00,1000,1000.00,1501
3552.796,STOCK1,63.00,2000,1000.00,1501
3552.817,STOCK1,63.00,2000,1000.00,2001
3553.807,STOCK1,63.00,3000,1000.00,2001
3554.653,STOCK1,63.00,3000,1000.00,2501
3554.960,STOCK1,63.00,3000,1000.00,1502
3555.102,STOCK1,63.00,3000,1000.00,503
3556.749,STOCK1,63.00,3000,2000.00,2507
3557.051,STOCK1,65.00,2997,2000.00,2507
3558.207,STOCK1,65.00,2997,2000.00,1508
3559.760,STOCK2,145.00,1000,205.00,500
3559.811,STOCK1,65.00,2997,2000.00,509
3560.095,STOCK1,68.00,1000,2000.00,509
3560.258,STOCK1,68.00,2000,2000.00,509
3560.422,STOCK1,68.00,3000,2000.00,509
3560.573,STOCK1,68.00,4000,2000.00,509
3560.738,STOCK1,68.00,5000,2000.00,509
3560.910,STOCK1,100.00,2766,2000.00,509
3561.375,STOCK1,100.00,2766,3000.00,13513
3562.001,STOCK1,100.00,2172,3000.00,13513
3562.132,STOCK1,100.00,2672,3000.00,13513
3563.050,STOCK1,100.00,3172,3000.00,13513
3563.112,STOCK1,100.00,3172,3000.00,12514
3564.686,STOCK1,100.00,3172,3000.00,11515
3564.707,STOCK1,101.00,1000,3000.00,11515
3564.844,STOCK1,101.00,900,3000.00,11515
3564.884,STOCK1,101.00,1900,3000.00,11515
3565.054,STOCK1,101.00,2900,3000.00,11515
3565.224,STOCK1,101.00,3900,3000.00,11515
3565.971,STOCK1,101.00,1900,3000.00,11515
3566.480,STOCK1,101.00,1900,3000.00,10516
3566.606,STOCK1,101.00,1800,3000.00,10516
3567.163,STOCK1,101.00,1700,3000.00,10516
3567.264,STOCK1,101.00,1700,3000.00,15516
3568.176,STOCK2,145.00,1000,205.00,300
3568.308,STOCK1,101.00,1700,3000.00,20516
3568.338,STOCK1,101.00,1700,3000.00,19517
3568.469,STOCK1,101.00,1600,3000.00,19517
3568.761,STOCK1,150.00,500,3000.00,19517
3568.822,STOCK1,150.00,500,1000.00,1000
3568.883,STOCK1,101.00,100,1000.00,1000
3568.943,STOCK1,150.00,500,1000.00,1000
3569.034,STOCK1,150.00,400,1000.00,1000
3569.164,STOCK2,145.00,1000,205.00,100
3569.759,STOCK1,150.00,300,1000.00,1000
3569.973,STOCK1,150.00,300,1000.00,2000
3570.425,STOCK1,150.00,200,1000.00,2000
3570.566,STOCK1,100.00,1472,1000.00,2000
3571.037,STOCK1,100.00,1372,1000.00,2000
3571.644,STOCK1,100.00,1372,1000.00,1001
3572.199,STOCK1,100.00,1272,1000.00,1001
3572.985,STOCK1,100.00,1172,1000.00,1001
3573.409,STOCK2,145.00,1000,200.00,1000
3574.031,STOCK1,100.00,1072,1000.00,1001
3574.242,STOCK1,100.00,1000,1000.00,1001
3574.526,STOCK1,100.00,900,1000.00,1001
3574.606,STOCK1,150.00,500,1000.00,1001
3575.222,STOCK1,150.00,400,1000.00,1001
3575.335,STOCK2,145.00,1000,200.00,200
3575.456,STOCK1,100.00,800,1000.00,1001
3575.658,STOCK1,100.00,800,999.00,1000
3575.699,STOCK1,100.00,800,999.00,1
3575.909,STOCK1,100.00,700,999.00,1
3576.799,STOCK1,100.00,600,999.00,1
3577.457,STOCK1,100.00,500,999.00,1
3577.688,STOCK1,68.00,5000,999.00,1
3577.910,STOCK1,150.00,500,999.00,1
3579.205,STOCK1,150.00,400,999.00,1
3579.265,STOCK1,68.00,4900,999.00,1
3580.616,STOCK2,140.00,3500,200.00,200
3584.651,STOCK1,68.00,4900,800.00,500
3584.772,STOCK1,69.00,5000,800.00,500
3586.685,STOCK1,69.00,5000,800.00,1000
3587.306,STOCK2,140.00,3500,200.00,300
3587.931,STOCK1,69.00,4500,800.00,1000
3588.921,STOCK2,140.00,3500,217.90,1178
3589.496,STOCK1,69.00,4000,800.00,1000
3590.663,STOCK1,69.00,3500,800.00,1000
3591.480,STOCK2,140.00,2500,217.90,1178
3591.681,STOCK1,70.00,1000,800.00,1000
3591.942,STOCK1,70.00,500,800.00,1000
3591.952,STOCK2,140.00,2500,217.90,378
3592.557,STOCK1,70.00,1500,800.00,1000
3593.176,STOCK2,140.00,1500,217.90,378
3593.247,STOCK2,140.00,1500,239.00,467
3593.569,STOCK1,70.00,1000,800.00,1000
3593.619,STOCK1,100.00,5000,800.00,1000
3594.153,STOCK2,140.00,500,239.00,467
3594.549,STOCK1,100.00,4500,800.00,1000
3594.972,STOCK1,100.00,4000,800.00,1000
3595.174,STOCK1,100.00,3500,800.00,1000
3595.214,STOCK1,100.00,8500,800.00,1000
3595.304,STOCK1,100.00,8000,800.00,1000
3595.324,STOCK1,100.00,7000,800.00,1000
3595.445,STOCK1,100.00,6500,800.00,1000
3595.575,STOCK1,100.00,6000,800.00,1000
3595.759,STOCK1,100.00,5500,800.00,1000
3595.769,STOCK1,100.00,4500,800.00,1000
3595.841,STOCK1,100.00,2500,800.00,1000
3595.963,STOCK1,100.00,2000,800.00,1000
3596.188,STOCK1,100.00,1500,800.00,1000
3596.898,STOCK1,100.00,1500,150.00,5000
3597.084,STOCK1,100.00,1000,150.00,5000
3597.124,STOCK1,100.00,1000,150.00,10000
3597.205,STOCK1,100.00,1000,150.00,15000
3597.347,STOCK1,70.00,1000,150.00,15000
3597.377,STOCK1,70.00,1000,150.00,20000
3598.298,STOCK1,70.00,1000,150.00,25000
3600.003,STOCK1,,,,
3600.003,STOCK2,,,,
