id,t_sec,symbol,price,qty,taker_side,buyer,seller,bid,ask
1,7.258,STOCK1,30.00,1000,sell,T-029,T-018,30.00,298.00
2,18.173,STOCK1,100.00,10,buy,T-038,T-029,12.00,100.00
3,25.756,STOCK1,99.00,1000,buy,T-018,T-041,12.01,99.00
4,26.957,STOCK2,400.00,100,buy,T-008,T-045,31.00,400.00
5,26.957,STOCK2,9999.00,400,buy,T-008,T-032,31.00,400.00
6,28.022,STOCK1,100.00,990,buy,T-053,T-029,12.01,100.00
7,28.022,STOCK1,295.00,10,buy,T-053,T-041,12.01,100.00
8,28.022,STOCK1,295.00,1000,buy,T-053,T-041,12.01,100.00
9,28.022,STOCK1,298.00,1000,buy,T-053,T-019,12.01,100.00
10,28.022,STOCK1,300.00,200,buy,T-053,T-030,12.01,100.00
11,28.022,STOCK1,500.00,100,buy,T-053,T-013,12.01,100.00
12,28.022,STOCK1,898.00,1000,buy,T-053,T-019,12.01,100.00
13,28.022,STOCK1,900.00,700,buy,T-053,T-051,12.01,100.00
14,28.366,STOCK1,900.00,300,buy,T-018,T-051,12.01,900.00
15,28.366,STOCK1,9999.99,700,buy,T-018,T-037,12.01,900.00
16,31.036,STOCK2,50.00,500,sell,T-016,T-008,50.00,9999.00
17,31.922,STOCK2,50.00,500,sell,T-016,T-008,50.00,9999.00
18,32.276,STOCK2,31.00,100,sell,T-045,T-008,31.00,9999.00
19,32.276,STOCK2,1.00,400,sell,T-032,T-008,31.00,9999.00
20,32.459,STOCK2,1.00,500,sell,T-032,T-008,1.00,9999.00
21,32.631,STOCK2,1.00,500,sell,T-032,T-008,1.00,9999.00
22,32.813,STOCK2,1.00,500,sell,T-032,T-008,1.00,9999.00
23,32.984,STOCK2,1.00,500,sell,T-032,T-008,1.00,9999.00
24,33.085,STOCK1,12.03,10,sell,T-030,T-033,12.03,9999.99
25,33.186,STOCK2,1.00,500,sell,T-032,T-008,1.00,9999.00
26,33.372,STOCK2,1.00,500,sell,T-032,T-008,1.00,9999.00
27,33.595,STOCK2,1.00,500,sell,T-032,T-008,1.00,9999.00
28,41.847,STOCK1,300.00,100,buy,T-053,T-031,12.03,300.00
29,41.847,STOCK1,300.00,1000,buy,T-053,T-041,12.03,300.00
30,41.847,STOCK1,400.00,1000,buy,T-053,T-040,12.03,300.00
31,41.847,STOCK1,9995.00,1000,buy,T-053,T-041,12.03,300.00
32,41.847,STOCK1,9999.99,1900,buy,T-053,T-037,12.03,300.00
33,42.365,STOCK2,100.00,500,buy,T-008,T-016,15.00,100.00
34,48.738,STOCK2,15.00,1500,sell,T-011,T-008,15.00,100.00
35,49.534,STOCK2,15.00,1500,sell,T-011,T-008,15.00,100.00
36,49.777,STOCK2,15.00,1500,sell,T-011,T-008,15.00,100.00
37,49.978,STOCK2,15.00,500,sell,T-011,T-008,15.00,100.00
38,49.978,STOCK2,1.00,1000,sell,T-032,T-008,15.00,100.00
39,50.168,STOCK2,1.00,100,sell,T-032,T-008,1.00,100.00
40,50.168,STOCK2,1.00,1400,sell,T-032,T-008,1.00,100.00
41,50.352,STOCK2,1.00,1500,sell,T-032,T-008,1.00,100.00
42,50.545,STOCK2,1.00,1500,sell,T-032,T-008,1.00,100.00
43,50.717,STOCK2,1.00,600,sell,T-032,T-008,1.00,100.00
44,50.717,STOCK2,1.00,900,sell,T-032,T-008,1.00,100.00
45,50.768,STOCK2,100.00,500,buy,T-006,T-016,1.00,100.00
46,50.912,STOCK2,1.00,1500,sell,T-032,T-008,1.00,9999.00
47,51.105,STOCK2,1.00,1500,sell,T-032,T-008,1.00,9999.00
48,51.309,STOCK2,1.00,1100,sell,T-032,T-008,1.00,9999.00
49,51.309,STOCK2,1.00,400,sell,T-032,T-008,1.00,9999.00
50,61.271,STOCK2,1.00,1,sell,T-032,T-003,1.00,450.00
51,65.214,STOCK2,1.00,500,sell,T-032,T-006,1.00,445.00
52,71.189,STOCK2,50.00,2000,sell,T-016,T-053,50.00,399.00
53,112.157,STOCK1,150.00,1000,buy,T-049,T-040,32.00,150.00
54,113.025,STOCK1,150.00,100,buy,T-015,T-040,32.00,150.00
55,116.842,STOCK1,120.00,100,buy,T-026,T-046,33.00,120.00
56,116.842,STOCK1,120.00,100,buy,T-026,T-046,33.00,120.00
57,116.842,STOCK1,120.00,100,buy,T-026,T-046,33.00,120.00
58,116.842,STOCK1,120.00,100,buy,T-026,T-046,33.00,120.00
59,116.842,STOCK1,120.00,100,buy,T-026,T-046,33.00,120.00
60,116.842,STOCK1,120.00,100,buy,T-026,T-046,33.00,120.00
61,116.842,STOCK1,120.00,100,buy,T-026,T-046,33.00,120.00
62,116.842,STOCK1,150.00,300,buy,T-026,T-040,33.00,120.00
63,123.222,STOCK1,150.00,600,buy,T-049,T-040,50.00,150.00
64,123.222,STOCK1,150.00,400,buy,T-049,T-040,50.00,150.00
65,123.417,STOCK1,150.00,600,buy,T-049,T-040,50.00,150.00
66,123.417,STOCK1,198.00,50,buy,T-049,T-030,50.00,150.00
67,123.417,STOCK1,199.00,100,buy,T-049,T-045,50.00,150.00
68,123.417,STOCK1,200.00,250,buy,T-049,T-019,50.00,150.00
69,125.428,STOCK2,298.00,10,buy,T-024,T-031,50.01,298.00
70,138.826,STOCK1,190.00,1000,buy,T-028,T-040,80.00,190.00
71,138.826,STOCK1,200.00,1000,buy,T-028,T-029,80.00,190.00
72,138.826,STOCK1,250.00,50,buy,T-028,T-030,80.00,190.00
73,138.826,STOCK1,250.00,50,buy,T-028,T-030,80.00,190.00
74,138.826,STOCK1,250.00,50,buy,T-028,T-030,80.00,190.00
75,138.826,STOCK1,300.00,1000,buy,T-028,T-041,80.00,190.00
76,138.826,STOCK1,300.00,100,buy,T-028,T-031,80.00,190.00
77,138.826,STOCK1,300.00,1000,buy,T-028,T-041,80.00,190.00
78,138.826,STOCK1,300.00,750,buy,T-028,T-041,80.00,190.00
79,140.149,STOCK1,80.00,500,sell,T-016,T-047,80.00,300.00
80,157.192,STOCK1,200.00,1000,buy,T-053,T-051,81.00,200.00
81,157.192,STOCK1,280.00,1000,buy,T-053,T-031,81.00,200.00
82,157.648,STOCK1,279.00,50,buy,T-044,T-045,81.00,279.00
83,167.152,STOCK1,81.00,50,sell,T-030,T-052,81.00,250.00
84,169.028,STOCK2,160.00,1000,buy,T-049,T-016,50.01,160.00
85,169.119,STOCK2,160.00,1000,buy,T-026,T-016,50.01,160.00
86,171.555,STOCK2,170.00,1000,buy,T-053,T-032,50.01,170.00
87,171.555,STOCK2,170.00,1000,buy,T-053,T-032,50.01,170.00
88,184.945,STOCK1,82.00,50,sell,T-040,T-033,82.00,240.00
89,186.215,STOCK1,82.00,50,sell,T-040,T-033,82.00,240.00
90,186.235,STOCK2,180.00,50,buy,T-052,T-011,52.00,180.00
91,187.427,STOCK1,82.00,50,sell,T-040,T-033,82.00,230.00
92,187.599,STOCK1,82.00,50,sell,T-040,T-033,82.00,230.00
93,187.773,STOCK1,82.00,50,sell,T-040,T-033,82.00,230.00
94,187.934,STOCK1,82.00,50,sell,T-040,T-033,82.00,230.00
95,188.115,STOCK1,82.00,50,sell,T-040,T-033,82.00,230.00
96,188.308,STOCK1,82.00,50,sell,T-040,T-033,82.00,230.00
97,189.397,STOCK1,82.00,600,sell,T-040,T-028,82.00,230.00
98,189.397,STOCK1,82.00,1000,sell,T-040,T-028,82.00,230.00
99,189.397,STOCK1,82.00,1000,sell,T-041,T-028,82.00,230.00
100,189.397,STOCK1,82.00,1000,sell,T-041,T-028,82.00,230.00
101,189.397,STOCK1,82.00,1000,sell,T-041,T-028,82.00,230.00
102,189.397,STOCK1,81.00,50,sell,T-030,T-028,82.00,230.00
103,189.397,STOCK1,80.00,350,sell,T-016,T-028,82.00,230.00
104,191.148,STOCK1,80.00,4150,sell,T-016,T-028,80.00,230.00
105,191.148,STOCK1,80.00,850,sell,T-029,T-028,80.00,230.00
106,198.143,STOCK1,100.00,10,sell,T-019,T-050,100.00,220.00
107,198.143,STOCK1,82.00,990,sell,T-041,T-050,100.00,220.00
108,200.717,STOCK1,82.00,10,sell,T-041,T-025,82.00,210.00
109,203.267,STOCK1,82.00,10,sell,T-041,T-025,82.00,210.00
110,207.204,STOCK1,82.00,100,sell,T-041,T-043,82.00,210.00
111,208.039,STOCK1,82.00,500,sell,T-041,T-047,82.00,210.00
112,209.839,STOCK1,82.00,50,sell,T-041,T-033,82.00,210.00
113,210.101,STOCK2,180.00,199,buy,T-008,T-011,52.00,180.00
114,210.436,STOCK1,85.00,50,sell,T-019,T-033,85.00,210.00
115,211.149,STOCK1,85.00,50,sell,T-019,T-033,85.00,210.00
116,211.735,STOCK1,82.00,50,sell,T-041,T-033,82.00,200.00
117,211.968,STOCK1,82.00,10,sell,T-041,T-025,82.00,200.00
118,214.511,STOCK1,85.00,50,sell,T-019,T-033,85.00,200.00
119,214.745,STOCK1,85.00,10,sell,T-019,T-025,85.00,200.00
120,214.866,STOCK1,85.00,40,sell,T-019,T-033,85.00,200.00
121,214.866,STOCK1,85.00,10,sell,T-019,T-033,85.00,200.00
122,215.616,STOCK2,83.00,199,sell,T-040,T-008,83.00,178.00
123,215.820,STOCK1,85.00,50,sell,T-019,T-033,85.00,200.00
124,216.415,STOCK1,85.00,40,sell,T-019,T-033,85.00,200.00
125,216.415,STOCK1,85.00,10,sell,T-019,T-033,85.00,200.00
126,216.982,STOCK1,85.00,50,sell,T-019,T-033,85.00,200.00
127,217.641,STOCK1,85.00,10,sell,T-019,T-025,85.00,200.00
128,217.661,STOCK1,85.00,30,sell,T-019,T-033,85.00,200.00
129,217.661,STOCK1,85.00,20,sell,T-019,T-033,85.00,200.00
130,218.249,STOCK1,85.00,50,sell,T-019,T-033,85.00,200.00
131,218.856,STOCK1,85.00,30,sell,T-019,T-033,85.00,200.00
132,218.856,STOCK1,85.00,20,sell,T-019,T-033,85.00,200.00
133,219.360,STOCK1,85.00,10,sell,T-019,T-025,85.00,200.00
134,220.452,STOCK2,84.00,100,sell,T-041,T-048,84.00,177.00
135,221.851,STOCK1,85.00,50,sell,T-019,T-033,85.00,200.00
136,222.389,STOCK1,85.00,20,sell,T-019,T-033,85.00,200.00
137,222.389,STOCK1,85.00,30,sell,T-019,T-033,85.00,200.00
138,222.461,STOCK1,85.00,10,sell,T-019,T-025,85.00,200.00
139,222.583,STOCK1,85.00,50,sell,T-019,T-033,85.00,200.00
140,222.954,STOCK1,85.00,10,sell,T-019,T-033,85.00,200.00
141,222.954,STOCK1,85.00,40,sell,T-038,T-033,85.00,200.00
142,223.760,STOCK1,85.00,10,sell,T-038,T-002,85.00,200.00
143,224.244,STOCK2,85.00,50,sell,T-030,T-008,85.00,177.00
144,224.244,STOCK2,84.00,149,sell,T-041,T-008,85.00,177.00
145,224.737,STOCK1,90.00,50,sell,T-032,T-033,90.00,200.00
146,225.607,STOCK1,90.00,50,sell,T-032,T-033,90.00,200.00
147,225.810,STOCK1,90.00,50,sell,T-032,T-033,90.00,200.00
148,225.830,STOCK1,90.00,10,sell,T-032,T-025,90.00,200.00
149,225.931,STOCK1,90.00,10,sell,T-032,T-002,90.00,200.00
150,226.053,STOCK1,90.00,50,sell,T-032,T-033,90.00,200.00
151,226.113,STOCK1,90.00,50,sell,T-032,T-033,90.00,200.00
152,226.253,STOCK1,90.00,50,sell,T-032,T-033,90.00,200.00
153,226.387,STOCK1,90.00,50,sell,T-032,T-033,90.00,200.00
154,226.519,STOCK1,90.00,50,sell,T-032,T-033,90.00,200.00
155,226.650,STOCK1,90.00,50,sell,T-032,T-033,90.00,200.00
156,226.821,STOCK1,90.00,50,sell,T-032,T-033,90.00,200.00
157,226.893,STOCK1,90.00,50,sell,T-032,T-033,90.00,200.00
158,227.024,STOCK1,90.00,50,sell,T-032,T-033,90.00,200.00
159,227.343,STOCK1,90.00,50,sell,T-032,T-033,90.00,200.00
160,227.405,STOCK1,90.00,50,sell,T-032,T-033,90.00,200.00
161,227.536,STOCK1,90.00,50,sell,T-032,T-033,90.00,200.00
162,227.617,STOCK1,90.00,230,sell,T-032,T-047,90.00,200.00
163,227.617,STOCK1,90.00,270,sell,T-032,T-047,90.00,200.00
164,227.689,STOCK1,90.00,50,sell,T-032,T-033,90.00,200.00
165,227.819,STOCK1,90.00,50,sell,T-032,T-033,90.00,200.00
166,227.922,STOCK2,84.00,199,sell,T-041,T-008,84.00,177.00
167,227.932,STOCK1,90.00,50,sell,T-032,T-033,90.00,200.00
168,228.135,STOCK1,90.00,10,sell,T-032,T-025,90.00,200.00
169,228.155,STOCK1,90.00,50,sell,T-032,T-033,90.00,200.00
170,228.207,STOCK1,90.00,50,sell,T-032,T-033,90.00,200.00
171,228.316,STOCK1,90.00,50,sell,T-032,T-033,90.00,200.00
172,228.834,STOCK1,90.00,50,sell,T-032,T-033,90.00,200.00
173,229.199,STOCK1,90.00,50,sell,T-032,T-033,90.00,200.00
174,229.250,STOCK1,90.00,10,sell,T-032,T-025,90.00,200.00
175,229.250,STOCK1,90.00,50,sell,T-032,T-033,90.00,200.00
176,229.402,STOCK1,90.00,50,sell,T-032,T-033,90.00,200.00
177,229.564,STOCK1,90.00,50,sell,T-032,T-033,90.00,200.00
178,229.726,STOCK1,90.00,50,sell,T-032,T-033,90.00,200.00
179,229.867,STOCK1,90.00,50,sell,T-032,T-033,90.00,200.00
180,230.019,STOCK1,90.00,50,sell,T-032,T-033,90.00,200.00
181,230.250,STOCK1,90.00,10,sell,T-032,T-033,90.00,200.00
182,230.250,STOCK1,90.00,40,sell,T-032,T-033,90.00,200.00
183,230.301,STOCK1,90.00,50,sell,T-032,T-033,90.00,200.00
184,230.452,STOCK1,90.00,50,sell,T-032,T-033,90.00,200.00
185,230.493,STOCK1,90.00,860,sell,T-032,T-043,90.00,200.00
186,230.493,STOCK1,85.00,50,sell,T-038,T-043,90.00,200.00
187,230.493,STOCK1,85.00,90,sell,T-019,T-043,90.00,200.00
188,230.583,STOCK1,85.00,10,sell,T-019,T-033,85.00,200.00
189,230.583,STOCK1,85.00,40,sell,T-036,T-033,85.00,200.00
190,230.773,STOCK1,85.00,50,sell,T-036,T-033,85.00,200.00
191,230.873,STOCK1,85.00,50,sell,T-036,T-033,85.00,200.00
192,231.016,STOCK1,85.00,50,sell,T-036,T-033,85.00,200.00
193,231.156,STOCK1,85.00,50,sell,T-036,T-033,85.00,200.00
194,231.247,STOCK1,85.00,10,sell,T-036,T-025,85.00,200.00
195,231.298,STOCK1,85.00,50,sell,T-036,T-033,85.00,200.00
196,232.200,STOCK1,90.00,50,sell,T-032,T-033,90.00,200.00
197,232.354,STOCK1,90.00,50,sell,T-032,T-033,90.00,200.00
198,232.680,STOCK1,91.00,50,sell,T-019,T-033,91.00,200.00
199,232.944,STOCK1,91.00,10,sell,T-019,T-025,91.00,200.00
200,232.965,STOCK1,91.00,40,sell,T-019,T-033,91.00,200.00
201,232.965,STOCK1,91.00,10,sell,T-019,T-033,91.00,200.00
202,233.127,STOCK1,91.00,50,sell,T-019,T-033,91.00,200.00
203,233.249,STOCK1,91.00,40,sell,T-019,T-002,91.00,200.00
204,233.249,STOCK1,91.00,60,sell,T-019,T-002,91.00,200.00
205,233.269,STOCK1,91.00,40,sell,T-019,T-033,91.00,200.00
206,233.269,STOCK1,91.00,10,sell,T-019,T-033,91.00,200.00
207,233.421,STOCK1,91.00,50,sell,T-019,T-033,91.00,200.00
208,233.532,STOCK1,91.00,40,sell,T-019,T-033,91.00,200.00
209,233.532,STOCK1,91.00,10,sell,T-019,T-033,91.00,200.00
210,233.682,STOCK1,91.00,50,sell,T-019,T-033,91.00,200.00
211,233.812,STOCK1,91.00,40,sell,T-019,T-033,91.00,200.00
212,233.812,STOCK1,91.00,10,sell,T-019,T-033,91.00,200.00
213,233.953,STOCK1,91.00,50,sell,T-019,T-033,91.00,200.00
214,234.087,STOCK1,91.00,40,sell,T-019,T-033,91.00,200.00
215,234.087,STOCK1,91.00,10,sell,T-019,T-033,91.00,200.00
216,234.198,STOCK1,91.00,50,sell,T-019,T-033,91.00,200.00
217,234.725,STOCK1,91.00,40,sell,T-019,T-002,91.00,200.00
218,234.725,STOCK1,91.00,60,sell,T-019,T-002,91.00,200.00
219,235.108,STOCK1,91.00,10,sell,T-019,T-025,91.00,200.00
220,236.512,STOCK1,91.00,30,sell,T-019,T-043,91.00,200.00
221,236.512,STOCK1,91.00,100,sell,T-019,T-043,91.00,200.00
222,236.512,STOCK1,91.00,100,sell,T-019,T-043,91.00,200.00
223,236.512,STOCK1,91.00,100,sell,T-019,T-043,91.00,200.00
224,236.512,STOCK1,91.00,100,sell,T-019,T-043,91.00,200.00
225,236.512,STOCK1,91.00,100,sell,T-019,T-043,91.00,200.00
226,236.512,STOCK1,91.00,100,sell,T-019,T-043,91.00,200.00
227,236.512,STOCK1,91.00,100,sell,T-019,T-043,91.00,200.00
228,236.512,STOCK1,91.00,100,sell,T-019,T-043,91.00,200.00
229,236.512,STOCK1,91.00,100,sell,T-019,T-043,91.00,200.00
230,236.512,STOCK1,91.00,70,sell,T-019,T-043,91.00,200.00
231,237.805,STOCK1,91.00,30,sell,T-019,T-033,91.00,200.00
232,237.805,STOCK1,91.00,100,sell,T-019,T-033,91.00,200.00
233,237.805,STOCK1,91.00,100,sell,T-019,T-033,91.00,200.00
234,237.805,STOCK1,90.00,900,sell,T-032,T-033,91.00,200.00
235,237.805,STOCK1,90.00,870,sell,T-016,T-033,91.00,200.00
236,239.054,STOCK1,91.00,100,sell,T-019,T-033,91.00,190.00
237,239.054,STOCK1,91.00,100,sell,T-019,T-033,91.00,190.00
238,239.054,STOCK1,91.00,100,sell,T-019,T-033,91.00,190.00
239,239.054,STOCK1,91.00,100,sell,T-019,T-033,91.00,190.00
240,239.054,STOCK1,91.00,100,sell,T-019,T-033,91.00,190.00
241,239.054,STOCK1,91.00,100,sell,T-019,T-033,91.00,190.00
242,239.054,STOCK1,91.00,100,sell,T-019,T-033,91.00,190.00
243,239.054,STOCK1,90.00,1130,sell,T-016,T-033,91.00,190.00
244,239.054,STOCK1,85.02,170,sell,T-011,T-033,91.00,190.00
245,240.148,STOCK1,92.00,10,sell,T-030,T-025,92.00,190.00
246,240.349,STOCK1,92.00,10,sell,T-030,T-025,92.00,190.00
247,240.369,STOCK1,92.00,30,sell,T-030,T-002,92.00,190.00
248,240.369,STOCK1,91.00,70,sell,T-019,T-002,92.00,190.00
249,240.521,STOCK1,91.00,10,sell,T-019,T-025,91.00,190.00
250,240.742,STOCK1,91.00,10,sell,T-019,T-025,91.00,190.00
251,241.562,STOCK1,91.00,10,sell,T-019,T-025,91.00,180.00
252,241.815,STOCK1,91.00,100,sell,T-019,T-033,91.00,180.00
253,241.815,STOCK1,91.00,100,sell,T-019,T-033,91.00,180.00
254,241.815,STOCK1,91.00,100,sell,T-019,T-033,91.00,180.00
255,241.815,STOCK1,91.00,100,sell,T-019,T-033,91.00,180.00
256,241.815,STOCK1,91.00,100,sell,T-019,T-033,91.00,180.00
257,241.815,STOCK1,91.00,100,sell,T-019,T-033,91.00,180.00
258,241.815,STOCK1,91.00,100,sell,T-019,T-033,91.00,180.00
259,241.815,STOCK1,85.02,1300,sell,T-011,T-033,91.00,180.00
260,241.846,STOCK1,85.02,10,sell,T-011,T-025,85.02,180.00
261,243.918,STOCK1,92.00,50,sell,T-030,T-052,92.00,180.00
262,243.918,STOCK1,92.00,50,sell,T-030,T-052,92.00,180.00
263,243.918,STOCK1,85.00,100,sell,T-036,T-052,92.00,180.00
264,244.436,STOCK1,85.00,600,sell,T-036,T-033,85.00,180.00
265,244.436,STOCK1,82.00,280,sell,T-041,T-033,85.00,180.00
266,244.436,STOCK1,82.00,1000,sell,T-041,T-033,85.00,180.00
267,244.436,STOCK1,81.00,50,sell,T-030,T-033,85.00,180.00
268,244.436,STOCK1,81.00,50,sell,T-030,T-033,85.00,180.00
269,244.436,STOCK1,81.00,20,sell,T-030,T-033,85.00,180.00
270,247.621,STOCK1,92.00,50,sell,T-030,T-002,92.00,170.00
271,247.621,STOCK1,81.00,30,sell,T-030,T-002,92.00,170.00
272,247.621,STOCK1,81.00,20,sell,T-045,T-002,92.00,170.00
273,247.631,STOCK2,170.00,200,buy,T-052,T-040,85.00,170.00
274,253.324,STOCK1,93.00,10,sell,T-019,T-025,93.00,160.00
275,253.850,STOCK1,93.00,10,sell,T-019,T-025,93.00,160.00
276,254.438,STOCK1,93.00,10,sell,T-019,T-025,93.00,160.00
277,255.163,STOCK1,93.00,10,sell,T-019,T-025,93.00,160.00
278,255.963,STOCK1,94.00,10,sell,T-032,T-025,94.00,160.00
279,256.822,STOCK1,94.00,990,sell,T-032,T-033,94.00,160.00
280,256.822,STOCK1,93.00,10,sell,T-019,T-033,94.00,160.00
281,257.615,STOCK1,93.00,50,sell,T-019,T-033,93.00,160.00
282,257.615,STOCK1,93.00,100,sell,T-019,T-033,93.00,160.00
283,257.615,STOCK1,93.00,100,sell,T-019,T-033,93.00,160.00
284,257.615,STOCK1,93.00,100,sell,T-019,T-033,93.00,160.00
285,257.615,STOCK1,93.00,100,sell,T-019,T-033,93.00,160.00
286,257.615,STOCK1,93.00,100,sell,T-019,T-033,93.00,160.00
287,257.615,STOCK1,93.00,100,sell,T-019,T-033,93.00,160.00
288,257.615,STOCK1,93.00,100,sell,T-019,T-033,93.00,160.00
289,257.615,STOCK1,93.00,100,sell,T-019,T-033,93.00,160.00
290,257.615,STOCK1,93.00,100,sell,T-019,T-033,93.00,160.00
291,257.615,STOCK1,93.00,50,sell,T-019,T-033,93.00,160.00
292,259.319,STOCK1,159.00,50,buy,T-051,T-030,96.00,159.00
293,259.319,STOCK1,160.00,50,buy,T-051,T-032,96.00,159.00
294,261.338,STOCK1,96.00,100,sell,T-019,T-010,96.00,155.00
295,265.389,STOCK2,165.00,50,buy,T-024,T-046,85.01,165.00
296,266.916,STOCK1,96.00,10,sell,T-019,T-025,96.00,120.00
297,266.967,STOCK1,96.00,90,sell,T-019,T-002,96.00,120.00
298,266.967,STOCK1,96.00,10,sell,T-019,T-002,96.00,120.00
299,267.106,STOCK1,96.00,10,sell,T-019,T-025,96.00,120.00
300,267.188,STOCK2,165.00,50,buy,T-003,T-046,86.00,165.00
301,267.188,STOCK2,165.00,50,buy,T-003,T-046,86.00,165.00
302,267.259,STOCK1,96.00,10,sell,T-019,T-025,96.00,120.00
303,267.412,STOCK1,97.00,10,sell,T-032,T-025,97.00,120.00
304,268.089,STOCK2,165.00,50,buy,T-026,T-046,86.00,165.00
305,268.089,STOCK2,165.00,100,buy,T-026,T-046,86.00,165.00
306,268.089,STOCK2,165.00,100,buy,T-026,T-046,86.00,165.00
307,268.089,STOCK2,165.00,100,buy,T-026,T-046,86.00,165.00
308,268.089,STOCK2,165.00,100,buy,T-026,T-046,86.00,165.00
309,268.089,STOCK2,165.00,100,buy,T-026,T-046,86.00,165.00
310,268.089,STOCK2,170.00,450,buy,T-026,T-040,86.00,165.00
311,268.141,STOCK2,170.00,100,buy,T-003,T-040,86.00,170.00
312,268.527,STOCK2,170.00,50,buy,T-024,T-040,86.00,170.00
313,268.627,STOCK1,100.00,10,sell,T-051,T-025,100.00,120.00
314,268.758,STOCK1,100.00,10,sell,T-051,T-025,100.00,120.00
315,268.919,STOCK1,100.00,980,sell,T-051,T-033,100.00,120.00
316,268.919,STOCK1,97.00,20,sell,T-032,T-033,100.00,120.00
317,268.919,STOCK1,97.00,10,sell,T-032,T-025,97.00,120.00
318,269.061,STOCK1,97.00,10,sell,T-032,T-025,97.00,120.00
319,270.699,STOCK1,97.00,950,sell,T-032,T-033,97.00,120.00
320,270.699,STOCK1,97.00,50,sell,T-032,T-033,97.00,120.00
321,270.923,STOCK1,97.00,950,sell,T-032,T-043,97.00,120.00
322,270.923,STOCK1,97.00,50,sell,T-032,T-043,97.00,120.00
323,271.135,STOCK1,97.00,10,sell,T-032,T-025,97.00,120.00
324,271.145,STOCK1,97.00,940,sell,T-032,T-033,97.00,120.00
325,271.145,STOCK1,97.00,60,sell,T-032,T-033,97.00,120.00
326,271.297,STOCK1,97.00,10,sell,T-032,T-025,97.00,120.00
327,271.438,STOCK1,97.00,10,sell,T-032,T-025,97.00,120.00
328,271.600,STOCK1,97.00,10,sell,T-032,T-025,97.00,120.00
329,271.610,STOCK1,97.00,910,sell,T-032,T-043,97.00,120.00
330,271.610,STOCK1,97.00,90,sell,T-032,T-043,97.00,120.00
331,271.771,STOCK1,97.00,10,sell,T-032,T-025,97.00,120.00
332,272.950,STOCK1,97.00,900,sell,T-032,T-033,97.00,120.00
333,272.950,STOCK1,96.00,70,sell,T-019,T-033,97.00,120.00
334,272.950,STOCK1,96.00,30,sell,T-019,T-033,97.00,120.00
335,273.344,STOCK1,96.00,70,sell,T-019,T-033,96.00,120.00
336,273.344,STOCK1,96.00,100,sell,T-019,T-033,96.00,120.00
337,273.344,STOCK1,96.00,100,sell,T-019,T-033,96.00,120.00
338,273.344,STOCK1,96.00,100,sell,T-019,T-033,96.00,120.00
339,273.344,STOCK1,93.00,50,sell,T-019,T-033,96.00,120.00
340,273.344,STOCK1,93.00,100,sell,T-019,T-033,96.00,120.00
341,273.344,STOCK1,93.00,100,sell,T-019,T-033,96.00,120.00
342,273.344,STOCK1,81.00,80,sell,T-045,T-033,96.00,120.00
343,273.344,STOCK1,80.00,150,sell,T-029,T-033,96.00,120.00
344,273.344,STOCK1,70.00,150,sell,T-051,T-033,96.00,120.00
345,279.592,STOCK1,110.00,1000,buy,T-026,T-032,70.00,110.00
346,279.776,STOCK2,169.75,1000,buy,T-008,T-011,86.00,169.75
347,279.776,STOCK2,170.00,200,buy,T-008,T-040,86.00,169.75
348,279.776,STOCK2,170.00,800,buy,T-008,T-040,86.00,169.75
349,281.744,STOCK1,105.00,1000,buy,T-026,T-040,70.00,105.00
350,282.724,STOCK2,168.00,100,buy,T-049,T-046,86.00,168.00
351,282.724,STOCK2,168.00,100,buy,T-049,T-046,86.00,168.00
352,282.724,STOCK2,168.00,100,buy,T-049,T-046,86.00,168.00
353,282.950,STOCK1,105.00,1000,buy,T-026,T-040,70.00,105.00
354,284.021,STOCK1,71.00,1000,buy,T-026,T-041,70.00,71.00
355,284.031,STOCK2,168.00,100,buy,T-049,T-046,86.00,168.00
356,284.031,STOCK2,168.00,100,buy,T-049,T-046,86.00,168.00
357,284.031,STOCK2,168.00,100,buy,T-049,T-046,86.00,168.00
358,284.879,STOCK1,109.00,50,buy,T-024,T-031,70.00,109.00
359,285.321,STOCK2,168.00,100,buy,T-003,T-046,86.00,168.00
360,285.468,STOCK2,168.00,100,buy,T-049,T-046,86.00,168.00
361,285.468,STOCK2,168.00,100,buy,T-049,T-046,86.00,168.00
362,285.468,STOCK2,168.00,100,buy,T-049,T-046,86.00,168.00
363,287.638,STOCK2,168.00,100,buy,T-049,T-046,86.00,168.00
364,287.638,STOCK2,168.00,100,buy,T-049,T-046,86.00,168.00
365,287.638,STOCK2,168.00,100,buy,T-049,T-046,86.00,168.00
366,288.833,STOCK2,168.00,100,buy,T-003,T-046,86.00,168.00
367,289.209,STOCK2,168.00,100,buy,T-006,T-046,86.00,168.00
368,289.209,STOCK2,168.00,100,buy,T-006,T-046,86.00,168.00
369,289.209,STOCK2,168.00,100,buy,T-006,T-046,86.00,168.00
370,289.209,STOCK2,168.00,100,buy,T-006,T-046,86.00,168.00
371,289.209,STOCK2,168.00,100,buy,T-006,T-046,86.00,168.00
372,289.534,STOCK2,168.00,100,buy,T-049,T-046,86.00,168.00
373,289.534,STOCK2,170.00,200,buy,T-049,T-040,86.00,168.00
374,289.726,STOCK2,170.00,100,buy,T-003,T-040,86.00,170.00
375,292.017,STOCK1,105.00,100,buy,T-015,T-040,71.00,105.00
376,293.238,STOCK1,105.00,50,buy,T-024,T-040,71.00,105.00
377,294.400,STOCK1,105.00,50,buy,T-024,T-040,80.00,105.00
378,294.603,STOCK1,105.00,50,buy,T-024,T-040,80.00,105.00
379,294.855,STOCK1,105.00,50,buy,T-024,T-040,80.00,105.00
380,294.998,STOCK1,105.00,50,buy,T-024,T-040,80.00,105.00
381,295.170,STOCK1,105.00,50,buy,T-024,T-040,80.00,105.00
382,295.231,STOCK1,105.00,100,buy,T-015,T-040,80.00,105.00
383,295.321,STOCK1,105.00,50,buy,T-024,T-040,80.00,105.00
384,295.511,STOCK1,105.00,450,buy,T-026,T-040,80.00,105.00
385,295.511,STOCK1,105.00,550,buy,T-026,T-040,80.00,105.00
386,295.622,STOCK1,105.00,50,buy,T-024,T-040,80.00,105.00
387,295.785,STOCK1,105.00,50,buy,T-024,T-040,80.00,105.00
388,295.957,STOCK1,105.00,50,buy,T-024,T-040,80.00,105.00
389,297.143,STOCK1,104.00,1000,buy,T-026,T-032,80.00,104.00
390,297.173,STOCK1,105.00,100,buy,T-015,T-040,80.00,105.00
391,297.947,STOCK1,105.00,50,buy,T-024,T-040,80.00,105.00
392,298.027,STOCK1,105.00,100,buy,T-015,T-040,80.00,105.00
393,298.403,STOCK1,105.00,50,buy,T-015,T-040,80.00,105.00
394,298.403,STOCK1,109.00,50,buy,T-015,T-031,80.00,105.00
395,298.717,STOCK1,109.00,100,buy,T-015,T-031,80.00,109.00
396,298.868,STOCK1,109.00,800,buy,T-026,T-031,80.00,109.00
397,298.868,STOCK1,110.00,200,buy,T-026,T-032,80.00,109.00
398,298.908,STOCK1,110.00,100,buy,T-015,T-032,80.00,110.00
399,299.079,STOCK1,110.00,100,buy,T-015,T-032,80.00,110.00
400,299.203,STOCK2,169.00,100,buy,T-049,T-046,86.00,169.00
401,299.203,STOCK2,169.00,100,buy,T-049,T-046,86.00,169.00
402,299.203,STOCK2,169.00,100,buy,T-049,T-046,86.00,169.00
403,299.565,STOCK2,169.00,100,buy,T-003,T-046,86.00,169.00
404,299.685,STOCK1,110.00,600,buy,T-026,T-032,80.00,110.00
405,299.685,STOCK1,110.00,400,buy,T-026,T-032,80.00,110.00
406,299.725,STOCK2,169.00,100,buy,T-049,T-046,86.00,169.00
407,299.725,STOCK2,169.00,100,buy,T-049,T-046,86.00,169.00
408,299.725,STOCK2,169.00,100,buy,T-049,T-046,86.00,169.00
409,299.735,STOCK1,110.00,100,buy,T-015,T-032,80.00,110.00
410,299.896,STOCK2,169.00,100,buy,T-003,T-046,86.00,169.00
411,300.319,STOCK1,110.00,500,buy,T-026,T-032,81.00,110.00
412,300.319,STOCK1,120.00,500,buy,T-026,T-036,81.00,110.00
413,300.372,STOCK2,169.00,100,buy,T-049,T-046,86.00,169.00
414,300.372,STOCK2,169.00,100,buy,T-049,T-046,86.00,169.00
415,300.372,STOCK2,169.00,100,buy,T-049,T-046,86.00,169.00
416,300.633,STOCK2,150.00,100,buy,T-003,T-036,86.00,150.00
417,300.914,STOCK2,150.00,300,buy,T-049,T-036,86.00,150.00
418,301.621,STOCK2,150.00,100,buy,T-003,T-036,86.00,150.00
419,301.833,STOCK2,150.00,300,buy,T-049,T-036,86.00,150.00
420,302.247,STOCK2,150.00,200,buy,T-049,T-036,86.00,150.00
421,302.247,STOCK2,169.00,100,buy,T-049,T-046,86.00,150.00
422,302.428,STOCK2,169.00,100,buy,T-049,T-046,86.00,169.00
423,302.428,STOCK2,170.00,200,buy,T-049,T-040,86.00,169.00
424,302.469,STOCK1,120.00,100,buy,T-015,T-036,81.00,120.00
425,302.630,STOCK2,170.00,100,buy,T-003,T-040,86.00,170.00
426,302.720,STOCK1,120.00,50,buy,T-024,T-036,81.00,120.00
427,302.903,STOCK1,120.00,50,buy,T-024,T-036,81.00,120.00
428,303.287,STOCK1,120.00,50,buy,T-024,T-036,81.00,120.00
429,303.467,STOCK1,120.00,50,buy,T-024,T-036,81.00,120.00
430,303.650,STOCK1,120.00,50,buy,T-024,T-036,81.00,120.00
431,303.981,STOCK1,120.00,50,buy,T-024,T-036,81.00,120.00
432,304.511,STOCK2,170.00,300,buy,T-049,T-040,120.00,170.00
433,304.551,STOCK1,120.00,50,buy,T-024,T-036,90.00,120.00
434,304.721,STOCK1,120.00,50,buy,T-024,T-036,90.00,120.00
435,305.035,STOCK1,155.00,100,buy,T-015,T-040,90.00,155.00
436,305.087,STOCK2,170.00,300,buy,T-049,T-040,120.00,170.00
437,306.278,STOCK2,120.00,100,sell,T-038,T-043,120.00,169.00
438,306.278,STOCK2,86.00,900,sell,T-029,T-043,120.00,169.00
439,306.634,STOCK2,169.00,100,buy,T-049,T-046,86.00,169.00
440,306.634,STOCK2,169.00,100,buy,T-049,T-046,86.00,169.00
441,306.634,STOCK2,169.00,100,buy,T-049,T-046,86.00,169.00
442,306.866,STOCK1,155.00,50,buy,T-024,T-040,81.00,155.00
443,307.191,STOCK2,169.00,100,buy,T-049,T-046,86.00,169.00
444,307.191,STOCK2,169.00,100,buy,T-049,T-046,86.00,169.00
445,307.191,STOCK2,169.00,100,buy,T-049,T-046,86.00,169.00
446,307.373,STOCK1,155.00,50,buy,T-024,T-040,81.00,155.00
447,307.516,STOCK2,150.00,300,buy,T-049,T-036,86.00,150.00
448,307.610,STOCK1,81.00,500,sell,T-041,T-050,81.00,155.00
449,307.792,STOCK1,155.00,500,buy,T-006,T-040,81.00,155.00
450,308.004,STOCK1,155.00,50,buy,T-024,T-040,81.00,155.00
451,308.144,STOCK2,86.00,100,sell,T-029,T-033,86.00,150.00
452,308.144,STOCK2,86.00,900,sell,T-016,T-033,86.00,150.00
453,308.174,STOCK1,155.00,50,buy,T-024,T-040,81.00,155.00
454,308.246,STOCK2,150.00,100,buy,T-003,T-036,86.00,150.00
455,308.267,STOCK2,150.00,300,buy,T-049,T-036,86.00,150.00
456,308.307,STOCK1,155.00,50,buy,T-024,T-040,91.00,155.00
457,308.448,STOCK2,150.00,100,buy,T-003,T-036,86.00,150.00
458,308.659,STOCK2,150.00,200,buy,T-049,T-036,86.00,150.00
459,308.659,STOCK2,169.00,100,buy,T-049,T-046,86.00,150.00
460,308.689,STOCK2,86.00,1000,sell,T-016,T-033,86.00,169.00
461,309.013,STOCK2,169.00,100,buy,T-049,T-046,86.00,169.00
462,309.013,STOCK2,169.00,100,buy,T-049,T-046,86.00,169.00
463,309.013,STOCK2,169.00,100,buy,T-049,T-046,86.00,169.00
464,309.114,STOCK2,86.00,100,sell,T-016,T-033,86.00,169.00
465,309.114,STOCK2,85.01,900,sell,T-011,T-033,86.00,169.00
466,309.307,STOCK2,169.00,100,buy,T-003,T-046,85.01,169.00
467,309.430,STOCK2,85.01,1000,sell,T-011,T-033,85.01,169.00
468,309.785,STOCK2,85.01,1000,sell,T-011,T-033,85.01,169.00
469,309.805,STOCK2,169.00,100,buy,T-049,T-046,85.01,169.00
470,309.805,STOCK2,169.00,100,buy,T-049,T-046,85.01,169.00
471,309.805,STOCK2,169.00,100,buy,T-049,T-046,85.01,169.00
472,309.886,STOCK1,155.00,50,buy,T-024,T-040,91.00,155.00
473,310.068,STOCK1,155.00,50,buy,T-024,T-040,91.00,155.00
474,310.149,STOCK2,85.01,1000,sell,T-011,T-033,85.01,169.00
475,310.282,STOCK1,155.00,50,buy,T-024,T-040,91.00,155.00
476,310.436,STOCK1,155.00,50,buy,T-024,T-040,91.00,155.00
477,310.476,STOCK2,85.01,1000,sell,T-011,T-033,85.01,169.00
478,310.526,STOCK2,169.00,100,buy,T-049,T-046,85.01,169.00
479,310.526,STOCK2,170.00,200,buy,T-049,T-029,85.01,169.00
480,310.618,STOCK1,155.00,50,buy,T-024,T-040,91.00,155.00
481,310.779,STOCK2,85.01,100,sell,T-011,T-033,85.01,170.00
482,310.779,STOCK2,85.00,50,sell,T-030,T-033,85.01,170.00
483,310.779,STOCK2,85.00,850,sell,T-036,T-033,85.01,170.00
484,311.187,STOCK2,85.00,150,sell,T-036,T-033,85.00,170.00
485,311.187,STOCK2,84.00,552,sell,T-041,T-033,85.00,170.00
486,311.187,STOCK2,84.00,298,sell,T-041,T-033,85.00,170.00
487,311.562,STOCK2,84.00,702,sell,T-041,T-033,84.00,150.00
488,311.562,STOCK2,84.00,298,sell,T-041,T-033,84.00,150.00
489,311.683,STOCK1,140.00,1000,buy,T-026,T-029,91.00,140.00
490,311.703,STOCK1,155.00,50,buy,T-024,T-040,91.00,155.00
491,311.869,STOCK1,155.00,50,buy,T-024,T-040,91.00,155.00
492,311.951,STOCK2,84.00,702,sell,T-041,T-033,84.00,150.00
493,311.951,STOCK2,83.00,298,sell,T-040,T-033,84.00,150.00
494,312.052,STOCK1,155.00,50,buy,T-024,T-040,91.00,155.00
495,312.214,STOCK2,150.00,100,buy,T-003,T-036,83.00,150.00
496,312.214,STOCK2,150.00,300,buy,T-049,T-036,83.00,150.00
497,312.315,STOCK2,83.00,503,sell,T-040,T-033,83.00,150.00
498,312.315,STOCK2,52.00,497,sell,T-051,T-033,83.00,150.00
499,312.923,STOCK1,155.00,50,buy,T-024,T-040,91.00,155.00
500,312.973,STOCK2,150.00,100,buy,T-003,T-036,52.00,150.00
501,312.984,STOCK2,150.00,300,buy,T-049,T-036,52.00,150.00
502,313.238,STOCK1,155.00,50,buy,T-024,T-040,91.00,155.00
503,313.368,STOCK2,150.00,100,buy,T-003,T-036,52.00,150.00
504,313.905,STOCK2,150.00,100,buy,T-049,T-036,52.00,150.00
505,313.905,STOCK2,160.00,200,buy,T-049,T-016,52.00,150.00
506,314.250,STOCK2,160.00,100,buy,T-003,T-016,52.00,160.00
507,314.805,STOCK2,160.00,300,buy,T-049,T-016,52.00,160.00
508,314.925,STOCK1,155.00,650,buy,T-026,T-040,92.00,155.00
509,314.925,STOCK1,155.00,100,buy,T-026,T-038,92.00,155.00
510,314.925,STOCK1,159.00,250,buy,T-026,T-031,92.00,155.00
511,315.229,STOCK2,160.00,100,buy,T-003,T-016,52.00,160.00
512,315.239,STOCK2,160.00,300,buy,T-049,T-016,52.00,160.00
513,315.400,STOCK2,160.00,100,buy,T-003,T-016,52.00,160.00
514,315.603,STOCK2,160.00,100,buy,T-003,T-016,52.00,160.00
515,315.784,STOCK2,160.00,100,buy,T-003,T-016,52.00,160.00
516,315.856,STOCK2,160.00,300,buy,T-049,T-016,52.00,160.00
517,316.314,STOCK2,160.00,300,buy,T-049,T-016,52.00,160.00
518,316.424,STOCK2,160.00,100,buy,T-003,T-016,52.00,160.00
519,316.484,STOCK2,170.00,100,buy,T-047,T-029,52.00,170.00
520,316.638,STOCK1,159.00,750,buy,T-026,T-031,92.00,159.00
521,316.638,STOCK1,160.00,250,buy,T-026,T-032,92.00,159.00
522,317.112,STOCK2,170.00,300,buy,T-049,T-029,70.00,170.00
523,323.963,STOCK2,164.00,500,buy,T-003,T-031,75.00,164.00
524,324.436,STOCK2,164.00,50,buy,T-024,T-031,75.00,164.00
525,324.744,STOCK2,164.00,450,buy,T-003,T-031,75.00,164.00
526,324.744,STOCK2,169.00,50,buy,T-003,T-041,75.00,164.00
527,325.743,STOCK2,169.00,500,buy,T-003,T-041,75.00,169.00
528,326.808,STOCK2,169.00,450,buy,T-003,T-041,75.50,169.00
529,326.808,STOCK2,169.00,50,buy,T-003,T-041,75.50,169.00
530,328.333,STOCK2,164.00,500,buy,T-003,T-031,75.50,164.00
531,328.506,STOCK1,150.00,300,buy,T-049,T-051,100.00,150.00
532,329.116,STOCK1,150.00,300,buy,T-049,T-051,100.00,150.00
533,329.126,STOCK2,164.00,500,buy,T-003,T-031,75.50,164.00
534,329.879,STOCK1,150.00,300,buy,T-049,T-051,100.00,150.00
535,330.081,STOCK1,100.00,100,sell,T-036,T-010,100.00,150.00
536,330.215,STOCK1,150.00,300,buy,T-049,T-051,100.00,150.00
537,330.287,STOCK1,100.00,100,sell,T-036,T-047,100.00,150.00
538,330.429,STOCK1,150.00,300,buy,T-049,T-051,100.00,150.00
539,330.591,STOCK1,150.00,300,buy,T-049,T-051,100.00,150.00
540,330.692,STOCK1,100.00,100,sell,T-036,T-047,100.00,150.00
541,330.774,STOCK1,150.00,300,buy,T-049,T-051,100.00,150.00
542,330.946,STOCK1,150.00,300,buy,T-049,T-051,100.00,150.00
543,331.078,STOCK1,100.00,100,sell,T-036,T-047,100.00,150.00
544,331.120,STOCK1,150.00,300,buy,T-049,T-051,100.00,150.00
545,331.280,STOCK1,150.00,300,buy,T-049,T-051,100.00,150.00
546,331.331,STOCK2,169.00,500,buy,T-003,T-041,75.50,169.00
547,331.381,STOCK1,150.00,500,buy,T-006,T-051,100.00,150.00
548,331.474,STOCK1,150.00,300,buy,T-049,T-051,100.00,150.00
549,331.474,STOCK1,100.00,100,sell,T-036,T-047,100.00,150.00
550,331.675,STOCK1,150.00,300,buy,T-049,T-051,100.00,150.00
551,331.828,STOCK1,150.00,300,buy,T-049,T-051,100.00,150.00
552,332.002,STOCK1,150.00,300,buy,T-049,T-051,100.00,150.00
553,332.022,STOCK1,100.00,100,sell,T-036,T-002,100.00,150.00
554,332.032,STOCK2,169.00,450,buy,T-003,T-041,75.50,169.00
555,332.032,STOCK2,169.00,50,buy,T-003,T-041,75.50,169.00
556,332.072,STOCK1,100.00,100,sell,T-036,T-047,100.00,150.00
557,332.123,STOCK1,100.00,100,sell,T-036,T-010,100.00,150.00
558,332.356,STOCK1,101.00,100,sell,T-019,T-002,101.00,150.00
559,332.510,STOCK2,169.00,500,buy,T-003,T-041,75.50,169.00
560,332.964,STOCK1,150.00,300,buy,T-049,T-051,101.00,150.00
561,333.004,STOCK2,169.00,450,buy,T-003,T-041,75.50,169.00
562,333.004,STOCK2,170.00,50,buy,T-003,T-029,75.50,169.00
563,333.519,STOCK1,101.00,10,sell,T-019,T-025,101.00,160.00
564,333.665,STOCK1,101.00,10,sell,T-019,T-025,101.00,160.00
565,333.820,STOCK1,101.00,10,sell,T-019,T-025,101.00,160.00
566,333.831,STOCK1,160.00,300,buy,T-049,T-032,101.00,160.00
567,333.961,STOCK1,101.00,10,sell,T-019,T-025,101.00,160.00
568,334.093,STOCK2,168.75,500,buy,T-003,T-011,76.00,168.75
569,334.123,STOCK1,101.00,10,sell,T-019,T-025,101.00,160.00
570,334.510,STOCK2,168.75,500,buy,T-003,T-011,76.00,168.75
571,334.571,STOCK1,160.00,300,buy,T-049,T-032,101.00,160.00
572,334.831,STOCK1,101.00,10,sell,T-019,T-025,101.00,160.00
573,334.902,STOCK2,168.75,500,buy,T-003,T-011,76.00,168.75
574,334.984,STOCK1,101.00,10,sell,T-019,T-025,101.00,160.00
575,335.215,STOCK2,168.75,500,buy,T-003,T-011,76.00,168.75
576,335.458,STOCK2,168.75,500,buy,T-003,T-011,76.00,168.75
577,335.965,STOCK1,160.00,100,buy,T-049,T-032,101.00,160.00
578,335.965,STOCK1,170.00,200,buy,T-049,T-016,101.00,160.00
579,338.031,STOCK1,101.00,30,sell,T-019,T-025,101.00,155.00
580,338.031,STOCK1,101.00,20,sell,T-019,T-025,101.00,155.00
581,338.182,STOCK1,101.00,50,sell,T-019,T-025,101.00,155.00
582,338.322,STOCK1,155.00,100,buy,T-024,T-013,102.00,155.00
583,338.352,STOCK1,102.00,50,sell,T-030,T-025,102.00,155.00
584,339.005,STOCK1,155.00,100,buy,T-024,T-013,102.00,155.00
585,339.067,STOCK1,102.00,50,sell,T-030,T-025,102.00,155.00
586,339.240,STOCK1,102.00,50,sell,T-030,T-025,102.00,155.00
587,339.250,STOCK1,155.00,100,buy,T-024,T-013,102.00,155.00
588,339.412,STOCK1,102.00,50,sell,T-030,T-025,102.00,155.00
589,339.605,STOCK1,155.00,100,buy,T-024,T-013,102.00,155.00
590,339.706,STOCK2,166.00,500,buy,T-003,T-040,81.00,166.00
591,340.009,STOCK1,155.00,100,buy,T-024,T-013,102.00,155.00
592,340.211,STOCK1,102.00,50,sell,T-030,T-025,102.00,155.00
593,340.382,STOCK1,102.00,50,sell,T-030,T-025,102.00,155.00
594,340.513,STOCK1,155.00,100,buy,T-024,T-013,102.00,155.00
595,340.552,STOCK1,102.00,50,sell,T-030,T-025,102.00,155.00
596,340.717,STOCK1,102.00,50,sell,T-030,T-025,102.00,155.00
597,340.737,STOCK1,155.00,100,buy,T-024,T-013,102.00,155.00
598,340.877,STOCK1,102.00,50,sell,T-030,T-025,102.00,155.00
599,341.040,STOCK1,102.00,50,sell,T-030,T-025,102.00,155.00
600,341.132,STOCK1,155.00,100,buy,T-024,T-013,102.00,155.00
601,341.193,STOCK1,102.00,50,sell,T-030,T-025,102.00,155.00
602,341.359,STOCK2,166.00,500,buy,T-003,T-040,81.00,166.00
603,341.419,STOCK1,102.00,100,sell,T-030,T-010,102.00,155.00
604,341.449,STOCK1,155.00,100,buy,T-024,T-013,102.00,155.00
605,341.743,STOCK1,102.00,50,sell,T-030,T-025,102.00,155.00
606,341.836,STOCK1,102.00,100,sell,T-030,T-010,102.00,155.00
607,341.876,STOCK1,155.00,100,buy,T-049,T-013,102.00,155.00
608,341.876,STOCK1,170.00,200,buy,T-049,T-016,102.00,155.00
609,341.886,STOCK1,102.00,50,sell,T-030,T-025,102.00,170.00
610,341.936,STOCK1,170.00,100,buy,T-024,T-016,102.00,170.00
611,342.017,STOCK2,166.00,100,buy,T-015,T-040,81.00,166.00
612,342.047,STOCK1,102.00,100,sell,T-030,T-047,102.00,170.00
613,342.068,STOCK1,102.00,50,sell,T-030,T-025,102.00,170.00
614,342.211,STOCK2,166.00,500,buy,T-003,T-040,81.00,166.00
615,342.211,STOCK1,102.00,50,sell,T-030,T-025,102.00,170.00
616,342.231,STOCK1,102.00,100,sell,T-030,T-010,102.00,170.00
617,342.282,STOCK1,102.00,100,sell,T-030,T-047,102.00,170.00
618,342.372,STOCK1,102.00,50,sell,T-030,T-025,102.00,170.00
619,342.526,STOCK2,166.00,400,buy,T-003,T-040,81.00,166.00
620,342.526,STOCK2,167.00,100,buy,T-003,T-031,81.00,166.00
621,342.526,STOCK1,102.00,50,sell,T-030,T-025,102.00,170.00
622,342.697,STOCK1,102.00,50,sell,T-030,T-025,102.00,170.00
623,342.808,STOCK1,102.00,100,sell,T-030,T-010,102.00,155.00
624,342.858,STOCK1,101.00,30,sell,T-019,T-025,101.00,155.00
625,342.858,STOCK1,100.00,20,sell,T-036,T-025,101.00,155.00
626,342.924,STOCK2,167.00,500,buy,T-003,T-031,81.00,167.00
627,343.016,STOCK1,100.00,50,sell,T-036,T-025,100.00,155.00
628,343.191,STOCK1,100.00,50,sell,T-036,T-025,100.00,155.00
629,343.191,STOCK1,100.00,80,sell,T-036,T-047,100.00,155.00
630,343.191,STOCK1,100.00,20,sell,T-036,T-047,100.00,155.00
631,343.537,STOCK2,167.00,400,buy,T-003,T-031,81.00,167.00
632,343.537,STOCK2,168.75,100,buy,T-003,T-011,81.00,167.00
633,343.557,STOCK1,100.00,50,sell,T-036,T-025,100.00,155.00
634,343.807,STOCK2,168.75,500,buy,T-003,T-011,81.00,168.75
635,343.999,STOCK2,168.75,500,buy,T-003,T-011,81.00,168.75
636,344.396,STOCK1,100.00,50,sell,T-036,T-025,100.00,155.00
637,344.396,STOCK2,168.75,500,buy,T-003,T-011,81.00,168.75
638,344.548,STOCK1,100.00,50,sell,T-036,T-025,100.00,155.00
639,344.629,STOCK2,168.75,500,buy,T-003,T-011,81.00,168.75
640,344.711,STOCK1,100.00,50,sell,T-036,T-025,100.00,155.00
641,344.793,STOCK2,168.75,400,buy,T-003,T-011,81.00,168.75
642,344.793,STOCK2,170.00,100,buy,T-003,T-029,81.00,168.75
643,344.966,STOCK2,170.00,250,buy,T-003,T-029,81.00,170.00
644,344.966,STOCK2,171.00,250,buy,T-003,T-032,81.00,170.00
645,345.117,STOCK2,171.00,500,buy,T-003,T-032,81.00,171.00
646,345.239,STOCK1,100.00,100,sell,T-036,T-047,100.00,155.00
647,345.249,STOCK1,100.00,100,sell,T-036,T-010,100.00,155.00
648,345.259,STOCK2,171.00,250,buy,T-003,T-032,81.00,171.00
649,345.259,STOCK2,171.00,250,buy,T-003,T-032,81.00,171.00
650,345.614,STOCK1,101.00,100,sell,T-019,T-010,101.00,155.00
651,345.754,STOCK1,101.00,50,sell,T-019,T-025,101.00,155.00
652,345.885,STOCK1,101.00,50,sell,T-019,T-025,101.00,155.00
653,346.025,STOCK2,166.00,500,buy,T-003,T-040,81.00,166.00
654,346.074,STOCK1,155.00,100,buy,T-024,T-013,101.00,155.00
655,346.422,STOCK1,101.00,100,sell,T-019,T-010,101.00,155.00
656,346.827,STOCK1,101.00,100,sell,T-019,T-028,101.00,155.00
657,346.827,STOCK1,101.00,100,sell,T-019,T-028,101.00,155.00
658,346.827,STOCK1,101.00,100,sell,T-019,T-028,101.00,155.00
659,346.827,STOCK1,101.00,100,sell,T-019,T-028,101.00,155.00
660,346.827,STOCK1,101.00,100,sell,T-019,T-028,101.00,155.00
661,346.827,STOCK1,101.00,100,sell,T-019,T-028,101.00,155.00
662,346.827,STOCK1,101.00,100,sell,T-019,T-028,101.00,155.00
663,346.827,STOCK1,101.00,100,sell,T-019,T-028,101.00,155.00
664,346.827,STOCK1,100.00,580,sell,T-036,T-028,101.00,155.00
665,346.827,STOCK1,100.00,1000,sell,T-036,T-028,101.00,155.00
666,346.827,STOCK1,100.00,2620,sell,T-051,T-028,101.00,155.00
667,346.837,STOCK1,100.00,100,sell,T-051,T-047,100.00,155.00
668,346.918,STOCK1,155.00,100,buy,T-024,T-013,101.00,155.00
669,347.098,STOCK1,155.00,100,buy,T-024,T-013,101.00,155.00
670,347.721,STOCK1,101.00,100,sell,T-019,T-010,101.00,155.00
671,347.884,STOCK1,101.00,100,sell,T-019,T-010,101.00,155.00
672,348.238,STOCK1,101.00,100,sell,T-019,T-010,101.00,155.00
673,348.422,STOCK1,101.00,100,sell,T-019,T-010,101.00,155.00
674,348.764,STOCK1,101.00,100,sell,T-019,T-010,101.00,155.00
675,348.864,STOCK2,166.00,300,buy,T-049,T-040,81.00,166.00
676,348.914,STOCK1,101.00,100,sell,T-019,T-010,101.00,155.00
677,349.418,STOCK2,166.00,200,buy,T-049,T-040,90.00,166.00
678,349.418,STOCK2,166.00,100,buy,T-049,T-040,90.00,166.00
679,349.937,STOCK2,166.00,300,buy,T-049,T-040,90.00,166.00
680,350.528,STOCK2,166.00,300,buy,T-049,T-040,90.00,166.00
681,350.713,STOCK1,101.00,100,sell,T-019,T-033,101.00,150.00
682,350.713,STOCK1,101.00,100,sell,T-019,T-033,101.00,150.00
683,350.713,STOCK1,101.00,100,sell,T-019,T-033,101.00,150.00
684,350.713,STOCK1,101.00,100,sell,T-019,T-033,101.00,150.00
685,350.713,STOCK1,101.00,100,sell,T-019,T-033,101.00,150.00
686,350.713,STOCK1,101.00,100,sell,T-019,T-033,101.00,150.00
687,350.713,STOCK1,101.00,100,sell,T-019,T-033,101.00,150.00
688,350.713,STOCK1,101.00,100,sell,T-019,T-033,101.00,150.00
689,350.713,STOCK1,101.00,100,sell,T-019,T-033,101.00,150.00
690,350.713,STOCK1,101.00,100,sell,T-019,T-033,101.00,150.00
691,350.893,STOCK1,100.00,2280,sell,T-051,T-028,100.00,150.00
692,350.893,STOCK1,93.00,100,sell,T-019,T-028,100.00,150.00
693,350.893,STOCK1,93.00,100,sell,T-019,T-028,100.00,150.00
694,350.893,STOCK1,93.00,100,sell,T-019,T-028,100.00,150.00
695,350.893,STOCK1,93.00,100,sell,T-019,T-028,100.00,150.00
696,350.893,STOCK1,93.00,100,sell,T-019,T-028,100.00,150.00
697,350.893,STOCK1,93.00,100,sell,T-019,T-028,100.00,150.00
698,350.893,STOCK1,93.00,100,sell,T-019,T-028,100.00,150.00
699,350.893,STOCK1,91.00,100,sell,T-019,T-028,100.00,150.00
700,350.893,STOCK1,91.00,100,sell,T-019,T-028,100.00,150.00
701,350.893,STOCK1,91.00,100,sell,T-019,T-028,100.00,150.00
702,350.893,STOCK1,91.00,100,sell,T-019,T-028,100.00,150.00
703,350.893,STOCK1,91.00,100,sell,T-019,T-028,100.00,150.00
704,350.893,STOCK1,91.00,100,sell,T-019,T-028,100.00,150.00
705,350.893,STOCK1,91.00,100,sell,T-019,T-028,100.00,150.00
706,350.893,STOCK1,91.00,100,sell,T-019,T-028,100.00,150.00
707,350.893,STOCK1,91.00,100,sell,T-019,T-028,100.00,150.00
708,350.893,STOCK1,91.00,100,sell,T-019,T-028,100.00,150.00
709,350.893,STOCK1,91.00,100,sell,T-019,T-028,100.00,150.00
710,350.893,STOCK1,90.00,920,sell,T-051,T-028,100.00,150.00
711,351.044,STOCK2,166.00,300,buy,T-003,T-040,90.00,166.00
712,351.044,STOCK2,167.00,200,buy,T-003,T-031,90.00,166.00
713,351.410,STOCK1,90.00,1000,sell,T-051,T-043,90.00,150.00
714,352.750,STOCK2,167.00,500,buy,T-003,T-031,90.00,167.00
715,352.994,STOCK1,90.00,3080,sell,T-051,T-028,90.00,150.00
716,352.994,STOCK1,81.00,500,sell,T-041,T-028,90.00,150.00
717,352.994,STOCK1,80.00,1000,sell,T-031,T-028,90.00,150.00
718,352.994,STOCK1,72.00,420,sell,T-029,T-028,90.00,150.00
719,354.099,STOCK2,160.00,500,buy,T-003,T-051,90.00,160.00
720,354.876,STOCK2,160.00,300,buy,T-049,T-051,90.00,160.00
721,354.886,STOCK2,160.00,500,buy,T-003,T-051,90.00,160.00
722,355.056,STOCK1,150.00,100,buy,T-024,T-036,72.00,150.00
723,355.439,STOCK2,160.00,300,buy,T-049,T-051,90.00,160.00
724,355.642,STOCK2,160.00,300,buy,T-049,T-051,90.00,160.00
725,355.837,STOCK2,160.00,300,buy,T-049,T-051,91.00,160.00
726,355.990,STOCK2,160.00,300,buy,T-049,T-051,91.00,160.00
727,356.116,STOCK2,160.00,300,buy,T-049,T-051,91.00,160.00
728,356.176,STOCK2,160.00,500,buy,T-003,T-051,91.00,160.00
729,356.276,STOCK2,160.00,300,buy,T-049,T-051,91.00,160.00
730,356.409,STOCK2,160.00,300,buy,T-049,T-051,91.00,160.00
731,356.572,STOCK2,160.00,300,buy,T-049,T-051,91.00,160.00
732,356.734,STOCK2,160.00,300,buy,T-049,T-051,91.00,160.00
733,356.834,STOCK1,149.00,100,buy,T-024,T-030,101.00,149.00
734,357.035,STOCK1,149.00,100,buy,T-024,T-030,101.00,149.00
735,357.207,STOCK2,160.00,500,buy,T-003,T-051,91.00,160.00
736,357.207,STOCK2,167.00,300,buy,T-049,T-031,91.00,167.00
737,357.339,STOCK1,149.00,100,buy,T-024,T-030,101.00,149.00
738,357.369,STOCK2,91.00,100,sell,T-046,T-048,91.00,171.00
739,357.369,STOCK2,91.00,100,sell,T-046,T-048,91.00,171.00
740,357.369,STOCK2,91.00,100,sell,T-046,T-048,91.00,171.00
741,357.369,STOCK2,91.00,100,sell,T-046,T-048,91.00,171.00
742,357.369,STOCK2,91.00,100,sell,T-046,T-048,91.00,171.00
743,357.369,STOCK2,91.00,100,sell,T-046,T-048,91.00,171.00
744,357.369,STOCK2,91.00,100,sell,T-046,T-048,91.00,171.00
745,357.369,STOCK2,91.00,100,sell,T-046,T-048,91.00,171.00
746,357.369,STOCK2,91.00,100,sell,T-046,T-048,91.00,171.00
747,357.369,STOCK2,90.00,100,sell,T-051,T-048,91.00,171.00
748,357.501,STOCK1,149.00,100,buy,T-024,T-030,101.00,149.00
749,357.685,STOCK1,149.00,100,buy,T-024,T-030,101.00,149.00
750,357.887,STOCK1,149.00,100,buy,T-024,T-030,101.00,149.00
751,357.897,STOCK1,149.00,100,buy,T-015,T-030,101.00,149.00
752,358.098,STOCK1,149.00,100,buy,T-024,T-030,101.00,149.00
753,361.296,STOCK1,149.00,100,buy,T-024,T-030,101.00,149.00
754,361.469,STOCK1,149.00,100,buy,T-024,T-030,101.00,149.00
755,362.198,STOCK2,166.00,500,buy,T-003,T-040,90.00,166.00
756,362.238,STOCK1,101.00,100,sell,T-019,T-010,101.00,149.00
757,362.755,STOCK2,166.00,500,buy,T-003,T-040,90.00,166.00
758,363.952,STOCK1,149.00,300,buy,T-049,T-030,80.00,149.00
759,364.580,STOCK1,149.00,200,buy,T-049,T-030,80.00,149.00
760,364.580,STOCK1,150.00,100,buy,T-049,T-036,80.00,149.00
761,365.076,STOCK1,150.00,300,buy,T-049,T-036,80.00,150.00
762,365.304,STOCK1,150.00,300,buy,T-049,T-036,80.00,150.00
763,365.467,STOCK1,150.00,200,buy,T-049,T-036,80.00,150.00
764,365.467,STOCK1,150.00,100,buy,T-049,T-036,80.00,150.00
765,365.583,STOCK2,160.00,1000,buy,T-026,T-036,91.00,160.00
766,365.643,STOCK1,150.00,300,buy,T-049,T-036,80.00,150.00
767,365.783,STOCK1,150.00,300,buy,T-049,T-036,80.00,150.00
768,365.977,STOCK1,150.00,300,buy,T-049,T-036,80.00,150.00
769,366.078,STOCK2,91.00,100,sell,T-046,T-033,91.00,160.00
770,366.078,STOCK2,91.00,100,sell,T-046,T-033,91.00,160.00
771,366.078,STOCK2,91.00,100,sell,T-046,T-033,91.00,160.00
772,366.078,STOCK2,91.00,100,sell,T-046,T-033,91.00,160.00
773,366.078,STOCK2,91.00,100,sell,T-046,T-033,91.00,160.00
774,366.078,STOCK2,91.00,100,sell,T-046,T-033,91.00,160.00
775,366.078,STOCK2,91.00,100,sell,T-046,T-033,91.00,160.00
776,366.078,STOCK2,91.00,100,sell,T-046,T-033,91.00,160.00
777,366.078,STOCK2,91.00,100,sell,T-046,T-033,91.00,160.00
778,366.078,STOCK2,91.00,100,sell,T-046,T-033,91.00,160.00
779,366.128,STOCK1,150.00,300,buy,T-049,T-036,80.00,150.00
780,366.341,STOCK1,150.00,300,buy,T-049,T-036,80.00,150.00
781,366.721,STOCK1,150.00,300,buy,T-049,T-036,80.00,150.00
782,366.891,STOCK1,150.00,100,buy,T-049,T-036,80.00,150.00
783,366.891,STOCK1,155.00,200,buy,T-049,T-013,80.00,150.00
784,367.092,STOCK1,155.00,300,buy,T-049,T-013,80.00,155.00
785,367.305,STOCK1,80.00,100,sell,T-019,T-052,80.00,155.00
786,367.305,STOCK1,80.00,100,sell,T-019,T-052,80.00,155.00
787,367.560,STOCK2,160.00,10,buy,T-027,T-036,91.00,160.00
788,367.641,STOCK2,91.00,100,sell,T-046,T-033,91.00,160.00
789,367.641,STOCK2,91.00,100,sell,T-046,T-033,91.00,160.00
790,367.641,STOCK2,91.00,100,sell,T-046,T-033,91.00,160.00
791,367.641,STOCK2,91.00,100,sell,T-046,T-033,91.00,160.00
792,367.641,STOCK2,91.00,100,sell,T-046,T-033,91.00,160.00
793,367.641,STOCK2,91.00,100,sell,T-046,T-033,91.00,160.00
794,367.641,STOCK2,91.00,100,sell,T-046,T-033,91.00,160.00
795,367.641,STOCK2,91.00,100,sell,T-046,T-033,91.00,160.00
796,367.641,STOCK2,91.00,100,sell,T-046,T-033,91.00,160.00
797,367.641,STOCK2,91.00,100,sell,T-046,T-033,91.00,160.00
798,367.692,STOCK1,155.00,200,buy,T-049,T-013,80.00,155.00
799,367.692,STOCK1,170.00,100,buy,T-049,T-016,80.00,155.00
800,367.914,STOCK1,170.00,300,buy,T-049,T-016,80.00,170.00
801,368.934,STOCK1,80.00,100,sell,T-019,T-002,80.00,170.00
802,368.934,STOCK1,80.00,100,sell,T-019,T-002,80.00,170.00
803,368.934,STOCK1,80.00,100,sell,T-019,T-002,80.00,170.00
804,368.934,STOCK1,80.00,100,sell,T-019,T-002,80.00,170.00
805,368.934,STOCK1,80.00,100,sell,T-019,T-002,80.00,170.00
806,368.934,STOCK1,80.00,100,sell,T-019,T-002,80.00,170.00
807,368.934,STOCK1,80.00,100,sell,T-019,T-002,80.00,170.00
808,368.934,STOCK1,80.00,100,sell,T-019,T-002,80.00,170.00
809,368.934,STOCK1,80.00,100,sell,T-019,T-002,80.00,170.00
810,368.934,STOCK1,80.00,100,sell,T-019,T-002,80.00,170.00
811,370.281,STOCK2,160.00,990,buy,T-026,T-036,91.00,160.00
812,370.281,STOCK2,160.00,10,buy,T-026,T-036,91.00,160.00
813,370.586,STOCK2,91.00,100,sell,T-046,T-033,91.00,160.00
814,370.586,STOCK2,91.00,100,sell,T-046,T-033,91.00,160.00
815,370.586,STOCK2,91.00,100,sell,T-046,T-033,91.00,160.00
816,370.586,STOCK2,91.00,100,sell,T-046,T-033,91.00,160.00
817,370.586,STOCK2,91.00,100,sell,T-046,T-033,91.00,160.00
818,370.586,STOCK2,91.00,100,sell,T-046,T-033,91.00,160.00
819,370.586,STOCK2,91.00,100,sell,T-046,T-033,91.00,160.00
820,370.586,STOCK2,91.00,100,sell,T-046,T-033,91.00,160.00
821,370.586,STOCK2,91.00,100,sell,T-046,T-033,91.00,160.00
822,370.586,STOCK2,91.00,100,sell,T-046,T-033,91.00,160.00
823,370.670,STOCK2,160.00,100,buy,T-015,T-036,91.00,160.00
824,372.541,STOCK2,159.00,100,buy,T-049,T-030,91.00,159.00
825,372.541,STOCK2,160.00,200,buy,T-049,T-036,91.00,159.00
826,373.050,STOCK2,160.00,300,buy,T-049,T-036,91.00,160.00
827,373.182,STOCK2,160.00,100,buy,T-015,T-036,91.00,160.00
828,373.254,STOCK2,160.00,290,buy,T-049,T-036,91.00,160.00
829,373.254,STOCK2,160.00,10,buy,T-049,T-036,91.00,160.00
830,373.427,STOCK2,160.00,300,buy,T-049,T-036,91.00,160.00
831,373.597,STOCK2,160.00,300,buy,T-049,T-036,91.00,160.00
832,373.668,STOCK2,160.00,100,buy,T-024,T-036,91.00,160.00
833,373.778,STOCK2,160.00,290,buy,T-049,T-036,91.00,160.00
834,373.778,STOCK2,166.00,10,buy,T-049,T-040,91.00,160.00
835,373.929,STOCK2,166.00,300,buy,T-049,T-040,91.00,166.00
836,374.183,STOCK2,166.00,300,buy,T-049,T-040,91.00,166.00
837,374.387,STOCK2,166.00,300,buy,T-049,T-040,91.00,166.00
838,374.901,STOCK2,166.00,90,buy,T-049,T-040,91.00,166.00
839,374.901,STOCK2,166.00,210,buy,T-049,T-040,91.00,166.00
840,375.056,STOCK2,166.00,300,buy,T-049,T-040,91.00,166.00
841,375.222,STOCK2,166.00,300,buy,T-049,T-040,91.00,166.00
842,375.406,STOCK2,166.00,190,buy,T-049,T-040,91.00,166.00
843,375.406,STOCK2,166.00,110,buy,T-049,T-040,91.00,166.00
844,375.527,STOCK2,166.00,300,buy,T-049,T-040,91.00,166.00
845,375.547,STOCK2,91.00,100,sell,T-046,T-033,91.00,166.00
846,375.547,STOCK2,91.00,100,sell,T-046,T-033,91.00,166.00
847,375.547,STOCK2,91.00,100,sell,T-046,T-033,91.00,166.00
848,375.547,STOCK2,91.00,100,sell,T-046,T-033,91.00,166.00
849,375.547,STOCK2,91.00,100,sell,T-046,T-033,91.00,166.00
850,375.547,STOCK2,91.00,100,sell,T-046,T-033,91.00,166.00
851,375.547,STOCK2,91.00,100,sell,T-046,T-033,91.00,166.00
852,375.547,STOCK2,91.00,100,sell,T-046,T-033,91.00,166.00
853,375.547,STOCK2,91.00,100,sell,T-046,T-033,91.00,166.00
854,375.547,STOCK2,91.00,100,sell,T-046,T-033,91.00,166.00
855,375.688,STOCK2,166.00,300,buy,T-049,T-040,91.00,166.00
856,375.838,STOCK2,166.00,290,buy,T-049,T-040,91.00,166.00
857,375.838,STOCK2,166.00,10,buy,T-049,T-040,91.00,166.00
858,375.990,STOCK2,166.00,300,buy,T-049,T-040,91.00,166.00
859,376.152,STOCK2,166.00,300,buy,T-049,T-040,91.00,166.00
860,376.314,STOCK2,166.00,300,buy,T-049,T-040,91.00,166.00
861,377.011,STOCK1,82.00,1000,sell,T-051,T-002,82.00,170.00
862,381.612,STOCK2,91.00,100,sell,T-046,T-049,91.00,166.00
863,381.612,STOCK2,91.00,100,sell,T-046,T-049,91.00,166.00
864,381.612,STOCK2,91.00,100,sell,T-046,T-049,91.00,166.00
865,381.769,STOCK2,91.00,100,sell,T-046,T-049,91.00,166.00
866,381.769,STOCK2,91.00,100,sell,T-046,T-049,91.00,166.00
867,381.769,STOCK2,91.00,100,sell,T-046,T-049,91.00,166.00
868,381.931,STOCK2,91.00,100,sell,T-046,T-049,91.00,166.00
869,381.931,STOCK2,91.00,100,sell,T-046,T-049,91.00,166.00
870,381.931,STOCK2,91.00,100,sell,T-046,T-049,91.00,166.00
871,385.995,STOCK2,91.00,100,sell,T-046,T-033,91.00,166.00
872,385.995,STOCK2,91.00,100,sell,T-046,T-033,91.00,166.00
873,385.995,STOCK2,91.00,100,sell,T-046,T-033,91.00,166.00
874,385.995,STOCK2,91.00,100,sell,T-046,T-033,91.00,166.00
875,385.995,STOCK2,91.00,100,sell,T-046,T-033,91.00,166.00
876,385.995,STOCK2,91.00,100,sell,T-046,T-033,91.00,166.00
877,385.995,STOCK2,91.00,100,sell,T-046,T-033,91.00,166.00
878,385.995,STOCK2,91.00,100,sell,T-046,T-033,91.00,166.00
879,385.995,STOCK2,91.00,100,sell,T-046,T-033,91.00,166.00
880,385.995,STOCK2,91.00,100,sell,T-046,T-033,91.00,166.00
881,386.759,STOCK2,91.00,100,sell,T-046,T-033,91.00,166.00
882,386.759,STOCK2,91.00,100,sell,T-046,T-033,91.00,166.00
883,386.759,STOCK2,91.00,100,sell,T-046,T-033,91.00,166.00
884,386.759,STOCK2,91.00,100,sell,T-046,T-033,91.00,166.00
885,386.759,STOCK2,91.00,100,sell,T-046,T-033,91.00,166.00
886,386.759,STOCK2,91.00,100,sell,T-046,T-033,91.00,166.00
887,386.759,STOCK2,91.00,100,sell,T-046,T-033,91.00,166.00
888,386.759,STOCK2,91.00,100,sell,T-046,T-033,91.00,166.00
889,386.759,STOCK2,91.00,100,sell,T-046,T-033,91.00,166.00
890,386.759,STOCK2,91.00,100,sell,T-046,T-033,91.00,166.00
891,388.752,STOCK2,91.00,100,sell,T-046,T-033,91.00,165.00
892,388.752,STOCK2,91.00,100,sell,T-046,T-033,91.00,165.00
893,388.752,STOCK2,91.00,100,sell,T-046,T-033,91.00,165.00
894,388.752,STOCK2,91.00,100,sell,T-046,T-033,91.00,165.00
895,388.752,STOCK2,91.00,100,sell,T-046,T-033,91.00,165.00
896,388.752,STOCK2,90.10,500,sell,T-011,T-033,91.00,165.00
897,403.354,STOCK1,86.00,1000,sell,T-032,T-002,86.00,160.00
898,407.003,STOCK2,95.00,1000,sell,T-051,T-033,95.00,162.00
899,409.596,STOCK2,162.00,100,buy,T-003,T-046,96.00,162.00
900,409.596,STOCK2,162.00,100,buy,T-003,T-046,96.00,162.00
901,409.596,STOCK2,162.00,100,buy,T-003,T-046,96.00,162.00
902,409.596,STOCK2,162.00,100,buy,T-003,T-046,96.00,162.00
903,409.596,STOCK2,162.00,100,buy,T-003,T-046,96.00,162.00
904,409.791,STOCK2,96.00,1000,sell,T-041,T-048,96.00,162.00
905,409.923,STOCK2,162.00,100,buy,T-047,T-046,96.00,162.00
906,409.973,STOCK2,162.00,100,buy,T-003,T-046,96.00,162.00
907,409.973,STOCK2,162.00,100,buy,T-003,T-046,96.00,162.00
908,409.973,STOCK2,162.00,100,buy,T-003,T-046,96.00,162.00
909,409.973,STOCK2,162.00,100,buy,T-003,T-046,96.00,162.00
910,409.973,STOCK2,162.00,100,buy,T-003,T-046,96.00,162.00
911,410.245,STOCK2,162.00,100,buy,T-003,T-046,96.00,162.00
912,410.245,STOCK2,162.00,100,buy,T-003,T-046,96.00,162.00
913,410.245,STOCK2,162.00,100,buy,T-003,T-046,96.00,162.00
914,410.245,STOCK2,162.00,100,buy,T-003,T-046,96.00,162.00
915,410.245,STOCK2,162.00,100,buy,T-003,T-046,96.00,162.00
916,410.619,STOCK2,160.00,300,buy,T-049,T-051,96.00,160.00
917,411.042,STOCK2,96.00,1000,sell,T-041,T-028,96.00,160.00
918,411.042,STOCK2,96.00,1000,sell,T-041,T-028,96.00,160.00
919,411.042,STOCK2,96.00,1000,sell,T-013,T-028,96.00,160.00
920,411.042,STOCK2,95.00,2000,sell,T-051,T-028,96.00,160.00
921,411.294,STOCK2,160.00,500,buy,T-003,T-051,95.00,160.00
922,411.455,STOCK2,160.00,300,buy,T-049,T-051,95.00,160.00
923,411.846,STOCK2,160.00,100,buy,T-047,T-051,95.00,160.00
924,412.088,STOCK2,160.00,300,buy,T-049,T-051,95.00,160.00
925,412.248,STOCK1,85.00,1000,sell,T-016,T-043,85.00,159.00
926,412.319,STOCK2,160.00,500,buy,T-003,T-051,95.00,160.00
927,412.816,STOCK2,160.00,500,buy,T-003,T-051,95.00,160.00
928,413.060,STOCK2,160.00,500,buy,T-003,T-051,95.00,160.00
929,413.415,STOCK2,160.00,100,buy,T-047,T-051,95.00,160.00
930,414.049,STOCK2,160.00,500,buy,T-003,T-051,95.00,160.00
931,416.051,STOCK2,160.00,100,buy,T-047,T-051,96.00,160.00
932,416.417,STOCK1,150.00,1000,buy,T-015,T-036,90.00,150.00
933,416.641,STOCK2,160.00,300,buy,T-003,T-051,96.00,160.00
934,416.641,STOCK2,162.00,100,buy,T-003,T-046,96.00,160.00
935,416.641,STOCK2,162.00,100,buy,T-003,T-046,96.00,160.00
936,416.771,STOCK2,165.00,100,buy,T-047,T-013,96.00,165.00
937,417.599,STOCK1,90.00,1000,sell,T-011,T-043,90.00,150.00
938,417.822,STOCK2,96.00,1000,sell,T-041,T-028,96.00,165.00
939,417.822,STOCK2,96.00,1000,sell,T-041,T-028,96.00,165.00
940,417.822,STOCK2,96.00,1000,sell,T-041,T-028,96.00,165.00
941,417.822,STOCK2,95.00,2000,sell,T-051,T-028,96.00,165.00
942,418.356,STOCK2,95.00,100,sell,T-055,T-049,95.00,165.00
943,418.356,STOCK2,91.50,100,sell,T-045,T-049,95.00,165.00
944,421.118,STOCK1,91.00,500,sell,T-030,T-043,91.00,150.00
945,421.118,STOCK1,90.00,500,sell,T-011,T-043,91.00,150.00
946,422.030,STOCK2,96.00,1000,sell,T-041,T-028,96.00,165.00
947,422.030,STOCK2,96.00,1000,sell,T-041,T-028,96.00,165.00
948,422.030,STOCK2,96.00,1000,sell,T-041,T-028,96.00,165.00
949,422.030,STOCK2,96.00,1000,sell,T-041,T-028,96.00,165.00
950,422.030,STOCK2,96.00,1000,sell,T-041,T-028,96.00,165.00
951,422.307,STOCK1,91.00,500,sell,T-030,T-043,91.00,150.00
952,422.307,STOCK1,90.00,500,sell,T-011,T-043,91.00,150.00
953,423.578,STOCK1,90.00,1000,sell,T-011,T-043,90.00,150.00
954,426.701,STOCK1,91.00,240,sell,T-013,T-033,91.00,150.00
955,430.598,STOCK1,149.00,500,buy,T-015,T-030,91.00,149.00
956,430.598,STOCK1,149.00,500,buy,T-015,T-030,91.00,149.00
957,431.417,STOCK1,150.00,200,buy,T-049,T-036,91.00,150.00
958,431.671,STOCK1,150.00,800,buy,T-026,T-036,91.00,150.00
959,431.671,STOCK1,150.00,200,buy,T-026,T-036,91.00,150.00
960,432.077,STOCK1,150.00,200,buy,T-049,T-036,91.00,150.00
961,432.762,STOCK1,150.00,200,buy,T-049,T-036,91.00,150.00
962,433.715,STOCK1,150.00,200,buy,T-049,T-036,91.00,150.00
963,434.578,STOCK1,150.00,200,buy,T-049,T-036,91.00,150.00
964,435.222,STOCK1,150.00,100,buy,T-049,T-038,91.00,150.00
965,435.222,STOCK1,150.00,100,buy,T-049,T-016,91.00,150.00
966,435.455,STOCK1,91.00,760,sell,T-013,T-028,91.00,150.00
967,435.455,STOCK1,85.00,4000,sell,T-016,T-028,91.00,150.00
968,435.455,STOCK1,83.00,100,sell,T-019,T-028,91.00,150.00
969,435.455,STOCK1,83.00,100,sell,T-019,T-028,91.00,150.00
970,435.455,STOCK1,83.00,40,sell,T-019,T-028,91.00,150.00
971,435.889,STOCK1,150.00,200,buy,T-049,T-016,83.00,150.00
972,436.425,STOCK1,150.00,200,buy,T-049,T-016,92.00,150.00
973,436.931,STOCK1,150.00,200,buy,T-049,T-016,92.00,150.00
974,437.488,STOCK1,150.00,200,buy,T-049,T-016,92.00,150.00
975,438.022,STOCK1,150.00,200,buy,T-049,T-016,92.00,150.00
976,438.506,STOCK1,150.00,200,buy,T-049,T-016,83.00,150.00
977,438.674,STOCK1,83.00,60,sell,T-019,T-028,83.00,150.00
978,438.674,STOCK1,83.00,100,sell,T-019,T-028,83.00,150.00
979,438.674,STOCK1,83.00,100,sell,T-019,T-028,83.00,150.00
980,438.674,STOCK1,83.00,100,sell,T-019,T-028,83.00,150.00
981,438.674,STOCK1,83.00,100,sell,T-019,T-028,83.00,150.00
982,438.674,STOCK1,82.00,4000,sell,T-051,T-028,83.00,150.00
983,438.674,STOCK1,82.00,540,sell,T-036,T-028,83.00,150.00
984,438.836,STOCK1,150.00,200,buy,T-049,T-016,82.00,150.00
985,439.697,STOCK1,150.00,200,buy,T-049,T-016,82.00,150.00
986,440.548,STOCK1,150.00,200,buy,T-049,T-016,82.00,150.00
987,440.941,STOCK1,150.00,100,buy,T-024,T-016,82.00,150.00
988,441.115,STOCK1,155.50,100,buy,T-015,T-045,82.00,155.50
989,441.115,STOCK1,155.50,200,buy,T-015,T-045,82.00,155.50
990,441.115,STOCK1,156.00,700,buy,T-015,T-031,82.00,155.50
991,441.297,STOCK1,156.00,300,buy,T-015,T-031,82.00,156.00
992,441.297,STOCK1,156.00,700,buy,T-015,T-031,82.00,156.00
993,441.417,STOCK1,156.00,200,buy,T-049,T-031,82.00,156.00
994,441.437,STOCK1,156.00,100,buy,T-015,T-031,82.00,156.00
995,441.437,STOCK1,158.00,900,buy,T-015,T-032,82.00,156.00
996,442.143,STOCK1,82.00,460,sell,T-036,T-028,82.00,158.00
997,442.143,STOCK1,82.00,1000,sell,T-036,T-028,82.00,158.00
998,442.143,STOCK1,82.00,1000,sell,T-036,T-028,82.00,158.00
999,442.143,STOCK1,82.00,1000,sell,T-036,T-028,82.00,158.00
1000,442.143,STOCK1,80.50,100,sell,T-045,T-028,82.00,158.00
1001,442.143,STOCK1,80.00,100,sell,T-019,T-028,82.00,158.00
1002,442.143,STOCK1,80.00,100,sell,T-019,T-028,82.00,158.00
1003,442.143,STOCK1,80.00,100,sell,T-019,T-028,82.00,158.00
1004,442.143,STOCK1,80.00,100,sell,T-019,T-028,82.00,158.00
1005,442.143,STOCK1,80.00,1040,sell,T-016,T-028,82.00,158.00
1006,445.446,STOCK2,150.00,500,buy,T-003,T-041,100.00,150.00
1007,445.848,STOCK2,150.00,500,buy,T-003,T-041,100.00,150.00
1008,446.293,STOCK2,150.00,500,buy,T-003,T-041,100.00,150.00
1009,446.415,STOCK2,150.00,500,buy,T-003,T-041,100.00,150.00
1010,446.507,STOCK1,80.00,2000,sell,T-016,T-002,80.00,155.00
1011,446.589,STOCK2,150.00,500,buy,T-003,T-041,100.00,150.00
1012,447.245,STOCK1,81.00,500,sell,T-030,T-002,81.00,155.00
1013,447.245,STOCK1,80.00,1500,sell,T-016,T-002,81.00,155.00
1014,447.515,STOCK2,150.00,100,buy,T-047,T-041,100.00,150.00
1015,447.688,STOCK2,150.00,400,buy,T-015,T-041,100.00,150.00
1016,447.688,STOCK2,150.00,600,buy,T-015,T-041,100.00,150.00
1017,448.034,STOCK2,150.00,100,buy,T-047,T-041,100.00,150.00
1018,448.388,STOCK2,150.00,100,buy,T-047,T-041,100.00,150.00
1019,448.418,STOCK2,150.00,100,buy,T-024,T-041,100.00,150.00
1020,448.641,STOCK2,150.00,100,buy,T-047,T-041,100.00,150.00
1021,448.782,STOCK2,150.00,100,buy,T-047,T-041,100.00,150.00
1022,448.904,STOCK2,150.00,100,buy,T-024,T-041,100.00,150.00
1023,448.935,STOCK2,150.00,100,buy,T-047,T-041,100.00,150.00
1024,448.956,STOCK1,80.00,460,sell,T-016,T-002,80.00,155.00
1025,448.956,STOCK1,80.00,1000,sell,T-031,T-002,80.00,155.00
1026,448.956,STOCK1,80.00,540,sell,T-031,T-002,80.00,155.00
1027,449.047,STOCK2,150.00,100,buy,T-024,T-041,100.00,150.00
1028,449.087,STOCK1,155.00,100,buy,T-049,T-019,80.00,155.00
1029,449.087,STOCK1,158.00,100,buy,T-049,T-032,80.00,155.00
1030,449.117,STOCK2,150.00,100,buy,T-047,T-041,100.00,150.00
1031,449.269,STOCK2,150.00,100,buy,T-024,T-041,100.00,150.00
1032,449.463,STOCK2,150.00,400,buy,T-003,T-041,100.00,150.00
1033,449.463,STOCK2,150.00,100,buy,T-003,T-041,100.00,150.00
1034,449.573,STOCK2,150.00,100,buy,T-024,T-041,100.00,150.00
1035,449.624,STOCK2,150.00,500,buy,T-003,T-041,100.00,150.00
1036,449.635,STOCK2,150.00,300,buy,T-015,T-041,100.00,150.00
1037,449.635,STOCK2,150.00,700,buy,T-015,T-041,100.00,150.00
1038,449.795,STOCK2,150.00,100,buy,T-047,T-041,100.00,150.00
1039,449.795,STOCK2,150.00,200,buy,T-003,T-041,100.00,150.00
1040,449.795,STOCK2,150.00,300,buy,T-003,T-041,100.00,150.00
1041,449.956,STOCK2,150.00,100,buy,T-047,T-041,100.00,150.00
1042,449.996,STOCK2,150.00,500,buy,T-003,T-041,100.00,150.00
1043,450.087,STOCK2,150.00,100,buy,T-047,T-041,100.00,150.00
1044,450.573,STOCK2,150.00,100,buy,T-047,T-041,100.00,150.00
1045,450.708,STOCK2,150.00,900,buy,T-015,T-041,100.00,150.00
1046,450.708,STOCK2,150.00,100,buy,T-015,T-036,100.00,150.00
1047,450.728,STOCK2,150.00,100,buy,T-047,T-036,100.00,150.00
1048,450.899,STOCK2,150.00,100,buy,T-047,T-036,100.00,150.00
1049,450.899,STOCK2,150.00,500,buy,T-003,T-036,100.00,150.00
1050,451.022,STOCK2,150.00,100,buy,T-024,T-036,100.00,150.00
1051,451.054,STOCK2,150.00,100,buy,T-047,T-036,100.00,150.00
1052,451.216,STOCK2,150.00,100,buy,T-047,T-036,100.00,150.00
1053,451.246,STOCK2,150.00,500,buy,T-003,T-036,100.00,150.00
1054,451.276,STOCK1,81.00,1000,sell,T-013,T-002,81.00,159.00
1055,451.276,STOCK1,80.00,460,sell,T-031,T-002,81.00,159.00
1056,451.276,STOCK1,76.00,100,sell,T-055,T-002,81.00,159.00
1057,451.276,STOCK1,76.00,100,sell,T-055,T-002,81.00,159.00
1058,451.276,STOCK1,75.00,50,sell,T-045,T-002,81.00,159.00
1059,451.276,STOCK1,75.00,50,sell,T-045,T-002,81.00,159.00
1060,451.276,STOCK1,71.00,240,sell,T-041,T-002,81.00,159.00
1061,451.336,STOCK1,159.00,200,buy,T-049,T-031,71.00,159.00
1062,451.396,STOCK2,150.00,100,buy,T-047,T-036,100.00,150.00
1063,451.597,STOCK2,150.00,100,buy,T-047,T-036,100.00,150.00
1064,451.747,STOCK2,150.00,100,buy,T-047,T-036,100.00,150.00
1065,451.898,STOCK2,150.00,100,buy,T-015,T-036,100.00,150.00
1066,451.898,STOCK2,150.00,900,buy,T-015,T-036,100.00,150.00
1067,451.949,STOCK2,150.00,100,buy,T-047,T-036,100.00,150.00
1068,452.081,STOCK2,162.00,100,buy,T-003,T-046,100.00,162.00
1069,452.081,STOCK2,165.00,400,buy,T-003,T-013,100.00,162.00
1070,452.111,STOCK2,165.00,100,buy,T-047,T-013,100.00,165.00
1071,452.292,STOCK2,160.00,100,buy,T-047,T-032,100.00,160.00
1072,454.716,STOCK2,160.00,200,buy,T-052,T-032,100.00,160.00
1073,455.657,STOCK1,140.00,200,buy,T-049,T-040,81.00,140.00
1074,455.929,STOCK2,160.00,700,buy,T-026,T-032,100.00,160.00
1075,455.929,STOCK2,160.00,300,buy,T-026,T-032,100.00,160.00
1076,455.960,STOCK2,160.00,200,buy,T-052,T-032,100.00,160.00
1077,457.146,STOCK1,140.00,200,buy,T-049,T-040,81.00,140.00
1078,457.654,STOCK1,140.00,200,buy,T-049,T-040,81.00,140.00
1079,457.845,STOCK1,140.00,200,buy,T-049,T-040,81.00,140.00
1080,458.201,STOCK1,140.00,200,buy,T-049,T-040,81.00,140.00
1081,458.382,STOCK1,140.00,200,buy,T-049,T-040,81.00,140.00
1082,458.908,STOCK1,138.00,200,buy,T-049,T-030,81.00,138.00
1083,459.049,STOCK2,159.00,1000,buy,T-015,T-041,100.00,159.00
1084,459.314,STOCK2,159.00,1000,buy,T-015,T-041,100.00,159.00
1085,459.538,STOCK2,160.00,500,buy,T-026,T-032,100.00,160.00
1086,459.538,STOCK2,160.00,500,buy,T-026,T-032,100.00,160.00
1087,459.701,STOCK1,138.00,200,buy,T-049,T-030,81.00,138.00
1088,459.802,STOCK2,160.00,500,buy,T-015,T-032,100.00,160.00
1089,459.802,STOCK2,165.00,400,buy,T-015,T-013,100.00,160.00
1090,459.802,STOCK2,165.00,100,buy,T-015,T-045,100.00,160.00
1091,459.903,STOCK1,138.00,100,buy,T-049,T-030,81.00,138.00
1092,459.903,STOCK1,140.00,100,buy,T-049,T-040,81.00,138.00
1093,460.266,STOCK1,140.00,200,buy,T-049,T-040,81.00,140.00
1094,460.933,STOCK2,166.00,1000,buy,T-015,T-040,100.00,166.00
1095,460.974,STOCK1,140.00,200,buy,T-049,T-040,81.00,140.00
1096,461.166,STOCK1,140.00,200,buy,T-049,T-040,81.00,140.00
1097,461.369,STOCK1,140.00,100,buy,T-049,T-040,81.00,140.00
1098,461.369,STOCK1,140.00,100,buy,T-049,T-040,81.00,140.00
1099,464.606,STOCK2,166.00,1000,buy,T-015,T-040,100.00,166.00
1100,466.603,STOCK1,140.00,200,buy,T-049,T-040,82.00,140.00
1101,469.196,STOCK1,140.00,200,buy,T-049,T-040,82.00,140.00
1102,470.675,STOCK1,140.00,100,buy,T-024,T-040,82.00,140.00
1103,470.919,STOCK1,140.00,100,buy,T-024,T-040,82.00,140.00
1104,472.865,STOCK1,130.00,100,buy,T-024,T-029,82.10,130.00
1105,473.048,STOCK1,130.00,100,buy,T-024,T-029,82.10,130.00
1106,473.290,STOCK1,130.00,100,buy,T-024,T-029,82.10,130.00
1107,473.451,STOCK1,130.00,100,buy,T-024,T-029,82.10,130.00
1108,473.622,STOCK1,130.00,100,buy,T-024,T-029,82.10,130.00
1109,473.784,STOCK1,130.00,100,buy,T-024,T-029,82.10,130.00
1110,473.985,STOCK1,130.00,100,buy,T-024,T-029,82.10,130.00
1111,475.912,STOCK1,130.00,300,buy,T-015,T-029,82.10,130.00
1112,475.912,STOCK1,139.00,100,buy,T-015,T-046,82.10,130.00
1113,475.912,STOCK1,139.00,100,buy,T-015,T-046,82.10,130.00
1114,475.912,STOCK1,139.00,100,buy,T-015,T-046,82.10,130.00
1115,475.912,STOCK1,139.00,100,buy,T-015,T-046,82.10,130.00
1116,475.912,STOCK1,139.00,100,buy,T-015,T-046,82.10,130.00
1117,475.912,STOCK1,139.00,100,buy,T-015,T-046,82.10,130.00
1118,475.912,STOCK1,139.00,100,buy,T-015,T-046,82.10,130.00
1119,476.917,STOCK1,139.00,100,buy,T-024,T-046,82.10,139.00
1120,477.100,STOCK1,139.00,100,buy,T-024,T-046,82.10,139.00
1121,477.892,STOCK1,139.00,100,buy,T-015,T-046,82.10,139.00
1122,477.892,STOCK1,140.00,300,buy,T-015,T-040,82.10,139.00
1123,477.892,STOCK1,140.00,600,buy,T-015,T-040,82.10,139.00
1124,477.972,STOCK1,140.00,100,buy,T-024,T-040,82.10,140.00
1125,478.853,STOCK1,140.00,300,buy,T-015,T-040,82.10,140.00
1126,478.853,STOCK1,140.00,700,buy,T-015,T-040,82.10,140.00
1127,480.098,STOCK1,140.00,300,buy,T-015,T-040,82.10,140.00
1128,480.098,STOCK1,140.00,700,buy,T-015,T-040,82.10,140.00
1129,480.986,STOCK1,140.00,100,buy,T-024,T-040,82.10,140.00
1130,481.189,STOCK1,140.00,100,buy,T-024,T-040,82.10,140.00
1131,481.380,STOCK1,140.00,100,buy,T-024,T-040,82.10,140.00
1132,481.591,STOCK1,140.00,100,buy,T-024,T-040,82.10,140.00
1133,486.595,STOCK2,160.00,1000,buy,T-026,T-051,105.00,160.00
1134,486.685,STOCK2,160.00,500,buy,T-003,T-051,105.00,160.00
1135,486.999,STOCK2,160.00,1000,buy,T-015,T-051,105.00,160.00
1136,487.398,STOCK2,160.00,1000,buy,T-026,T-051,105.00,160.00
1137,487.691,STOCK2,160.00,500,buy,T-015,T-051,105.00,160.00
1138,487.691,STOCK2,165.00,100,buy,T-015,T-046,105.00,160.00
1139,487.691,STOCK2,165.00,100,buy,T-015,T-046,105.00,160.00
1140,487.691,STOCK2,165.00,100,buy,T-015,T-046,105.00,160.00
1141,487.691,STOCK2,165.00,100,buy,T-015,T-046,105.00,160.00
1142,487.691,STOCK2,165.00,100,buy,T-015,T-046,105.00,160.00
1143,488.615,STOCK2,165.75,1000,buy,T-015,T-011,107.00,165.75
1144,491.335,STOCK1,134.00,1000,buy,T-015,T-008,82.10,134.00
1145,491.783,STOCK1,134.00,1000,buy,T-026,T-008,82.10,134.00
1146,491.937,STOCK1,135.00,1000,buy,T-015,T-016,82.10,135.00
1147,492.210,STOCK1,135.00,1000,buy,T-026,T-016,82.10,135.00
1148,492.450,STOCK1,135.00,1000,buy,T-015,T-016,82.10,135.00
1149,492.833,STOCK1,135.00,1000,buy,T-026,T-016,82.10,135.00
1150,492.977,STOCK1,135.00,1000,buy,T-015,T-016,82.10,135.00
1151,493.171,STOCK1,138.00,100,buy,T-024,T-032,82.10,138.00
1152,493.293,STOCK1,138.00,900,buy,T-015,T-032,82.10,138.00
1153,493.293,STOCK1,139.00,100,buy,T-015,T-031,82.10,138.00
1154,493.879,STOCK1,139.00,900,buy,T-015,T-031,82.10,139.00
1155,493.879,STOCK1,139.00,100,buy,T-015,T-031,82.10,139.00
1156,494.294,STOCK2,107.00,165,sell,T-030,T-002,107.00,165.75
1157,494.294,STOCK2,107.00,165,sell,T-030,T-002,107.00,165.75
1158,494.294,STOCK2,105.00,1670,sell,T-051,T-002,107.00,165.75
1159,494.345,STOCK1,139.00,900,buy,T-015,T-031,82.10,139.00
1160,494.345,STOCK1,140.00,100,buy,T-015,T-040,82.10,139.00
1161,494.822,STOCK1,140.00,800,buy,T-015,T-040,82.10,140.00
1162,494.822,STOCK1,140.00,200,buy,T-015,T-016,82.10,140.00
1163,495.288,STOCK1,140.00,100,buy,T-024,T-016,82.10,140.00
1164,495.528,STOCK1,140.00,1000,buy,T-015,T-016,82.10,140.00
1165,495.874,STOCK1,140.00,100,buy,T-024,T-016,82.10,140.00
1166,496.833,STOCK1,140.00,3600,buy,T-028,T-016,82.10,140.00
1167,496.833,STOCK1,140.00,1000,buy,T-028,T-041,82.10,140.00
1168,496.833,STOCK1,150.00,400,buy,T-028,T-031,82.10,140.00
1169,497.332,STOCK1,140.00,1000,buy,T-028,T-041,82.10,140.00
1170,497.332,STOCK1,150.00,600,buy,T-028,T-031,82.10,140.00
1171,497.332,STOCK1,150.00,1000,buy,T-028,T-031,82.10,140.00
1172,497.332,STOCK1,150.00,1000,buy,T-028,T-036,82.10,140.00
1173,497.332,STOCK1,150.00,1000,buy,T-028,T-036,82.10,140.00
1174,497.332,STOCK1,150.00,400,buy,T-028,T-036,82.10,140.00
1175,497.810,STOCK1,140.00,1000,buy,T-028,T-041,82.10,140.00
1176,497.810,STOCK1,149.00,1000,buy,T-028,T-032,82.10,140.00
1177,497.810,STOCK1,150.00,600,buy,T-028,T-036,82.10,140.00
1178,497.810,STOCK1,150.00,1000,buy,T-028,T-036,82.10,140.00
1179,497.810,STOCK1,150.00,1000,buy,T-028,T-036,82.10,140.00
1180,497.810,STOCK1,155.00,100,buy,T-028,T-019,82.10,140.00
1181,497.810,STOCK1,155.00,100,buy,T-028,T-019,82.10,140.00
1182,497.810,STOCK1,155.00,200,buy,T-028,T-013,82.10,140.00
1183,498.042,STOCK1,155.00,800,buy,T-015,T-013,82.10,155.00
1184,498.042,STOCK1,158.00,200,buy,T-015,T-030,82.10,155.00
1185,500.373,STOCK2,110.00,100,buy,T-024,T-051,105.00,110.00
1186,500.838,STOCK2,110.00,100,buy,T-024,T-051,105.00,110.00
1187,501.000,STOCK2,110.00,100,buy,T-024,T-051,105.00,110.00
1188,501.231,STOCK2,110.00,100,buy,T-024,T-051,105.00,110.00
1189,501.362,STOCK2,110.00,100,buy,T-024,T-051,105.00,110.00
1190,501.494,STOCK2,105.00,2000,sell,T-051,T-002,105.00,110.00
1191,501.524,STOCK2,110.00,100,buy,T-024,T-051,105.00,110.00
1192,501.686,STOCK2,110.00,100,buy,T-024,T-051,105.00,110.00
1193,501.889,STOCK2,110.00,100,buy,T-024,T-051,105.00,110.00
1194,501.939,STOCK1,83.00,200,sell,T-029,T-052,83.00,140.00
1195,502.009,STOCK2,110.00,100,buy,T-024,T-051,105.00,110.00
1196,502.051,STOCK2,105.00,330,sell,T-051,T-002,105.00,161.00
1197,502.051,STOCK2,101.00,500,sell,T-030,T-002,105.00,161.00
1198,502.051,STOCK2,100.00,1000,sell,T-036,T-002,105.00,161.00
1199,502.051,STOCK2,100.00,170,sell,T-036,T-002,105.00,161.00
1200,502.191,STOCK2,161.00,100,buy,T-024,T-031,100.00,161.00
1201,502.415,STOCK2,161.00,100,buy,T-024,T-031,100.00,161.00
1202,502.546,STOCK2,100.00,830,sell,T-036,T-002,100.00,161.00
1203,502.546,STOCK2,100.00,1000,sell,T-036,T-002,100.00,161.00
1204,502.546,STOCK2,100.00,170,sell,T-036,T-002,100.00,161.00
1205,503.222,STOCK2,100.00,830,sell,T-036,T-002,100.00,161.00
1206,503.222,STOCK2,100.00,1000,sell,T-036,T-002,100.00,161.00
1207,503.222,STOCK2,100.00,170,sell,T-036,T-002,100.00,161.00
1208,505.959,STOCK1,84.00,100,sell,T-019,T-052,84.00,140.00
1209,505.959,STOCK1,84.00,100,sell,T-019,T-052,84.00,140.00
1210,506.486,STOCK1,140.00,1000,buy,T-042,T-041,84.00,140.00
1211,506.486,STOCK1,140.00,300,buy,T-042,T-041,84.00,140.00
1212,507.539,STOCK2,160.00,1000,buy,T-015,T-040,110.00,160.00
1213,508.695,STOCK2,159.00,165,buy,T-026,T-030,110.00,159.00
1214,508.695,STOCK2,160.00,835,buy,T-026,T-040,110.00,159.00
1215,510.252,STOCK2,159.00,165,buy,T-026,T-030,110.00,159.00
1216,510.252,STOCK2,160.00,165,buy,T-026,T-040,110.00,159.00
1217,510.252,STOCK2,160.00,670,buy,T-026,T-040,110.00,159.00
1218,511.342,STOCK2,110.00,1000,sell,T-051,T-048,110.00,160.00
1219,512.062,STOCK1,85.00,200,sell,T-032,T-052,85.00,135.00
1220,514.232,STOCK1,135.00,1000,buy,T-015,T-016,85.00,135.00
1221,514.517,STOCK2,110.00,2000,sell,T-051,T-002,110.00,159.00
1222,515.944,STOCK1,135.00,1000,buy,T-015,T-016,85.10,135.00
1223,517.018,STOCK1,134.00,100,buy,T-015,T-046,85.10,134.00
1224,517.018,STOCK1,134.00,100,buy,T-015,T-046,85.10,134.00
1225,517.018,STOCK1,134.00,100,buy,T-015,T-046,85.10,134.00
1226,517.018,STOCK1,134.00,100,buy,T-015,T-046,85.10,134.00
1227,517.018,STOCK1,135.00,600,buy,T-015,T-016,85.10,134.00
1228,519.508,STOCK1,134.00,100,buy,T-026,T-046,86.10,134.00
1229,519.508,STOCK1,134.00,100,buy,T-026,T-046,86.10,134.00
1230,519.508,STOCK1,134.00,100,buy,T-026,T-046,86.10,134.00
1231,519.508,STOCK1,134.00,100,buy,T-026,T-046,86.10,134.00
1232,519.508,STOCK1,134.00,100,buy,T-026,T-046,86.10,134.00
1233,519.508,STOCK1,135.00,500,buy,T-026,T-016,86.10,134.00
1234,520.246,STOCK2,155.00,500,buy,T-003,T-032,110.00,155.00
1235,520.936,STOCK2,155.00,500,buy,T-003,T-032,110.00,155.00
1236,523.661,STOCK1,134.00,100,buy,T-015,T-046,86.10,134.00
1237,523.661,STOCK1,134.00,100,buy,T-015,T-046,86.10,134.00
1238,523.661,STOCK1,134.00,100,buy,T-015,T-046,86.10,134.00
1239,523.661,STOCK1,134.00,100,buy,T-015,T-046,86.10,134.00
1240,523.661,STOCK1,134.00,100,buy,T-015,T-046,86.10,134.00
1241,523.661,STOCK1,134.00,100,buy,T-015,T-046,86.10,134.00
1242,523.661,STOCK1,134.00,100,buy,T-015,T-046,86.10,134.00
1243,523.661,STOCK1,134.00,100,buy,T-015,T-046,86.10,134.00
1244,523.661,STOCK1,135.00,200,buy,T-015,T-016,86.10,134.00
1245,523.671,STOCK2,155.00,500,buy,T-003,T-032,110.00,155.00
1246,524.227,STOCK2,155.00,500,buy,T-003,T-032,110.00,155.00
1247,524.986,STOCK1,134.00,100,buy,T-015,T-046,88.00,134.00
1248,524.986,STOCK1,134.00,100,buy,T-015,T-046,88.00,134.00
1249,524.986,STOCK1,134.00,100,buy,T-015,T-046,88.00,134.00
1250,524.986,STOCK1,134.00,100,buy,T-015,T-046,88.00,134.00
1251,524.986,STOCK1,134.00,100,buy,T-015,T-046,88.00,134.00
1252,524.986,STOCK1,135.00,500,buy,T-015,T-016,88.00,134.00
1253,525.375,STOCK1,88.00,200,sell,T-051,T-052,88.00,134.00
1254,525.589,STOCK1,134.00,100,buy,T-015,T-046,88.00,134.00
1255,525.589,STOCK1,134.00,100,buy,T-015,T-046,88.00,134.00
1256,525.589,STOCK1,135.00,300,buy,T-015,T-016,88.00,134.00
1257,525.589,STOCK1,139.90,100,buy,T-015,T-045,88.00,134.00
1258,525.589,STOCK1,149.00,400,buy,T-015,T-032,88.00,134.00
1259,526.236,STOCK1,134.00,100,buy,T-015,T-046,88.00,134.00
1260,526.236,STOCK1,149.00,600,buy,T-015,T-032,88.00,134.00
1261,526.236,STOCK1,149.00,300,buy,T-015,T-032,88.00,134.00
1262,526.754,STOCK2,159.00,165,buy,T-026,T-030,110.00,159.00
1263,526.754,STOCK2,159.00,165,buy,T-026,T-030,110.00,159.00
1264,526.754,STOCK2,159.00,165,buy,T-026,T-030,110.00,159.00
1265,526.754,STOCK2,160.00,330,buy,T-026,T-040,110.00,159.00
1266,526.754,STOCK2,160.00,175,buy,T-026,T-013,110.00,159.00
1267,527.358,STOCK1,149.00,700,buy,T-015,T-032,88.00,149.00
1268,527.358,STOCK1,158.00,300,buy,T-015,T-030,88.00,149.00
1269,528.306,STOCK2,160.00,825,buy,T-026,T-013,110.00,160.00
1270,528.306,STOCK2,161.00,175,buy,T-026,T-031,110.00,160.00
1271,528.509,STOCK2,110.00,1000,sell,T-051,T-028,110.00,161.00
1272,528.509,STOCK2,100.00,830,sell,T-036,T-028,110.00,161.00
1273,528.509,STOCK2,100.00,1000,sell,T-036,T-028,110.00,161.00
1274,528.509,STOCK2,100.00,1000,sell,T-036,T-028,110.00,161.00
1275,528.509,STOCK2,95.50,150,sell,T-045,T-028,110.00,161.00
1276,528.509,STOCK2,95.00,100,sell,T-055,T-028,110.00,161.00
1277,528.509,STOCK2,95.00,100,sell,T-055,T-028,110.00,161.00
1278,528.509,STOCK2,95.00,100,sell,T-055,T-028,110.00,161.00
1279,528.509,STOCK2,95.00,100,sell,T-055,T-028,110.00,161.00
1280,528.509,STOCK2,95.00,500,sell,T-055,T-028,110.00,161.00
1281,528.509,STOCK2,95.00,120,sell,T-055,T-028,110.00,161.00
1282,541.467,STOCK1,90.30,100,sell,T-019,T-010,90.30,155.00
1283,546.157,STOCK1,92.00,50,sell,T-031,T-025,92.00,154.00
1284,547.176,STOCK2,155.00,100,buy,T-024,T-011,100.00,155.00
1285,547.420,STOCK1,92.00,50,sell,T-031,T-025,92.00,154.00
1286,547.611,STOCK2,155.00,500,buy,T-003,T-011,100.00,155.00
1287,548.625,STOCK1,92.00,50,sell,T-031,T-025,92.00,150.00
1288,550.237,STOCK2,155.00,100,buy,T-024,T-011,100.00,155.00
1289,550.802,STOCK2,100.00,1300,sell,T-011,T-042,100.00,155.00
1290,551.311,STOCK1,93.00,50,sell,T-041,T-025,93.00,150.00
1291,552.068,STOCK2,155.00,200,buy,T-052,T-011,100.00,155.00
1292,552.471,STOCK1,149.00,500,buy,T-028,T-030,93.00,149.00
1293,552.471,STOCK1,150.00,100,buy,T-028,T-019,93.00,149.00
1294,552.471,STOCK1,152.00,4400,buy,T-028,T-051,93.00,149.00
1295,552.911,STOCK1,93.00,50,sell,T-041,T-025,93.00,152.00
1296,553.396,STOCK2,155.00,100,buy,T-024,T-011,100.00,155.00
1297,553.770,STOCK2,155.00,100,buy,T-024,T-011,100.00,155.00
1298,553.924,STOCK1,93.00,50,sell,T-041,T-025,93.00,152.00
1299,553.954,STOCK2,155.00,100,buy,T-024,T-011,100.00,155.00
1300,555.138,STOCK2,155.00,200,buy,T-052,T-011,100.00,155.00
1301,555.846,STOCK1,149.00,200,buy,T-049,T-030,93.00,149.00
1302,556.421,STOCK2,100.00,500,sell,T-011,T-055,100.00,150.00
1303,557.073,STOCK1,93.00,50,sell,T-041,T-025,93.00,149.00
1304,557.497,STOCK1,93.00,800,sell,T-041,T-002,93.00,149.00
1305,557.497,STOCK1,93.00,1000,sell,T-041,T-002,93.00,149.00
1306,557.497,STOCK1,93.00,200,sell,T-041,T-002,93.00,149.00
1307,558.175,STOCK2,150.00,100,buy,T-024,T-032,100.00,150.00
1308,558.185,STOCK1,93.00,800,sell,T-041,T-002,93.00,149.00
1309,558.185,STOCK1,93.00,1000,sell,T-041,T-002,93.00,149.00
1310,558.185,STOCK1,93.00,200,sell,T-013,T-002,93.00,149.00
1311,558.316,STOCK2,150.00,100,buy,T-024,T-032,100.00,150.00
1312,558.478,STOCK2,150.00,500,buy,T-003,T-032,100.00,150.00
1313,559.210,STOCK1,93.00,500,sell,T-013,ME,93.00,149.00
1314,560.557,STOCK1,93.50,100,sell,T-046,T-047,93.50,149.00
1315,560.597,STOCK2,150.00,300,buy,T-026,T-032,100.00,150.00
1316,560.597,STOCK2,155.00,700,buy,T-026,T-011,100.00,150.00
1317,560.639,STOCK2,155.00,500,buy,T-003,T-011,100.00,155.00
1318,561.419,STOCK1,93.50,100,sell,T-046,T-047,93.50,149.00
1319,561.921,STOCK1,93.50,100,sell,T-046,T-047,93.50,149.00
1320,562.486,STOCK2,100.00,500,sell,T-011,T-055,100.00,155.00
1321,562.891,STOCK1,93.50,100,sell,T-046,T-047,93.50,149.00
1322,563.580,STOCK1,93.50,100,sell,T-046,T-047,93.50,149.00
1323,565.898,STOCK2,150.00,1000,buy,T-015,T-036,110.00,150.00
1324,565.999,STOCK2,150.00,1000,buy,T-026,T-036,110.00,150.00
1325,566.417,STOCK2,150.00,1000,buy,T-026,T-036,110.00,150.00
1326,567.293,STOCK2,150.00,1000,buy,T-015,T-036,110.00,150.00
1327,568.034,STOCK2,150.00,1000,buy,T-015,T-036,110.00,150.00
1328,568.467,STOCK2,150.00,100,buy,T-024,T-036,110.00,150.00
1329,568.467,STOCK2,150.00,900,buy,T-026,T-036,110.00,150.00
1330,568.467,STOCK2,150.00,100,buy,T-026,T-036,110.00,150.00
1331,568.819,STOCK2,150.00,100,buy,T-024,T-036,110.00,150.00
1332,569.144,STOCK2,150.00,100,buy,T-024,T-036,110.00,150.00
1333,569.388,STOCK2,150.00,100,buy,T-024,T-036,110.00,150.00
1334,569.830,STOCK2,150.00,100,buy,T-024,T-036,110.00,150.00
1335,570.010,STOCK2,150.00,100,buy,T-024,T-036,110.00,150.00
1336,570.172,STOCK2,150.00,100,buy,T-024,T-036,110.00,150.00
1337,570.365,STOCK2,150.00,100,buy,T-024,T-036,110.00,150.00
1338,570.528,STOCK2,150.00,200,buy,T-026,T-036,110.00,150.00
1339,570.528,STOCK2,150.00,800,buy,T-026,T-036,110.00,150.00
1340,570.911,STOCK2,150.00,100,buy,T-047,T-036,110.00,150.00
1341,571.123,STOCK2,150.00,100,buy,T-024,T-036,110.00,150.00
1342,571.286,STOCK2,150.00,100,buy,T-024,T-036,110.00,150.00
1343,571.472,STOCK2,150.00,100,buy,T-024,T-036,110.00,150.00
1344,571.667,STOCK2,150.00,100,buy,T-024,T-036,110.00,150.00
1345,572.032,STOCK2,150.00,100,buy,T-024,T-036,110.00,150.00
1346,572.043,STOCK2,150.00,100,buy,T-047,T-036,110.00,150.00
1347,572.477,STOCK2,150.00,100,buy,T-047,T-036,110.00,150.00
1348,572.650,STOCK2,150.00,100,buy,T-024,T-036,110.00,150.00
1349,572.822,STOCK2,150.00,100,buy,T-024,T-036,110.00,150.00
1350,572.964,STOCK2,150.00,100,buy,T-024,T-036,110.00,150.00
1351,573.442,STOCK2,150.00,100,buy,T-024,T-036,110.00,150.00
1352,573.815,STOCK2,150.00,100,buy,T-047,T-036,110.00,150.00
1353,573.947,STOCK2,150.00,100,buy,T-024,T-036,110.00,150.00
1354,574.123,STOCK2,150.00,100,buy,T-024,T-036,111.00,150.00
1355,574.205,STOCK2,150.00,100,buy,T-047,T-036,111.00,150.00
1356,574.300,STOCK2,150.00,100,buy,T-024,T-036,111.00,150.00
1357,574.490,STOCK2,150.00,100,buy,T-024,T-036,111.00,150.00
1358,574.776,STOCK2,150.00,100,buy,T-024,T-036,111.00,150.00
1359,575.119,STOCK2,150.00,100,buy,T-024,T-036,111.00,150.00
1360,575.255,STOCK2,150.00,100,buy,T-024,T-036,111.00,150.00
1361,575.255,STOCK2,150.00,100,buy,T-047,T-036,111.00,150.00
1362,575.681,STOCK2,150.00,1000,buy,T-026,T-036,111.00,150.00
1363,575.752,STOCK2,150.00,100,buy,T-047,T-036,111.00,150.00
1364,576.846,STOCK2,150.00,100,buy,T-047,T-036,111.00,150.00
1365,577.946,STOCK2,150.00,800,buy,T-024,T-036,111.00,150.00
1366,577.946,STOCK2,150.00,200,buy,T-024,T-036,111.00,150.00
1367,578.097,STOCK2,150.00,100,buy,T-047,T-036,111.00,150.00
1368,578.360,STOCK1,94.00,100,sell,T-016,T-010,94.00,144.00
1369,578.390,STOCK2,150.00,100,buy,T-047,T-036,111.00,150.00
1370,578.483,STOCK2,150.00,100,buy,T-047,T-036,111.00,150.00
1371,578.706,STOCK2,150.00,100,buy,T-047,T-036,111.00,150.00
1372,578.716,STOCK2,150.00,400,buy,T-024,T-036,111.00,150.00
1373,578.716,STOCK2,150.00,600,buy,T-024,T-051,111.00,150.00
1374,578.876,STOCK2,150.00,100,buy,T-047,T-051,111.00,150.00
1375,579.069,STOCK2,150.00,100,buy,T-047,T-051,111.00,150.00
1376,579.252,STOCK1,94.00,100,sell,T-016,T-010,94.00,144.00
1377,580.052,STOCK2,150.00,1000,buy,T-026,T-051,111.00,150.00
1378,580.205,STOCK1,94.00,100,sell,T-016,T-010,94.00,144.00
1379,580.335,STOCK2,150.00,100,buy,T-047,T-051,111.00,150.00
1380,580.477,STOCK2,150.00,100,buy,T-047,T-051,111.00,150.00
1381,581.351,STOCK2,149.00,100,buy,T-047,T-030,111.00,149.00
1382,581.643,STOCK2,149.00,100,buy,T-047,T-030,111.00,149.00
1383,582.357,STOCK2,149.00,100,buy,T-024,T-030,111.00,149.00
1384,582.997,STOCK2,149.00,100,buy,T-024,T-030,111.00,149.00
1385,583.551,STOCK2,149.00,100,buy,T-024,T-030,111.00,149.00
1386,585.390,STOCK2,149.00,100,buy,T-024,T-030,111.00,149.00
1387,585.757,STOCK2,149.00,400,buy,T-026,T-030,111.00,149.00
1388,585.757,STOCK2,150.00,599,buy,T-026,T-051,111.00,149.00
1389,585.879,STOCK2,150.00,100,buy,T-024,T-051,111.00,150.00
1390,588.229,STOCK1,96.00,100,sell,T-032,T-047,96.00,142.00
1391,588.506,STOCK2,150.00,200,buy,T-052,T-051,111.00,150.00
1392,588.616,STOCK1,96.00,100,sell,T-032,T-047,96.00,142.00
1393,588.824,STOCK1,96.00,100,sell,T-032,T-047,96.00,142.00
1394,588.995,STOCK1,96.00,100,sell,T-032,T-047,96.00,142.00
1395,589.389,STOCK1,96.00,100,sell,T-032,T-047,96.00,142.00
1396,589.479,STOCK2,150.00,200,buy,T-052,T-051,111.00,150.00
1397,589.681,STOCK1,96.00,100,sell,T-032,T-047,96.00,142.00
1398,589.863,STOCK2,150.00,500,buy,T-006,T-051,111.00,150.00
1399,590.004,STOCK1,96.00,100,sell,T-032,T-047,96.00,142.00
1400,590.432,STOCK2,150.00,500,buy,T-006,T-051,111.00,150.00
1401,590.676,STOCK1,96.00,100,sell,T-032,T-047,96.00,142.00
1402,590.838,STOCK1,96.00,100,sell,T-032,T-047,96.00,142.00
1403,591.000,STOCK1,96.00,100,sell,T-032,T-047,96.00,142.00
1404,591.164,STOCK1,96.00,100,sell,T-032,T-047,96.00,142.00
1405,591.336,STOCK1,98.00,100,sell,T-011,T-047,98.00,142.00
1406,591.558,STOCK1,98.00,100,sell,T-011,T-047,98.00,142.00
1407,591.842,STOCK1,98.00,100,sell,T-011,T-047,98.00,142.00
1408,591.852,STOCK1,98.00,100,sell,T-011,T-047,98.00,142.00
1409,593.152,STOCK1,98.00,100,sell,T-011,T-047,98.00,141.00
1410,593.295,STOCK1,98.00,100,sell,T-011,T-047,98.00,141.00
1411,593.456,STOCK1,98.00,100,sell,T-011,T-047,98.00,141.00
1412,593.639,STOCK1,98.00,100,sell,T-011,T-047,98.00,141.00
1413,593.893,STOCK1,98.00,100,sell,T-011,T-047,98.00,141.00
1414,594.225,STOCK1,100.00,100,sell,T-036,T-047,100.00,141.00
1415,594.266,STOCK1,100.00,100,sell,T-036,T-047,100.00,141.00
1416,594.621,STOCK1,100.00,100,sell,T-036,T-010,100.00,141.00
1417,594.713,STOCK1,100.00,100,sell,T-036,T-047,100.00,141.00
1418,594.723,STOCK1,100.00,100,sell,T-036,T-047,100.00,141.00
1419,595.173,STOCK1,100.00,100,sell,T-036,T-047,100.00,141.00
1420,595.183,STOCK1,100.00,100,sell,T-036,T-047,100.00,141.00
1421,595.669,STOCK1,100.00,100,sell,T-036,T-047,100.00,141.00
1422,596.611,STOCK1,100.00,100,sell,T-036,T-010,100.00,140.00
1423,597.453,STOCK1,100.00,100,sell,T-036,T-047,100.00,140.00
1424,598.206,STOCK1,100.00,100,sell,T-036,T-047,100.00,140.00
1425,598.216,STOCK1,100.00,100,sell,T-036,T-047,100.00,140.00
1426,598.236,STOCK1,100.00,100,sell,T-036,T-047,100.00,140.00
1427,598.296,STOCK1,100.00,100,sell,T-036,T-053,100.00,140.00
1428,599.140,STOCK1,100.00,100,sell,T-036,T-010,100.00,140.00
1429,599.315,STOCK1,100.00,100,sell,T-036,T-010,100.00,140.00
1430,599.568,STOCK1,100.00,50,sell,T-036,T-025,100.00,140.00
1431,599.619,STOCK1,100.00,10,sell,T-036,T-044,100.00,140.00
1432,599.630,STOCK1,100.00,100,sell,T-036,T-047,100.00,140.00
1433,599.650,STOCK1,100.00,100,sell,T-036,T-010,100.00,140.00
1434,599.724,STOCK1,100.00,50,sell,T-036,T-025,100.00,140.00
1435,599.900,STOCK1,101.00,50,sell,T-030,T-025,101.00,140.00
1436,600.073,STOCK1,101.00,50,sell,T-030,T-025,101.00,140.00
1437,600.145,STOCK1,101.00,100,sell,T-030,T-010,101.00,140.00
1438,600.198,STOCK1,101.00,50,sell,T-030,T-025,101.00,140.00
1439,600.208,STOCK1,101.00,200,sell,T-030,T-052,101.00,140.00
1440,600.717,STOCK1,101.00,50,sell,T-030,T-025,101.00,140.00
1441,600.870,STOCK1,101.00,50,sell,T-030,T-025,101.00,139.00
1442,601.013,STOCK1,101.00,50,sell,T-030,T-025,101.00,139.00
1443,601.178,STOCK1,101.00,50,sell,T-030,T-025,101.00,139.00
1444,601.309,STOCK1,101.00,100,sell,T-030,T-047,101.00,139.00
1445,601.319,STOCK1,101.00,50,sell,T-030,T-025,101.00,139.00
1446,601.462,STOCK1,101.00,50,sell,T-030,T-025,101.00,139.00
1447,601.617,STOCK1,101.00,50,sell,T-030,T-025,101.00,139.00
1448,601.738,STOCK1,101.00,50,sell,T-030,T-025,101.00,139.00
1449,601.860,STOCK1,101.00,50,sell,T-030,T-025,101.00,139.00
1450,601.981,STOCK1,101.00,50,sell,T-030,T-025,101.00,139.00
1451,603.415,STOCK1,101.00,100,sell,T-030,T-010,101.00,139.00
1452,604.746,STOCK1,102.00,100,sell,T-046,T-010,102.00,139.00
1453,604.807,STOCK1,102.00,100,sell,T-046,T-047,102.00,139.00
1454,604.990,STOCK1,139.00,100,buy,T-024,T-032,101.00,139.00
1455,605.042,STOCK1,139.00,900,buy,T-026,T-032,101.00,139.00
1456,605.042,STOCK1,139.00,99,buy,T-026,T-032,101.00,139.00
1457,605.408,STOCK1,101.00,350,sell,T-030,T-015,101.00,139.00
1458,605.408,STOCK1,101.00,500,sell,T-030,T-015,101.00,139.00
1459,605.408,STOCK1,101.00,150,sell,T-030,T-015,101.00,139.00
1460,605.521,STOCK1,101.00,350,sell,T-030,T-015,101.00,139.00
1461,605.521,STOCK1,101.00,500,sell,T-030,T-015,101.00,139.00
1462,605.521,STOCK1,101.00,150,sell,T-030,T-015,101.00,139.00
1463,605.645,STOCK1,101.00,350,sell,T-030,T-028,101.00,139.00
1464,605.645,STOCK1,101.00,500,sell,T-030,T-028,101.00,139.00
1465,605.645,STOCK1,100.00,90,sell,T-036,T-028,101.00,139.00
1466,605.645,STOCK1,100.00,1000,sell,T-036,T-028,101.00,139.00
1467,605.645,STOCK1,100.00,1000,sell,T-036,T-028,101.00,139.00
1468,605.645,STOCK1,100.00,1000,sell,T-036,T-028,101.00,139.00
1469,605.645,STOCK1,100.00,1000,sell,T-036,T-028,101.00,139.00
1470,605.645,STOCK1,100.00,60,sell,T-036,T-028,101.00,139.00
1471,605.665,STOCK1,100.00,940,sell,T-036,T-015,100.00,139.00
1472,605.665,STOCK1,100.00,60,sell,T-036,T-015,100.00,139.00
1473,605.827,STOCK1,100.00,940,sell,T-036,T-015,100.00,139.00
1474,605.827,STOCK1,98.00,60,sell,T-011,T-015,100.00,139.00
1475,605.877,STOCK1,98.00,100,sell,T-011,T-047,98.00,139.00
1476,605.907,STOCK1,98.00,100,sell,T-011,T-047,98.00,139.00
1477,605.970,STOCK1,98.00,1000,sell,T-011,T-015,98.00,139.00
1478,606.202,STOCK1,139.00,100,buy,T-024,T-032,98.00,139.00
1479,606.345,STOCK1,139.00,801,buy,T-026,T-032,98.00,139.00
1480,606.345,STOCK1,140.00,198,buy,T-026,T-011,98.00,139.00
1481,606.375,STOCK1,98.00,1000,sell,T-011,T-015,98.00,140.00
1482,606.557,STOCK1,140.00,100,buy,T-024,T-011,98.00,140.00
1483,606.862,STOCK1,98.00,1000,sell,T-011,T-015,98.00,140.00
1484,607.068,STOCK1,98.00,100,sell,T-011,T-010,98.00,138.00
1485,607.097,STOCK1,98.00,740,sell,T-011,T-015,98.00,138.00
1486,607.097,STOCK1,98.00,260,sell,T-055,T-015,98.00,138.00
1487,607.319,STOCK1,138.00,100,buy,T-024,T-030,102.00,138.00
1488,607.674,STOCK1,102.00,200,sell,T-046,T-015,102.00,138.00
1489,607.674,STOCK1,98.00,240,sell,T-055,T-015,102.00,138.00
1490,607.674,STOCK1,98.00,500,sell,T-055,T-015,102.00,138.00
1491,607.674,STOCK1,97.00,60,sell,T-030,T-015,102.00,138.00
1492,607.725,STOCK1,138.00,100,buy,T-024,T-030,97.00,138.00
1493,607.848,STOCK1,97.00,100,sell,T-030,T-047,97.00,138.00
1494,608.853,STOCK1,102.00,200,sell,T-046,T-052,102.00,138.00
1495,609.204,STOCK1,138.00,100,buy,T-024,T-030,102.00,138.00
1496,609.395,STOCK1,138.00,100,buy,T-024,T-030,102.00,138.00
1497,609.609,STOCK1,138.00,100,buy,T-024,T-030,102.00,138.00
1498,609.774,STOCK1,138.00,100,buy,T-024,T-030,102.00,138.00
1499,609.917,STOCK1,102.00,100,sell,T-046,T-047,102.00,138.00
1500,609.948,STOCK1,138.00,100,buy,T-024,T-030,102.00,138.00
1501,610.119,STOCK1,138.00,100,buy,T-024,T-030,102.00,138.00
1502,610.285,STOCK1,138.00,100,buy,T-024,T-030,102.00,138.00
1503,610.436,STOCK1,138.00,100,buy,T-024,T-030,102.00,138.00
1504,610.599,STOCK1,137.00,100,buy,T-024,T-016,102.00,137.00
1505,610.765,STOCK1,137.00,100,buy,T-024,T-016,102.00,137.00
1506,610.937,STOCK1,137.00,100,buy,T-024,T-016,102.00,137.00
1507,611.008,STOCK2,112.00,1000,sell,T-041,T-043,112.00,150.00
1508,611.478,STOCK1,138.00,100,buy,T-024,T-030,102.00,138.00
1509,611.651,STOCK1,138.00,100,buy,T-024,T-030,102.00,138.00
1510,611.854,STOCK1,138.00,100,buy,T-024,T-030,102.00,138.00
1511,612.038,STOCK1,138.00,100,buy,T-024,T-030,102.00,138.00
1512,612.200,STOCK1,138.00,100,buy,T-024,T-030,102.00,138.00
1513,612.366,STOCK1,138.00,100,buy,T-024,T-030,102.00,138.00
1514,612.538,STOCK1,138.00,100,buy,T-024,T-030,102.00,138.00
1515,612.734,STOCK1,138.00,100,buy,T-024,T-030,102.00,138.00
1516,612.939,STOCK1,138.00,100,buy,T-024,T-030,102.00,138.00
1517,613.119,STOCK1,138.00,100,buy,T-024,T-030,102.00,138.00
1518,613.313,STOCK1,138.00,100,buy,T-024,T-030,102.00,138.00
1519,613.514,STOCK1,138.00,100,buy,T-024,T-030,102.00,138.00
1520,613.687,STOCK1,138.00,100,buy,T-024,T-030,102.00,138.00
1521,613.820,STOCK2,112.00,1000,sell,T-041,T-043,112.00,150.00
1522,613.872,STOCK1,138.00,100,buy,T-024,T-030,102.00,138.00
1523,614.056,STOCK1,138.00,100,buy,T-024,T-030,102.00,138.00
1524,614.237,STOCK1,138.00,100,buy,T-024,T-030,102.00,138.00
1525,614.420,STOCK1,138.00,100,buy,T-024,T-030,102.00,138.00
1526,614.602,STOCK1,138.00,100,buy,T-024,T-030,102.00,138.00
1527,614.785,STOCK1,102.00,100,sell,T-046,T-047,102.00,138.00
1528,614.785,STOCK1,138.00,100,buy,T-024,T-030,102.00,138.00
1529,614.966,STOCK1,138.00,100,buy,T-024,T-030,102.00,138.00
1530,615.636,STOCK1,140.00,100,buy,T-024,T-011,102.00,140.00
1531,615.686,STOCK1,102.00,100,sell,T-046,T-047,102.00,140.00
1532,618.179,STOCK1,102.00,100,sell,T-046,T-047,102.00,140.00
1533,618.179,STOCK1,102.00,100,sell,T-046,T-047,102.00,140.00
1534,619.469,STOCK1,102.00,100,sell,T-046,T-052,102.00,140.00
1535,619.469,STOCK1,102.00,100,sell,T-046,T-052,102.00,140.00
1536,620.816,STOCK1,102.00,100,sell,T-046,T-047,102.00,140.00
1537,621.488,STOCK1,140.00,1000,buy,T-024,T-011,103.00,140.00
1538,622.380,STOCK1,140.00,1000,buy,T-024,T-011,103.00,140.00
1539,623.390,STOCK1,103.00,100,sell,T-041,T-047,103.00,139.00
1540,626.044,STOCK1,103.00,100,sell,T-041,T-047,103.00,139.00
1541,626.064,STOCK1,103.00,100,sell,T-041,T-047,103.00,139.00
1542,626.269,STOCK2,113.00,50,sell,T-030,T-025,113.00,148.00
1543,627.039,STOCK2,113.00,50,sell,T-030,T-025,113.00,148.00
1544,627.604,STOCK2,113.00,50,sell,T-030,T-025,113.00,148.00
1545,628.355,STOCK2,113.00,50,sell,T-030,T-025,113.00,148.00
1546,628.646,STOCK2,113.00,300,sell,T-030,T-043,113.00,148.00
1547,628.646,STOCK2,113.00,500,sell,T-030,T-043,113.00,148.00
1548,628.646,STOCK2,112.00,200,sell,T-041,T-043,113.00,148.00
1549,629.471,STOCK2,112.00,50,sell,T-041,T-025,112.00,148.00
1550,629.765,STOCK2,112.00,750,sell,T-041,T-043,112.00,148.00
1551,629.765,STOCK2,112.00,250,sell,T-041,T-043,112.00,148.00
1552,629.936,STOCK2,112.00,50,sell,T-041,T-025,112.00,148.00
1553,630.717,STOCK2,112.00,700,sell,T-041,T-043,112.00,148.00
1554,630.717,STOCK2,112.00,300,sell,T-041,T-043,112.00,148.00
1555,630.717,STOCK2,112.00,50,sell,T-041,T-025,112.00,148.00
1556,631.042,STOCK1,105.00,100,sell,T-051,T-047,105.00,138.00
1557,631.326,STOCK2,112.00,50,sell,T-041,T-025,112.00,148.00
1558,631.448,STOCK2,112.00,600,sell,T-041,T-043,112.00,148.00
1559,631.448,STOCK2,112.00,400,sell,T-041,T-043,112.00,148.00
1560,631.969,STOCK2,112.00,50,sell,T-041,T-025,112.00,148.00
1561,632.099,STOCK1,105.00,100,sell,T-051,T-047,105.00,138.00
1562,632.280,STOCK2,112.00,550,sell,T-041,T-043,112.00,148.00
1563,632.280,STOCK2,112.00,450,sell,T-041,T-043,112.00,148.00
1564,632.464,STOCK2,112.00,50,sell,T-041,T-025,112.00,148.00
1565,633.023,STOCK2,112.00,50,sell,T-041,T-025,112.00,148.00
1566,633.579,STOCK2,112.00,50,sell,T-041,T-025,112.00,148.00
1567,634.078,STOCK2,112.00,50,sell,T-041,T-025,112.00,148.00
1568,634.506,STOCK2,112.00,50,sell,T-041,T-025,112.00,148.00
1569,634.608,STOCK2,148.00,1000,buy,T-040,T-031,112.00,148.00
1570,634.701,STOCK1,105.00,100,sell,T-051,T-047,105.00,138.00
1571,635.167,STOCK1,105.00,100,sell,T-051,T-010,105.00,138.00
1572,635.571,STOCK2,112.00,50,sell,T-041,T-025,112.00,148.00
1573,635.771,STOCK2,112.00,50,sell,T-041,T-025,112.00,148.00
1574,635.961,STOCK2,112.00,50,sell,T-041,T-025,112.00,148.00
1575,636.143,STOCK2,112.00,50,sell,T-041,T-025,112.00,148.00
1576,636.367,STOCK1,105.00,100,sell,T-051,T-010,105.00,138.00
1577,636.931,STOCK1,106.00,100,sell,T-013,T-010,106.00,138.00
1578,637.297,STOCK1,106.00,100,sell,T-013,T-047,106.00,138.00
1579,639.400,STOCK2,112.00,50,sell,T-041,T-025,112.00,148.00
1580,639.570,STOCK2,112.00,50,sell,T-041,T-025,112.00,148.00
1581,639.672,STOCK1,138.00,100,buy,T-024,T-013,106.00,138.00
1582,639.758,STOCK2,112.00,50,sell,T-041,T-025,112.00,148.00
1583,639.799,STOCK1,106.00,100,sell,T-013,T-047,106.00,135.00
1584,639.819,STOCK1,106.00,100,sell,T-013,T-047,106.00,135.00
1585,639.900,STOCK2,112.00,50,sell,T-041,T-025,112.00,148.00
1586,640.095,STOCK2,112.00,50,sell,T-041,T-025,112.00,148.00
1587,640.803,STOCK2,112.00,850,sell,T-041,T-002,112.00,145.00
1588,640.803,STOCK2,112.00,1000,sell,T-041,T-002,112.00,145.00
1589,640.803,STOCK2,112.00,150,sell,T-041,T-002,112.00,145.00
1590,641.352,STOCK2,112.00,50,sell,T-041,T-025,112.00,145.00
1591,642.470,STOCK1,106.50,100,sell,T-046,T-047,106.50,135.00
1592,643.232,STOCK2,112.00,50,sell,T-041,T-025,112.00,145.00
1593,644.933,STOCK1,106.50,100,sell,T-046,T-047,106.50,135.00
1594,646.289,STOCK1,135.00,100,buy,T-024,T-051,106.50,135.00
1595,648.348,STOCK2,140.00,200,buy,T-052,T-040,113.00,140.00
1596,650.166,STOCK2,140.00,500,buy,T-003,T-040,113.00,140.00
1597,650.841,STOCK1,135.00,100,buy,T-024,T-051,108.00,135.00
1598,650.881,STOCK2,140.00,300,buy,T-003,T-040,113.00,140.00
1599,650.881,STOCK2,140.00,200,buy,T-003,T-040,113.00,140.00
1600,651.275,STOCK2,140.00,200,buy,T-052,T-040,113.00,140.00
1601,651.408,STOCK2,140.00,500,buy,T-003,T-040,113.00,140.00
1602,652.819,STOCK2,140.00,100,buy,T-003,T-040,113.00,140.00
1603,652.819,STOCK2,144.00,100,buy,T-003,T-019,113.00,140.00
1604,652.819,STOCK2,144.00,100,buy,T-003,T-019,113.00,140.00
1605,652.819,STOCK2,144.00,100,buy,T-003,T-019,113.00,140.00
1606,652.819,STOCK2,145.00,100,buy,T-003,T-032,113.00,140.00
1607,653.828,STOCK1,134.00,500,buy,T-006,T-032,108.00,134.00
1608,655.444,STOCK1,108.50,100,sell,T-046,T-047,108.50,134.00
1609,656.088,STOCK1,134.00,100,buy,T-024,T-032,108.50,134.00
1610,658.365,STOCK1,110.00,100,sell,T-041,T-047,110.00,130.01
1611,658.980,STOCK1,110.00,100,sell,T-041,T-010,110.00,130.01
1612,659.525,STOCK1,110.00,100,sell,T-041,T-010,110.00,130.01
1613,659.768,STOCK1,110.00,100,sell,T-041,T-047,110.00,130.01
1614,662.579,STOCK1,110.00,100,sell,T-041,T-047,110.00,134.00
1615,665.512,STOCK1,111.50,100,sell,T-046,T-047,111.50,112.00
1616,667.838,STOCK1,111.50,100,sell,T-046,T-050,111.50,112.00
1617,667.838,STOCK1,111.50,200,sell,T-046,T-050,111.50,112.00
1618,667.838,STOCK1,111.50,200,sell,T-046,T-050,111.50,112.00
1619,668.235,STOCK1,111.50,200,sell,T-046,T-002,111.50,112.00
1620,668.235,STOCK1,111.50,200,sell,T-046,T-002,111.50,112.00
1621,668.235,STOCK1,111.50,200,sell,T-046,T-002,111.50,112.00
1622,668.235,STOCK1,111.50,200,sell,T-046,T-002,111.50,112.00
1623,668.235,STOCK1,111.50,200,sell,T-046,T-002,111.50,112.00
1624,668.235,STOCK1,111.50,200,sell,T-046,T-002,111.50,112.00
1625,668.235,STOCK1,110.00,500,sell,T-041,T-002,111.50,112.00
1626,668.235,STOCK1,110.00,300,sell,T-041,T-002,111.50,112.00
1627,668.457,STOCK1,110.00,100,sell,T-041,T-047,110.00,112.00
1628,668.487,STOCK1,110.00,100,sell,T-041,T-010,110.00,112.00
1629,668.679,STOCK1,110.00,200,sell,T-041,T-052,110.00,112.00
1630,669.053,STOCK1,110.00,100,sell,T-041,T-010,110.00,112.00
1631,669.716,STOCK1,110.00,200,sell,T-041,T-052,110.00,112.00
1632,671.163,STOCK1,110.00,100,sell,T-041,T-047,110.00,112.00
1633,671.336,STOCK1,110.00,200,sell,T-041,T-052,110.00,112.00
1634,673.879,STOCK1,110.00,100,sell,T-041,T-047,110.00,112.00
1635,675.665,STOCK1,110.00,600,sell,T-041,T-002,110.00,112.00
1636,675.665,STOCK1,110.00,1000,sell,T-041,T-002,110.00,112.00
1637,675.665,STOCK1,110.00,400,sell,T-041,T-002,110.00,112.00
1638,677.307,STOCK1,112.00,100,buy,T-024,T-055,110.00,112.00
1639,677.842,STOCK1,112.00,100,buy,T-024,T-055,110.00,112.00
1640,678.005,STOCK1,112.00,100,buy,T-024,T-055,110.00,112.00
1641,678.166,STOCK1,112.00,100,buy,T-024,T-055,110.00,112.00
1642,678.337,STOCK1,112.00,100,buy,T-024,T-055,110.00,112.00
1643,678.417,STOCK1,112.00,700,buy,T-048,T-055,110.00,112.00
1644,678.417,STOCK1,134.00,300,buy,T-048,T-032,110.00,112.00
1645,678.507,STOCK1,134.00,100,buy,T-024,T-032,110.00,134.00
1646,678.698,STOCK1,134.00,100,buy,T-024,T-032,110.00,134.00
1647,678.838,STOCK1,134.00,100,buy,T-024,T-032,110.00,134.00
1648,679.201,STOCK1,110.00,100,sell,T-041,T-010,110.00,134.00
1649,679.383,STOCK1,134.00,100,buy,T-024,T-032,110.00,134.00
1650,679.557,STOCK1,134.00,100,buy,T-024,T-032,110.00,134.00
1651,679.587,STOCK1,110.00,100,sell,T-041,T-010,110.00,134.00
1652,679.718,STOCK1,134.00,100,buy,T-024,T-032,110.00,134.00
1653,679.881,STOCK1,134.00,100,buy,T-024,T-032,110.00,134.00
1654,680.123,STOCK1,134.00,100,buy,T-024,T-032,110.00,134.00
1655,680.318,STOCK1,134.00,100,buy,T-024,T-032,110.00,134.00
1656,680.489,STOCK1,134.00,100,buy,T-024,T-032,110.00,134.00
1657,680.885,STOCK1,134.00,100,buy,T-024,T-032,110.00,134.00
1658,685.601,STOCK2,123.00,50,sell,T-030,T-025,123.00,137.00
1659,685.752,STOCK2,123.00,50,sell,T-030,T-025,123.00,137.00
1660,685.904,STOCK2,123.00,50,sell,T-030,T-025,123.00,137.00
1661,686.076,STOCK2,123.00,50,sell,T-030,T-025,123.00,137.00
1662,686.229,STOCK2,123.00,50,sell,T-030,T-025,123.00,137.00
1663,686.400,STOCK2,123.00,50,sell,T-030,T-025,123.00,137.00
1664,686.636,STOCK2,123.00,50,sell,T-030,T-025,123.00,137.00
1665,686.828,STOCK2,123.00,50,sell,T-030,T-025,123.00,137.00
1666,687.132,STOCK2,123.00,50,sell,T-030,T-025,123.00,137.00
1667,687.344,STOCK2,123.00,50,sell,T-030,T-025,123.00,137.00
1668,687.535,STOCK2,123.00,50,sell,T-030,T-025,123.00,136.00
1669,687.707,STOCK2,123.00,50,sell,T-030,T-025,123.00,136.00
1670,687.880,STOCK2,123.00,50,sell,T-030,T-025,123.00,136.00
1671,688.043,STOCK2,123.00,50,sell,T-030,T-025,123.00,136.00
1672,688.236,STOCK2,123.00,50,sell,T-030,T-025,123.00,136.00
1673,688.387,STOCK2,123.00,50,sell,T-030,T-025,123.00,136.00
1674,690.316,STOCK2,123.00,50,sell,T-030,T-025,123.00,136.00
1675,690.498,STOCK2,123.00,50,sell,T-030,T-025,123.00,136.00
1676,690.709,STOCK2,123.00,50,sell,T-030,T-025,123.00,135.00
1677,690.880,STOCK2,123.00,50,sell,T-030,T-025,123.00,135.00
1678,691.083,STOCK2,123.00,50,sell,T-030,T-025,123.00,135.00
1679,691.246,STOCK2,123.00,50,sell,T-030,T-025,123.00,135.00
1680,691.467,STOCK2,123.00,50,sell,T-030,T-025,123.00,135.00
1681,691.668,STOCK2,123.00,50,sell,T-030,T-025,123.00,135.00
1682,693.730,STOCK2,123.00,50,sell,T-030,T-025,123.00,135.00
1683,693.903,STOCK2,123.00,50,sell,T-030,T-025,123.00,135.00
1684,701.200,STOCK2,123.00,700,sell,T-030,T-002,123.00,134.00
1685,701.200,STOCK2,123.00,1000,sell,T-032,T-002,123.00,134.00
1686,701.200,STOCK2,123.00,300,sell,T-030,T-002,123.00,134.00
1687,703.361,STOCK1,133.90,500,buy,T-024,T-045,111.00,133.90
1688,705.226,STOCK1,134.00,500,buy,T-024,T-031,111.00,134.00
1689,708.912,STOCK1,111.00,5000,sell,T-051,T-008,111.00,134.00
1690,709.912,STOCK1,110.00,400,sell,T-041,T-008,110.00,134.00
1691,709.912,STOCK1,110.00,1000,sell,T-041,T-008,110.00,134.00
1692,709.912,STOCK1,110.00,100,sell,T-038,T-008,110.00,134.00
1693,709.912,STOCK1,110.00,3500,sell,T-016,T-008,110.00,134.00
1694,710.699,STOCK2,123.00,50,sell,T-030,T-025,123.00,132.00
1695,710.882,STOCK2,123.00,50,sell,T-030,T-025,123.00,130.00
1696,710.893,STOCK1,110.00,1500,sell,T-016,T-008,110.00,134.00
1697,710.893,STOCK1,109.00,2000,sell,T-045,T-008,110.00,134.00
1698,710.893,STOCK1,108.50,100,sell,T-046,T-008,110.00,134.00
1699,710.893,STOCK1,108.50,200,sell,T-046,T-008,110.00,134.00
1700,710.893,STOCK1,108.50,200,sell,T-046,T-008,110.00,134.00
1701,710.893,STOCK1,108.50,200,sell,T-046,T-008,110.00,134.00
1702,710.893,STOCK1,108.50,200,sell,T-046,T-008,110.00,134.00
1703,710.893,STOCK1,108.50,200,sell,T-046,T-008,110.00,134.00
1704,710.893,STOCK1,108.50,200,sell,T-046,T-008,110.00,134.00
1705,710.893,STOCK1,108.50,200,sell,T-046,T-008,110.00,134.00
1706,711.059,STOCK2,123.00,50,sell,T-030,T-025,123.00,130.00
1707,711.150,STOCK1,108.50,200,sell,T-046,T-008,108.50,134.00
1708,711.150,STOCK1,108.50,200,sell,T-046,T-008,108.50,134.00
1709,711.150,STOCK1,108.50,200,sell,T-046,T-008,108.50,134.00
1710,711.150,STOCK1,108.00,1000,sell,T-032,T-008,108.50,134.00
1711,711.150,STOCK1,108.00,1000,sell,T-032,T-008,108.50,134.00
1712,711.150,STOCK1,108.00,2000,sell,T-029,T-008,108.50,134.00
1713,711.150,STOCK1,107.01,400,sell,T-030,T-008,108.50,134.00
1714,711.371,STOCK1,107.01,600,sell,T-030,T-008,107.01,134.00
1715,711.371,STOCK1,107.01,1000,sell,T-030,T-008,107.01,134.00
1716,711.371,STOCK1,107.01,1000,sell,T-030,T-008,107.01,134.00
1717,711.371,STOCK1,107.01,1000,sell,T-030,T-008,107.01,134.00
1718,711.371,STOCK1,107.01,1000,sell,T-030,T-008,107.01,134.00
1719,711.371,STOCK1,107.01,400,sell,T-030,T-008,107.01,134.00
1720,711.554,STOCK1,107.01,600,sell,T-030,T-008,107.01,134.00
1721,711.554,STOCK1,107.01,1000,sell,T-030,T-008,107.01,134.00
1722,711.554,STOCK1,106.50,200,sell,T-046,T-008,107.01,134.00
1723,711.554,STOCK1,106.50,200,sell,T-046,T-008,107.01,134.00
1724,711.554,STOCK1,106.50,200,sell,T-046,T-008,107.01,134.00
1725,711.554,STOCK1,106.50,200,sell,T-046,T-008,107.01,134.00
1726,711.554,STOCK1,106.50,200,sell,T-046,T-008,107.01,134.00
1727,711.554,STOCK1,106.50,200,sell,T-046,T-008,107.01,134.00
1728,711.554,STOCK1,106.50,200,sell,T-046,T-008,107.01,134.00
1729,711.554,STOCK1,106.50,200,sell,T-046,T-008,107.01,134.00
1730,711.554,STOCK1,106.00,600,sell,T-013,T-008,107.01,134.00
1731,711.554,STOCK1,106.00,1000,sell,T-013,T-008,107.01,134.00
1732,711.554,STOCK1,105.30,200,sell,T-045,T-008,107.01,134.00
1733,714.933,STOCK2,130.00,500,buy,T-024,T-032,123.00,130.00
1734,716.009,STOCK2,130.00,500,buy,T-029,T-032,123.00,130.00
1735,716.009,STOCK2,132.00,500,buy,T-029,T-030,123.00,130.00
1736,716.528,STOCK2,123.00,550,sell,T-030,T-048,123.00,132.00
1737,716.528,STOCK2,123.00,450,sell,T-030,T-048,123.00,132.00
1738,717.283,STOCK1,130.00,500,buy,T-024,T-016,105.30,130.00
1739,717.947,STOCK2,130.00,100,buy,T-052,T-038,123.00,130.00
1740,717.947,STOCK2,132.00,100,buy,T-052,T-030,123.00,130.00
1741,722.635,STOCK1,130.00,1000,buy,T-040,T-016,108.00,130.00
1742,722.726,STOCK2,131.00,999,buy,T-003,T-032,123.00,131.00
1743,722.899,STOCK2,131.00,1,buy,T-003,T-032,123.00,131.00
1744,722.899,STOCK2,132.00,400,buy,T-003,T-030,123.00,131.00
1745,722.899,STOCK2,133.00,200,buy,T-003,T-046,123.00,131.00
1746,722.899,STOCK2,133.00,200,buy,T-003,T-046,123.00,131.00
1747,722.899,STOCK2,133.00,198,buy,T-003,T-013,123.00,131.00
1748,724.534,STOCK1,108.00,100,sell,T-011,T-047,108.00,128.30
1749,725.504,STOCK1,108.00,100,sell,T-011,T-010,108.00,128.30
1750,725.909,STOCK1,128.30,500,buy,T-024,T-030,108.00,128.30
1751,726.201,STOCK1,108.00,100,sell,T-011,T-010,108.00,128.30
1752,726.452,STOCK1,128.30,500,buy,T-024,T-030,108.00,128.30
1753,726.816,STOCK2,123.00,50,sell,T-030,T-025,123.00,132.00
1754,726.949,STOCK1,128.30,500,buy,T-024,T-030,108.00,128.30
1755,727.100,STOCK2,123.00,50,sell,T-030,T-025,123.00,132.00
1756,727.311,STOCK1,108.00,100,sell,T-011,T-010,108.00,128.30
1757,727.394,STOCK1,108.00,100,sell,T-011,T-047,108.00,128.30
1758,727.625,STOCK2,123.00,50,sell,T-030,T-025,123.00,132.00
1759,727.830,STOCK2,123.00,50,sell,T-030,T-025,123.00,132.00
1760,728.022,STOCK2,123.00,50,sell,T-030,T-025,123.00,132.00
1761,728.233,STOCK1,108.00,100,sell,T-011,T-010,108.00,128.30
1762,728.254,STOCK2,123.00,50,sell,T-030,T-025,123.00,132.00
1763,728.497,STOCK2,123.00,50,sell,T-030,T-025,123.00,132.00
1764,728.711,STOCK2,123.00,50,sell,T-030,T-025,123.00,132.00
1765,728.863,STOCK1,108.00,100,sell,T-011,T-010,108.00,128.30
1766,728.873,STOCK2,123.00,50,sell,T-030,T-025,123.00,132.00
1767,729.065,STOCK2,123.00,50,sell,T-030,T-025,123.00,132.00
1768,729.327,STOCK2,123.00,50,sell,T-030,T-025,123.00,132.00
1769,729.510,STOCK2,122.00,50,sell,T-011,T-025,122.00,132.00
1770,729.716,STOCK1,108.00,100,sell,T-011,T-047,108.00,128.30
1771,729.726,STOCK2,122.00,50,sell,T-011,T-025,122.00,132.00
1772,729.828,STOCK1,108.00,100,sell,T-011,T-047,108.00,128.30
1773,729.948,STOCK2,122.00,50,sell,T-011,T-025,122.00,132.00
1774,730.161,STOCK2,122.00,50,sell,T-011,T-025,122.00,132.00
1775,730.810,STOCK2,132.00,10,buy,T-044,T-032,122.00,132.00
1776,734.833,STOCK1,108.00,100,sell,T-011,T-047,108.00,128.00
1777,744.449,STOCK2,130.00,100,buy,T-024,T-038,122.00,130.00
1778,744.449,STOCK2,130.00,400,buy,T-024,T-041,122.00,130.00
1779,744.652,STOCK2,130.00,500,buy,T-024,T-041,122.00,130.00
1780,745.111,STOCK2,128.00,500,buy,T-024,T-030,122.00,128.00
1781,745.333,STOCK2,128.00,500,buy,T-024,T-030,122.00,128.00
1782,746.119,STOCK2,128.00,500,buy,T-024,T-030,122.00,128.00
1783,746.630,STOCK2,128.00,500,buy,T-024,T-030,122.00,128.00
1784,746.853,STOCK2,128.00,500,buy,T-024,T-030,122.00,128.00
1785,747.740,STOCK2,128.00,500,buy,T-024,T-030,122.00,128.00
1786,748.306,STOCK2,130.00,10,buy,T-044,T-041,125.00,130.00
1787,750.265,STOCK1,110.00,100,sell,T-036,T-010,110.00,125.00
1788,750.812,STOCK2,125.00,2000,sell,T-051,T-002,125.00,130.00
1789,750.934,STOCK1,110.00,100,sell,T-036,T-010,110.00,125.00
1790,751.380,STOCK2,125.00,10,sell,T-051,T-044,125.00,130.00
1791,752.230,STOCK1,110.00,100,sell,T-036,T-010,110.00,125.00
1792,755.099,STOCK1,125.00,500,buy,T-024,T-016,111.00,125.00
1793,756.443,STOCK1,125.00,500,buy,T-024,T-016,111.00,125.00
1794,756.637,STOCK1,125.00,500,buy,T-024,T-016,111.00,125.00
1795,758.113,STOCK2,125.00,1000,sell,T-051,T-048,125.00,130.00
1796,762.216,STOCK2,125.00,10,sell,T-051,T-044,125.00,130.00
1797,763.316,STOCK2,125.00,10,sell,T-051,T-044,125.00,130.00
1798,763.468,STOCK1,112.00,500,sell,T-032,T-010,112.00,124.00
1799,764.061,STOCK2,125.00,10,sell,T-051,T-044,125.00,130.00
1800,765.020,STOCK2,125.00,10,sell,T-051,T-044,125.00,129.70
1801,765.751,STOCK2,125.00,10,sell,T-051,T-044,125.00,129.70
1802,766.174,STOCK2,125.00,940,sell,T-051,T-001,125.00,129.70
1803,766.174,STOCK2,122.00,60,sell,T-011,T-001,125.00,129.70
1804,766.469,STOCK1,112.00,500,sell,T-032,T-010,112.00,123.00
1805,769.245,STOCK2,129.70,200,buy,T-052,T-011,122.00,129.70
1806,769.953,STOCK2,122.00,10,sell,T-011,T-044,122.00,129.70
1807,778.612,STOCK2,129.70,500,buy,T-006,T-011,122.00,129.70
1808,781.571,STOCK2,129.70,500,buy,T-006,T-011,122.00,129.70
1809,781.821,STOCK1,115.00,1000,buy,T-048,T-030,111.00,115.00
1810,782.681,STOCK2,129.70,500,buy,T-006,T-011,122.00,129.70
1811,783.179,STOCK1,118.00,100,buy,T-047,T-046,111.00,118.00
1812,783.634,STOCK2,122.00,10,sell,T-011,T-044,122.00,129.70
1813,783.845,STOCK1,118.00,100,buy,T-047,T-046,111.00,118.00
1814,787.583,STOCK1,115.00,100,buy,T-047,T-030,111.00,115.00
1815,787.725,STOCK1,115.00,100,buy,T-047,T-030,111.00,115.00
1816,788.305,STOCK1,115.00,100,buy,T-047,T-030,111.00,115.00
1817,788.456,STOCK1,115.00,100,buy,T-047,T-030,111.00,115.00
1818,788.577,STOCK1,115.00,100,buy,T-047,T-030,111.00,115.00
1819,788.749,STOCK1,115.00,100,buy,T-047,T-030,111.00,115.00
1820,788.799,STOCK2,122.00,50,sell,T-011,T-025,122.00,129.70
1821,788.849,STOCK1,115.00,100,buy,T-047,T-030,111.00,115.00
1822,788.901,STOCK1,115.00,300,buy,T-001,T-030,111.00,115.00
1823,788.901,STOCK1,118.00,200,buy,T-001,T-046,111.00,115.00
1824,788.901,STOCK1,118.00,200,buy,T-001,T-046,111.00,115.00
1825,788.901,STOCK1,118.00,200,buy,T-001,T-046,111.00,115.00
1826,788.901,STOCK1,118.00,100,buy,T-001,T-046,111.00,115.00
1827,789.011,STOCK2,122.00,50,sell,T-011,T-025,122.00,129.70
1828,789.069,STOCK1,118.00,100,buy,T-047,T-046,111.00,118.00
1829,789.210,STOCK2,122.00,50,sell,T-011,T-025,122.00,129.70
1830,789.413,STOCK2,122.00,50,sell,T-011,T-025,122.00,129.70
1831,791.519,STOCK1,115.00,100,buy,T-047,T-016,111.00,115.00
1832,791.681,STOCK1,115.00,100,buy,T-047,T-016,111.00,115.00
1833,791.792,STOCK1,115.00,100,buy,T-047,T-016,111.00,115.00
1834,791.952,STOCK1,115.00,100,buy,T-047,T-016,111.00,115.00
1835,792.083,STOCK1,115.00,100,buy,T-047,T-016,111.00,115.00
1836,792.235,STOCK1,115.00,100,buy,T-047,T-016,111.00,115.00
1837,792.416,STOCK1,115.00,100,buy,T-047,T-016,111.00,115.00
1838,792.545,STOCK1,115.00,100,buy,T-047,T-016,111.00,115.00
1839,792.628,STOCK2,129.70,500,buy,ME,T-011,122.00,129.70
1840,792.710,STOCK1,115.00,100,buy,T-047,T-016,111.00,115.00
1841,792.939,STOCK1,115.00,100,buy,T-047,T-016,111.00,115.00
1842,792.999,STOCK1,115.00,100,buy,T-047,T-016,111.00,115.00
1843,795.043,STOCK1,115.00,500,buy,T-024,T-030,111.01,115.00
1844,795.043,STOCK1,115.00,100,buy,T-047,T-030,111.01,115.00
1845,795.193,STOCK1,115.00,100,buy,T-047,T-030,111.01,115.00
1846,795.353,STOCK1,115.00,100,buy,T-047,T-030,111.01,115.00
1847,795.566,STOCK1,115.00,100,buy,T-047,T-030,111.01,115.00
1848,795.666,STOCK1,115.00,100,buy,T-047,T-030,111.01,115.00
1849,795.827,STOCK1,115.00,100,buy,T-047,T-030,111.01,115.00
1850,795.979,STOCK1,115.00,100,buy,T-047,T-030,111.01,115.00
1851,796.131,STOCK1,115.00,100,buy,T-047,T-030,111.01,115.00
1852,796.325,STOCK1,115.00,100,buy,T-047,T-030,111.01,115.00
1853,797.163,STOCK1,115.00,500,buy,T-024,T-030,111.01,115.00
1854,800.247,STOCK1,115.00,100,buy,T-048,T-030,111.01,115.00
1855,800.247,STOCK1,115.00,900,buy,T-048,T-051,111.01,115.00
1856,804.590,STOCK1,115.00,250,buy,T-024,T-051,111.01,115.00
1857,807.614,STOCK2,123.00,10,sell,T-038,T-044,123.00,129.00
1858,809.460,STOCK2,123.00,10,sell,T-038,T-044,123.00,129.00
1859,823.036,STOCK2,125.00,750,sell,T-036,T-042,125.00,129.00
1860,826.780,STOCK1,111.01,500,sell,T-032,T-010,111.01,115.00
1861,827.359,STOCK1,115.00,10,buy,T-044,T-051,111.01,115.00
1862,827.832,STOCK1,111.01,500,sell,T-032,T-010,111.01,115.00
1863,827.963,STOCK1,115.00,10,buy,T-044,T-051,111.00,115.00
1864,831.306,STOCK1,115.00,10,buy,T-044,T-051,111.00,115.00
1865,835.736,STOCK2,126.00,1000,sell,T-030,T-002,126.00,128.00
1866,835.736,STOCK2,125.50,100,sell,T-051,T-002,126.00,128.00
1867,835.736,STOCK2,125.00,250,sell,T-036,T-002,126.00,128.00
1868,835.736,STOCK2,125.00,650,sell,T-036,T-002,126.00,128.00
1869,838.317,STOCK2,128.00,100,buy,T-047,T-030,126.10,128.00
1870,838.833,STOCK2,128.00,100,buy,T-047,T-030,126.10,128.00
1871,839.086,STOCK2,128.00,100,buy,T-047,T-030,126.10,128.00
1872,839.167,STOCK2,128.00,100,buy,T-047,T-030,126.10,128.00
1873,840.161,STOCK2,128.00,100,buy,T-047,T-030,126.10,128.00
1874,840.321,STOCK2,128.00,100,buy,T-047,T-030,126.10,128.00
1875,840.462,STOCK2,128.00,100,buy,T-047,T-030,126.10,128.00
1876,841.341,STOCK2,128.00,100,buy,T-047,T-030,126.10,128.00
1877,841.492,STOCK2,128.00,100,buy,T-047,T-030,126.10,128.00
1878,842.118,STOCK2,128.00,100,buy,T-052,T-030,126.10,128.00
1879,842.118,STOCK2,129.00,100,buy,T-052,T-045,126.10,128.00
1880,842.239,STOCK2,129.00,100,buy,T-047,T-045,126.10,129.00
1881,845.695,STOCK2,126.10,25,sell,T-011,T-025,126.10,128.00
1882,845.890,STOCK2,126.10,25,sell,T-011,T-025,126.10,128.00
1883,846.091,STOCK2,126.10,25,sell,T-011,T-025,126.10,128.00
1884,846.264,STOCK2,126.10,25,sell,T-011,T-025,126.10,128.00
1885,846.444,STOCK2,126.10,25,sell,T-011,T-025,126.10,128.00
1886,847.954,STOCK2,126.10,25,sell,T-011,T-025,126.10,128.00
1887,848.065,STOCK2,126.10,25,sell,T-011,T-025,126.10,128.00
1888,848.254,STOCK2,126.10,25,sell,T-011,T-025,126.10,128.00
1889,850.057,STOCK2,126.10,25,sell,T-011,T-025,126.10,128.00
1890,850.228,STOCK2,126.10,25,sell,T-011,T-025,126.10,128.00
1891,850.400,STOCK2,126.10,25,sell,T-011,T-025,126.10,128.00
1892,851.335,STOCK2,128.00,100,buy,T-047,T-031,126.10,128.00
1893,851.490,STOCK2,128.00,100,buy,T-047,T-031,126.10,128.00
1894,851.683,STOCK2,128.00,100,buy,T-047,T-031,126.10,128.00
1895,852.027,STOCK1,114.00,200,buy,T-042,T-046,111.01,114.00
1896,852.027,STOCK1,114.00,200,buy,T-042,T-046,111.01,114.00
1897,852.027,STOCK1,114.00,200,buy,T-042,T-046,111.01,114.00
1898,852.027,STOCK1,114.00,150,buy,T-042,T-046,111.01,114.00
1899,852.401,STOCK2,128.00,100,buy,T-047,T-031,126.10,128.00
1900,852.815,STOCK1,114.00,10,buy,T-044,T-046,111.01,114.00
1901,853.153,STOCK2,128.00,100,buy,T-047,T-031,126.10,128.00
1902,857.178,STOCK2,128.00,10,buy,T-024,T-031,126.10,128.00
1903,857.353,STOCK2,128.00,10,buy,T-024,T-031,126.10,128.00
1904,858.048,STOCK2,128.00,10,buy,T-024,T-031,126.10,128.00
1905,858.905,STOCK2,128.00,100,buy,T-027,T-031,126.10,128.00
1906,859.269,STOCK1,111.05,200,sell,T-008,T-052,111.05,112.00
1907,859.380,STOCK2,126.10,500,sell,T-011,T-048,126.10,128.00
1908,859.835,STOCK2,128.00,100,buy,T-027,T-031,126.10,128.00
1909,860.373,STOCK1,111.05,200,sell,T-008,T-052,111.05,112.00
1910,861.410,STOCK2,128.00,100,buy,T-024,T-031,126.10,128.00
1911,861.986,STOCK2,128.00,100,buy,T-024,T-031,126.10,128.00
1912,863.039,STOCK1,111.05,200,sell,T-008,T-052,111.05,112.00
1913,864.054,STOCK2,128.00,70,buy,T-024,T-031,126.10,128.00
1914,864.054,STOCK2,129.00,30,buy,T-024,T-045,126.10,128.00
1915,864.064,STOCK1,111.05,200,sell,T-008,T-052,111.05,112.00
1916,868.363,STOCK1,111.05,200,sell,T-008,T-052,111.05,111.95
1917,868.836,STOCK2,129.00,10,buy,T-024,T-045,126.30,129.00
1918,871.980,STOCK2,128.00,200,buy,T-052,T-040,126.30,128.00
1919,873.237,STOCK2,128.00,200,buy,T-052,T-040,126.30,128.00
1920,874.251,STOCK1,111.95,200,buy,T-048,T-046,111.05,111.95
1921,874.251,STOCK1,111.95,200,buy,T-048,T-046,111.05,111.95
1922,874.251,STOCK1,111.95,100,buy,T-048,T-046,111.05,111.95
1923,878.710,STOCK1,111.05,900,sell,T-008,T-016,111.05,114.00
1924,879.736,STOCK2,128.00,600,buy,T-024,T-040,126.30,128.00
1925,879.736,STOCK2,128.00,400,buy,T-024,T-040,126.30,128.00
1926,882.199,STOCK1,113.00,100,buy,T-047,T-030,111.05,113.00
1927,882.869,STOCK1,113.00,100,buy,T-047,T-030,111.05,113.00
1928,883.000,STOCK1,113.00,100,buy,T-047,T-030,111.05,113.00
1929,883.142,STOCK1,113.00,100,buy,T-047,T-030,111.05,113.00
1930,884.398,STOCK1,113.00,100,buy,T-047,T-030,111.05,113.00
1931,884.571,STOCK1,113.00,100,buy,T-047,T-030,111.05,113.00
1932,884.725,STOCK1,113.00,100,buy,T-047,T-030,111.05,113.00
1933,886.087,STOCK1,113.00,100,buy,T-047,T-030,111.05,113.00
1934,886.289,STOCK1,113.00,100,buy,T-047,T-030,111.05,113.00
1935,886.693,STOCK1,111.05,500,sell,T-008,T-010,111.05,113.00
1936,886.837,STOCK1,113.00,100,buy,T-047,T-030,111.05,113.00
1937,887.357,STOCK2,128.00,100,buy,T-027,T-040,126.30,128.00
1938,888.045,STOCK2,128.00,100,buy,T-027,T-040,126.30,128.00
1939,888.480,STOCK2,128.00,400,buy,T-015,T-040,126.30,128.00
1940,888.480,STOCK2,129.00,260,buy,T-015,T-045,126.30,128.00
1941,888.480,STOCK2,129.70,340,buy,T-015,T-011,126.30,128.00
1942,888.642,STOCK2,129.70,100,buy,T-027,T-011,126.30,129.70
1943,889.800,STOCK1,111.05,100,sell,T-008,T-010,111.05,113.00
1944,889.800,STOCK1,111.02,400,sell,T-055,T-010,111.05,113.00
1945,889.871,STOCK2,129.70,1000,buy,T-015,T-011,126.30,129.70
1946,890.213,STOCK2,129.70,1000,buy,T-015,T-011,126.30,129.70
1947,892.789,STOCK1,113.00,100,buy,T-047,T-030,111.02,113.00
1948,892.963,STOCK1,113.00,100,buy,T-047,T-030,111.02,113.00
1949,893.391,STOCK1,113.00,100,buy,T-047,T-030,111.02,113.00
1950,894.999,STOCK1,111.02,500,sell,T-055,T-010,111.02,113.00
1951,895.739,STOCK1,111.02,100,sell,T-055,T-010,111.02,113.00
1952,895.739,STOCK1,111.02,400,sell,T-055,T-010,111.02,113.00
1953,895.759,STOCK1,113.00,100,buy,T-047,T-030,111.02,113.00
1954,897.183,STOCK1,111.02,500,sell,T-055,T-010,111.02,113.00
1955,897.303,STOCK1,113.00,100,buy,T-047,T-030,111.02,113.00
1956,898.290,STOCK1,111.02,100,sell,T-055,T-010,111.02,114.00
1957,898.290,STOCK1,111.01,400,sell,T-032,T-010,111.02,114.00
1958,899.859,STOCK2,129.70,360,buy,T-015,T-011,126.30,129.70
1959,899.859,STOCK2,130.00,339,buy,T-015,T-041,126.30,129.70
1960,902.241,STOCK1,111.01,300,sell,T-032,T-010,111.01,114.00
1961,908.603,STOCK1,114.00,40,buy,T-015,T-046,111.02,114.00
1962,908.603,STOCK1,114.00,200,buy,T-015,T-046,111.02,114.00
1963,908.603,STOCK1,114.00,200,buy,T-015,T-046,111.02,114.00
1964,908.603,STOCK1,114.00,159,buy,T-015,T-046,111.02,114.00
1965,914.123,STOCK1,113.00,100,buy,T-015,T-055,111.02,113.00
1966,915.381,STOCK1,111.02,1000,sell,T-031,T-043,111.02,113.00
1967,916.500,STOCK1,113.00,900,buy,T-003,T-055,111.01,113.00
1968,916.500,STOCK1,113.00,1000,buy,T-003,T-055,111.01,113.00
1969,916.500,STOCK1,113.95,3100,buy,T-003,T-011,111.01,113.00
1970,916.702,STOCK1,113.95,1900,buy,T-003,T-011,111.01,113.95
1971,916.702,STOCK1,114.00,41,buy,T-003,T-046,111.01,113.95
1972,916.702,STOCK1,114.90,1000,buy,T-003,T-045,111.01,113.95
1973,916.702,STOCK1,114.93,2059,buy,T-003,T-008,111.01,113.95
1974,916.874,STOCK1,114.93,441,buy,T-003,T-008,111.01,114.93
1975,916.874,STOCK1,114.99,1000,buy,T-003,T-032,111.01,114.93
1976,916.874,STOCK1,115.00,1820,buy,T-003,T-051,111.01,114.93
1977,916.874,STOCK1,116.00,1000,buy,T-003,T-045,111.01,114.93
1978,916.874,STOCK1,116.00,10,buy,T-003,T-038,111.01,114.93
1979,916.874,STOCK1,117.00,200,buy,T-003,T-046,111.01,114.93
1980,916.874,STOCK1,117.00,200,buy,T-003,T-046,111.01,114.93
1981,916.874,STOCK1,117.00,200,buy,T-003,T-046,111.01,114.93
1982,916.874,STOCK1,117.00,129,buy,T-003,T-046,111.01,114.93
1983,917.057,STOCK1,117.00,71,buy,T-003,T-046,111.01,117.00
1984,917.057,STOCK1,117.00,200,buy,T-003,T-046,111.01,117.00
1985,917.057,STOCK1,117.00,200,buy,T-003,T-046,111.01,117.00
1986,917.057,STOCK1,117.00,200,buy,T-003,T-046,111.01,117.00
1987,917.057,STOCK1,118.00,200,buy,T-003,T-046,111.01,117.00
1988,917.057,STOCK1,118.00,200,buy,T-003,T-046,111.01,117.00
1989,917.057,STOCK1,120.00,1000,buy,T-003,T-036,111.01,117.00
1990,917.057,STOCK1,120.00,1000,buy,T-003,T-029,111.01,117.00
1991,917.057,STOCK1,123.00,1000,buy,T-003,T-041,111.01,117.00
1992,917.057,STOCK1,123.00,929,buy,T-003,T-041,111.01,117.00
1993,917.230,STOCK1,123.00,71,buy,T-003,T-041,111.01,123.00
1994,917.230,STOCK1,123.00,1000,buy,T-003,T-041,111.01,123.00
1995,917.230,STOCK1,123.00,1000,buy,T-003,T-041,111.01,123.00
1996,917.230,STOCK1,123.00,1000,buy,T-003,T-041,111.01,123.00
1997,917.230,STOCK1,125.00,500,buy,T-003,T-045,111.01,123.00
1998,917.230,STOCK1,126.00,1000,buy,T-003,T-032,111.01,123.00
1999,917.230,STOCK1,126.50,429,buy,T-003,T-045,111.01,123.00
2000,918.180,STOCK1,126.50,71,buy,T-003,T-045,111.01,126.50
2001,918.180,STOCK1,127.00,1000,buy,T-003,T-013,111.01,126.50
2002,918.180,STOCK1,127.00,1000,buy,T-003,T-013,111.01,126.50
2003,918.180,STOCK1,128.90,1000,buy,T-003,T-045,111.01,126.50
2004,918.180,STOCK1,130.00,1000,buy,T-003,T-036,111.01,126.50
2005,918.180,STOCK1,134.00,500,buy,T-003,T-031,111.01,126.50
2006,918.180,STOCK1,134.00,429,buy,T-003,T-031,111.01,126.50
2007,918.360,STOCK1,134.00,571,buy,T-003,T-031,111.01,134.00
2008,918.360,STOCK1,134.00,1000,buy,T-003,T-031,111.01,134.00
2009,918.360,STOCK1,138.00,900,buy,T-003,T-013,111.01,134.00
2010,918.360,STOCK1,138.00,1000,buy,T-003,T-013,111.01,134.00
2011,918.360,STOCK1,139.00,100,buy,T-003,T-019,111.01,134.00
2012,918.360,STOCK1,139.00,100,buy,T-003,T-019,111.01,134.00
2013,918.360,STOCK1,139.00,100,buy,T-003,T-019,111.01,134.00
2014,918.360,STOCK1,139.00,100,buy,T-003,T-019,111.01,134.00
2015,918.360,STOCK1,139.00,100,buy,T-003,T-019,111.01,134.00
2016,918.360,STOCK1,141.00,1000,buy,T-003,T-032,111.01,134.00
2017,918.360,STOCK1,141.00,29,buy,T-003,T-032,111.01,134.00
2018,918.805,STOCK1,141.00,971,buy,T-003,T-032,111.01,141.00
2019,918.805,STOCK1,142.00,3000,buy,T-003,T-031,111.01,141.00
2020,918.805,STOCK1,147.00,100,buy,T-003,T-019,111.01,141.00
2021,918.805,STOCK1,147.00,100,buy,T-003,T-019,111.01,141.00
2022,918.805,STOCK1,147.00,100,buy,T-003,T-019,111.01,141.00
2023,918.805,STOCK1,147.00,100,buy,T-003,T-019,111.01,141.00
2024,918.805,STOCK1,147.00,100,buy,T-003,T-019,111.01,141.00
2025,918.805,STOCK1,147.00,100,buy,T-003,T-019,111.01,141.00
2026,918.805,STOCK1,147.00,100,buy,T-003,T-019,111.01,141.00
2027,918.805,STOCK1,148.00,329,buy,T-003,T-031,111.01,141.00
2028,920.915,STOCK2,127.00,25,sell,T-030,T-025,127.00,129.00
2029,921.299,STOCK2,127.00,25,sell,T-030,T-025,127.00,129.00
2030,921.919,STOCK2,127.00,25,sell,T-030,T-025,127.00,129.00
2031,922.370,STOCK2,127.00,25,sell,T-030,T-025,127.00,129.00
2032,922.511,STOCK1,111.01,100,sell,T-032,T-027,111.01,148.00
2033,922.776,STOCK2,127.00,25,sell,T-030,T-025,127.00,129.00
2034,923.157,STOCK2,127.00,25,sell,T-030,T-025,127.00,128.00
2035,923.750,STOCK2,127.00,25,sell,T-030,T-025,127.00,128.00
2036,924.155,STOCK2,127.00,325,sell,T-030,T-043,127.00,128.00
2037,924.155,STOCK2,126.50,200,sell,T-046,T-043,127.00,128.00
2038,924.155,STOCK2,126.50,200,sell,T-046,T-043,127.00,128.00
2039,924.155,STOCK2,126.50,200,sell,T-046,T-043,127.00,128.00
2040,924.155,STOCK2,126.50,75,sell,T-046,T-043,127.00,128.00
2041,924.498,STOCK2,126.50,25,sell,T-046,T-025,126.50,128.00
2042,925.380,STOCK2,126.50,100,sell,T-046,T-043,126.50,128.00
2043,925.380,STOCK2,126.50,200,sell,T-046,T-043,126.50,128.00
2044,925.380,STOCK2,126.50,200,sell,T-046,T-043,126.50,128.00
2045,925.380,STOCK2,126.50,200,sell,T-046,T-043,126.50,128.00
2046,925.380,STOCK2,126.50,200,sell,T-046,T-043,126.50,128.00
2047,925.380,STOCK2,126.50,100,sell,T-046,T-043,126.50,128.00
2048,927.539,STOCK2,126.50,100,sell,T-046,T-043,126.50,128.00
2049,927.539,STOCK2,126.50,200,sell,T-046,T-043,126.50,128.00
2050,927.539,STOCK2,126.31,350,sell,T-045,T-043,126.50,128.00
2051,927.539,STOCK2,126.30,350,sell,T-031,T-043,126.50,128.00
2052,930.043,STOCK1,114.93,500,buy,T-024,T-008,112.00,114.93
2053,932.675,STOCK2,126.30,650,sell,T-031,T-043,126.30,128.00
2054,932.675,STOCK2,126.10,350,sell,T-011,T-043,126.30,128.00
2055,933.775,STOCK2,126.10,1000,sell,T-011,T-043,126.10,128.00
2056,935.070,STOCK2,126.10,1000,sell,T-011,T-043,126.10,128.00
2057,935.876,STOCK2,126.10,1000,sell,T-011,T-043,126.10,128.00
2058,939.810,STOCK2,128.00,100,buy,T-047,T-030,126.10,128.00
2059,939.960,STOCK2,128.00,100,buy,T-047,T-030,126.10,128.00
2060,940.434,STOCK2,128.00,100,buy,T-047,T-030,126.10,128.00
2061,941.908,STOCK2,128.00,50,buy,T-003,T-030,126.30,128.00
2062,944.753,STOCK1,114.00,100,sell,T-046,T-047,114.00,138.02
2063,945.289,STOCK1,114.01,100,sell,T-037,T-047,114.01,138.02
2064,945.542,STOCK1,114.01,100,sell,T-037,T-047,114.01,138.02
2065,945.644,STOCK1,114.01,100,sell,T-037,T-047,114.01,138.02
2066,946.142,STOCK1,114.01,100,sell,T-037,T-047,114.01,137.00
2067,946.213,STOCK2,128.00,50,buy,T-003,T-030,126.30,128.00
2068,947.479,STOCK2,128.00,50,buy,T-003,T-030,126.30,128.00
2069,947.621,STOCK2,128.00,50,buy,T-003,T-030,126.30,128.00
2070,947.876,STOCK1,114.50,100,sell,T-041,T-047,114.50,137.00
2071,947.946,STOCK2,129.00,50,buy,T-003,T-040,126.30,129.00
2072,948.026,STOCK1,114.50,100,sell,T-041,T-047,114.50,137.00
2073,948.442,STOCK2,129.00,50,buy,T-003,T-040,126.30,129.00
2074,948.483,STOCK1,114.50,800,sell,T-041,T-043,114.50,137.00
2075,948.483,STOCK1,114.50,200,sell,T-041,T-043,114.50,137.00
2076,949.021,STOCK1,114.50,100,sell,T-041,T-047,114.50,137.00
2077,949.681,STOCK1,115.01,1000,sell,T-030,T-043,115.01,137.00
2078,950.309,STOCK1,115.01,1000,sell,T-030,T-043,115.01,137.00
2079,950.442,STOCK2,126.30,100,sell,T-019,T-048,126.30,129.00
2080,950.442,STOCK2,126.30,100,sell,T-019,T-048,126.30,129.00
2081,950.442,STOCK2,126.30,100,sell,T-019,T-048,126.30,129.00
2082,950.442,STOCK2,126.30,100,sell,T-019,T-048,126.30,129.00
2083,950.442,STOCK2,126.30,100,sell,T-019,T-048,126.30,129.00
2084,951.513,STOCK1,115.01,1000,sell,T-030,T-043,115.01,137.00
2085,954.675,STOCK1,116.00,100,sell,T-032,T-047,116.00,137.00
2086,954.830,STOCK1,116.00,100,sell,T-032,T-047,116.00,137.00
2087,954.981,STOCK1,116.00,100,sell,T-032,T-047,116.00,137.00
2088,955.365,STOCK1,116.00,100,sell,T-032,T-047,116.00,137.00
2089,955.537,STOCK1,116.00,100,sell,T-032,T-047,116.00,137.00
2090,956.046,STOCK1,116.00,100,sell,T-032,T-047,116.00,137.00
2091,956.200,STOCK1,116.00,100,sell,T-032,T-047,116.00,137.00
2092,956.368,STOCK1,116.00,300,sell,T-032,T-010,116.00,136.00
2093,956.368,STOCK1,116.00,200,sell,T-046,T-010,116.00,136.00
2094,956.864,STOCK1,116.00,100,sell,T-046,T-047,116.00,136.00
2095,957.079,STOCK1,116.00,100,sell,T-046,T-047,116.00,136.00
2096,957.766,STOCK1,116.00,100,sell,T-046,T-047,116.00,136.00
2097,958.679,STOCK1,116.00,100,sell,T-046,T-010,116.00,136.00
2098,958.679,STOCK1,116.00,400,sell,T-032,T-010,116.00,136.00
2099,959.880,STOCK1,116.00,500,sell,T-032,T-010,116.00,135.01
2100,960.940,STOCK2,127.00,400,sell,T-038,T-048,127.00,129.00
2101,960.940,STOCK2,126.30,100,sell,T-019,T-048,127.00,129.00
2102,961.377,STOCK1,117.50,200,sell,T-046,T-010,117.50,135.00
2103,961.377,STOCK1,117.50,200,sell,T-046,T-010,117.50,135.00
2104,961.377,STOCK1,117.50,100,sell,T-046,T-010,117.50,135.00
2105,964.240,STOCK1,120.01,100,sell,T-037,T-047,120.01,135.00
2106,964.420,STOCK1,120.01,100,sell,T-037,T-047,120.01,135.00
2107,965.088,STOCK1,122.00,500,sell,T-032,T-010,122.00,135.00
2108,966.340,STOCK1,122.00,500,sell,T-032,T-010,122.00,135.00
2109,968.052,STOCK1,122.00,500,sell,T-045,T-010,122.00,135.00
2110,969.005,STOCK1,122.00,500,sell,T-045,T-010,122.00,135.00
2111,976.386,STOCK1,127.00,500,sell,T-013,T-010,127.00,130.01
2112,977.622,STOCK1,127.00,500,sell,T-013,T-010,127.00,130.01
2113,980.777,STOCK1,128.00,100,sell,T-055,T-027,128.00,130.01
2114,983.940,STOCK2,128.99,100,buy,T-024,T-011,126.32,128.99
2115,984.061,STOCK1,128.00,100,sell,T-055,T-027,128.00,130.01
2116,985.374,STOCK1,128.00,500,sell,T-055,ME,128.00,130.01
2117,985.464,STOCK1,128.00,25,sell,T-055,T-025,128.00,130.01
2118,985.626,STOCK1,128.00,25,sell,T-055,T-025,128.00,130.01
2119,985.790,STOCK1,128.00,25,sell,T-055,T-025,128.00,130.01
2120,985.950,STOCK1,128.00,25,sell,T-055,T-025,128.00,130.01
2121,986.070,STOCK1,128.00,25,sell,T-055,T-025,128.00,130.01
2122,986.213,STOCK1,128.00,25,sell,T-055,T-025,128.00,130.01
2123,986.366,STOCK1,128.00,25,sell,T-055,T-025,128.00,130.01
2124,986.507,STOCK1,128.00,25,sell,T-055,T-025,128.00,130.01
2125,986.659,STOCK1,128.00,25,sell,T-055,T-025,128.00,130.01
2126,986.801,STOCK1,128.00,25,sell,T-055,T-025,128.00,130.01
2127,986.965,STOCK1,128.00,25,sell,T-055,T-025,128.00,130.01
2128,987.125,STOCK1,128.00,25,sell,T-055,T-025,128.00,130.01
2129,987.209,STOCK2,128.99,4900,buy,T-003,T-011,126.32,128.99
2130,987.209,STOCK2,129.00,100,buy,T-003,T-040,126.32,128.99
2131,987.280,STOCK1,128.00,25,sell,T-055,T-025,128.00,130.01
2132,987.361,STOCK1,128.00,100,sell,T-055,T-027,128.00,130.00
2133,987.422,STOCK1,128.00,25,sell,T-055,T-025,128.00,130.00
2134,987.583,STOCK1,128.00,25,sell,T-055,T-025,128.00,130.00
2135,987.734,STOCK1,128.00,25,sell,T-055,T-025,128.00,130.00
2136,987.765,STOCK2,129.00,100,buy,T-024,T-040,126.32,129.00
2137,987.826,STOCK2,129.00,700,buy,T-003,T-040,126.32,129.00
2138,987.826,STOCK2,130.00,661,buy,T-003,T-041,126.32,129.00
2139,987.826,STOCK2,130.00,1000,buy,T-003,T-041,126.32,129.00
2140,987.826,STOCK2,130.00,1000,buy,T-003,T-041,126.32,129.00
2141,987.826,STOCK2,130.00,1000,buy,T-003,T-041,126.32,129.00
2142,987.826,STOCK2,130.00,639,buy,T-003,T-041,126.32,129.00
2143,987.856,STOCK1,128.00,25,sell,T-055,T-025,128.00,130.00
2144,987.977,STOCK2,130.00,100,buy,T-024,T-041,126.32,130.00
2145,988.007,STOCK1,128.00,25,sell,T-055,T-025,128.00,130.00
2146,988.148,STOCK1,128.00,25,sell,T-055,T-025,128.00,130.00
2147,988.168,STOCK2,130.00,100,buy,T-024,T-041,126.32,130.00
2148,988.229,STOCK2,130.00,161,buy,T-003,T-041,126.32,130.00
2149,988.229,STOCK2,130.00,1000,buy,T-003,T-041,126.32,130.00
2150,988.229,STOCK2,130.00,1000,buy,T-003,T-041,126.32,130.00
2151,988.229,STOCK2,130.00,1000,buy,T-003,T-041,126.32,130.00
2152,988.229,STOCK2,132.00,990,buy,T-003,T-032,126.32,130.00
2153,988.229,STOCK2,132.00,849,buy,T-003,T-032,126.32,130.00
2154,988.311,STOCK1,128.00,25,sell,T-055,T-025,128.00,130.00
2155,988.453,STOCK1,128.00,25,sell,T-055,T-025,128.00,130.00
2156,988.493,STOCK2,132.00,100,buy,T-024,T-032,126.32,132.00
2157,988.493,STOCK1,128.00,100,sell,T-055,T-027,128.00,130.00
2158,988.594,STOCK1,128.00,25,sell,T-055,T-025,128.00,129.01
2159,988.704,STOCK2,132.00,51,buy,T-003,T-032,126.32,132.00
2160,988.704,STOCK2,133.00,802,buy,T-003,T-013,126.32,132.00
2161,988.704,STOCK2,133.00,1000,buy,T-003,T-013,126.32,132.00
2162,988.704,STOCK2,133.00,1000,buy,T-003,T-013,126.32,132.00
2163,988.704,STOCK2,134.00,1000,buy,T-003,T-030,126.32,132.00
2164,988.704,STOCK2,134.00,1000,buy,T-003,T-030,126.32,132.00
2165,988.704,STOCK2,134.00,147,buy,T-003,T-030,126.32,132.00
2166,988.734,STOCK1,128.00,25,sell,T-055,T-025,128.00,129.01
2167,988.885,STOCK1,128.00,25,sell,T-055,T-025,128.00,129.01
2168,989.045,STOCK1,128.00,25,sell,T-055,T-025,128.00,129.01
2169,989.127,STOCK2,134.00,853,buy,T-003,T-030,126.32,134.00
2170,989.127,STOCK2,135.00,1000,buy,T-003,T-032,126.32,134.00
2171,989.127,STOCK2,135.00,1000,buy,T-003,T-032,126.32,134.00
2172,989.127,STOCK2,136.00,200,buy,T-003,T-046,126.32,134.00
2173,989.127,STOCK2,137.00,1000,buy,T-003,T-032,126.32,134.00
2174,989.127,STOCK2,137.00,947,buy,T-003,T-032,126.32,134.00
2175,989.188,STOCK1,128.00,25,sell,T-055,T-025,128.00,129.01
2176,989.335,STOCK1,128.00,25,sell,T-055,T-025,128.00,129.01
2177,989.406,STOCK2,137.00,53,buy,T-024,T-032,126.32,137.00
2178,989.406,STOCK2,137.00,47,buy,T-024,T-032,126.32,137.00
2179,989.486,STOCK1,128.00,100,sell,T-055,T-027,128.00,129.01
2180,989.496,STOCK1,128.00,25,sell,T-055,T-025,128.00,129.01
2181,989.507,STOCK2,137.00,953,buy,T-003,T-032,126.32,137.00
2182,989.507,STOCK2,137.00,1000,buy,T-003,T-032,126.32,137.00
2183,989.507,STOCK2,138.00,2000,buy,T-003,T-045,126.32,137.00
2184,989.507,STOCK2,140.00,1000,buy,T-003,T-029,126.32,137.00
2185,989.507,STOCK2,142.00,47,buy,T-003,T-038,126.32,137.00
2186,989.628,STOCK1,128.00,25,sell,T-055,T-025,128.00,129.01
2187,989.791,STOCK1,128.00,25,sell,T-055,T-025,128.00,129.01
2188,989.881,STOCK2,142.00,353,buy,T-003,T-038,126.32,142.00
2189,989.881,STOCK2,144.00,1000,buy,T-003,T-031,126.32,142.00
2190,989.881,STOCK2,144.00,1000,buy,T-003,T-013,126.32,142.00
2191,989.881,STOCK2,145.00,900,buy,T-003,T-032,126.32,142.00
2192,989.881,STOCK2,145.00,1000,buy,T-003,T-032,126.32,142.00
2193,989.881,STOCK2,148.00,747,buy,T-003,T-031,126.32,142.00
2194,989.961,STOCK1,128.00,25,sell,T-055,T-025,128.00,129.01
2195,990.082,STOCK1,128.00,25,sell,T-055,T-025,128.00,129.01
2196,990.255,STOCK1,128.00,25,sell,T-055,T-025,128.00,129.01
2197,990.375,STOCK2,148.00,1253,buy,T-003,T-031,126.32,148.00
2198,990.375,STOCK2,150.00,100,buy,T-003,T-038,126.32,148.00
2199,990.375,STOCK2,154.50,500,buy,T-003,T-045,126.32,148.00
2200,990.375,STOCK2,160.00,1000,buy,T-003,T-032,126.32,148.00
2201,990.375,STOCK2,160.00,1000,buy,T-003,T-032,126.32,148.00
2202,990.375,STOCK2,161.00,625,buy,T-003,T-031,126.32,148.00
2203,990.375,STOCK2,165.00,100,buy,T-003,T-046,126.32,148.00
2204,990.375,STOCK2,165.00,100,buy,T-003,T-046,126.32,148.00
2205,990.375,STOCK2,165.00,100,buy,T-003,T-046,126.32,148.00
2206,990.375,STOCK2,165.00,100,buy,T-003,T-046,126.32,148.00
2207,990.375,STOCK2,165.80,100,buy,T-003,T-045,126.32,148.00
2208,990.375,STOCK2,167.00,22,buy,T-003,T-031,126.32,148.00
2209,990.692,STOCK2,167.00,978,buy,T-003,T-031,126.32,167.00
2210,990.692,STOCK2,170.00,100,buy,T-003,T-038,126.32,167.00
2211,990.692,STOCK2,176.00,1000,buy,T-003,T-032,126.32,167.00
2212,990.692,STOCK2,176.00,1000,buy,T-003,T-013,126.32,167.00
2213,990.692,STOCK2,176.00,1000,buy,T-003,T-032,126.32,167.00
2214,990.692,STOCK2,177.00,50,buy,T-003,T-030,126.32,167.00
2215,990.692,STOCK2,177.00,50,buy,T-003,T-030,126.32,167.00
2216,990.692,STOCK2,178.00,822,buy,T-003,T-013,126.32,167.00
2217,990.878,STOCK1,128.00,25,sell,T-055,T-025,128.00,129.01
2218,991.031,STOCK1,128.00,25,sell,T-055,T-025,128.00,129.01
2219,991.183,STOCK1,128.00,25,sell,T-055,T-025,128.00,129.01
2220,991.254,STOCK2,178.00,178,buy,T-003,T-013,126.32,178.00
2221,991.254,STOCK2,185.00,500,buy,T-003,T-045,126.32,178.00
2222,991.254,STOCK2,188.00,50,buy,T-003,T-030,126.32,178.00
2223,991.254,STOCK2,188.00,50,buy,T-003,T-030,126.32,178.00
2224,991.254,STOCK2,190.00,1000,buy,T-003,T-032,126.32,178.00
2225,991.254,STOCK2,250.00,100,buy,T-003,T-045,126.32,178.00
2226,991.254,STOCK2,298.00,990,buy,T-003,T-031,126.32,178.00
2227,991.254,STOCK2,298.90,50,buy,T-003,T-030,126.32,178.00
2228,991.254,STOCK2,298.90,50,buy,T-003,T-030,126.32,178.00
2229,991.254,STOCK2,298.90,50,buy,T-003,T-030,126.32,178.00
2230,991.254,STOCK2,298.90,50,buy,T-003,T-030,126.32,178.00
2231,991.254,STOCK2,299.90,50,buy,T-003,T-030,126.32,178.00
2232,991.254,STOCK2,299.90,50,buy,T-003,T-030,126.32,178.00
2233,991.254,STOCK2,398.00,1000,buy,T-003,T-031,126.32,178.00
2234,991.254,STOCK2,399.00,50,buy,T-003,T-030,126.32,178.00
2235,991.254,STOCK2,399.00,50,buy,T-003,T-030,126.32,178.00
2236,991.254,STOCK2,400.00,732,buy,T-003,T-031,126.32,178.00
2237,993.391,STOCK2,126.32,100,sell,T-019,T-042,126.32,400.00
2238,993.391,STOCK2,126.32,100,sell,T-019,T-042,126.32,400.00
2239,993.391,STOCK2,126.32,100,sell,T-019,T-042,126.32,400.00
2240,993.391,STOCK2,126.32,100,sell,T-019,T-042,126.32,400.00
2241,993.391,STOCK2,126.32,100,sell,T-019,T-042,126.32,400.00
2242,993.391,STOCK2,126.31,500,sell,T-011,T-042,126.32,400.00
2243,997.255,STOCK1,128.00,100,sell,T-055,T-050,128.00,129.01
2244,997.255,STOCK1,127.00,400,sell,T-013,T-050,128.00,129.01
2245,1003.254,STOCK1,127.00,500,sell,T-013,T-010,127.00,129.01
2246,1007.742,STOCK2,150.00,1000,buy,T-003,T-036,131.00,150.00
2247,1007.742,STOCK2,150.00,1000,buy,T-003,T-036,131.00,150.00
2248,1007.742,STOCK2,160.00,500,buy,T-003,T-046,131.00,150.00
2249,1007.742,STOCK2,160.00,500,buy,T-003,T-046,131.00,150.00
2250,1008.729,STOCK2,160.00,500,buy,T-003,T-046,132.00,160.00
2251,1008.729,STOCK2,170.00,2500,buy,T-003,T-051,132.00,160.00
2252,1009.103,STOCK1,129.01,500,buy,T-001,T-030,128.02,129.01
2253,1010.553,STOCK1,128.02,100,sell,T-031,T-047,128.02,129.01
2254,1010.694,STOCK1,128.02,100,sell,T-031,T-047,128.02,129.01
2255,1010.967,STOCK2,140.00,500,sell,T-051,T-048,140.00,170.00
2256,1011.137,STOCK1,128.02,100,sell,T-031,T-047,128.02,129.01
2257,1011.969,STOCK1,129.01,500,buy,T-001,T-030,128.02,129.01
2258,1012.663,STOCK1,128.02,100,sell,T-031,T-027,128.02,129.01
2259,1014.590,STOCK1,128.02,100,sell,T-031,T-027,128.02,129.01
2260,1015.496,STOCK2,170.00,500,buy,T-003,T-051,140.00,170.00
2261,1015.496,STOCK2,171.00,300,buy,T-003,T-030,140.00,170.00
2262,1015.506,STOCK1,128.02,360,sell,T-031,T-002,128.02,129.01
2263,1016.443,STOCK2,169.99,800,buy,T-003,T-037,140.00,169.99
2264,1016.765,STOCK2,140.00,500,sell,T-051,T-048,140.00,169.99
2265,1022.036,STOCK1,129.01,80,buy,T-002,T-030,128.02,129.01
2266,1030.884,STOCK1,128.02,100,sell,T-031,T-047,128.02,129.01
2267,1036.073,STOCK1,128.02,40,sell,T-031,T-027,128.02,129.01
2268,1036.073,STOCK1,128.02,60,sell,T-031,T-027,128.02,129.01
2269,1037.040,STOCK2,150.00,25,sell,T-030,T-025,150.00,158.00
2270,1037.182,STOCK1,128.02,100,sell,T-031,T-027,128.02,129.01
2271,1037.211,STOCK2,150.00,25,sell,T-030,T-025,150.00,158.00
2272,1037.375,STOCK2,150.00,25,sell,T-030,T-025,150.00,158.00
2273,1037.517,STOCK2,150.00,25,sell,T-030,T-025,150.00,158.00
2274,1037.638,STOCK2,150.00,25,sell,T-030,T-025,150.00,158.00
2275,1037.780,STOCK2,150.00,375,sell,T-030,T-048,150.00,158.00
2276,1037.780,STOCK2,150.00,125,sell,T-030,T-048,150.00,158.00
2277,1037.799,STOCK2,150.00,25,sell,T-030,T-025,150.00,158.00
2278,1037.799,STOCK1,128.02,100,sell,T-031,T-027,128.02,129.01
2279,1037.963,STOCK2,150.00,25,sell,T-030,T-025,150.00,158.00
2280,1038.122,STOCK2,150.00,25,sell,T-030,T-025,150.00,158.00
2281,1038.253,STOCK2,150.00,25,sell,T-030,T-025,150.00,158.00
2282,1038.404,STOCK2,150.00,25,sell,T-030,T-025,150.00,158.00
2283,1038.566,STOCK2,150.00,25,sell,T-030,T-025,150.00,158.00
2284,1038.719,STOCK2,150.00,25,sell,T-030,T-025,150.00,158.00
2285,1038.875,STOCK2,151.00,25,sell,T-032,T-025,151.00,158.00
2286,1039.036,STOCK2,151.00,25,sell,T-032,T-025,151.00,158.00
2287,1039.198,STOCK2,151.00,25,sell,T-032,T-025,151.00,158.00
2288,1039.369,STOCK2,151.00,25,sell,T-032,T-025,151.00,158.00
2289,1039.499,STOCK2,151.00,25,sell,T-032,T-025,151.00,158.00
2290,1039.660,STOCK2,151.00,25,sell,T-032,T-025,151.00,158.00
2291,1039.821,STOCK2,151.00,25,sell,T-032,T-025,151.00,158.00
2292,1039.922,STOCK2,151.00,1,sell,T-032,T-042,151.00,158.00
2293,1039.972,STOCK2,151.00,25,sell,T-032,T-025,151.00,158.00
2294,1040.124,STOCK2,151.00,25,sell,T-032,T-025,151.00,158.00
2295,1040.283,STOCK2,151.00,25,sell,T-032,T-025,151.00,158.00
2296,1040.435,STOCK2,151.00,25,sell,T-032,T-025,151.00,158.00
2297,1040.597,STOCK2,151.00,25,sell,T-032,T-025,151.00,158.00
2298,1040.767,STOCK2,155.00,25,sell,T-011,T-025,155.00,158.00
2299,1040.938,STOCK2,155.00,25,sell,T-011,T-025,155.00,158.00
2300,1041.090,STOCK2,155.00,25,sell,T-011,T-025,155.00,158.00
2301,1041.242,STOCK2,155.00,25,sell,T-011,T-025,155.00,158.00
2302,1041.405,STOCK2,155.00,25,sell,T-011,T-025,155.00,158.00
2303,1041.556,STOCK2,155.00,25,sell,T-011,T-025,155.00,158.00
2304,1041.719,STOCK2,155.00,25,sell,T-011,T-025,155.00,158.00
2305,1041.884,STOCK2,155.00,25,sell,T-011,T-025,155.00,158.00
2306,1042.026,STOCK2,155.00,25,sell,T-011,T-025,155.00,158.00
2307,1042.813,STOCK2,155.00,25,sell,T-011,T-025,155.00,158.00
2308,1042.977,STOCK2,155.00,25,sell,T-011,T-025,155.00,158.00
2309,1043.149,STOCK2,155.00,25,sell,T-011,T-025,155.00,158.00
2310,1043.240,STOCK2,158.00,200,buy,T-052,T-032,155.00,158.00
2311,1043.274,STOCK2,155.00,25,sell,T-011,T-025,155.00,158.00
2312,1043.428,STOCK2,155.00,25,sell,T-011,T-025,155.00,158.00
2313,1043.579,STOCK2,155.00,25,sell,T-011,T-025,155.00,158.00
2314,1043.730,STOCK2,155.00,25,sell,T-011,T-025,155.00,158.00
2315,1043.895,STOCK2,155.00,25,sell,T-011,T-025,155.00,158.00
2316,1044.087,STOCK2,155.00,25,sell,T-011,T-025,155.00,158.00
2317,1044.208,STOCK2,155.00,25,sell,T-011,T-025,155.00,158.00
2318,1044.351,STOCK2,155.00,25,sell,T-011,T-025,155.00,158.00
2319,1044.502,STOCK2,155.00,25,sell,T-011,T-025,155.00,158.00
2320,1044.603,STOCK2,158.00,200,buy,T-052,T-032,155.00,158.00
2321,1044.693,STOCK2,155.00,25,sell,T-011,T-025,155.00,158.00
2322,1044.703,STOCK2,155.00,500,sell,T-011,T-001,155.00,158.00
2323,1044.835,STOCK2,155.00,25,sell,T-011,T-025,155.00,158.00
2324,1044.988,STOCK2,155.00,25,sell,T-011,T-025,155.00,158.00
2325,1045.170,STOCK2,155.00,25,sell,T-011,T-025,155.00,158.00
2326,1045.342,STOCK2,155.00,25,sell,T-011,T-025,155.00,158.00
2327,1045.503,STOCK2,155.00,25,sell,T-011,T-025,155.00,158.00
2328,1045.665,STOCK2,155.00,25,sell,T-011,T-025,155.00,158.00
2329,1045.826,STOCK2,155.10,25,sell,T-045,T-025,155.10,158.00
2330,1046.016,STOCK2,155.10,25,sell,T-045,T-025,155.10,158.00
2331,1046.187,STOCK2,155.10,25,sell,T-045,T-025,155.10,158.00
2332,1046.348,STOCK2,155.10,25,sell,T-045,T-025,155.10,158.00
2333,1046.439,STOCK2,155.10,900,sell,T-045,T-043,155.10,158.00
2334,1046.439,STOCK2,155.00,100,sell,T-011,T-043,155.10,158.00
2335,1046.530,STOCK2,155.00,25,sell,T-011,T-025,155.00,158.00
2336,1046.670,STOCK2,155.00,25,sell,T-011,T-025,155.00,158.00
2337,1046.852,STOCK2,155.00,25,sell,T-011,T-025,155.00,158.00
2338,1047.153,STOCK2,155.00,500,sell,T-011,T-048,155.00,158.00
2339,1047.163,STOCK2,155.00,25,sell,T-011,T-025,155.00,158.00
2340,1047.315,STOCK2,156.00,25,sell,T-030,T-025,156.00,158.00
2341,1047.456,STOCK2,156.00,25,sell,T-030,T-025,156.00,158.00
2342,1047.689,STOCK2,156.00,450,sell,T-030,T-043,156.00,158.00
2343,1047.689,STOCK2,155.00,550,sell,T-011,T-043,156.00,158.00
2344,1047.774,STOCK2,155.00,25,sell,T-011,T-025,155.00,158.00
2345,1047.905,STOCK2,155.00,25,sell,T-011,T-025,155.00,158.00
2346,1048.052,STOCK2,155.00,25,sell,T-011,T-025,155.00,158.00
2347,1048.345,STOCK2,155.00,25,sell,T-011,T-025,155.00,158.00
2348,1048.515,STOCK2,156.00,25,sell,T-030,T-025,156.00,158.00
2349,1048.665,STOCK2,156.00,25,sell,T-030,T-025,156.00,158.00
2350,1048.826,STOCK2,156.00,450,sell,T-030,T-001,156.00,158.00
2351,1048.826,STOCK2,155.00,50,sell,T-011,T-001,156.00,158.00
2352,1048.907,STOCK2,155.00,1000,sell,T-011,T-043,155.00,158.00
2353,1048.967,STOCK2,155.00,25,sell,T-011,T-025,155.00,158.00
2354,1049.099,STOCK2,155.00,25,sell,T-011,T-025,155.00,158.00
2355,1049.109,STOCK2,155.00,500,sell,T-011,T-001,155.00,158.00
2356,1049.250,STOCK2,155.00,25,sell,T-011,T-025,155.00,158.00
2357,1049.538,STOCK2,155.00,825,sell,T-011,T-042,155.00,158.00
2358,1049.538,STOCK2,151.00,175,sell,T-032,T-042,155.00,158.00
2359,1049.548,STOCK2,151.00,25,sell,T-032,T-025,151.00,158.00
2360,1049.678,STOCK2,151.00,499,sell,T-032,T-001,151.00,158.00
2361,1049.678,STOCK2,150.00,1,sell,T-030,T-001,151.00,158.00
2362,1049.688,STOCK2,150.00,25,sell,T-030,T-025,150.00,158.00
2363,1049.842,STOCK2,150.00,25,sell,T-030,T-025,150.00,158.00
2364,1050.145,STOCK2,156.00,25,sell,T-030,T-025,156.00,158.00
2365,1050.743,STOCK2,156.00,25,sell,T-030,T-025,156.00,158.00
2366,1050.876,STOCK2,156.00,25,sell,T-030,T-025,156.00,158.00
2367,1051.017,STOCK2,156.00,25,sell,T-030,T-025,156.00,158.00
2368,1051.179,STOCK2,156.00,25,sell,T-030,T-025,156.00,158.00
2369,1051.343,STOCK2,156.00,25,sell,T-030,T-025,156.00,158.00
2370,1051.495,STOCK2,156.00,25,sell,T-030,T-025,156.00,158.00
2371,1051.647,STOCK2,156.00,25,sell,T-030,T-025,156.00,158.00
2372,1051.798,STOCK2,156.00,25,sell,T-030,T-025,156.00,158.00
2373,1051.941,STOCK2,156.00,25,sell,T-030,T-025,156.00,158.00
2374,1052.121,STOCK2,156.00,25,sell,T-030,T-025,156.00,158.00
2375,1052.274,STOCK2,156.00,25,sell,T-030,T-025,156.00,158.00
2376,1052.589,STOCK2,156.00,25,sell,T-030,T-025,156.00,158.00
2377,1052.749,STOCK2,156.00,25,sell,T-030,T-025,156.00,158.00
2378,1052.910,STOCK2,156.00,25,sell,T-030,T-025,156.00,158.00
2379,1053.090,STOCK2,156.00,25,sell,T-030,T-025,156.00,158.00
2380,1053.394,STOCK2,156.00,25,sell,T-030,T-025,156.00,158.00
2381,1053.567,STOCK2,156.00,25,sell,T-030,T-025,156.00,158.00
2382,1053.729,STOCK2,156.00,25,sell,T-030,T-025,156.00,158.00
2383,1053.877,STOCK2,156.00,25,sell,T-030,T-025,156.00,158.00
2384,1054.049,STOCK2,156.00,25,sell,T-030,T-025,156.00,158.00
2385,1054.646,STOCK2,156.00,25,sell,T-030,T-025,156.00,158.00
2386,1054.766,STOCK2,156.00,25,sell,T-030,T-025,156.00,158.00
2387,1054.913,STOCK2,156.00,25,sell,T-030,T-025,156.00,158.00
2388,1055.065,STOCK2,156.00,25,sell,T-030,T-025,156.00,158.00
2389,1055.242,STOCK2,156.00,25,sell,T-030,T-025,156.00,158.00
2390,1055.406,STOCK2,156.00,25,sell,T-030,T-025,156.00,158.00
2391,1055.557,STOCK2,156.00,25,sell,T-030,T-025,156.00,158.00
2392,1055.729,STOCK2,156.00,25,sell,T-030,T-025,156.00,158.00
2393,1055.881,STOCK2,156.00,25,sell,T-030,T-025,156.00,158.00
2394,1056.177,STOCK2,156.00,25,sell,T-030,T-025,156.00,158.00
2395,1056.329,STOCK2,156.00,25,sell,T-030,T-025,156.00,158.00
2396,1056.500,STOCK2,156.00,25,sell,T-030,T-025,156.00,158.00
2397,1056.661,STOCK2,156.00,25,sell,T-030,T-025,156.00,158.00
2398,1056.988,STOCK2,156.00,25,sell,T-030,T-025,156.00,158.00
2399,1057.150,STOCK2,156.00,25,sell,T-030,T-025,156.00,158.00
2400,1057.304,STOCK2,156.00,25,sell,T-030,T-025,156.00,158.00
2401,1057.456,STOCK2,156.00,25,sell,T-030,T-025,156.00,158.00
2402,1057.778,STOCK2,156.00,25,sell,T-030,T-025,156.00,158.00
2403,1057.938,STOCK2,156.00,25,sell,T-030,T-025,156.00,158.00
2404,1058.099,STOCK2,156.00,25,sell,T-030,T-025,156.00,158.00
2405,1058.279,STOCK2,156.00,25,sell,T-030,T-025,156.00,158.00
2406,1058.299,STOCK2,156.00,10,sell,T-030,T-044,156.00,158.00
2407,1059.288,STOCK2,156.00,10,sell,T-030,T-044,156.00,158.00
2408,1059.458,STOCK2,156.00,10,sell,T-030,T-044,156.00,158.00
2409,1059.651,STOCK2,156.00,10,sell,T-030,T-044,156.00,158.00
2410,1061.458,STOCK2,156.00,410,sell,T-030,T-025,156.00,157.00
2411,1061.458,STOCK2,155.10,90,sell,T-045,T-025,156.00,157.00
2412,1062.073,STOCK2,155.10,500,sell,T-045,T-025,155.10,157.00
2413,1062.498,STOCK2,155.10,50,sell,T-045,T-044,155.10,157.00
2414,1062.816,STOCK2,155.10,360,sell,T-045,T-025,155.10,157.00
2415,1062.816,STOCK2,155.10,140,sell,T-045,T-025,155.10,157.00
2416,1063.391,STOCK2,155.10,50,sell,T-045,T-044,155.10,157.00
2417,1063.877,STOCK2,155.10,500,sell,T-045,T-025,155.10,157.00
2418,1063.948,STOCK2,155.10,50,sell,T-045,T-044,155.10,157.00
2419,1064.664,STOCK2,155.10,260,sell,T-045,T-025,155.10,157.00
2420,1064.664,STOCK2,150.00,149,sell,T-030,T-025,155.10,157.00
2421,1064.664,STOCK2,150.00,91,sell,T-030,T-025,155.10,157.00
2422,1064.716,STOCK2,150.00,50,sell,T-030,T-044,150.00,157.00
2423,1065.395,STOCK1,129.00,1000,buy,T-042,T-055,128.02,129.00
2424,1065.395,STOCK1,129.00,1000,buy,T-042,T-055,128.02,129.00
2425,1065.576,STOCK2,150.00,50,sell,T-030,T-044,150.00,157.00
2426,1066.113,STOCK2,150.00,50,sell,T-030,T-044,150.00,157.00
2427,1066.902,STOCK2,150.00,50,sell,T-030,T-044,150.00,157.00
2428,1070.692,STOCK2,151.00,50,sell,T-041,T-044,151.00,157.00
2429,1071.098,STOCK2,157.00,1,buy,T-003,T-032,151.00,157.00
2430,1071.098,STOCK2,158.00,600,buy,T-003,T-032,151.00,157.00
2431,1071.098,STOCK2,159.00,199,buy,T-003,T-032,151.00,157.00
2432,1072.122,STOCK2,151.00,50,sell,T-041,T-044,151.00,159.00
2433,1076.013,STOCK2,151.00,50,sell,T-041,T-044,151.00,157.00
2434,1078.207,STOCK2,157.00,100,buy,T-024,T-008,151.00,157.00
2435,1079.710,STOCK2,157.00,100,buy,T-024,T-008,151.00,157.00
2436,1079.892,STOCK2,157.00,100,buy,T-024,T-008,151.00,157.00
2437,1082.092,STOCK2,151.50,100,sell,T-046,T-047,151.50,157.00
2438,1082.112,STOCK2,157.00,100,buy,T-024,T-008,151.50,157.00
2439,1082.372,STOCK2,157.00,100,buy,T-024,T-008,151.50,157.00
2440,1083.204,STOCK2,152.00,100,sell,T-032,T-047,152.00,157.00
2441,1083.453,STOCK2,152.00,100,sell,T-032,T-047,152.00,157.00
2442,1085.784,STOCK2,152.00,100,sell,T-032,T-047,152.00,157.00
2443,1090.033,STOCK2,152.50,100,sell,T-046,T-047,152.50,156.00
2444,1090.175,STOCK2,152.50,100,sell,T-046,T-047,152.50,156.00
2445,1092.885,STOCK1,129.00,100,sell,T-019,T-010,129.00,129.01
2446,1092.885,STOCK1,129.00,100,sell,T-019,T-010,129.00,129.01
2447,1092.885,STOCK1,129.00,100,sell,T-019,T-010,129.00,129.01
2448,1092.885,STOCK1,129.00,100,sell,T-019,T-010,129.00,129.01
2449,1092.885,STOCK1,129.00,100,sell,T-019,T-010,129.00,129.01
2450,1093.167,STOCK1,129.00,100,sell,T-019,T-027,129.00,129.01
2451,1095.082,STOCK1,129.00,100,sell,T-019,T-050,129.00,129.01
2452,1095.082,STOCK1,129.00,100,sell,T-019,T-050,129.00,129.01
2453,1095.082,STOCK1,129.00,100,sell,T-019,T-050,129.00,129.01
2454,1095.082,STOCK1,129.00,100,sell,T-019,T-050,129.00,129.01
2455,1095.082,STOCK1,129.00,100,sell,T-019,T-050,129.00,129.01
2456,1095.976,STOCK1,128.02,500,sell,T-031,T-010,128.02,129.01
2457,1096.916,STOCK1,129.01,420,buy,T-048,T-030,128.02,129.01
2458,1097.710,STOCK1,130.00,500,buy,T-006,T-036,128.02,130.00
2459,1097.800,STOCK1,128.02,240,sell,T-031,T-010,128.02,130.00
2460,1097.800,STOCK1,128.02,260,sell,T-031,T-010,128.02,130.00
2461,1098.866,STOCK1,130.00,500,buy,T-006,T-036,128.02,130.00
2462,1099.120,STOCK1,130.00,500,buy,T-001,T-036,128.02,130.00
2463,1101.179,STOCK1,129.00,500,buy,T-006,T-030,128.02,129.00
2464,1101.906,STOCK1,128.02,200,sell,T-031,T-052,128.02,129.00
2465,1102.800,STOCK1,128.02,200,sell,T-031,T-052,128.02,129.00
2466,1103.530,STOCK2,153.00,1,buy,T-003,T-032,152.50,153.00
2467,1103.530,STOCK2,156.00,1000,buy,T-003,T-032,152.50,153.00
2468,1103.530,STOCK2,156.00,1000,buy,T-003,T-032,152.50,153.00
2469,1103.530,STOCK2,156.00,1000,buy,T-003,T-041,152.50,153.00
2470,1103.530,STOCK2,156.00,1000,buy,T-003,T-041,152.50,153.00
2471,1103.530,STOCK2,156.00,999,buy,T-003,T-041,152.50,153.00
2472,1104.091,STOCK1,128.02,200,sell,T-031,T-052,128.02,129.00
2473,1104.724,STOCK2,156.00,1,buy,T-003,T-041,152.50,156.00
2474,1104.724,STOCK2,156.00,1000,buy,T-003,T-041,152.50,156.00
2475,1104.724,STOCK2,156.00,1000,buy,T-003,T-041,152.50,156.00
2476,1104.724,STOCK2,156.00,1000,buy,T-003,T-041,152.50,156.00
2477,1104.724,STOCK2,157.00,1999,buy,T-003,T-008,152.50,156.00
2478,1105.949,STOCK2,157.00,2501,buy,T-003,T-008,152.50,157.00
2479,1105.949,STOCK2,159.00,801,buy,T-003,T-032,152.50,157.00
2480,1105.949,STOCK2,160.00,1698,buy,T-003,T-029,152.50,157.00
2481,1107.339,STOCK1,128.02,100,sell,T-031,T-047,128.02,129.00
2482,1112.337,STOCK1,129.00,500,buy,T-048,T-030,128.02,129.00
2483,1113.026,STOCK1,130.00,500,buy,T-001,T-036,128.02,130.00
2484,1115.961,STOCK2,153.00,100,sell,T-032,T-047,153.00,160.00
2485,1116.062,STOCK2,153.00,100,sell,T-032,T-047,153.00,160.00
2486,1116.375,STOCK2,160.00,1302,buy,T-003,T-029,153.00,160.00
2487,1116.375,STOCK2,160.00,1000,buy,T-003,T-032,153.00,160.00
2488,1116.375,STOCK2,160.00,1000,buy,T-003,T-032,153.00,160.00
2489,1116.375,STOCK2,171.00,200,buy,T-003,T-030,153.00,160.00
2490,1116.375,STOCK2,180.00,400,buy,T-003,T-038,153.00,160.00
2491,1116.375,STOCK2,190.00,1000,buy,T-003,T-032,153.00,160.00
2492,1116.375,STOCK2,190.00,98,buy,T-003,T-032,153.00,160.00
2493,1119.139,STOCK2,153.00,50,sell,T-032,T-044,153.00,190.00
2494,1121.228,STOCK2,153.00,50,sell,T-032,T-044,153.00,170.00
2495,1123.862,STOCK2,155.00,50,sell,T-037,T-044,155.00,170.00
2496,1124.525,STOCK1,129.00,100,sell,T-019,T-043,129.00,130.00
2497,1124.525,STOCK1,128.02,40,sell,T-031,T-043,129.00,130.00
2498,1124.525,STOCK1,128.02,860,sell,T-031,T-043,129.00,130.00
2499,1124.606,STOCK2,155.00,50,sell,T-037,T-044,155.00,170.00
2500,1124.788,STOCK2,155.00,50,sell,T-037,T-044,155.00,180.00
2501,1128.721,STOCK2,160.00,50,sell,T-011,T-044,160.00,180.00
2502,1128.898,STOCK2,160.00,50,sell,T-011,T-044,160.00,180.00
2503,1129.150,STOCK1,128.02,140,sell,T-031,T-010,128.02,130.00
2504,1129.150,STOCK1,128.02,360,sell,T-031,T-010,128.02,130.00
2505,1130.530,STOCK2,160.00,50,sell,T-011,T-044,160.00,175.00
2506,1130.702,STOCK2,160.00,50,sell,T-011,T-044,160.00,175.00
2507,1130.935,STOCK1,128.02,500,sell,T-031,T-010,128.02,130.00
2508,1131.471,STOCK2,160.00,50,sell,T-011,T-044,160.00,175.00
2509,1131.683,STOCK2,160.00,50,sell,T-011,T-044,160.00,175.00
2510,1131.858,STOCK1,128.02,140,sell,T-031,T-043,128.02,130.00
2511,1131.858,STOCK1,128.02,860,sell,T-031,T-043,128.02,130.00
2512,1131.858,STOCK2,161.01,50,sell,T-037,T-044,161.01,175.00
2513,1132.019,STOCK2,161.01,50,sell,T-037,T-044,161.01,175.00
2514,1132.170,STOCK2,161.01,50,sell,T-037,T-044,161.01,175.00
2515,1132.333,STOCK2,161.01,50,sell,T-037,T-044,161.01,175.00
2516,1132.483,STOCK2,161.01,50,sell,T-037,T-044,161.01,175.00
2517,1132.493,STOCK1,128.02,140,sell,T-031,T-010,128.02,130.00
2518,1132.493,STOCK1,127.00,100,sell,T-013,T-010,128.02,130.00
2519,1132.493,STOCK1,127.00,260,sell,T-036,T-010,128.02,130.00
2520,1132.603,STOCK2,161.01,50,sell,T-037,T-044,161.01,175.00
2521,1132.734,STOCK2,161.01,50,sell,T-037,T-044,161.01,175.00
2522,1133.326,STOCK2,161.01,100,sell,T-037,T-047,161.01,175.00
2523,1133.538,STOCK1,127.00,500,sell,T-036,T-010,127.00,130.00
2524,1135.020,STOCK2,162.00,50,sell,T-046,T-044,162.00,175.00
2525,1135.192,STOCK2,162.00,50,sell,T-046,T-044,162.00,175.00
2526,1135.283,STOCK1,130.00,500,buy,T-001,T-036,127.00,130.00
2527,1135.455,STOCK2,162.00,100,sell,T-046,T-047,162.00,175.00
2528,1135.565,STOCK1,127.00,240,sell,T-036,T-043,127.00,130.00
2529,1135.565,STOCK1,127.00,760,sell,T-036,T-043,127.00,130.00
2530,1135.748,STOCK1,127.00,240,sell,T-036,T-010,127.00,130.00
2531,1135.748,STOCK1,127.00,260,sell,T-036,T-010,127.00,130.00
2532,1135.818,STOCK2,162.00,50,sell,T-046,T-044,162.00,175.00
2533,1135.979,STOCK2,162.00,50,sell,T-046,T-044,162.00,175.00
2534,1136.180,STOCK2,162.00,50,sell,T-046,T-044,162.00,175.00
2535,1136.220,STOCK1,127.00,500,sell,T-036,T-010,127.00,130.00
2536,1136.220,STOCK2,162.00,500,sell,T-046,T-025,162.00,175.00
2537,1138.505,STOCK1,130.00,500,buy,T-001,T-036,127.00,130.00
2538,1141.453,STOCK2,163.00,500,sell,T-037,T-025,163.00,170.00
2539,1141.617,STOCK2,163.00,50,sell,T-037,T-044,163.00,170.00
2540,1142.469,STOCK2,163.00,450,sell,T-037,T-025,163.00,170.00
2541,1142.469,STOCK2,162.00,50,sell,T-046,T-025,163.00,170.00
2542,1144.044,STOCK2,162.00,100,sell,T-046,T-053,162.00,170.00
2543,1144.044,STOCK2,162.00,900,sell,T-046,T-053,162.00,170.00
2544,1145.320,STOCK2,162.00,100,sell,T-046,T-047,162.00,169.00
2545,1145.900,STOCK2,162.00,500,sell,T-046,T-048,162.00,169.00
2546,1149.318,STOCK2,165.00,500,sell,T-051,T-025,165.00,168.00
2547,1149.620,STOCK2,165.00,500,sell,T-051,T-025,165.00,168.00
2548,1150.343,STOCK2,168.00,200,buy,T-052,T-046,162.00,168.00
2549,1153.463,STOCK2,162.00,50,sell,T-046,T-044,162.00,168.00
2550,1154.646,STOCK2,162.00,50,sell,T-046,T-044,162.00,168.00
2551,1155.953,STOCK2,162.00,50,sell,T-046,T-044,162.00,167.90
2552,1156.601,STOCK2,162.00,50,sell,T-046,T-044,162.00,167.50
2553,1156.762,STOCK2,162.00,50,sell,T-046,T-044,162.00,167.50
2554,1156.965,STOCK2,162.00,50,sell,T-046,T-044,162.00,167.50
2555,1157.432,STOCK2,167.50,1000,buy,T-003,T-046,162.00,167.50
2556,1157.697,STOCK2,162.00,50,sell,T-046,T-044,162.00,167.50
2557,1157.870,STOCK2,162.00,50,sell,T-046,T-044,162.00,167.50
2558,1158.062,STOCK2,162.00,50,sell,T-046,T-044,162.00,167.50
2559,1158.092,STOCK2,167.50,1000,buy,T-003,T-046,162.00,167.50
2560,1158.685,STOCK2,162.00,50,sell,T-046,T-044,162.00,167.90
2561,1158.861,STOCK2,167.90,500,buy,T-003,T-045,162.00,167.90
2562,1158.861,STOCK2,168.00,500,buy,T-003,T-046,162.00,167.90
2563,1158.892,STOCK2,162.00,50,sell,T-030,T-044,162.00,168.00
2564,1159.113,STOCK2,162.00,50,sell,T-030,T-044,162.00,168.00
2565,1159.761,STOCK2,162.00,50,sell,T-030,T-044,162.00,168.00
2566,1159.966,STOCK2,162.20,50,sell,T-011,T-044,162.20,168.00
2567,1160.465,STOCK2,162.20,50,sell,T-011,T-044,162.20,168.00
2568,1160.637,STOCK2,162.20,50,sell,T-011,T-044,162.20,168.00
2569,1160.817,STOCK2,163.00,50,sell,T-040,T-044,163.00,168.00
2570,1160.937,STOCK2,163.00,50,sell,T-040,T-044,163.00,168.00
2571,1161.087,STOCK2,163.00,50,sell,T-040,T-044,163.00,168.00
2572,1161.238,STOCK2,163.00,50,sell,T-040,T-044,163.00,168.00
2573,1161.443,STOCK2,163.00,50,sell,T-040,T-044,163.00,168.00
2574,1161.636,STOCK2,163.00,50,sell,T-040,T-044,163.00,168.00
2575,1161.778,STOCK2,163.00,50,sell,T-040,T-044,163.00,168.00
2576,1161.954,STOCK2,163.00,50,sell,T-040,T-044,163.00,168.00
2577,1162.124,STOCK2,163.00,50,sell,T-040,T-044,163.00,168.00
2578,1162.245,STOCK2,163.00,50,sell,T-040,T-044,163.00,168.00
2579,1162.396,STOCK2,163.00,50,sell,T-040,T-044,163.00,168.00
2580,1162.570,STOCK2,163.00,50,sell,T-040,T-044,163.00,168.00
2581,1162.762,STOCK2,163.00,50,sell,T-040,T-044,163.00,168.00
2582,1162.923,STOCK2,163.00,50,sell,T-040,T-044,163.00,168.00
2583,1163.146,STOCK2,163.00,50,sell,T-040,T-044,163.00,168.00
2584,1163.343,STOCK2,163.00,50,sell,T-040,T-044,163.00,168.00
2585,1163.736,STOCK2,163.00,50,sell,T-040,T-044,163.00,168.00
2586,1163.928,STOCK2,163.00,50,sell,T-040,T-044,163.00,168.00
2587,1164.101,STOCK2,168.00,200,buy,T-052,T-046,163.00,168.00
2588,1164.111,STOCK2,163.00,50,sell,T-040,T-044,163.00,168.00
2589,1164.314,STOCK2,163.00,50,sell,T-040,T-044,163.00,168.00
2590,1164.597,STOCK2,162.20,50,sell,T-011,T-044,162.20,168.00
2591,1165.569,STOCK2,162.20,50,sell,T-011,T-044,162.20,168.00
2592,1167.457,STOCK2,162.20,1000,sell,T-011,T-043,162.20,165.00
2593,1169.402,STOCK2,165.00,200,buy,T-052,T-040,162.20,165.00
2594,1169.764,STOCK1,130.00,50,buy,T-044,T-055,128.02,130.00
2595,1169.937,STOCK2,165.00,200,buy,T-052,T-040,162.20,165.00
2596,1171.181,STOCK2,165.00,200,buy,T-052,T-040,162.20,165.00
2597,1171.689,STOCK1,130.00,50,buy,T-044,T-055,129.00,130.00
2598,1172.271,STOCK2,165.00,200,buy,T-052,T-040,162.20,165.00
2599,1173.811,STOCK1,130.00,50,buy,T-044,T-055,129.00,130.00
2600,1174.713,STOCK1,129.00,100,sell,T-041,T-027,129.00,130.00
2601,1174.907,STOCK1,129.00,100,sell,T-041,T-047,129.00,130.00
2602,1177.308,STOCK1,129.00,100,sell,T-041,T-047,129.00,130.00
2603,1177.381,STOCK1,129.00,100,sell,T-041,T-027,129.00,130.00
2604,1178.351,STOCK1,129.00,100,sell,T-041,T-027,129.00,130.00
2605,1180.097,STOCK1,130.00,50,buy,T-044,T-055,129.00,130.00
2606,1181.242,STOCK1,130.00,50,buy,T-044,T-055,129.00,130.00
2607,1182.377,STOCK1,129.00,100,sell,T-041,T-027,129.00,130.00
2608,1188.851,STOCK1,129.00,100,sell,T-041,T-047,129.00,129.90
2609,1189.017,STOCK1,129.00,100,sell,T-041,T-047,129.00,129.90
2610,1191.456,STOCK1,129.00,100,sell,T-041,T-027,129.00,129.90
2611,1192.522,STOCK1,129.00,100,sell,T-041,T-047,129.00,129.90
2612,1192.873,STOCK1,129.00,100,sell,T-041,T-027,129.00,129.90
2613,1195.144,STOCK1,129.90,100,buy,T-019,T-030,129.00,129.90
2614,1195.425,STOCK1,129.90,100,buy,T-019,T-030,129.00,129.90
2615,1195.666,STOCK1,129.90,100,buy,T-019,T-030,129.00,129.90
2616,1195.820,STOCK1,129.90,100,buy,T-019,T-030,129.00,129.90
2617,1196.004,STOCK1,129.90,100,buy,T-019,T-030,129.00,129.90
2618,1197.365,STOCK1,129.90,100,buy,T-019,T-030,129.00,129.90
2619,1197.538,STOCK1,129.90,100,buy,T-019,T-030,129.00,129.90
2620,1205.617,STOCK1,129.90,100,buy,T-019,T-030,129.50,129.90
2621,1205.810,STOCK1,129.90,100,buy,T-019,T-030,129.50,129.90
2622,1205.943,STOCK1,129.90,100,buy,T-019,T-030,129.50,129.90
2623,1209.915,STOCK2,164.00,1000,buy,T-003,T-032,162.41,164.00
2624,1210.337,STOCK2,168.00,100,buy,T-019,T-046,162.41,168.00
2625,1210.776,STOCK2,168.00,100,buy,T-019,T-030,162.41,168.00
2626,1210.928,STOCK2,168.00,100,buy,T-019,T-030,162.41,168.00
2627,1211.037,STOCK2,168.00,300,buy,T-003,T-030,162.41,168.00
2628,1211.037,STOCK2,168.00,500,buy,T-003,T-030,162.41,168.00
2629,1211.037,STOCK2,168.00,200,buy,T-003,T-030,162.41,168.00
2630,1211.088,STOCK2,168.00,100,buy,T-019,T-030,162.41,168.00
2631,1211.262,STOCK2,168.00,100,buy,T-019,T-030,162.41,168.00
2632,1211.383,STOCK2,162.41,1000,sell,T-008,T-042,162.41,168.00
2633,1211.444,STOCK2,162.41,500,sell,T-008,T-025,162.41,168.00
2634,1212.156,STOCK2,162.30,500,sell,T-030,T-025,162.30,168.00
2635,1212.196,STOCK2,168.00,100,buy,T-003,T-030,162.30,168.00
2636,1212.196,STOCK2,169.00,500,buy,T-003,T-045,162.30,168.00
2637,1212.196,STOCK2,169.00,400,buy,T-003,T-045,162.30,168.00
2638,1213.106,STOCK2,162.30,500,sell,T-030,T-025,162.30,169.00
2639,1213.903,STOCK2,162.21,500,sell,T-055,T-025,162.21,169.00
2640,1214.509,STOCK2,162.21,500,sell,T-055,T-025,162.21,169.00
2641,1215.152,STOCK2,162.21,500,sell,T-055,T-025,162.21,169.00
2642,1215.152,STOCK1,129.85,50,buy,T-044,T-011,129.50,129.85
2643,1215.988,STOCK1,129.85,50,buy,T-044,T-011,129.50,129.85
2644,1215.988,STOCK2,162.21,500,sell,T-055,T-025,162.21,169.00
2645,1216.765,STOCK2,165.00,100,sell,T-019,T-025,165.00,169.00
2646,1216.765,STOCK2,162.21,400,sell,T-055,T-025,165.00,169.00
2647,1216.805,STOCK1,129.85,50,buy,T-044,T-011,129.50,129.85
2648,1217.117,STOCK1,129.85,1000,buy,T-031,T-011,129.50,129.85
2649,1217.325,STOCK1,129.85,50,buy,T-044,T-011,129.50,129.85
2650,1217.599,STOCK1,129.85,50,buy,T-044,T-011,129.50,129.85
2651,1217.880,STOCK1,129.85,50,buy,T-044,T-011,129.50,129.85
2652,1218.053,STOCK1,129.85,50,buy,T-044,T-011,129.50,129.85
2653,1218.216,STOCK1,129.85,50,buy,T-044,T-011,129.50,129.85
2654,1218.619,STOCK1,129.85,50,buy,T-044,T-011,129.50,129.85
2655,1218.790,STOCK1,129.85,50,buy,T-044,T-011,129.50,129.85
2656,1218.914,STOCK1,129.85,50,buy,T-044,T-011,129.50,129.85
2657,1219.088,STOCK1,129.85,50,buy,T-044,T-011,129.50,129.85
2658,1219.190,STOCK1,129.85,50,buy,T-044,T-011,129.50,129.85
2659,1219.381,STOCK1,129.85,50,buy,T-044,T-011,129.50,129.85
2660,1219.554,STOCK1,129.85,50,buy,T-044,T-011,129.50,129.85
2661,1220.032,STOCK1,129.85,50,buy,T-044,T-011,129.50,129.85
2662,1220.245,STOCK1,129.85,50,buy,T-044,T-011,129.50,129.85
2663,1221.346,STOCK1,129.85,50,buy,T-044,T-011,129.50,129.85
2664,1221.527,STOCK1,129.85,50,buy,T-044,T-011,129.50,129.85
2665,1222.076,STOCK1,129.85,500,buy,T-048,T-011,129.50,129.85
2666,1225.211,STOCK1,129.50,50,sell,T-031,T-044,129.50,129.85
2667,1227.998,STOCK2,165.00,50,sell,T-019,T-044,165.00,169.00
2668,1228.160,STOCK2,165.00,50,sell,T-019,T-044,165.00,169.00
2669,1228.321,STOCK2,165.00,50,sell,T-019,T-044,165.00,169.00
2670,1228.797,STOCK2,165.00,50,sell,T-019,T-044,165.00,169.00
2671,1228.982,STOCK2,165.00,50,sell,T-019,T-044,165.00,169.00
2672,1229.153,STOCK2,165.00,50,sell,T-019,T-044,165.00,169.00
2673,1229.255,STOCK1,129.85,550,buy,T-042,T-011,129.50,129.85
2674,1229.255,STOCK1,130.00,450,buy,T-042,T-055,129.50,129.85
2675,1229.275,STOCK2,165.00,50,sell,T-019,T-044,165.00,169.00
2676,1229.388,STOCK2,165.00,50,sell,T-019,T-044,165.00,169.00
2677,1229.540,STOCK2,165.00,50,sell,T-019,T-044,165.00,169.00
2678,1229.551,STOCK1,130.00,300,buy,T-048,T-055,129.50,130.00
2679,1229.551,STOCK1,130.00,200,buy,T-048,T-036,129.50,130.00
2680,1229.694,STOCK2,165.00,50,sell,T-019,T-044,165.00,169.00
2681,1229.785,STOCK1,129.50,500,sell,T-031,T-050,129.50,130.00
2682,1229.815,STOCK2,165.00,50,sell,T-051,T-044,165.00,169.00
2683,1229.965,STOCK2,165.00,50,sell,T-051,T-044,165.00,169.00
2684,1230.137,STOCK2,165.00,50,sell,T-051,T-044,165.00,169.00
2685,1230.424,STOCK2,165.00,50,sell,T-051,T-044,165.00,169.00
2686,1230.596,STOCK2,165.00,50,sell,T-051,T-044,165.00,169.00
2687,1230.687,STOCK1,129.50,200,sell,T-031,T-052,129.50,130.00
2688,1231.495,STOCK1,129.50,200,sell,T-031,T-052,129.50,130.00
2689,1231.575,STOCK2,165.00,50,sell,T-051,T-044,165.00,169.00
2690,1231.876,STOCK2,165.00,50,sell,T-051,T-044,165.00,169.00
2691,1232.430,STOCK1,129.50,50,sell,T-031,T-052,129.50,130.00
2692,1232.430,STOCK1,129.50,150,sell,T-031,T-052,129.50,130.00
2693,1232.873,STOCK2,165.21,50,sell,T-030,T-044,165.21,169.00
2694,1233.682,STOCK2,165.21,50,sell,T-030,T-044,165.21,169.00
2695,1233.882,STOCK2,165.21,50,sell,T-030,T-044,165.21,169.00
2696,1235.075,STOCK2,165.21,50,sell,T-030,T-044,165.21,166.00
2697,1236.146,STOCK2,165.21,50,sell,T-030,T-044,165.21,166.00
2698,1237.466,STOCK2,166.00,1000,buy,T-003,T-055,165.21,166.00
2699,1237.760,STOCK2,166.00,1000,buy,T-003,T-055,165.21,166.00
2700,1238.164,STOCK2,168.00,1000,buy,T-003,T-046,165.21,168.00
2701,1238.996,STOCK2,168.50,1000,buy,T-003,T-008,165.21,168.50
2702,1239.633,STOCK2,166.00,1000,buy,T-003,T-055,165.21,166.00
2703,1241.682,STOCK2,165.21,50,sell,T-030,T-044,165.21,168.50
2704,1242.699,STOCK2,168.50,1000,buy,T-003,T-008,165.21,168.50
2705,1243.334,STOCK2,168.50,500,buy,T-003,T-008,165.21,168.50
2706,1243.334,STOCK2,169.00,100,buy,T-003,T-045,165.21,168.50
2707,1243.334,STOCK2,170.00,400,buy,T-003,T-051,165.21,168.50
2708,1259.405,STOCK1,129.50,500,sell,T-031,T-050,129.50,130.00
2709,1263.058,STOCK2,166.60,50,sell,T-019,T-044,166.60,169.00
2710,1266.418,STOCK2,166.65,50,sell,T-046,T-044,166.65,169.00
2711,1267.338,STOCK1,129.50,100,sell,T-031,T-047,129.50,130.00
2712,1277.357,STOCK1,130.00,100,buy,T-019,T-036,129.50,130.00
2713,1277.518,STOCK1,130.00,100,buy,T-019,T-036,129.50,130.00
2714,1277.689,STOCK1,130.00,100,buy,T-019,T-036,129.50,130.00
2715,1277.861,STOCK1,130.00,100,buy,T-019,T-036,129.50,130.00
2716,1278.023,STOCK1,130.00,100,buy,T-019,T-036,129.50,130.00
2717,1278.208,STOCK1,130.00,100,buy,T-019,T-036,129.50,130.00
2718,1278.371,STOCK1,130.00,100,buy,T-019,T-036,129.50,130.00
2719,1278.541,STOCK1,130.00,100,buy,T-019,T-036,129.50,130.00
2720,1278.712,STOCK1,130.00,100,buy,T-019,T-036,129.50,130.00
2721,1278.773,STOCK2,166.65,50,sell,T-046,T-044,166.65,169.00
2722,1278.899,STOCK1,130.00,100,buy,T-019,T-036,129.50,130.00
2723,1279.061,STOCK1,130.00,100,buy,T-019,T-036,129.50,130.00
2724,1279.252,STOCK1,130.00,100,buy,T-019,T-036,129.50,130.00
2725,1279.395,STOCK1,130.00,100,buy,T-019,T-036,129.50,130.00
2726,1279.578,STOCK1,130.00,100,buy,T-019,T-036,129.50,130.00
2727,1279.984,STOCK1,129.50,250,sell,T-031,T-010,129.50,130.00
2728,1281.315,STOCK1,129.30,250,sell,T-030,T-010,129.30,130.00
2729,1282.096,STOCK1,129.70,100,buy,T-019,T-040,129.30,129.70
2730,1282.116,STOCK1,129.30,250,sell,T-030,T-010,129.30,129.70
2731,1282.257,STOCK1,129.70,100,buy,T-019,T-040,129.00,129.70
2732,1282.946,STOCK1,129.70,100,buy,T-019,T-040,129.00,129.70
2733,1283.089,STOCK1,129.70,100,buy,T-019,T-040,129.00,129.70
2734,1283.239,STOCK1,129.70,100,buy,T-019,T-040,129.00,129.70
2735,1283.391,STOCK1,129.70,100,buy,T-019,T-040,129.00,129.70
2736,1283.573,STOCK1,129.70,100,buy,T-019,T-040,129.00,129.70
2737,1283.614,STOCK1,129.70,50,buy,T-044,T-040,129.00,129.70
2738,1283.757,STOCK1,129.70,100,buy,T-019,T-040,129.00,129.70
2739,1283.888,STOCK1,129.70,100,buy,T-019,T-040,129.00,129.70
2740,1284.060,STOCK1,129.70,50,buy,T-019,T-040,129.00,129.70
2741,1284.060,STOCK1,130.00,50,buy,T-019,T-036,129.00,129.70
2742,1286.021,STOCK1,129.70,100,buy,T-019,T-040,129.00,129.70
2743,1286.103,STOCK1,129.00,500,sell,T-041,T-025,129.00,129.70
2744,1286.173,STOCK1,129.70,100,buy,T-019,T-040,129.00,129.70
2745,1286.782,STOCK2,169.00,1000,buy,T-003,T-032,167.21,169.00
2746,1286.935,STOCK1,129.00,400,sell,T-041,T-025,129.00,129.70
2747,1286.935,STOCK1,129.00,100,sell,T-041,T-025,129.00,129.70
2748,1287.635,STOCK1,129.00,500,sell,T-041,T-025,129.00,129.70
2749,1287.951,STOCK1,129.70,100,buy,T-019,T-040,129.00,129.70
2750,1288.274,STOCK1,129.00,400,sell,T-041,T-025,129.00,129.70
2751,1288.274,STOCK1,129.00,100,sell,T-041,T-025,129.00,129.70
2752,1288.945,STOCK1,129.00,500,sell,T-041,T-025,129.00,129.70
2753,1289.310,STOCK1,129.70,100,buy,T-019,T-040,129.00,129.70
2754,1289.564,STOCK1,129.00,400,sell,T-041,T-025,129.00,129.70
2755,1289.564,STOCK1,129.00,100,sell,T-041,T-025,129.00,129.70
2756,1290.221,STOCK1,129.00,500,sell,T-041,T-025,129.00,129.70
2757,1290.251,STOCK1,129.70,50,buy,T-044,T-040,129.00,129.70
2758,1290.592,STOCK1,129.00,400,sell,T-041,T-050,129.00,129.70
2759,1290.592,STOCK1,129.00,100,sell,T-041,T-050,129.00,129.70
2760,1290.829,STOCK1,129.00,500,sell,T-041,T-025,129.00,129.70
2761,1291.467,STOCK1,129.00,400,sell,T-041,T-025,129.00,129.70
2762,1291.467,STOCK1,129.00,100,sell,T-041,T-025,129.00,129.70
2763,1292.084,STOCK1,129.00,500,sell,T-041,T-025,129.00,129.70
2764,1292.725,STOCK1,129.00,400,sell,T-041,T-025,129.00,129.70
2765,1292.725,STOCK1,129.00,100,sell,T-041,T-025,129.00,129.70
2766,1293.354,STOCK1,129.00,500,sell,T-041,T-025,129.00,129.70
2767,1293.991,STOCK1,129.00,400,sell,T-041,T-025,129.00,129.70
2768,1293.991,STOCK1,129.00,100,sell,T-041,T-025,129.00,129.70
2769,1294.428,STOCK1,129.70,100,buy,T-019,T-040,129.00,129.70
2770,1294.570,STOCK1,129.70,100,buy,T-019,T-040,129.00,129.70
2771,1294.753,STOCK1,129.00,500,sell,T-041,T-025,129.00,129.70
2772,1294.763,STOCK1,129.70,100,buy,T-019,T-040,129.00,129.70
2773,1294.903,STOCK1,129.70,100,buy,T-019,T-040,129.00,129.70
2774,1295.390,STOCK1,129.70,100,buy,T-019,T-040,129.00,129.70
2775,1295.572,STOCK1,129.70,50,buy,T-019,T-040,129.00,129.70
2776,1295.572,STOCK1,130.00,50,buy,T-019,T-036,129.00,129.70
2777,1296.047,STOCK1,129.00,400,sell,T-041,T-043,129.00,130.00
2778,1296.047,STOCK1,129.00,600,sell,T-041,T-043,129.00,130.00
2779,1300.096,STOCK2,167.65,50,sell,T-046,T-044,167.65,169.21
2780,1307.110,STOCK1,129.00,400,sell,T-041,T-043,129.00,130.00
2781,1307.110,STOCK1,129.00,500,sell,T-038,T-043,129.00,130.00
2782,1311.140,STOCK2,169.21,200,buy,T-052,T-030,168.00,169.21
2783,1311.728,STOCK2,168.00,100,sell,T-019,T-047,168.00,169.21
2784,1312.707,STOCK2,168.00,100,sell,T-019,T-047,168.00,169.21
2785,1312.832,STOCK2,168.00,100,sell,T-019,T-047,168.00,169.21
2786,1317.765,STOCK2,168.00,100,sell,T-019,T-048,168.00,169.21
2787,1319.698,STOCK2,169.21,200,buy,T-052,T-030,169.00,169.21
2788,1325.012,STOCK2,169.00,500,sell,T-051,T-025,169.00,169.21
2789,1326.312,STOCK2,169.01,500,sell,T-030,T-043,169.01,169.21
2790,1326.312,STOCK2,169.01,500,sell,T-030,T-043,169.01,169.21
2791,1327.343,STOCK1,129.89,1000,buy,T-042,T-045,129.05,129.89
2792,1327.524,STOCK1,129.90,500,buy,T-001,T-011,129.05,129.90
2793,1328.030,STOCK1,129.90,500,buy,T-001,T-011,129.05,129.90
2794,1329.143,STOCK2,169.00,100,sell,T-051,T-047,169.00,169.21
2795,1329.377,STOCK2,169.00,100,sell,T-051,T-047,169.00,169.21
2796,1330.427,STOCK2,169.00,100,sell,T-051,T-047,169.00,169.21
2797,1330.562,STOCK2,169.00,100,sell,T-051,T-047,169.00,169.21
2798,1331.012,STOCK2,169.21,100,buy,T-019,T-030,169.00,169.21
2799,1331.174,STOCK2,169.21,100,buy,T-019,T-030,169.00,169.21
2800,1331.340,STOCK2,169.21,100,buy,T-019,T-030,169.00,169.21
2801,1331.476,STOCK2,169.00,100,sell,T-051,T-047,169.00,169.21
2802,1331.506,STOCK2,169.21,100,buy,T-019,T-030,169.00,169.21
2803,1331.669,STOCK2,169.21,100,buy,T-019,T-030,169.00,169.21
2804,1332.273,STOCK2,169.21,100,buy,T-019,T-030,169.00,169.21
2805,1333.070,STOCK2,169.00,1000,sell,T-051,T-042,169.00,169.99
2806,1335.437,STOCK2,169.01,1,buy,T-019,T-013,169.00,169.01
2807,1335.437,STOCK2,169.99,99,buy,T-019,T-055,169.00,169.01
2808,1335.669,STOCK2,169.99,100,buy,T-019,T-055,169.00,169.99
2809,1337.328,STOCK2,169.99,100,buy,T-019,T-055,169.00,169.99
2810,1338.172,STOCK2,169.99,100,buy,T-019,T-055,169.00,169.99
2811,1338.332,STOCK2,169.99,100,buy,T-019,T-055,169.00,169.99
2812,1338.726,STOCK2,169.99,501,buy,T-041,T-055,169.00,169.99
2813,1338.726,STOCK2,169.99,499,buy,T-041,T-055,169.00,169.99
2814,1338.958,STOCK2,169.99,100,buy,T-019,T-055,169.00,169.99
2815,1339.142,STOCK2,169.99,100,buy,T-019,T-055,167.65,169.99
2816,1339.316,STOCK2,169.99,301,buy,T-041,T-055,167.65,169.99
2817,1339.316,STOCK2,169.99,699,buy,T-041,T-055,167.65,169.99
2818,1339.725,STOCK2,167.65,500,sell,T-046,T-001,167.65,169.99
2819,1340.010,STOCK2,169.99,301,buy,T-041,T-055,167.65,169.99
2820,1340.010,STOCK2,169.99,699,buy,T-041,T-055,167.65,169.99
2821,1340.050,STOCK2,167.65,450,sell,T-046,T-001,167.65,169.99
2822,1340.050,STOCK2,167.21,50,sell,T-030,T-001,167.65,169.99
2823,1340.262,STOCK2,169.99,100,buy,T-019,T-055,167.21,169.99
2824,1340.663,STOCK2,169.99,201,buy,T-041,T-055,167.21,169.99
2825,1340.663,STOCK2,169.99,799,buy,T-041,T-055,167.21,169.99
2826,1341.182,STOCK2,169.99,100,buy,T-027,T-055,167.21,169.99
2827,1341.414,STOCK2,169.99,101,buy,T-041,T-055,167.21,169.99
2828,1341.414,STOCK2,170.00,899,buy,T-041,T-011,167.21,169.99
2829,1342.799,STOCK2,169.98,500,buy,T-041,T-030,167.21,169.98
2830,1342.799,STOCK2,170.00,500,buy,T-041,T-011,167.21,169.98
2831,1344.024,STOCK2,169.98,500,buy,T-041,T-030,167.21,169.98
2832,1344.024,STOCK2,170.00,500,buy,T-041,T-011,167.21,169.98
2833,1344.951,STOCK2,170.00,1000,buy,T-041,T-011,167.21,170.00
2834,1345.997,STOCK2,169.98,500,buy,T-041,T-030,167.21,169.98
2835,1345.997,STOCK2,170.00,500,buy,T-041,T-011,167.21,169.98
2836,1346.695,STOCK2,170.00,1000,buy,T-041,T-011,168.00,170.00
2837,1347.453,STOCK2,170.00,601,buy,T-041,T-011,168.00,170.00
2838,1347.453,STOCK2,172.00,399,buy,T-041,T-051,168.00,170.00
2839,1347.453,STOCK2,172.00,100,buy,T-027,T-051,168.00,172.00
2840,1348.801,STOCK2,172.00,1000,buy,T-041,T-051,168.00,172.00
2841,1349.593,STOCK2,172.00,1000,buy,T-041,T-051,168.00,172.00
2842,1350.612,STOCK2,172.00,501,buy,T-041,T-051,168.00,172.00
2843,1350.612,STOCK2,175.00,499,buy,T-041,T-045,168.00,172.00
2844,1350.703,STOCK1,129.06,250,sell,T-045,T-010,129.06,129.90
2845,1354.297,STOCK2,175.00,1,buy,T-055,T-045,168.50,175.00
2846,1354.297,STOCK2,180.00,500,buy,T-055,T-045,168.50,175.00
2847,1354.297,STOCK2,190.00,499,buy,T-055,T-032,168.50,175.00
2848,1357.507,STOCK2,168.50,1000,sell,T-008,T-042,168.50,190.00
2849,1357.687,STOCK2,168.50,1000,sell,T-008,T-042,168.50,190.00
2850,1359.843,STOCK1,129.06,100,sell,T-045,T-047,129.06,129.90
2851,1362.925,STOCK1,130.00,300,buy,T-011,T-036,129.06,129.90
2852,1362.925,STOCK1,130.00,450,buy,T-011,T-036,129.06,129.90
2853,1372.261,STOCK2,171.00,500,sell,T-046,T-025,171.00,189.00
2854,1378.312,STOCK2,184.00,100,buy,T-019,T-008,180.00,184.00
2855,1378.453,STOCK2,184.00,100,buy,T-019,T-008,180.00,184.00
2856,1378.675,STOCK2,184.00,100,buy,T-019,T-008,180.00,184.00
2857,1378.799,STOCK2,184.00,100,buy,T-019,T-008,180.00,184.00
2858,1378.961,STOCK2,184.00,100,buy,T-019,T-008,180.00,184.00
2859,1379.195,STOCK2,184.00,100,buy,T-019,T-008,180.00,184.00
2860,1379.296,STOCK2,184.00,100,buy,T-019,T-008,180.00,184.00
2861,1379.457,STOCK2,184.00,100,buy,T-019,T-008,180.00,184.00
2862,1379.627,STOCK2,184.00,100,buy,T-019,T-008,180.00,184.00
2863,1379.789,STOCK2,184.00,100,buy,T-019,T-008,180.00,184.00
2864,1379.991,STOCK2,184.00,100,buy,T-019,T-008,180.00,184.00
2865,1380.242,STOCK2,184.00,100,buy,T-019,T-008,180.00,184.00
2866,1380.342,STOCK2,184.00,100,buy,T-019,T-008,180.00,184.00
2867,1380.525,STOCK2,184.00,100,buy,T-019,T-008,180.00,184.00
2868,1380.771,STOCK2,180.00,100,sell,T-051,T-047,180.00,184.00
2869,1380.846,STOCK2,184.00,100,buy,T-019,T-008,180.00,184.00
2870,1381.726,STOCK2,180.00,100,sell,T-051,T-047,180.00,184.00
2871,1381.869,STOCK2,180.00,100,sell,T-051,T-047,180.00,184.00
2872,1382.018,STOCK2,180.00,100,sell,T-051,T-047,180.00,184.00
2873,1382.161,STOCK2,180.00,100,sell,T-051,T-047,180.00,184.00
2874,1382.972,STOCK2,184.00,100,buy,T-019,T-008,180.00,184.00
2875,1383.176,STOCK2,184.00,100,buy,T-019,T-008,180.00,184.00
2876,1383.386,STOCK2,184.00,100,buy,T-019,T-008,180.00,184.00
2877,1383.446,STOCK1,129.90,1000,buy,T-031,T-011,129.06,129.90
2878,1384.071,STOCK2,184.00,100,buy,T-019,T-008,180.00,184.00
2879,1384.253,STOCK2,184.00,100,buy,T-019,T-008,180.00,184.00
2880,1384.283,STOCK2,180.00,500,sell,T-051,T-025,180.00,184.00
2881,1384.435,STOCK2,184.00,100,buy,T-019,T-008,180.00,184.00
2882,1385.221,STOCK2,180.00,100,sell,T-051,T-047,180.00,184.00
2883,1385.376,STOCK2,180.00,100,sell,T-051,T-047,180.00,184.00
2884,1385.511,STOCK2,180.00,100,sell,T-051,T-047,180.00,184.00
2885,1385.643,STOCK2,180.00,100,sell,T-051,T-047,180.00,184.00
2886,1386.540,STOCK1,129.06,500,sell,T-045,T-050,129.06,130.00
2887,1387.362,STOCK1,129.06,150,sell,T-045,T-010,129.06,130.00
2888,1387.362,STOCK1,129.05,100,sell,T-011,T-010,129.06,130.00
2889,1388.649,STOCK1,129.05,250,sell,T-011,T-010,129.05,130.00
2890,1389.411,STOCK2,180.00,500,sell,T-051,T-048,180.00,184.00
2891,1394.743,STOCK2,184.00,100,buy,T-019,T-008,180.00,184.00
2892,1395.982,STOCK2,180.00,500,sell,T-051,T-029,180.00,183.00
2893,1396.306,STOCK2,183.00,100,buy,T-019,T-041,180.00,183.00
2894,1397.239,STOCK2,183.00,100,buy,T-019,T-041,180.00,183.00
2895,1397.442,STOCK2,183.00,100,buy,T-019,T-041,180.00,183.00
2896,1398.764,STOCK1,129.05,1000,sell,T-011,T-010,129.05,130.00
2897,1399.327,STOCK1,129.05,1000,sell,T-011,T-010,129.05,130.00
2898,1399.860,STOCK1,129.05,1000,sell,T-011,T-010,129.05,130.00
2899,1400.450,STOCK1,129.05,1000,sell,T-011,T-010,129.05,130.00
2900,1401.407,STOCK1,129.05,200,sell,T-011,T-052,129.05,130.00
2901,1404.212,STOCK1,129.05,200,sell,T-011,T-052,129.05,130.00
2902,1405.167,STOCK1,129.05,250,sell,T-011,T-010,129.05,130.00
2903,1405.167,STOCK1,129.00,750,sell,T-029,T-010,129.05,130.00
2904,1406.878,STOCK2,182.98,500,buy,T-003,T-030,181.98,182.98
2905,1406.878,STOCK2,183.00,700,buy,T-003,T-041,181.98,182.98
2906,1406.878,STOCK2,183.00,1000,buy,T-003,T-041,181.98,182.98
2907,1406.878,STOCK2,183.00,1000,buy,T-003,T-041,181.98,182.98
2908,1406.878,STOCK2,183.00,1000,buy,T-003,T-041,181.98,182.98
2909,1406.878,STOCK2,183.00,800,buy,T-003,T-041,181.98,182.98
2910,1407.562,STOCK2,183.00,200,buy,T-003,T-041,181.98,183.00
2911,1407.562,STOCK2,183.00,4800,buy,T-003,T-051,181.98,183.00
2912,1408.107,STOCK2,183.00,200,buy,T-003,T-051,181.98,183.00
2913,1408.107,STOCK2,183.00,1000,buy,T-003,T-041,181.98,183.00
2914,1408.107,STOCK2,183.00,1000,buy,T-003,T-041,181.98,183.00
2915,1408.107,STOCK2,188.99,2800,buy,T-003,T-037,181.98,183.00
2916,1408.782,STOCK2,188.99,2200,buy,T-003,T-037,181.98,188.99
2917,1408.782,STOCK2,189.00,1000,buy,T-003,T-041,181.98,188.99
2918,1408.782,STOCK2,189.00,1000,buy,T-003,T-041,181.98,188.99
2919,1408.782,STOCK2,189.00,800,buy,T-003,T-041,181.98,188.99
2920,1408.852,STOCK2,181.98,100,sell,T-030,T-047,181.98,189.00
2921,1409.085,STOCK2,181.98,100,sell,T-030,T-047,181.98,189.00
2922,1409.671,STOCK2,189.00,200,buy,T-003,T-041,181.98,189.00
2923,1409.671,STOCK2,189.00,1000,buy,T-003,T-041,181.98,189.00
2924,1409.671,STOCK2,189.00,1000,buy,T-003,T-041,181.98,189.00
2925,1409.671,STOCK2,189.00,1000,buy,T-003,T-041,181.98,189.00
2926,1409.671,STOCK2,189.00,1000,buy,T-003,T-041,181.98,189.00
2927,1409.671,STOCK2,189.00,800,buy,T-003,T-041,181.98,189.00
2928,1410.500,STOCK2,189.00,200,buy,T-003,T-041,181.98,189.00
2929,1410.500,STOCK2,190.00,501,buy,T-003,T-032,181.98,189.00
2930,1410.500,STOCK2,190.00,1000,buy,T-003,T-032,181.98,189.00
2931,1410.500,STOCK2,190.00,1000,buy,T-003,T-051,181.98,189.00
2932,1410.500,STOCK2,200.00,1000,buy,T-003,T-045,181.98,189.00
2933,1410.500,STOCK2,220.00,1299,buy,T-003,T-051,181.98,189.00
2934,1411.088,STOCK2,181.98,50,sell,T-030,T-044,181.98,220.00
2935,1412.268,STOCK2,184.00,50,sell,T-019,T-044,184.00,220.00
2936,1412.515,STOCK2,184.00,50,sell,T-019,T-044,184.00,220.00
2937,1412.805,STOCK2,184.00,50,sell,T-019,T-044,184.00,220.00
2938,1412.986,STOCK2,184.00,50,sell,T-019,T-044,184.00,220.00
2939,1413.097,STOCK2,182.98,50,sell,T-030,T-044,182.98,220.00
2940,1413.238,STOCK2,182.98,50,sell,T-030,T-044,182.98,220.00
2941,1413.441,STOCK2,182.98,50,sell,T-030,T-044,182.98,220.00
2942,1413.592,STOCK2,182.98,50,sell,T-030,T-044,182.98,220.00
2943,1413.732,STOCK2,182.98,50,sell,T-030,T-044,182.98,220.00
2944,1413.935,STOCK2,182.98,50,sell,T-030,T-044,182.98,220.00
2945,1414.119,STOCK2,182.98,50,sell,T-030,T-044,182.98,220.00
2946,1414.230,STOCK2,182.98,50,sell,T-030,T-044,182.98,220.00
2947,1414.400,STOCK2,185.00,50,sell,T-046,T-044,185.00,220.00
2948,1414.493,STOCK2,185.00,50,sell,T-046,T-044,185.00,220.00
2949,1414.615,STOCK1,130.00,1000,buy,T-048,T-036,129.00,130.00
2950,1414.645,STOCK2,185.00,50,sell,T-046,T-044,185.00,220.00
2951,1415.058,STOCK2,185.00,50,sell,T-046,T-044,185.00,220.00
2952,1415.229,STOCK2,185.00,50,sell,T-046,T-044,185.00,220.00
2953,1415.354,STOCK2,185.00,50,sell,T-046,T-044,185.00,220.00
2954,1415.636,STOCK2,185.00,50,sell,T-046,T-044,185.00,220.00
2955,1415.788,STOCK2,185.00,50,sell,T-046,T-044,185.00,220.00
2956,1415.952,STOCK2,185.00,50,sell,T-046,T-044,185.00,220.00
2957,1416.115,STOCK2,185.00,50,sell,T-046,T-044,185.00,220.00
2958,1416.237,STOCK2,185.00,50,sell,T-046,T-044,185.00,220.00
2959,1416.349,STOCK2,185.00,50,sell,T-046,T-044,185.00,220.00
2960,1416.480,STOCK2,185.00,50,sell,T-046,T-044,185.00,220.00
2961,1416.722,STOCK2,185.00,50,sell,T-046,T-044,185.00,220.00
2962,1417.583,STOCK2,185.00,50,sell,T-046,T-044,185.00,220.00
2963,1417.744,STOCK2,185.00,50,sell,T-046,T-044,185.00,220.00
2964,1417.865,STOCK2,185.00,50,sell,T-046,T-044,185.00,220.00
2965,1417.965,STOCK1,129.00,250,sell,T-029,ME,129.00,131.00
2966,1417.965,STOCK1,128.03,100,sell,T-045,ME,129.00,131.00
2967,1417.965,STOCK1,128.02,650,sell,T-055,ME,129.00,131.00
2968,1418.045,STOCK2,185.00,50,sell,T-046,T-044,185.00,220.00
2969,1418.198,STOCK2,185.00,50,sell,T-046,T-044,185.00,220.00
2970,1418.857,STOCK1,131.00,1000,buy,T-048,T-029,128.02,131.00
2971,1419.104,STOCK2,186.00,50,sell,T-019,T-044,186.00,220.00
2972,1419.866,STOCK2,186.00,50,sell,T-019,T-025,186.00,220.00
2973,1419.866,STOCK2,186.00,100,sell,T-019,T-025,186.00,220.00
2974,1419.866,STOCK2,185.00,50,sell,T-046,T-025,186.00,220.00
2975,1419.866,STOCK2,185.00,300,sell,T-046,T-025,186.00,220.00
2976,1420.620,STOCK2,186.00,100,sell,T-019,T-047,186.00,219.00
2977,1420.883,STOCK2,186.00,50,sell,T-019,T-044,186.00,219.00
2978,1421.065,STOCK2,186.00,50,sell,T-019,T-044,186.00,219.00
2979,1421.227,STOCK2,185.00,50,sell,T-046,T-044,185.00,219.00
2980,1421.467,STOCK2,186.00,50,sell,T-019,T-044,186.00,219.00
2981,1422.163,STOCK2,186.00,50,sell,T-019,T-025,186.00,219.00
2982,1422.163,STOCK2,186.00,100,sell,T-019,T-025,186.00,219.00
2983,1422.163,STOCK2,185.00,350,sell,T-046,T-025,186.00,219.00
2984,1422.226,STOCK2,190.00,50,sell,T-037,T-044,190.00,219.00
2985,1422.407,STOCK2,190.00,50,sell,T-037,T-044,190.00,219.00
2986,1424.361,STOCK2,190.00,500,sell,T-037,T-025,190.00,219.00
2987,1424.361,STOCK2,190.00,50,sell,T-037,T-044,190.00,219.00
2988,1424.648,STOCK2,190.00,100,sell,T-037,T-047,190.00,219.00
2989,1426.975,STOCK1,128.02,350,sell,T-055,T-010,128.02,129.00
2990,1426.975,STOCK1,128.02,650,sell,T-055,T-010,128.02,129.00
2991,1427.709,STOCK1,128.02,350,sell,T-055,T-010,128.02,131.00
2992,1427.709,STOCK1,128.02,650,sell,T-055,T-010,128.02,131.00
2993,1428.404,STOCK1,128.02,350,sell,T-055,T-010,128.02,131.00
2994,1428.404,STOCK1,128.02,650,sell,T-055,T-010,128.02,131.00
2995,1428.654,STOCK2,190.00,50,sell,T-037,T-044,190.00,218.00
2996,1428.813,STOCK2,190.00,50,sell,T-037,T-044,190.00,218.00
2997,1431.116,STOCK1,129.00,1000,sell,T-036,T-010,129.00,131.00
2998,1431.591,STOCK1,129.00,390,sell,T-036,T-010,129.00,131.00
2999,1431.591,STOCK1,129.00,610,sell,T-051,T-010,129.00,131.00
3000,1432.320,STOCK2,191.00,50,sell,T-046,T-044,191.00,218.00
3001,1436.012,STOCK1,129.00,100,sell,T-051,T-027,129.00,130.95
3002,1436.623,STOCK2,193.00,50,sell,T-037,T-044,193.00,218.00
3003,1437.400,STOCK1,129.00,100,sell,T-051,T-047,129.00,130.95
3004,1438.064,STOCK2,194.00,50,sell,T-055,T-044,194.00,218.00
3005,1438.248,STOCK2,194.00,50,sell,T-055,T-044,194.00,218.00
3006,1439.586,STOCK2,194.00,50,sell,T-055,T-044,194.00,217.00
3007,1439.798,STOCK1,129.00,190,sell,T-051,T-010,129.00,130.95
3008,1439.798,STOCK1,128.02,350,sell,T-055,T-010,129.00,130.95
3009,1439.798,STOCK1,128.00,460,sell,T-031,T-010,129.00,130.95
3010,1441.274,STOCK2,195.00,100,sell,T-046,T-047,195.00,217.00
3011,1442.125,STOCK1,128.00,540,sell,T-031,T-010,128.00,130.95
3012,1442.125,STOCK1,128.00,460,sell,T-031,T-010,128.00,130.95
3013,1444.200,STOCK1,128.00,540,sell,T-031,T-010,128.00,130.00
3014,1444.200,STOCK1,127.00,460,sell,T-031,T-010,128.00,130.00
3015,1445.431,STOCK1,127.00,540,sell,T-031,T-010,127.00,130.00
3016,1445.431,STOCK1,127.00,460,sell,T-029,T-010,127.00,130.00
3017,1446.186,STOCK1,127.00,1000,sell,T-029,T-010,127.00,130.00
3018,1447.234,STOCK1,127.00,1000,sell,T-029,T-010,127.00,130.00
3019,1450.379,STOCK1,130.00,1000,buy,T-042,T-036,127.00,130.00
3020,1450.676,STOCK2,200.00,50,sell,T-051,T-044,200.00,217.00
3021,1451.122,STOCK2,200.00,50,sell,T-051,T-044,200.00,217.00
3022,1451.388,STOCK2,200.00,50,sell,T-051,T-044,200.00,217.00
3023,1451.631,STOCK2,200.00,50,sell,T-051,T-044,200.00,217.00
3024,1452.066,STOCK2,200.00,50,sell,T-051,T-044,200.00,217.00
3025,1453.076,STOCK2,200.00,50,sell,T-051,T-044,200.00,217.00
3026,1454.072,STOCK2,200.00,100,sell,T-051,T-047,200.00,217.00
3027,1455.069,STOCK2,200.01,50,sell,T-037,T-044,200.01,217.00
3028,1460.565,STOCK2,205.00,500,sell,T-055,T-025,205.00,217.00
3029,1461.322,STOCK2,207.00,50,sell,T-046,T-044,207.00,217.00
3030,1461.895,STOCK2,207.00,50,sell,T-046,T-044,207.00,217.00
3031,1461.956,STOCK2,217.00,1000,buy,T-003,T-013,207.00,217.00
3032,1461.956,STOCK2,217.00,500,buy,T-003,T-030,207.00,217.00
3033,1461.956,STOCK2,217.00,500,buy,T-003,T-030,207.00,217.00
3034,1462.976,STOCK2,218.00,500,buy,T-006,T-041,207.00,218.00
3035,1463.362,STOCK2,207.00,50,sell,T-046,T-044,207.00,218.00
3036,1464.020,STOCK2,207.00,50,sell,T-046,T-044,207.00,218.00
3037,1465.974,STOCK2,210.00,50,sell,T-051,T-044,210.00,218.00
3038,1467.619,STOCK2,210.00,500,sell,T-051,T-025,210.00,217.00
3039,1469.810,STOCK2,210.00,50,sell,T-051,T-044,210.00,217.00
3040,1470.386,STOCK2,210.00,50,sell,T-051,T-044,210.00,217.00
3041,1471.072,STOCK2,210.00,50,sell,T-051,T-044,210.00,217.00
3042,1472.496,STOCK2,211.00,50,sell,T-046,T-044,211.00,217.00
3043,1474.291,STOCK2,211.00,50,sell,T-046,T-044,211.00,217.00
3044,1475.619,STOCK2,211.00,50,sell,T-046,T-044,211.00,217.00
3045,1479.489,STOCK1,130.00,500,buy,T-006,T-036,127.00,130.00
3046,1479.896,STOCK2,212.00,50,sell,T-011,T-044,212.00,216.00
3047,1480.991,STOCK2,212.00,50,sell,T-011,T-044,212.00,216.00
3048,1486.142,STOCK2,213.00,50,sell,T-055,T-044,213.00,216.00
3049,1486.770,STOCK2,213.00,500,sell,T-055,T-001,213.00,216.00
3050,1486.891,STOCK2,213.00,50,sell,T-055,T-044,213.00,216.00
3051,1487.500,STOCK2,213.00,50,sell,T-055,T-044,213.00,216.00
3052,1487.975,STOCK2,213.00,350,sell,T-055,T-001,213.00,216.00
3053,1487.975,STOCK2,213.00,150,sell,T-055,T-001,213.00,216.00
3054,1488.327,STOCK2,213.50,500,sell,T-046,T-001,213.50,216.00
3055,1488.551,STOCK2,213.50,100,sell,T-046,T-047,213.50,216.00
3056,1488.712,STOCK2,213.50,100,sell,T-046,T-047,213.50,216.00
3057,1488.813,STOCK2,213.50,100,sell,T-046,T-047,213.50,216.00
3058,1488.887,STOCK2,213.50,200,sell,T-046,T-048,213.50,216.00
3059,1488.887,STOCK2,213.50,300,sell,T-046,T-048,213.50,216.00
3060,1489.732,STOCK2,213.50,100,sell,T-046,T-047,213.50,216.00
3061,1489.802,STOCK2,213.50,50,sell,T-046,T-044,213.50,216.00
3062,1489.872,STOCK2,213.50,100,sell,T-046,T-047,213.50,216.00
3063,1489.984,STOCK2,213.50,50,sell,T-046,T-044,213.50,216.00
3064,1490.005,STOCK2,213.50,100,sell,T-046,T-047,213.50,216.00
3065,1490.543,STOCK2,213.50,50,sell,T-046,T-044,213.50,216.00
3066,1490.766,STOCK2,213.50,250,sell,T-046,T-042,213.50,216.00
3067,1490.766,STOCK2,213.00,750,sell,T-055,T-042,213.50,216.00
3068,1490.907,STOCK2,213.00,50,sell,T-055,T-044,213.00,216.00
3069,1491.090,STOCK2,213.50,50,sell,T-046,T-044,213.50,216.00
3070,1491.301,STOCK1,127.00,540,sell,T-029,T-010,127.00,129.00
3071,1491.301,STOCK1,127.00,460,sell,T-036,T-010,127.00,129.00
3072,1491.372,STOCK2,213.50,50,sell,T-046,T-044,213.50,216.00
3073,1491.825,STOCK2,213.50,50,sell,T-046,T-044,213.50,216.00
3074,1491.987,STOCK2,213.50,50,sell,T-046,T-044,213.50,216.00
3075,1492.078,STOCK1,127.00,540,sell,T-036,T-010,127.00,129.00
3076,1492.078,STOCK1,127.00,460,sell,T-036,T-010,127.00,129.00
3077,1492.170,STOCK2,213.50,50,sell,T-046,T-044,213.50,216.00
3078,1492.370,STOCK2,213.50,50,sell,T-046,T-044,213.50,216.00
3079,1492.581,STOCK2,213.50,50,sell,T-046,T-044,213.50,216.00
3080,1492.732,STOCK1,127.00,540,sell,T-036,T-010,127.00,129.00
3081,1492.732,STOCK1,127.00,460,sell,T-036,T-010,127.00,129.00
3082,1492.762,STOCK2,213.50,50,sell,T-046,T-044,213.50,216.00
3083,1492.862,STOCK2,213.50,100,sell,T-046,T-047,213.50,216.00
3084,1492.894,STOCK2,216.00,289,buy,T-003,T-040,213.50,216.00
3085,1492.894,STOCK2,217.00,500,buy,T-003,T-030,213.50,216.00
3086,1492.894,STOCK2,217.00,500,buy,T-003,T-030,213.50,216.00
3087,1492.894,STOCK2,218.00,500,buy,T-003,T-041,213.50,216.00
3088,1492.894,STOCK2,218.00,211,buy,T-003,T-041,213.50,216.00
3089,1492.904,STOCK2,213.50,50,sell,T-046,T-044,213.50,218.00
3090,1493.402,STOCK2,213.50,50,sell,T-046,T-044,213.50,218.00
3091,1493.694,STOCK1,127.00,540,sell,T-036,T-010,127.00,129.00
3092,1493.694,STOCK1,127.00,460,sell,T-036,T-010,127.00,129.00
3093,1494.038,STOCK2,213.50,50,sell,T-046,T-044,213.50,218.00
3094,1495.531,STOCK2,213.50,100,sell,T-046,T-047,213.50,218.00
3095,1495.924,STOCK2,213.50,50,sell,T-046,T-044,213.50,218.00
3096,1496.117,STOCK2,213.50,50,sell,T-046,T-044,213.50,218.00
3097,1496.629,STOCK1,127.10,1000,sell,T-045,T-010,127.10,129.00
3098,1497.546,STOCK2,213.50,50,sell,T-046,T-044,213.50,218.00
3099,1497.710,STOCK2,213.50,50,sell,T-046,T-044,213.50,218.00
3100,1498.710,STOCK2,213.50,50,sell,T-046,T-044,213.50,218.00
3101,1498.873,STOCK2,213.50,50,sell,T-046,T-044,213.50,218.00
3102,1499.004,STOCK2,213.50,50,sell,T-046,T-044,213.50,218.00
3103,1499.164,STOCK2,213.50,50,sell,T-046,T-044,213.50,218.00
3104,1503.354,STOCK1,129.00,500,buy,T-048,T-045,127.00,129.00
3105,1506.815,STOCK1,129.00,50,buy,T-044,T-045,127.10,129.00
3106,1507.274,STOCK1,129.00,50,buy,T-044,T-045,127.10,129.00
3107,1507.488,STOCK1,129.00,50,buy,T-044,T-045,127.10,129.00
3108,1507.994,STOCK1,129.00,50,buy,T-044,T-045,127.10,129.00
3109,1508.916,STOCK1,129.00,50,buy,T-044,T-045,127.10,129.00
3110,1511.107,STOCK1,129.00,50,buy,T-044,T-045,127.10,129.00
3111,1529.960,STOCK1,128.90,50,buy,T-044,T-045,127.10,128.90
3112,1531.567,STOCK1,128.90,50,buy,T-044,T-045,127.10,128.90
3113,1532.273,STOCK2,214.60,1000,sell,T-008,T-053,214.60,218.00
3114,1533.536,STOCK1,128.90,50,buy,T-044,T-045,127.10,128.90
3115,1533.933,STOCK2,218.00,789,buy,T-003,T-041,214.60,218.00
3116,1533.933,STOCK2,218.00,1000,buy,T-003,T-041,214.60,218.00
3117,1533.933,STOCK2,218.00,1000,buy,T-003,T-041,214.60,218.00
3118,1533.933,STOCK2,218.00,1000,buy,T-003,T-041,214.60,218.00
3119,1533.933,STOCK2,218.00,500,buy,T-003,T-038,214.60,218.00
3120,1533.933,STOCK2,219.00,700,buy,T-003,T-032,214.60,218.00
3121,1533.933,STOCK2,220.00,11,buy,T-003,T-051,214.60,218.00
3122,1534.711,STOCK1,128.90,50,buy,T-044,T-045,127.10,128.90
3123,1535.813,STOCK1,129.00,50,buy,T-044,T-045,127.10,129.00
3124,1540.395,STOCK2,214.70,50,sell,T-041,T-044,214.70,217.00
3125,1540.747,STOCK2,214.70,50,sell,T-041,T-044,214.70,217.00
3126,1542.993,STOCK2,217.00,100,buy,T-003,T-019,215.00,217.00
3127,1542.993,STOCK2,217.00,100,buy,T-003,T-019,215.00,217.00
3128,1542.993,STOCK2,217.00,100,buy,T-003,T-019,215.00,217.00
3129,1542.993,STOCK2,217.00,100,buy,T-003,T-019,215.00,217.00
3130,1542.993,STOCK2,217.00,100,buy,T-003,T-019,215.00,217.00
3131,1542.993,STOCK2,217.00,100,buy,T-003,T-019,215.00,217.00
3132,1542.993,STOCK2,217.00,100,buy,T-003,T-019,215.00,217.00
3133,1542.993,STOCK2,219.00,1000,buy,T-003,T-046,215.00,217.00
3134,1542.993,STOCK2,219.00,300,buy,T-003,T-046,215.00,217.00
3135,1543.908,STOCK2,215.00,50,sell,T-030,T-044,215.00,219.00
3136,1544.189,STOCK2,219.00,700,buy,T-003,T-046,215.00,219.00
3137,1544.189,STOCK2,219.00,100,buy,T-003,T-019,215.00,219.00
3138,1544.189,STOCK2,219.00,100,buy,T-003,T-019,215.00,219.00
3139,1544.189,STOCK2,219.00,100,buy,T-003,T-019,215.00,219.00
3140,1544.189,STOCK2,219.00,100,buy,T-003,T-019,215.00,219.00
3141,1544.189,STOCK2,219.00,100,buy,T-003,T-019,215.00,219.00
3142,1544.189,STOCK2,219.00,100,buy,T-003,T-019,215.00,219.00
3143,1544.189,STOCK2,220.00,700,buy,T-003,T-051,215.00,219.00
3144,1549.989,STOCK2,218.90,100,buy,T-051,T-019,215.00,218.90
3145,1549.989,STOCK2,218.90,100,buy,T-051,T-019,215.00,218.90
3146,1549.989,STOCK2,218.90,100,buy,T-051,T-019,215.00,218.90
3147,1549.989,STOCK2,218.90,100,buy,T-051,T-019,215.00,218.90
3148,1549.989,STOCK2,218.90,100,buy,T-051,T-019,215.00,218.90
3149,1549.989,STOCK2,218.90,100,buy,T-051,T-019,215.00,218.90
3150,1549.989,STOCK2,218.90,100,buy,T-051,T-019,215.00,218.90
3151,1550.091,STOCK2,218.90,100,buy,T-003,T-019,215.00,218.90
3152,1550.091,STOCK2,220.00,990,buy,T-003,T-051,215.00,218.90
3153,1550.091,STOCK2,223.00,500,buy,T-003,T-038,215.00,218.90
3154,1550.091,STOCK2,230.00,410,buy,T-003,T-045,215.00,218.90
3155,1551.742,STOCK1,129.00,80,buy,T-048,T-045,127.10,129.00
3156,1557.295,STOCK1,127.10,500,sell,T-030,T-010,127.10,129.00
3157,1557.295,STOCK1,127.00,500,sell,T-036,T-010,127.10,129.00
3158,1559.065,STOCK1,129.00,70,buy,T-042,T-045,127.00,129.00
3159,1559.065,STOCK1,129.50,430,buy,T-042,T-031,127.00,129.00
3160,1564.645,STOCK1,127.00,40,sell,T-036,T-010,127.00,129.50
3161,1564.645,STOCK1,125.10,960,sell,T-045,T-010,127.00,129.50
3162,1566.782,STOCK1,125.10,40,sell,T-045,T-010,125.10,129.50
3163,1566.782,STOCK1,125.00,960,sell,T-051,T-010,125.10,129.50
3164,1570.794,STOCK2,220.00,2500,buy,T-051,T-008,217.00,220.00
3165,1570.794,STOCK2,227.00,1000,buy,T-051,T-046,217.00,220.00
3166,1570.794,STOCK2,227.00,1000,buy,T-051,T-046,217.00,220.00
3167,1570.794,STOCK2,228.90,200,buy,T-051,T-045,217.00,220.00
3168,1570.794,STOCK2,229.00,100,buy,T-051,T-019,217.00,220.00
3169,1570.794,STOCK2,230.00,200,buy,T-051,T-045,217.00,220.00
3170,1573.719,STOCK2,229.00,100,sell,T-019,T-047,229.00,230.00
3171,1585.795,STOCK1,129.00,50,buy,T-044,T-032,125.01,129.00
3172,1586.839,STOCK2,217.00,100,sell,T-030,T-019,217.00,228.00
3173,1587.021,STOCK2,217.00,100,sell,T-030,T-019,217.00,228.00
3174,1602.016,STOCK2,228.00,1000,buy,T-003,T-046,218.00,228.00
3175,1602.016,STOCK2,228.00,1000,buy,T-003,T-046,218.00,228.00
3176,1602.527,STOCK1,129.00,50,buy,T-044,T-032,125.02,129.00
3177,1603.312,STOCK2,229.00,100,buy,T-052,T-019,219.00,229.00
3178,1603.312,STOCK2,229.00,100,buy,T-052,T-019,219.00,229.00
3179,1603.831,STOCK1,129.00,50,buy,T-044,T-032,125.03,129.00
3180,1605.826,STOCK2,229.00,100,buy,T-003,T-019,219.00,229.00
3181,1605.826,STOCK2,229.00,100,buy,T-003,T-019,219.00,229.00
3182,1605.826,STOCK2,229.00,100,buy,T-003,T-019,219.00,229.00
3183,1605.826,STOCK2,230.00,390,buy,T-003,T-045,219.00,229.00
3184,1605.826,STOCK2,230.00,1310,buy,T-003,T-051,219.00,229.00
3185,1606.786,STOCK2,230.00,2000,buy,T-003,T-051,219.00,230.00
3186,1613.560,STOCK1,125.05,100,sell,T-032,T-047,125.05,129.00
3187,1614.133,STOCK1,125.05,100,sell,T-032,T-047,125.05,129.00
3188,1614.313,STOCK1,125.05,100,sell,T-032,T-047,125.05,129.00
3189,1615.758,STOCK1,125.05,100,sell,T-032,T-047,125.05,129.00
3190,1615.929,STOCK1,125.05,100,sell,T-032,T-047,125.05,129.00
3191,1616.090,STOCK1,125.05,100,sell,T-032,T-047,125.05,129.00
3192,1616.264,STOCK1,125.05,100,sell,T-032,T-047,125.05,129.00
3193,1618.840,STOCK2,227.50,200,buy,T-052,T-046,225.00,227.50
3194,1619.124,STOCK1,125.06,100,sell,T-037,T-047,125.06,129.00
3195,1619.355,STOCK2,227.50,200,buy,T-052,T-046,225.00,227.50
3196,1619.856,STOCK1,125.06,100,sell,T-037,T-047,125.06,129.00
3197,1619.896,STOCK2,227.50,200,buy,T-052,T-046,225.00,227.50
3198,1619.946,STOCK1,125.06,100,sell,T-037,T-047,125.06,129.00
3199,1621.679,STOCK2,225.00,50,sell,T-036,T-044,225.00,228.00
3200,1622.907,STOCK2,225.00,50,sell,T-036,T-044,225.00,228.00
3201,1624.176,STOCK1,126.00,1000,sell,T-051,T-010,126.00,129.00
3202,1624.228,STOCK2,225.00,500,sell,T-036,T-006,225.00,230.00
3203,1624.881,STOCK1,126.00,1000,sell,T-051,T-010,126.00,129.00
3204,1625.498,STOCK1,126.00,1000,sell,T-051,T-010,126.00,129.00
3205,1626.113,STOCK1,125.09,1000,sell,T-011,T-010,125.09,129.00
3206,1626.713,STOCK1,125.09,1000,sell,T-011,T-010,125.09,129.00
3207,1627.307,STOCK1,125.09,1000,sell,T-011,T-010,125.09,129.00
3208,1627.967,STOCK1,125.06,1000,sell,T-037,T-010,125.06,129.00
3209,1628.684,STOCK1,125.06,700,sell,T-037,T-010,125.06,129.00
3210,1628.684,STOCK1,125.05,300,sell,T-032,T-010,125.06,129.00
3211,1629.198,STOCK1,125.05,400,sell,T-032,T-010,125.05,129.00
3212,1629.198,STOCK1,125.03,600,sell,T-032,T-010,125.05,129.00
3213,1629.776,STOCK1,125.03,100,sell,T-032,T-010,125.03,129.00
3214,1629.776,STOCK1,125.03,700,sell,T-032,T-010,125.03,129.00
3215,1629.776,STOCK1,125.01,200,sell,T-032,T-010,125.03,129.00
3216,1630.645,STOCK1,125.01,500,sell,T-032,T-010,125.01,128.00
3217,1630.645,STOCK1,125.01,500,sell,T-032,T-010,125.01,128.00
3218,1630.737,STOCK2,225.00,50,sell,T-036,T-044,225.00,230.00
3219,1631.213,STOCK1,125.01,200,sell,T-032,T-010,125.01,128.00
3220,1631.213,STOCK1,125.00,500,sell,T-045,T-010,125.01,128.00
3221,1631.213,STOCK1,125.00,300,sell,T-036,T-010,125.01,128.00
3222,1631.760,STOCK1,125.00,1000,sell,T-036,T-010,125.00,128.00
3223,1632.265,STOCK1,125.00,1000,sell,T-036,T-010,125.00,128.00
3224,1632.650,STOCK1,125.00,1000,sell,T-036,T-010,125.00,128.00
3225,1633.125,STOCK1,125.00,1000,sell,T-036,T-010,125.00,128.00
3226,1633.619,STOCK1,125.00,700,sell,T-036,T-010,125.00,128.00
3227,1633.619,STOCK1,120.00,300,sell,T-045,T-010,125.00,128.00
3228,1634.026,STOCK1,120.00,700,sell,T-045,T-010,120.00,128.00
3229,1634.026,STOCK1,120.00,300,sell,T-013,T-010,120.00,128.00
3230,1634.469,STOCK1,120.00,700,sell,T-013,T-010,120.00,128.00
3231,1634.469,STOCK1,117.50,100,sell,T-046,T-010,120.00,128.00
3232,1634.469,STOCK1,117.50,200,sell,T-046,T-010,120.00,128.00
3233,1636.358,STOCK2,225.00,500,sell,T-036,T-048,225.00,229.00
3234,1637.230,STOCK2,229.00,200,buy,T-003,T-045,225.00,229.00
3235,1637.230,STOCK2,230.00,1690,buy,T-003,T-051,225.00,229.00
3236,1645.058,STOCK1,128.00,1,buy,T-044,T-032,120.00,128.00
3237,1645.058,STOCK1,128.80,19,buy,T-044,T-011,120.00,128.00
3238,1646.788,STOCK1,128.80,20,buy,T-044,T-011,120.00,128.80
3239,1651.457,STOCK1,128.80,500,buy,T-048,T-011,121.00,128.80
3240,1651.770,STOCK2,225.30,200,sell,T-045,T-029,225.30,240.00
3241,1651.770,STOCK2,225.00,800,sell,T-036,T-029,225.30,240.00
3242,1652.446,STOCK2,225.00,1000,sell,T-036,T-053,225.00,240.00
3243,1683.122,STOCK1,123.00,1,buy,T-044,T-032,122.00,123.00
3244,1683.122,STOCK1,128.80,19,buy,T-044,T-011,122.00,123.00
3245,1683.384,STOCK1,128.80,20,buy,T-044,T-011,122.00,128.80
3246,1683.567,STOCK1,128.80,20,buy,T-044,T-011,122.00,128.80
3247,1683.689,STOCK1,128.80,20,buy,T-044,T-011,122.00,128.80
3248,1683.811,STOCK1,128.80,20,buy,T-044,T-011,122.00,128.80
3249,1683.925,STOCK1,128.80,20,buy,T-044,T-011,122.00,128.80
3250,1684.097,STOCK1,128.80,20,buy,T-044,T-011,122.00,128.80
3251,1684.218,STOCK1,128.80,20,buy,T-044,T-011,122.00,128.80
3252,1684.350,STOCK1,128.80,20,buy,T-044,T-011,122.00,128.80
3253,1684.512,STOCK2,238.90,500,sell,T-030,T-006,238.90,239.00
3254,1685.209,STOCK2,238.90,500,sell,T-030,T-006,238.90,239.00
3255,1686.296,STOCK2,238.90,500,sell,T-030,T-006,238.90,239.00
3256,1687.362,STOCK2,238.90,500,sell,T-030,T-006,238.90,239.00
3257,1688.447,STOCK2,238.90,500,sell,T-030,T-006,238.90,239.00
3258,1689.457,STOCK1,121.00,100,sell,T-013,T-027,121.00,123.00
3259,1690.880,STOCK1,121.00,100,sell,T-013,T-027,121.00,123.00
3260,1691.606,STOCK2,238.90,500,sell,T-030,T-006,238.90,239.00
3261,1693.126,STOCK1,121.00,100,sell,T-013,T-027,121.00,123.00
3262,1694.133,STOCK1,121.00,700,sell,T-013,T-010,121.00,123.00
3263,1694.133,STOCK1,120.00,300,sell,T-036,T-010,121.00,123.00
3264,1694.585,STOCK1,120.00,100,sell,T-036,T-027,120.00,123.00
3265,1698.168,STOCK2,239.00,1000,buy,T-041,T-045,225.61,239.00
3266,1698.743,STOCK1,123.00,1,buy,T-044,T-032,120.00,123.00
3267,1698.908,STOCK2,239.90,1000,buy,T-041,T-030,225.61,239.90
3268,1699.547,STOCK2,240.00,100,buy,T-041,T-019,228.00,240.00
3269,1699.547,STOCK2,240.00,100,buy,T-041,T-019,228.00,240.00
3270,1699.547,STOCK2,240.00,100,buy,T-041,T-019,228.00,240.00
3271,1699.547,STOCK2,240.00,100,buy,T-041,T-019,228.00,240.00
3272,1699.547,STOCK2,245.00,500,buy,T-041,T-038,228.00,240.00
3273,1699.547,STOCK2,250.00,100,buy,T-041,T-038,228.00,240.00
3274,1701.232,STOCK2,228.00,949,sell,T-046,T-042,228.00,250.00
3275,1701.915,STOCK1,120.00,1000,sell,T-036,T-010,120.00,123.00
3276,1703.365,STOCK1,120.00,1000,sell,T-036,T-010,120.00,123.00
3277,1703.768,STOCK1,120.00,1000,sell,T-036,T-010,120.00,123.00
3278,1704.130,STOCK1,120.00,1000,sell,T-036,T-010,120.00,123.00
3279,1704.748,STOCK1,123.00,1,buy,T-044,T-032,120.00,123.00
3280,1705.494,STOCK1,120.00,600,sell,T-036,T-010,120.00,128.80
3281,1705.494,STOCK1,118.00,1,sell,T-032,T-010,120.00,128.80
3282,1705.494,STOCK1,116.00,100,sell,T-032,T-010,120.00,128.80
3283,1705.494,STOCK1,114.00,100,sell,T-046,T-010,120.00,128.80
3284,1705.494,STOCK1,114.00,199,sell,T-046,T-010,120.00,128.80
3285,1709.374,STOCK2,250.00,400,buy,T-041,T-038,230.00,250.00
3286,1715.308,STOCK1,128.80,500,buy,T-042,T-011,115.00,128.80
3287,1739.168,STOCK2,240.00,100,sell,T-051,T-044,240.00,249.00
3288,1739.719,STOCK1,128.00,500,buy,T-048,T-040,116.00,128.00
3289,1741.523,STOCK2,241.00,100,sell,T-030,T-047,241.00,249.00
3290,1741.624,STOCK2,241.00,100,sell,T-030,T-047,241.00,249.00
3291,1742.268,STOCK1,116.00,1000,sell,T-032,T-010,116.00,128.00
3292,1742.278,STOCK2,241.00,100,sell,T-030,T-047,241.00,248.00
3293,1742.509,STOCK1,116.00,1000,sell,T-032,T-010,116.00,128.00
3294,1742.520,STOCK2,241.00,100,sell,T-030,T-044,241.00,248.00
3295,1743.117,STOCK1,117.00,1000,sell,T-016,T-010,117.00,127.00
3296,1743.537,STOCK1,115.10,1000,sell,T-045,T-010,115.10,127.00
3297,1743.918,STOCK1,115.15,1000,sell,T-011,T-010,115.15,127.00
3298,1744.200,STOCK1,115.15,1000,sell,T-011,T-010,115.15,127.00
3299,1744.554,STOCK1,115.15,1000,sell,T-011,T-010,115.15,127.00
3300,1744.850,STOCK1,115.00,1,sell,T-032,T-010,115.00,127.00
3301,1744.850,STOCK1,115.00,999,sell,T-032,T-010,115.00,127.00
3302,1745.163,STOCK1,115.00,1,sell,T-032,T-010,115.00,127.00
3303,1745.163,STOCK1,114.00,1,sell,T-046,T-010,115.00,127.00
3304,1745.163,STOCK1,114.00,400,sell,T-038,T-010,115.00,127.00
3305,1745.163,STOCK1,114.00,200,sell,T-046,T-010,115.00,127.00
3306,1745.163,STOCK1,114.00,200,sell,T-046,T-010,115.00,127.00
3307,1745.163,STOCK1,114.00,198,sell,T-046,T-010,115.00,127.00
3308,1745.459,STOCK1,114.00,2,sell,T-046,T-010,114.00,127.00
3309,1745.459,STOCK1,114.00,200,sell,T-046,T-010,114.00,127.00
3310,1745.459,STOCK1,114.00,200,sell,T-046,T-010,114.00,127.00
3311,1745.459,STOCK1,114.00,200,sell,T-046,T-010,114.00,127.00
3312,1745.459,STOCK1,114.00,398,sell,T-016,T-010,114.00,127.00
3313,1745.740,STOCK1,114.00,1000,sell,T-016,T-010,114.00,127.00
3314,1746.030,STOCK1,114.00,1000,sell,T-016,T-010,114.00,127.00
3315,1746.282,STOCK1,114.00,1000,sell,T-016,T-010,114.00,127.00
3316,1746.523,STOCK1,114.00,1000,sell,T-016,T-010,114.00,127.00
3317,1746.736,STOCK1,114.00,602,sell,T-016,T-010,114.00,127.00
3318,1746.736,STOCK1,112.01,398,sell,T-011,T-010,114.00,127.00
3319,1746.867,STOCK1,112.01,1000,sell,T-011,ME,112.01,127.00
3320,1746.939,STOCK1,112.01,1000,sell,T-011,T-010,112.01,127.00
3321,1747.132,STOCK1,112.01,1000,sell,T-011,T-010,112.01,127.00
3322,1747.234,STOCK1,127.00,100,buy,T-044,T-032,112.01,127.00
3323,1747.347,STOCK1,112.01,1000,sell,T-011,T-010,112.01,127.00
3324,1747.459,STOCK1,127.00,100,buy,T-044,T-032,112.01,127.00
3325,1747.599,STOCK1,112.01,602,sell,T-011,T-010,112.01,127.00
3326,1747.599,STOCK1,112.00,200,sell,T-046,T-010,112.01,127.00
3327,1747.599,STOCK1,112.00,198,sell,T-046,T-010,112.01,127.00
3328,1747.650,STOCK1,127.00,100,buy,T-044,T-032,112.00,127.00
3329,1747.711,STOCK1,112.00,2,sell,T-046,T-010,112.00,127.00
3330,1747.711,STOCK1,112.00,200,sell,T-046,T-010,112.00,127.00
3331,1747.711,STOCK1,111.01,200,sell,T-032,T-010,112.00,127.00
3332,1747.711,STOCK1,109.00,598,sell,T-032,T-010,112.00,127.00
3333,1747.892,STOCK1,127.00,100,buy,T-044,T-032,109.00,127.00
3334,1747.932,STOCK1,109.00,402,sell,T-032,T-010,109.00,127.00
3335,1747.932,STOCK1,109.00,598,sell,T-032,T-010,109.00,127.00
3336,1748.114,STOCK1,127.00,100,buy,T-044,T-032,109.00,127.00
3337,1748.134,STOCK1,109.00,402,sell,T-032,T-010,109.00,127.00
3338,1748.134,STOCK1,103.00,100,sell,T-038,T-010,109.00,127.00
3339,1748.134,STOCK1,96.00,498,sell,T-032,T-010,109.00,127.00
3340,1748.304,STOCK1,127.00,100,buy,T-044,T-032,96.00,127.00
3341,1748.365,STOCK1,96.00,402,sell,T-032,T-010,96.00,127.00
3342,1748.365,STOCK1,96.00,598,sell,T-032,T-010,96.00,127.00
3343,1748.693,STOCK1,127.00,100,buy,T-044,T-032,96.00,127.00
3344,1748.875,STOCK1,127.00,100,buy,T-044,T-032,96.00,127.00
3345,1749.058,STOCK1,127.00,100,buy,T-044,T-032,96.00,127.00
3346,1749.128,STOCK1,127.00,100,buy,T-028,T-032,125.00,127.00
3347,1749.128,STOCK1,127.00,1000,buy,T-028,T-032,125.00,127.00
3348,1749.128,STOCK1,128.00,500,buy,T-028,T-040,125.00,127.00
3349,1749.128,STOCK1,128.00,1000,buy,T-028,T-040,125.00,127.00
3350,1749.128,STOCK1,128.00,999,buy,T-028,T-040,125.00,127.00
3351,1749.128,STOCK1,128.70,1000,buy,T-028,T-045,125.00,127.00
3352,1749.128,STOCK1,128.80,401,buy,T-028,T-011,125.00,127.00
3353,1749.251,STOCK1,128.80,1381,buy,T-028,T-011,125.00,128.80
3354,1749.251,STOCK1,128.80,3619,buy,T-028,T-051,125.00,128.80
3355,1749.364,STOCK1,128.80,1381,buy,T-028,T-051,125.00,128.80
3356,1749.364,STOCK1,129.00,550,buy,T-028,T-032,125.00,128.80
3357,1749.364,STOCK1,129.00,700,buy,T-028,T-032,125.00,128.80
3358,1749.364,STOCK1,129.00,470,buy,T-028,T-030,125.00,128.80
3359,1749.364,STOCK1,129.00,1899,buy,T-028,T-051,125.00,128.80
3360,1749.394,STOCK1,129.00,100,buy,T-044,T-051,125.00,129.00
3361,1749.495,STOCK1,129.00,1001,buy,T-028,T-051,125.00,129.00
3362,1749.495,STOCK1,129.00,3999,buy,T-028,T-036,125.00,129.00
3363,1749.566,STOCK1,129.00,100,buy,T-044,T-036,125.00,129.00
3364,1749.597,STOCK1,129.00,901,buy,T-028,T-036,125.00,129.00
3365,1749.597,STOCK1,129.45,3000,buy,T-028,T-011,125.00,129.00
3366,1749.597,STOCK1,129.50,570,buy,T-028,T-031,125.00,129.00
3367,1749.597,STOCK1,129.99,529,buy,T-028,T-055,125.00,129.00
3368,1750.602,STOCK2,248.00,500,buy,T-006,T-046,242.00,248.00
3369,1752.029,STOCK1,96.00,200,sell,T-032,T-052,96.00,129.99
3370,1752.299,STOCK1,96.00,202,sell,T-032,T-010,96.00,130.00
3371,1752.299,STOCK1,96.00,798,sell,T-031,T-010,96.00,130.00
3372,1752.878,STOCK1,96.00,1000,sell,T-031,T-010,96.00,130.00
3373,1753.904,STOCK1,96.00,1000,sell,T-031,T-010,96.00,125.00
3374,1754.380,STOCK1,96.00,202,sell,T-031,T-010,96.00,125.00
3375,1754.380,STOCK1,95.00,798,sell,T-013,T-010,96.00,125.00
3376,1755.277,STOCK1,95.00,202,sell,T-013,T-010,95.00,125.00
3377,1755.277,STOCK1,95.00,100,sell,T-038,T-010,95.00,125.00
3378,1755.277,STOCK1,93.00,300,sell,T-013,T-010,95.00,125.00
3379,1755.277,STOCK1,92.00,398,sell,T-031,T-010,95.00,125.00
3380,1755.419,STOCK1,125.00,100,buy,T-044,T-016,92.00,125.00
3381,1755.784,STOCK1,92.00,452,sell,T-031,T-010,92.00,125.00
3382,1755.784,STOCK1,92.00,548,sell,T-031,T-010,92.00,125.00
3383,1756.162,STOCK1,92.00,452,sell,T-031,T-010,92.00,125.00
3384,1756.162,STOCK1,91.00,548,sell,T-032,T-010,92.00,125.00
3385,1756.626,STOCK1,91.00,452,sell,T-032,T-010,91.00,125.00
3386,1756.626,STOCK1,91.00,548,sell,T-032,T-010,91.00,125.00
3387,1757.194,STOCK1,91.00,452,sell,T-032,T-010,91.00,125.00
3388,1757.194,STOCK1,90.00,548,sell,T-032,T-010,91.00,125.00
3389,1757.378,STOCK1,90.00,452,sell,T-032,T-010,90.00,125.00
3390,1757.378,STOCK1,90.00,548,sell,T-032,T-010,90.00,125.00
3391,1757.575,STOCK1,90.00,452,sell,T-032,T-010,90.00,125.00
3392,1757.575,STOCK1,87.00,548,sell,T-031,T-010,90.00,125.00
3393,1757.787,STOCK1,87.00,452,sell,T-031,T-010,87.00,125.00
3394,1757.787,STOCK1,87.00,548,sell,T-031,T-010,87.00,125.00
3395,1757.962,STOCK1,90.00,1000,sell,T-032,T-010,90.00,125.00
3396,1758.127,STOCK1,125.00,500,buy,T-048,T-016,87.00,125.00
3397,1758.188,STOCK1,87.00,452,sell,T-031,T-010,87.00,125.00
3398,1758.188,STOCK1,85.00,548,sell,T-032,T-010,87.00,125.00
3399,1758.391,STOCK1,100.00,500,sell,T-038,T-010,100.00,125.00
3400,1758.391,STOCK1,85.00,252,sell,T-032,T-010,100.00,125.00
3401,1758.391,STOCK1,85.00,248,sell,T-032,T-010,100.00,125.00
3402,1758.624,STOCK1,85.00,752,sell,T-032,T-010,85.00,125.00
3403,1758.624,STOCK1,85.00,100,sell,T-038,T-010,85.00,125.00
3404,1758.624,STOCK1,82.10,148,sell,T-032,T-010,85.00,125.00
3405,1759.033,STOCK1,90.00,1000,sell,T-032,T-028,90.00,125.00
3406,1759.033,STOCK1,82.10,852,sell,T-032,T-028,90.00,125.00
3407,1759.033,STOCK1,81.00,1000,sell,T-013,T-028,90.00,125.00
3408,1759.033,STOCK1,81.00,100,sell,T-038,T-028,90.00,125.00
3409,1759.033,STOCK1,80.00,1000,sell,T-031,T-028,90.00,125.00
3410,1759.033,STOCK1,80.00,1000,sell,T-031,T-028,90.00,125.00
3411,1759.033,STOCK1,80.00,48,sell,T-031,T-028,90.00,125.00
3412,1759.479,STOCK1,80.00,952,sell,T-031,T-010,80.00,125.00
3413,1759.479,STOCK1,50.00,48,sell,T-016,T-010,80.00,125.00
3414,1759.643,STOCK1,50.00,1000,sell,T-016,T-010,50.00,125.00
3415,1759.927,STOCK1,50.00,1000,sell,T-016,T-010,50.00,125.00
3416,1760.030,STOCK1,50.00,2952,sell,T-016,T-028,50.00,125.00
3417,1760.030,STOCK1,50.00,100,sell,T-013,T-028,50.00,125.00
3418,1760.030,STOCK1,32.00,1948,sell,T-016,T-028,50.00,125.00
3419,1764.264,STOCK1,124.00,1000,buy,T-028,T-013,32.00,124.00
3420,1764.264,STOCK1,125.00,400,buy,T-028,T-016,32.00,124.00
3421,1764.264,STOCK1,125.00,3000,buy,T-028,T-011,32.00,124.00
3422,1764.264,STOCK1,125.00,600,buy,T-028,T-016,32.00,124.00
3423,1766.425,STOCK1,125.00,100,buy,T-019,T-016,35.00,125.00
3424,1766.558,STOCK1,125.00,100,buy,T-019,T-016,35.00,125.00
3425,1770.280,STOCK1,123.00,100,buy,T-044,T-032,44.00,123.00
3426,1770.462,STOCK1,123.00,100,buy,T-044,T-032,44.00,123.00
3427,1771.749,STOCK2,243.50,500,sell,T-041,T-048,243.50,248.00
3428,1774.258,STOCK1,123.00,100,buy,T-044,T-032,50.00,123.00
3429,1777.199,STOCK2,243.50,500,sell,T-041,T-025,243.50,248.00
3430,1782.468,STOCK1,120.00,100,buy,T-044,T-016,66.00,120.00
3431,1783.180,STOCK1,120.00,100,buy,T-027,T-016,66.00,120.00
3432,1783.362,STOCK1,120.00,100,buy,T-044,T-016,66.00,120.00
3433,1783.769,STOCK1,120.00,100,buy,T-044,T-016,66.00,120.00
3434,1784.672,STOCK1,120.00,100,buy,T-027,T-016,66.00,120.00
3435,1788.712,STOCK1,80.00,1000,sell,T-051,T-010,80.00,110.00
3436,1789.224,STOCK1,81.00,100,sell,T-019,T-010,81.00,110.00
3437,1789.224,STOCK1,81.00,100,sell,T-019,T-010,81.00,110.00
3438,1789.224,STOCK1,81.00,100,sell,T-019,T-010,81.00,110.00
3439,1789.224,STOCK1,80.00,700,sell,T-051,T-010,81.00,110.00
3440,1789.882,STOCK1,81.00,100,sell,T-019,T-010,81.00,110.00
3441,1789.882,STOCK1,81.00,100,sell,T-019,T-010,81.00,110.00
3442,1789.882,STOCK1,81.00,100,sell,T-019,T-010,81.00,110.00
3443,1789.882,STOCK1,81.00,100,sell,T-019,T-010,81.00,110.00
3444,1789.882,STOCK1,81.00,100,sell,T-019,T-010,81.00,110.00
3445,1789.882,STOCK1,80.00,500,sell,T-051,T-010,81.00,110.00
3446,1790.275,STOCK1,80.10,1000,sell,T-045,T-010,80.10,110.00
3447,1790.648,STOCK1,80.00,1000,sell,T-051,T-010,80.00,110.00
3448,1791.142,STOCK1,80.00,1000,sell,T-051,T-010,80.00,110.00
3449,1791.656,STOCK1,84.00,1000,sell,T-037,T-010,84.00,110.00
3450,1792.125,STOCK1,110.00,500,buy,T-048,T-016,84.00,110.00
3451,1792.340,STOCK1,84.00,1000,sell,T-037,T-010,84.00,110.00
3452,1792.692,STOCK1,81.00,100,sell,T-019,T-010,81.00,110.00
3453,1792.692,STOCK1,81.00,100,sell,T-019,T-010,81.00,110.00
3454,1792.692,STOCK1,81.00,100,sell,T-019,T-010,81.00,110.00
3455,1792.692,STOCK1,81.00,100,sell,T-019,T-010,81.00,110.00
3456,1792.692,STOCK1,81.00,100,sell,T-019,T-010,81.00,110.00
3457,1792.692,STOCK1,81.00,100,sell,T-019,T-010,81.00,110.00
3458,1792.692,STOCK1,80.10,400,sell,T-045,T-010,81.00,110.00
3459,1792.994,STOCK1,81.00,100,sell,T-019,T-010,81.00,110.00
3460,1792.994,STOCK1,80.10,600,sell,T-045,T-010,81.00,110.00
3461,1792.994,STOCK1,80.00,300,sell,T-051,T-010,81.00,110.00
3462,1793.307,STOCK1,81.00,100,sell,T-019,T-010,81.00,100.00
3463,1793.307,STOCK1,74.00,900,sell,T-011,T-010,81.00,100.00
3464,1793.781,STOCK1,81.00,100,sell,T-019,T-010,81.00,100.00
3465,1793.781,STOCK1,81.00,100,sell,T-019,T-010,81.00,100.00
3466,1793.781,STOCK1,74.00,800,sell,T-011,T-010,81.00,100.00
3467,1794.405,STOCK1,85.00,1000,sell,T-051,T-010,85.00,100.00
3468,1794.833,STOCK1,85.00,1000,sell,T-051,T-010,85.00,100.00
3469,1795.700,STOCK1,85.00,1000,sell,T-051,T-010,85.00,100.00
3470,1795.964,STOCK1,85.00,1000,sell,T-051,T-010,85.00,100.00
3471,1796.706,STOCK1,88.00,1000,sell,T-046,T-010,88.00,100.00
3472,1797.040,STOCK1,88.00,1000,sell,T-046,T-010,88.00,100.00
3473,1797.398,STOCK1,88.00,1000,sell,T-046,T-010,88.00,100.00
3474,1797.701,STOCK1,88.00,1000,sell,T-046,T-010,88.00,100.00
3475,1798.012,STOCK1,88.00,1000,sell,T-046,T-010,88.00,100.00
3476,1798.603,STOCK1,88.00,1000,sell,T-046,T-010,88.00,99.00
3477,1798.914,STOCK1,88.00,1000,sell,T-046,T-010,88.00,99.00
3478,1799.156,STOCK1,88.00,1000,sell,T-046,T-010,88.00,99.00
3479,1799.380,STOCK1,99.00,100,buy,T-027,T-045,90.00,99.00
3480,1799.699,STOCK1,90.00,100,sell,T-019,T-010,90.00,99.00
3481,1799.699,STOCK1,90.00,100,sell,T-019,T-010,90.00,99.00
3482,1799.699,STOCK1,90.00,800,sell,T-013,T-010,90.00,99.00
3483,1799.720,STOCK1,90.00,200,sell,T-013,T-010,90.00,99.00
3484,1799.720,STOCK1,85.00,800,sell,T-051,T-010,90.00,99.00
3485,1799.924,STOCK1,90.00,100,sell,T-019,T-010,90.00,99.00
3486,1799.924,STOCK1,85.00,200,sell,T-051,T-010,90.00,99.00
3487,1799.924,STOCK1,81.00,100,sell,T-019,T-010,90.00,99.00
3488,1799.924,STOCK1,81.00,100,sell,T-019,T-010,90.00,99.00
3489,1799.924,STOCK1,81.00,100,sell,T-019,T-010,90.00,99.00
3490,1799.924,STOCK1,81.00,100,sell,T-019,T-010,90.00,99.00
3491,1799.924,STOCK1,81.00,100,sell,T-019,T-010,90.00,99.00
3492,1799.924,STOCK1,81.00,100,sell,T-019,T-010,90.00,99.00
3493,1799.924,STOCK1,81.00,100,sell,T-019,T-010,90.00,99.00
3494,1800.192,STOCK1,90.00,100,sell,T-019,T-010,90.00,99.00
3495,1800.192,STOCK1,81.00,100,sell,T-019,T-010,90.00,99.00
3496,1800.192,STOCK1,81.00,100,sell,T-019,T-010,90.00,99.00
3497,1800.192,STOCK1,81.00,100,sell,T-019,T-010,90.00,99.00
3498,1800.192,STOCK1,81.00,100,sell,T-019,T-010,90.00,99.00
3499,1800.192,STOCK1,74.00,500,sell,T-011,T-010,90.00,99.00
3500,1800.243,STOCK1,99.00,900,buy,T-028,T-045,74.00,99.00
3501,1800.243,STOCK1,100.00,3000,buy,T-028,T-011,74.00,99.00
3502,1800.243,STOCK1,100.00,1100,buy,T-028,T-031,74.00,99.00
3503,1800.426,STOCK1,90.00,100,sell,T-019,T-010,90.00,100.00
3504,1800.426,STOCK1,74.00,800,sell,T-011,T-010,90.00,100.00
3505,1800.426,STOCK1,70.00,100,sell,T-045,T-010,90.00,100.00
3506,1800.516,STOCK1,90.00,100,sell,T-019,T-010,90.00,100.00
3507,1800.516,STOCK1,70.00,900,sell,T-045,T-010,90.00,100.00
3508,1800.627,STOCK1,70.00,500,sell,T-038,T-010,70.00,100.00
3509,1800.627,STOCK1,69.00,500,sell,T-055,T-010,70.00,100.00
3510,1800.738,STOCK1,100.00,100,buy,T-027,T-031,90.00,100.00
3511,1800.748,STOCK1,90.00,100,sell,T-019,T-010,90.00,100.00
3512,1800.748,STOCK1,81.00,900,sell,T-030,T-010,90.00,100.00
3513,1801.030,STOCK1,90.00,100,sell,T-019,T-010,90.00,100.00
3514,1801.030,STOCK1,81.00,100,sell,T-030,T-010,90.00,100.00
3515,1801.030,STOCK1,81.00,800,sell,T-030,T-010,90.00,100.00
3516,1801.161,STOCK1,81.00,200,sell,T-030,T-010,81.00,100.00
3517,1801.161,STOCK1,69.00,500,sell,T-055,T-010,81.00,100.00
3518,1801.161,STOCK1,69.00,300,sell,T-055,T-010,81.00,100.00
3519,1801.333,STOCK1,90.00,100,sell,T-019,T-010,90.00,100.00
3520,1801.333,STOCK1,69.00,700,sell,T-055,T-010,90.00,100.00
3521,1801.333,STOCK1,69.00,200,sell,T-055,T-010,90.00,100.00
3522,1801.373,STOCK1,100.00,50,buy,T-044,T-031,69.00,100.00
3523,1801.464,STOCK1,69.00,800,sell,T-055,T-010,69.00,100.00
3524,1801.464,STOCK1,68.00,200,sell,T-046,T-010,69.00,100.00
3525,1801.576,STOCK1,90.00,100,sell,T-019,T-010,90.00,100.00
3526,1801.576,STOCK1,68.00,800,sell,T-046,T-010,90.00,100.00
3527,1801.576,STOCK1,68.00,100,sell,T-046,T-010,90.00,100.00
3528,1801.727,STOCK1,90.00,100,sell,T-019,T-010,90.00,100.00
3529,1801.727,STOCK1,68.00,900,sell,T-046,T-010,90.00,100.00
3530,1801.848,STOCK1,68.00,1000,sell,T-046,T-010,68.00,100.00
3531,1802.004,STOCK1,90.00,100,sell,T-019,T-010,90.00,100.00
3532,1802.004,STOCK1,68.00,900,sell,T-046,T-010,90.00,100.00
3533,1802.247,STOCK1,68.00,100,sell,T-046,T-010,68.00,100.00
3534,1802.247,STOCK1,68.00,900,sell,T-046,T-010,68.00,100.00
3535,1803.742,STOCK1,98.00,100,buy,T-027,T-046,68.00,98.00
3536,1804.146,STOCK1,68.00,100,sell,T-046,T-010,68.00,98.00
3537,1804.146,STOCK1,68.00,900,sell,T-046,T-010,68.00,98.00
3538,1804.278,STOCK1,98.00,50,buy,T-044,T-046,68.00,98.00
3539,1804.339,STOCK1,68.00,100,sell,T-046,T-010,68.00,98.00
3540,1804.339,STOCK1,68.00,900,sell,T-046,T-010,68.00,98.00
3541,1804.539,STOCK1,68.00,100,sell,T-046,T-010,68.00,98.00
3542,1804.539,STOCK1,67.00,900,sell,T-037,T-010,68.00,98.00
3543,1804.839,STOCK1,67.00,1000,sell,T-037,T-010,67.00,98.00
3544,1805.491,STOCK1,67.00,100,sell,T-037,T-010,67.00,98.00
3545,1805.491,STOCK1,56.00,900,sell,T-046,T-010,67.00,98.00
3546,1805.697,STOCK1,56.00,100,sell,T-046,T-010,56.00,98.00
3547,1805.697,STOCK1,56.00,900,sell,T-046,T-010,56.00,98.00
3548,1806.216,STOCK1,70.00,1000,sell,T-051,T-010,70.00,97.00
3549,1806.398,STOCK1,70.00,1000,sell,T-051,T-010,70.00,97.00
3550,1806.488,STOCK1,97.00,500,buy,T-006,T-032,70.00,97.00
3551,1806.649,STOCK1,70.00,1000,sell,T-051,T-010,70.00,97.00
3552,1806.940,STOCK1,70.00,1000,sell,T-051,T-010,70.00,97.00
3553,1807.392,STOCK1,95.00,50,buy,T-044,T-016,70.00,95.00
3554,1807.442,STOCK1,95.00,100,buy,T-027,T-016,70.00,95.00
3555,1808.709,STOCK1,95.00,100,buy,T-027,T-016,70.00,95.00
3556,1809.582,STOCK1,95.00,100,buy,T-027,T-016,70.00,95.00
3557,1809.931,STOCK1,70.00,1000,sell,T-051,T-010,70.00,95.00
3558,1810.126,STOCK1,70.00,1000,sell,T-045,T-010,70.00,95.00
3559,1813.554,STOCK1,90.00,50,buy,T-044,T-030,70.00,90.00
3560,1815.134,STOCK1,70.00,1000,sell,T-045,T-010,70.00,90.00
3561,1815.576,STOCK1,70.00,1000,sell,T-045,T-010,70.00,90.00
3562,1815.849,STOCK1,60.00,1000,sell,T-029,T-010,60.00,90.00
3563,1816.194,STOCK1,90.00,500,buy,T-006,T-030,60.00,90.00
3564,1816.254,STOCK1,90.00,50,buy,T-044,T-030,60.00,90.00
3565,1816.426,STOCK1,60.00,1000,sell,T-029,T-010,60.00,90.00
3566,1816.647,STOCK1,60.00,1000,sell,T-029,T-010,60.00,90.00
3567,1816.807,STOCK1,60.00,1000,sell,T-031,T-010,60.00,90.00
3568,1817.089,STOCK1,60.00,1000,sell,T-031,T-010,60.00,90.00
3569,1817.242,STOCK1,60.00,1000,sell,T-031,T-010,60.00,90.00
3570,1817.271,STOCK1,90.00,50,buy,T-044,T-030,60.00,90.00
3571,1817.412,STOCK1,60.00,1000,sell,T-031,T-010,60.00,90.00
3572,1817.589,STOCK1,60.00,1000,sell,T-031,T-010,60.00,90.00
3573,1817.762,STOCK1,56.00,100,sell,T-046,T-010,56.00,90.00
3574,1817.762,STOCK1,55.00,900,sell,T-045,T-010,56.00,90.00
3575,1817.964,STOCK1,55.00,100,sell,T-045,T-010,55.00,88.00
3576,1817.964,STOCK1,55.00,900,sell,T-045,T-010,55.00,88.00
3577,1818.196,STOCK1,55.00,100,sell,T-045,T-010,55.00,88.00
3578,1818.196,STOCK1,52.00,900,sell,T-041,T-010,55.00,88.00
3579,1818.285,STOCK1,88.00,50,buy,T-044,T-016,52.00,88.00
3580,1818.468,STOCK1,52.00,100,sell,T-041,T-010,52.00,88.00
3581,1818.468,STOCK1,52.00,900,sell,T-041,T-010,52.00,88.00
3582,1818.668,STOCK1,52.00,100,sell,T-041,T-010,52.00,88.00
3583,1818.668,STOCK1,52.00,900,sell,T-041,T-010,52.00,88.00
3584,1818.838,STOCK1,88.00,50,buy,T-044,T-016,52.00,88.00
3585,1818.848,STOCK1,52.00,100,sell,T-041,T-010,52.00,88.00
3586,1818.848,STOCK1,52.00,900,sell,T-041,T-010,52.00,88.00
3587,1819.024,STOCK1,52.00,100,sell,T-041,T-010,52.00,88.00
3588,1819.024,STOCK1,52.00,900,sell,T-041,T-010,52.00,88.00
3589,1819.298,STOCK1,52.00,100,sell,T-041,T-010,52.00,88.00
3590,1819.298,STOCK1,52.00,900,sell,T-041,T-010,52.00,88.00
3591,1819.541,STOCK1,52.00,100,sell,T-041,T-010,52.00,88.00
3592,1819.541,STOCK1,52.00,900,sell,T-041,T-010,52.00,88.00
3593,1819.742,STOCK1,52.00,100,sell,T-041,T-010,52.00,88.00
3594,1819.742,STOCK1,51.00,900,sell,T-045,T-010,52.00,88.00
3595,1819.927,STOCK1,51.00,100,sell,T-045,T-010,51.00,88.00
3596,1819.927,STOCK1,50.00,900,sell,T-045,T-010,51.00,88.00
3597,1820.149,STOCK1,50.00,100,sell,T-045,T-010,50.00,88.00
3598,1820.149,STOCK1,50.00,900,sell,T-055,T-010,50.00,88.00
3599,1820.261,STOCK1,88.00,100,buy,T-027,T-016,50.00,88.00
3600,1820.504,STOCK1,50.00,100,sell,T-055,T-010,50.00,88.00
3601,1820.504,STOCK1,50.00,900,sell,T-055,T-010,50.00,88.00
3602,1820.719,STOCK1,50.00,100,sell,T-055,T-010,50.00,88.00
3603,1820.719,STOCK1,50.00,900,sell,T-055,T-010,50.00,88.00
3604,1820.861,STOCK1,50.00,100,sell,T-055,T-010,50.00,88.00
3605,1820.861,STOCK1,50.00,900,sell,T-055,T-010,50.00,88.00
3606,1822.042,STOCK1,60.00,20,sell,T-038,T-010,60.00,85.00
3607,1822.042,STOCK1,50.00,100,sell,T-055,T-010,60.00,85.00
3608,1822.042,STOCK1,50.00,880,sell,T-055,T-010,60.00,85.00
3609,1823.184,STOCK1,50.00,120,sell,T-055,T-010,50.00,85.00
3610,1823.184,STOCK1,50.00,880,sell,T-055,T-010,50.00,85.00
3611,1823.683,STOCK1,50.00,120,sell,T-055,T-010,50.00,85.00
3612,1823.683,STOCK1,50.00,880,sell,T-055,T-010,50.00,85.00
3613,1823.954,STOCK1,85.00,50,buy,T-044,T-030,50.00,85.00
3614,1824.390,STOCK1,59.00,1000,sell,T-045,T-010,59.00,85.00
3615,1825.048,STOCK1,59.00,1000,sell,T-045,T-010,59.00,85.00
3616,1825.290,STOCK1,85.00,50,buy,T-044,T-030,50.00,85.00
3617,1827.368,STOCK1,50.00,1000,sell,T-013,T-010,50.00,85.00
3618,1828.452,STOCK1,50.00,1000,sell,T-032,T-010,50.00,85.00
3619,1828.857,STOCK1,50.00,1000,sell,T-036,T-010,50.00,85.00
3620,1829.296,STOCK1,50.00,1000,sell,T-036,T-010,50.00,85.00
3621,1829.734,STOCK1,45.00,1000,sell,T-011,T-010,45.00,85.00
3622,1830.259,STOCK1,45.00,1000,sell,T-011,T-010,45.00,85.00
3623,1831.742,STOCK1,45.00,1000,sell,T-011,T-010,45.00,85.00
3624,1839.611,STOCK2,248.00,500,buy,T-003,T-046,243.50,248.00
3625,1839.611,STOCK2,248.00,1000,buy,T-003,T-046,243.50,248.00
3626,1839.611,STOCK2,248.00,500,buy,T-003,T-046,243.50,248.00
3627,1840.120,STOCK2,248.00,500,buy,T-003,T-046,243.50,248.00
3628,1840.120,STOCK2,249.00,100,buy,T-003,T-019,243.50,248.00
3629,1840.120,STOCK2,249.00,100,buy,T-003,T-019,243.50,248.00
3630,1840.120,STOCK2,249.00,100,buy,T-003,T-019,243.50,248.00
3631,1840.120,STOCK2,249.00,100,buy,T-003,T-019,243.50,248.00
3632,1840.120,STOCK2,249.90,1000,buy,T-003,T-045,243.50,248.00
3633,1840.120,STOCK2,250.00,100,buy,T-003,T-046,243.50,248.00
3634,1840.637,STOCK2,250.00,900,buy,T-003,T-046,243.50,250.00
3635,1840.637,STOCK2,250.00,1000,buy,T-003,T-046,243.50,250.00
3636,1840.637,STOCK2,250.00,100,buy,T-003,T-046,243.50,250.00
3637,1840.807,STOCK1,84.00,500,buy,T-006,T-037,51.00,84.00
3638,1842.579,STOCK2,250.00,900,buy,T-003,T-046,243.50,250.00
3639,1842.579,STOCK2,256.00,1000,buy,T-003,T-046,243.50,250.00
3640,1842.579,STOCK2,260.00,100,buy,T-003,T-019,243.50,250.00
3641,1846.292,STOCK1,52.00,1000,sell,T-016,T-010,52.00,81.00
3642,1846.684,STOCK1,81.00,50,buy,T-044,T-030,52.00,81.00
3643,1846.724,STOCK1,52.00,1000,sell,T-016,T-010,52.00,81.00
3644,1847.025,STOCK1,52.00,1000,sell,T-016,T-010,52.00,81.00
3645,1847.358,STOCK1,52.00,1000,sell,T-016,T-010,52.00,81.00
3646,1847.730,STOCK1,52.00,1000,sell,T-016,T-010,52.00,81.00
3647,1848.267,STOCK1,51.00,1000,sell,T-046,T-010,51.00,81.00
3648,1848.762,STOCK1,51.00,1000,sell,T-046,T-010,51.00,80.00
3649,1849.030,STOCK1,51.00,1000,sell,T-046,T-010,51.00,80.00
3650,1849.232,STOCK1,50.00,1000,sell,T-036,T-010,50.00,80.00
3651,1849.675,STOCK1,80.00,50,buy,T-044,T-051,50.00,80.00
3652,1849.908,STOCK1,50.00,1000,sell,T-036,T-010,50.00,80.00
3653,1850.209,STOCK1,50.00,1000,sell,T-036,T-010,50.00,80.00
3654,1850.410,STOCK1,50.00,1000,sell,T-036,T-010,50.00,80.00
3655,1850.865,STOCK1,49.00,1000,sell,T-041,T-010,49.00,80.00
3656,1851.350,STOCK1,40.00,1000,sell,T-029,T-010,40.00,80.00
3657,1852.728,STOCK1,40.00,1000,sell,T-029,T-010,40.00,80.00
3658,1854.025,STOCK1,80.00,50,buy,T-044,T-051,40.00,80.00
3659,1861.396,STOCK1,78.00,50,buy,T-044,T-046,41.00,78.00
3660,1865.382,STOCK1,70.00,5000,buy,T-028,T-016,43.00,70.00
3661,1865.552,STOCK1,78.00,50,buy,T-044,T-046,43.00,78.00
3662,1866.026,STOCK1,78.00,50,buy,T-044,T-046,43.00,78.00
3663,1874.167,STOCK1,75.00,50,buy,T-044,T-045,43.00,75.00
3664,1874.607,STOCK1,75.00,50,buy,T-044,T-045,43.00,75.00
3665,1874.921,STOCK1,75.00,50,buy,T-044,T-045,43.00,75.00
3666,1875.317,STOCK1,75.00,50,buy,T-044,T-045,43.00,75.00
3667,1876.950,STOCK1,75.00,50,buy,T-044,T-045,43.00,75.00
3668,1881.614,STOCK1,74.00,2000,buy,T-028,T-037,45.00,74.00
3669,1881.614,STOCK1,75.00,750,buy,T-028,T-045,45.00,74.00
3670,1881.614,STOCK1,75.00,1000,buy,T-028,T-045,45.00,74.00
3671,1881.614,STOCK1,76.00,1250,buy,T-028,T-011,45.00,74.00
3672,1882.552,STOCK1,45.00,1000,sell,T-045,T-028,45.00,76.00
3673,1882.552,STOCK1,45.00,1000,sell,T-045,T-028,45.00,76.00
3674,1882.552,STOCK1,43.00,3000,sell,T-011,T-028,45.00,76.00
3675,1884.676,STOCK1,42.00,100,sell,T-013,T-053,42.00,76.00
3676,1885.044,STOCK1,45.00,1000,sell,T-036,T-028,45.00,76.00
3677,1885.044,STOCK1,42.00,900,sell,T-013,T-028,45.00,76.00
3678,1885.044,STOCK1,42.00,1000,sell,T-030,T-028,45.00,76.00
3679,1885.044,STOCK1,42.00,2100,sell,T-016,T-028,45.00,76.00
3680,1886.539,STOCK1,45.00,1000,sell,T-036,T-028,45.00,75.00
3681,1886.539,STOCK1,45.00,1000,sell,T-036,T-028,45.00,75.00
3682,1886.539,STOCK1,42.00,2900,sell,T-016,T-028,45.00,75.00
3683,1886.539,STOCK1,41.00,100,sell,T-032,T-028,45.00,75.00
3684,1892.829,STOCK1,70.00,100,buy,T-047,T-016,46.00,70.00
3685,1892.888,STOCK1,70.00,50,buy,T-044,T-016,46.00,70.00
3686,1892.990,STOCK1,70.00,100,buy,T-047,T-016,46.00,70.00
3687,1893.323,STOCK1,70.00,100,buy,T-047,T-016,46.00,70.00
3688,1893.446,STOCK1,70.00,50,buy,T-044,T-016,46.00,70.00
3689,1893.920,STOCK1,70.00,100,buy,T-047,T-016,46.00,70.00
3690,1894.067,STOCK1,70.00,100,buy,T-047,T-016,46.00,70.00
3691,1895.242,STOCK1,70.00,100,buy,T-047,T-016,46.00,70.00
3692,1895.252,STOCK1,70.00,50,buy,T-044,T-016,46.00,70.00
3693,1895.413,STOCK1,70.00,100,buy,T-047,T-016,46.00,70.00
3694,1895.782,STOCK1,70.00,100,buy,T-047,T-016,46.00,70.00
3695,1895.934,STOCK1,70.00,100,buy,T-047,T-016,46.00,70.00
3696,1896.660,STOCK1,70.00,50,buy,T-044,T-016,46.00,70.00
3697,1896.700,STOCK1,70.00,100,buy,T-047,T-016,46.00,70.00
3698,1896.922,STOCK2,257.00,500,buy,T-003,T-051,245.00,257.00
3699,1896.922,STOCK2,259.00,1000,buy,T-003,T-030,245.00,257.00
3700,1896.922,STOCK2,260.00,100,buy,T-003,T-019,245.00,257.00
3701,1896.922,STOCK2,260.00,100,buy,T-003,T-019,245.00,257.00
3702,1896.922,STOCK2,260.00,100,buy,T-003,T-019,245.00,257.00
3703,1896.922,STOCK2,260.00,100,buy,T-003,T-019,245.00,257.00
3704,1896.922,STOCK2,260.00,100,buy,T-003,T-019,245.00,257.00
3705,1897.868,STOCK1,70.00,100,buy,T-047,T-016,46.00,70.00
3706,1898.015,STOCK1,70.00,100,buy,T-047,T-016,46.00,70.00
3707,1898.240,STOCK1,70.00,100,buy,T-047,T-016,46.00,70.00
3708,1898.319,STOCK1,70.00,100,buy,T-047,T-016,46.00,70.00
3709,1898.461,STOCK1,70.00,100,buy,T-047,T-016,46.00,70.00
3710,1898.544,STOCK1,46.00,1000,sell,T-030,T-010,46.00,69.90
3711,1898.872,STOCK2,260.00,100,buy,T-003,T-019,245.00,260.00
3712,1898.872,STOCK2,260.00,100,buy,T-003,T-019,245.00,260.00
3713,1898.872,STOCK2,260.00,100,buy,T-003,T-019,245.00,260.00
3714,1898.872,STOCK2,270.00,1700,buy,T-003,T-051,245.00,260.00
3715,1899.294,STOCK1,46.00,1000,sell,T-030,T-010,46.00,69.90
3716,1899.944,STOCK1,46.00,1000,sell,T-030,T-010,46.00,69.90
3717,1900.683,STOCK1,45.00,1000,sell,T-036,T-010,45.00,69.00
3718,1901.288,STOCK1,45.00,1000,sell,T-036,T-010,45.00,69.00
3719,1902.230,STOCK1,41.00,900,sell,T-032,T-010,41.00,61.00
3720,1902.230,STOCK1,40.00,100,sell,T-029,T-010,41.00,61.00
3721,1902.767,STOCK1,61.00,100,buy,T-047,T-030,40.00,61.00
3722,1902.954,STOCK1,61.00,100,buy,T-047,T-030,40.00,61.00
3723,1903.044,STOCK1,61.00,100,buy,T-047,T-030,40.00,61.00
3724,1903.562,STOCK1,61.00,50,buy,T-044,T-030,40.00,61.00
3725,1903.814,STOCK1,61.00,100,buy,T-047,T-030,40.00,61.00
3726,1903.998,STOCK1,61.00,100,buy,T-047,T-030,40.00,61.00
3727,1904.758,STOCK1,40.00,900,sell,T-029,T-010,40.00,61.00
3728,1904.758,STOCK1,36.00,100,sell,T-055,T-010,40.00,61.00
3729,1906.782,STOCK1,61.00,100,buy,T-047,T-030,36.00,61.00
3730,1906.964,STOCK1,61.00,100,buy,T-047,T-030,36.00,61.00
3731,1907.241,STOCK1,61.00,100,buy,T-047,T-030,36.00,61.00
3732,1907.421,STOCK1,61.00,100,buy,T-047,T-030,36.00,61.00
3733,1907.529,STOCK1,61.00,50,buy,T-047,T-030,36.00,61.00
3734,1907.529,STOCK1,61.00,50,buy,T-047,T-030,36.00,61.00
3735,1908.194,STOCK1,61.00,100,buy,T-047,T-030,36.00,61.00
3736,1915.126,STOCK1,59.90,100,buy,T-044,T-045,40.00,59.90
3737,1915.208,STOCK2,247.00,1,buy,T-003,T-032,246.00,247.00
3738,1918.343,STOCK1,58.00,100,buy,T-027,T-030,40.00,58.00
3739,1918.776,STOCK2,247.00,1,buy,T-003,T-032,246.00,247.00
3740,1920.906,STOCK2,247.00,1,buy,T-003,T-032,246.00,247.00
3741,1921.584,STOCK1,58.00,100,buy,T-047,T-030,40.00,58.00
3742,1921.706,STOCK1,58.00,100,buy,T-047,T-030,40.00,58.00
3743,1932.837,STOCK1,57.90,100,buy,T-047,T-045,40.00,57.90
3744,1932.918,STOCK1,57.90,100,buy,T-047,T-045,40.00,57.90
3745,1936.090,STOCK2,249.00,1,buy,T-003,T-032,248.00,249.00
3746,1936.964,STOCK1,57.90,100,buy,T-044,T-045,40.00,57.90
3747,1937.368,STOCK1,40.00,1000,sell,T-013,T-010,40.00,57.90
3748,1937.590,STOCK1,40.00,1000,sell,T-029,T-010,40.00,57.90
3749,1937.860,STOCK1,40.00,1000,sell,T-029,T-010,40.00,57.90
3750,1938.316,STOCK1,40.00,1000,sell,T-016,T-010,40.00,57.90
3751,1938.782,STOCK1,40.00,1000,sell,T-016,T-010,40.00,57.90
3752,1939.162,STOCK1,40.00,1000,sell,T-016,T-010,40.00,57.90
3753,1939.659,STOCK1,40.00,1000,sell,T-016,T-010,40.00,57.90
3754,1940.062,STOCK2,269.00,100,buy,T-003,T-019,248.00,269.00
3755,1940.062,STOCK2,269.00,100,buy,T-003,T-019,248.00,269.00
3756,1940.062,STOCK2,269.00,100,buy,T-003,T-019,248.00,269.00
3757,1940.062,STOCK2,269.00,100,buy,T-003,T-019,248.00,269.00
3758,1940.062,STOCK2,269.00,100,buy,T-003,T-019,248.00,269.00
3759,1940.175,STOCK1,40.00,1000,sell,T-016,T-010,40.00,57.90
3760,1945.936,STOCK2,250.00,100,sell,T-051,T-044,250.00,269.00
3761,1950.291,STOCK2,269.00,100,buy,T-003,T-019,250.00,269.00
3762,1950.291,STOCK2,269.00,100,buy,T-003,T-019,250.00,269.00
3763,1950.291,STOCK2,269.00,100,buy,T-003,T-019,250.00,269.00
3764,1950.291,STOCK2,269.00,100,buy,T-003,T-019,250.00,269.00
3765,1955.810,STOCK1,50.00,100,buy,T-047,T-030,40.00,50.00
3766,1955.959,STOCK1,50.00,100,buy,T-047,T-030,40.00,50.00
3767,1956.040,STOCK2,269.00,100,buy,T-003,T-019,250.00,269.00
3768,1956.040,STOCK2,269.00,100,buy,T-003,T-019,250.00,269.00
3769,1959.446,STOCK1,40.00,200,sell,T-038,T-010,40.00,49.90
3770,1959.446,STOCK1,36.00,800,sell,T-055,T-010,40.00,49.90
3771,1959.957,STOCK1,36.00,100,sell,T-055,T-010,36.00,49.90
3772,1959.957,STOCK1,36.00,900,sell,T-055,T-010,36.00,49.90
3773,1960.348,STOCK1,36.00,100,sell,T-055,T-010,36.00,49.90
3774,1960.348,STOCK1,36.00,900,sell,T-055,T-010,36.00,49.90
3775,1960.832,STOCK1,36.00,100,sell,T-055,T-010,36.00,49.90
3776,1960.832,STOCK1,36.00,900,sell,T-055,T-010,36.00,49.90
3777,1961.321,STOCK2,250.00,100,sell,T-051,T-044,250.00,269.00
3778,1961.476,STOCK1,36.00,100,sell,T-055,T-010,36.00,49.90
3779,1961.476,STOCK1,36.00,900,sell,T-055,T-010,36.00,49.90
3780,1962.043,STOCK1,36.00,100,sell,T-055,T-010,36.00,49.90
3781,1962.043,STOCK1,36.00,900,sell,T-055,T-010,36.00,49.90
3782,1966.394,STOCK1,49.90,100,buy,T-044,T-045,36.00,49.90
3783,1972.195,STOCK2,269.00,100,buy,T-003,T-019,251.00,269.00
3784,1972.195,STOCK2,269.00,100,buy,T-003,T-019,251.00,269.00
3785,1972.195,STOCK2,269.00,100,buy,T-003,T-019,251.00,269.00
3786,1972.195,STOCK2,269.00,100,buy,T-003,T-019,251.00,269.00
3787,1972.195,STOCK2,269.00,100,buy,T-003,T-019,251.00,269.00
3788,1972.195,STOCK2,269.00,100,buy,T-003,T-019,251.00,269.00
3789,1972.195,STOCK2,269.00,100,buy,T-003,T-019,251.00,269.00
3790,1972.195,STOCK2,269.00,100,buy,T-003,T-019,251.00,269.00
3791,1972.195,STOCK2,269.00,100,buy,T-003,T-019,251.00,269.00
3792,1972.195,STOCK2,269.00,100,buy,T-003,T-019,251.00,269.00
3793,1972.195,STOCK2,269.00,100,buy,T-003,T-019,251.00,269.00
3794,1972.195,STOCK2,269.00,100,buy,T-003,T-019,251.00,269.00
3795,1972.195,STOCK2,269.00,100,buy,T-003,T-019,251.00,269.00
3796,1972.195,STOCK2,269.00,100,buy,T-003,T-019,251.00,269.00
3797,1972.195,STOCK2,269.00,100,buy,T-003,T-019,251.00,269.00
3798,1972.195,STOCK2,269.00,100,buy,T-003,T-019,251.00,269.00
3799,1972.195,STOCK2,269.00,100,buy,T-003,T-019,251.00,269.00
3800,1972.195,STOCK2,269.00,100,buy,T-003,T-019,251.00,269.00
3801,1972.195,STOCK2,269.00,100,buy,T-003,T-019,251.00,269.00
3802,1976.671,STOCK1,36.01,1,buy,T-044,T-032,36.00,36.01
3803,1976.671,STOCK1,49.90,99,buy,T-044,T-045,36.00,36.01
3804,1976.842,STOCK1,49.90,100,buy,T-044,T-045,36.00,49.90
3805,1976.934,STOCK2,270.00,1300,buy,T-003,T-051,251.00,270.00
3806,1976.934,STOCK2,270.00,100,buy,T-003,T-019,251.00,270.00
3807,1976.934,STOCK2,270.00,100,buy,T-003,T-019,251.00,270.00
3808,1976.934,STOCK2,270.00,100,buy,T-003,T-019,251.00,270.00
3809,1976.934,STOCK2,270.00,100,buy,T-003,T-019,251.00,270.00
3810,1976.934,STOCK2,270.00,100,buy,T-003,T-019,251.00,270.00
3811,1976.934,STOCK2,270.00,100,buy,T-003,T-019,251.00,270.00
3812,1976.934,STOCK2,270.00,100,buy,T-003,T-019,251.00,270.00
3813,1976.934,STOCK2,270.00,100,buy,T-003,T-019,251.00,270.00
3814,1982.116,STOCK1,36.01,1,buy,T-044,T-032,36.00,36.01
3815,1984.549,STOCK1,36.01,1,buy,T-044,T-032,36.00,36.01
3816,1985.505,STOCK2,275.00,500,buy,T-003,T-038,251.00,275.00
3817,1985.505,STOCK2,280.00,1000,buy,T-003,T-031,251.00,275.00
3818,1987.404,STOCK1,36.01,1,buy,T-044,T-032,36.00,36.01
3819,1991.016,STOCK1,36.01,1,buy,T-044,T-032,36.00,36.01
3820,1991.076,STOCK1,49.90,1,buy,T-002,T-045,36.00,49.90
3821,1993.676,STOCK1,36.01,1,buy,T-044,T-032,36.00,36.01
3822,1996.019,STOCK1,36.01,1,buy,T-044,T-032,36.00,36.01
3823,1996.848,STOCK2,285.00,200,buy,T-006,T-038,255.00,285.00
3824,1996.848,STOCK2,300.00,300,buy,T-006,T-038,255.00,285.00
3825,1999.095,STOCK1,36.01,1,buy,T-044,T-032,36.00,36.01
3826,2004.230,STOCK1,36.01,1,buy,T-044,T-032,36.00,36.01
3827,2006.058,STOCK1,36.01,1,buy,T-002,T-032,36.00,36.01
3828,2008.861,STOCK1,36.00,100,sell,T-055,T-052,36.00,49.90
3829,2008.861,STOCK1,36.00,100,sell,T-055,T-052,36.00,49.90
3830,2013.861,STOCK2,281.00,50,sell,T-046,T-044,281.00,300.00
3831,2015.483,STOCK2,281.00,50,sell,T-046,T-044,281.00,300.00
3832,2015.666,STOCK1,36.01,1,buy,T-048,T-032,36.00,36.01
3833,2017.139,STOCK2,281.00,50,sell,T-046,T-044,281.00,300.00
3834,2019.824,STOCK1,37.00,1000,sell,T-030,T-010,37.00,45.01
3835,2021.491,STOCK2,281.00,500,sell,T-046,ME,281.00,300.00
3836,2021.615,STOCK1,36.00,900,sell,T-055,T-010,36.00,45.01
3837,2021.615,STOCK1,35.00,100,sell,T-045,T-010,36.00,45.01
3838,2022.310,STOCK1,35.00,900,sell,T-045,T-010,35.00,36.01
3839,2022.310,STOCK1,35.00,100,sell,T-045,T-010,35.00,36.01
3840,2022.730,STOCK1,36.01,1,buy,T-025,T-032,35.00,36.01
3841,2022.730,STOCK1,45.01,499,buy,T-025,T-055,35.00,36.01
3842,2022.942,STOCK1,35.00,900,sell,T-045,T-010,35.00,45.01
3843,2022.942,STOCK1,35.00,100,sell,T-016,T-010,35.00,45.01
3844,2023.034,STOCK1,45.01,1,buy,T-048,T-055,35.00,45.01
3845,2024.975,STOCK1,35.00,1000,sell,T-016,T-010,35.00,36.01
3846,2025.400,STOCK1,36.01,1,buy,T-025,T-032,35.00,36.01
3847,2025.400,STOCK1,45.01,499,buy,T-025,T-055,35.00,36.01
3848,2025.655,STOCK1,45.01,1,buy,T-048,T-055,35.00,45.01
3849,2025.777,STOCK1,35.00,1000,sell,T-016,T-010,35.00,45.01
3850,2026.324,STOCK1,35.00,1000,sell,T-016,T-010,35.00,45.01
3851,2026.880,STOCK1,35.00,1000,sell,T-016,T-010,35.00,45.01
3852,2028.810,STOCK1,35.00,900,sell,T-016,T-010,35.00,36.01
3853,2028.810,STOCK1,32.00,100,sell,T-016,T-010,35.00,36.01
3854,2029.357,STOCK1,36.01,1,buy,T-048,T-032,32.00,36.01
3855,2029.388,STOCK1,45.00,500,buy,T-025,T-045,32.00,45.00
3856,2033.128,STOCK1,32.00,2952,sell,T-016,T-028,32.00,45.00
3857,2033.128,STOCK1,32.00,1000,sell,T-031,T-028,32.00,45.00
3858,2033.128,STOCK1,32.00,1000,sell,T-031,T-028,32.00,45.00
3859,2033.128,STOCK1,30.00,48,sell,T-038,T-028,32.00,45.00
3860,2034.212,STOCK1,30.00,152,sell,T-038,T-028,30.00,45.00
3861,2034.212,STOCK1,30.00,2000,sell,T-029,T-028,30.00,45.00
3862,2034.212,STOCK1,26.00,999,sell,T-040,T-028,30.00,45.00
3863,2034.212,STOCK1,26.00,999,sell,T-040,T-028,30.00,45.00
3864,2034.212,STOCK1,25.00,100,sell,T-038,T-028,30.00,45.00
3865,2034.212,STOCK1,24.00,750,sell,T-040,T-028,30.00,45.00
3866,2036.464,STOCK1,45.00,100,buy,T-047,T-045,24.00,45.00
3867,2036.627,STOCK1,45.00,50,buy,T-044,T-045,24.00,45.00
3868,2036.647,STOCK1,45.00,100,buy,T-047,T-045,24.00,45.00
3869,2037.867,STOCK1,45.00,100,buy,T-047,T-045,24.00,45.00
3870,2038.009,STOCK1,45.00,100,buy,T-047,T-045,24.00,45.00
3871,2038.220,STOCK1,45.00,50,buy,T-047,T-045,24.00,45.00
3872,2038.220,STOCK1,45.00,50,buy,T-047,T-045,24.00,45.00
3873,2041.892,STOCK1,45.00,100,buy,T-047,T-045,24.00,45.00
3874,2042.004,STOCK1,45.00,100,buy,T-047,T-045,24.00,45.00
3875,2042.166,STOCK1,45.00,100,buy,T-047,T-045,24.00,45.00
3876,2063.236,STOCK2,286.20,50,sell,T-011,T-044,286.20,295.00
3877,2064.429,STOCK2,286.20,50,sell,T-011,T-044,286.20,295.00
3878,2075.187,STOCK2,286.20,400,sell,T-011,T-006,286.20,295.00
3879,2075.187,STOCK2,286.00,100,sell,T-036,T-006,286.20,295.00
3880,2075.743,STOCK2,286.00,50,sell,T-036,T-044,286.00,295.00
3881,2076.940,STOCK2,286.00,500,sell,T-036,T-006,286.00,295.00
3882,2078.213,STOCK2,286.00,50,sell,T-036,T-044,286.00,295.00
3883,2080.918,STOCK2,286.00,3000,sell,T-036,T-015,286.00,295.00
3884,2082.751,STOCK2,286.00,50,sell,T-036,T-044,286.00,295.00
3885,2083.052,STOCK2,286.00,200,sell,T-036,T-049,286.00,295.00
3886,2083.254,STOCK2,286.00,1000,sell,T-036,T-026,286.00,295.00
3887,2083.587,STOCK2,286.00,50,sell,T-036,T-015,286.00,295.00
3888,2083.587,STOCK2,281.00,350,sell,T-046,T-015,286.00,295.00
3889,2083.587,STOCK2,281.00,2600,sell,T-036,T-015,286.00,295.00
3890,2085.304,STOCK2,281.00,1000,sell,T-036,T-026,281.00,295.00
3891,2095.058,STOCK1,41.90,1000,buy,T-033,T-045,21.00,41.90
3892,2096.428,STOCK1,41.90,1000,buy,T-033,T-045,21.00,41.90
3893,2097.624,STOCK1,42.00,1000,buy,T-033,T-031,21.00,42.00
3894,2098.045,STOCK1,42.00,50,buy,T-044,T-031,21.00,42.00
3895,2098.177,STOCK1,42.00,950,buy,T-033,T-031,21.00,42.00
3896,2098.177,STOCK1,42.90,50,buy,T-033,T-045,21.00,42.00
3897,2099.209,STOCK1,42.90,50,buy,T-044,T-045,21.00,42.90
3898,2101.181,STOCK1,40.00,50,buy,T-044,T-029,22.00,40.00
3899,2101.470,STOCK1,40.00,1000,buy,T-033,T-029,22.00,40.00
3900,2101.694,STOCK1,40.00,950,buy,T-033,T-029,22.00,40.00
3901,2101.694,STOCK1,42.90,50,buy,T-033,T-045,22.00,40.00
3902,2101.805,STOCK2,286.00,200,sell,T-036,T-049,286.00,290.00
3903,2102.403,STOCK2,286.00,200,sell,T-036,T-049,286.00,290.00
3904,2102.907,STOCK2,286.00,200,sell,T-036,T-049,286.00,290.00
3905,2103.129,STOCK2,286.00,200,sell,T-036,T-049,286.00,290.00
3906,2103.392,STOCK2,286.00,200,sell,T-036,T-049,286.00,290.00
3907,2103.593,STOCK2,286.00,200,sell,T-036,T-049,286.00,290.00
3908,2103.803,STOCK2,286.00,200,sell,T-036,T-049,286.00,290.00
3909,2103.965,STOCK2,286.00,200,sell,T-036,T-049,286.00,290.00
3910,2104.106,STOCK2,286.00,200,sell,T-036,T-049,286.00,290.00
3911,2104.268,STOCK2,286.00,200,sell,T-036,T-049,286.00,290.00
3912,2104.348,STOCK2,286.00,200,sell,T-036,T-049,286.00,290.00
3913,2104.489,STOCK2,286.00,200,sell,T-036,T-049,286.00,290.00
3914,2104.650,STOCK2,286.00,200,sell,T-036,T-049,286.00,290.00
3915,2104.811,STOCK2,286.00,200,sell,T-036,T-049,286.00,290.00
3916,2104.985,STOCK2,286.00,200,sell,T-036,T-049,286.00,290.00
3917,2105.128,STOCK2,286.00,200,sell,T-036,T-049,286.00,290.00
3918,2105.248,STOCK2,286.00,200,sell,T-036,T-049,286.00,290.00
3919,2105.418,STOCK2,286.00,200,sell,T-036,T-049,286.00,290.00
3920,2105.713,STOCK2,286.00,200,sell,T-036,T-049,286.00,290.00
3921,2105.923,STOCK2,286.00,200,sell,T-036,T-049,286.00,290.00
3922,2106.175,STOCK2,286.00,200,sell,T-036,T-049,286.00,290.00
3923,2106.370,STOCK2,286.00,200,sell,T-036,T-049,286.00,290.00
3924,2106.566,STOCK2,286.00,200,sell,T-036,T-049,286.00,290.00
3925,2106.748,STOCK2,286.00,200,sell,T-036,T-049,286.00,290.00
3926,2107.091,STOCK2,286.00,200,sell,T-036,T-049,286.00,290.00
3927,2109.442,STOCK1,42.90,50,buy,T-044,T-045,23.00,42.90
3928,2110.197,STOCK2,286.00,200,sell,T-036,T-049,286.00,290.00
3929,2110.490,STOCK2,286.00,200,sell,T-036,T-049,286.00,290.00
3930,2110.551,STOCK2,286.00,200,sell,T-036,T-049,286.00,290.00
3931,2110.704,STOCK2,286.00,200,sell,T-036,T-049,286.00,290.00
3932,2110.868,STOCK2,286.00,200,sell,T-036,T-049,286.00,290.00
3933,2111.007,STOCK2,286.00,200,sell,T-036,T-049,286.00,290.00
3934,2111.149,STOCK2,286.00,200,sell,T-036,T-049,286.00,290.00
3935,2111.321,STOCK2,286.00,200,sell,T-036,T-049,286.00,290.00
3936,2111.481,STOCK2,286.00,200,sell,T-036,T-049,286.00,290.00
3937,2111.642,STOCK2,286.00,200,sell,T-036,T-049,286.00,290.00
3938,2111.836,STOCK2,286.00,200,sell,T-036,T-049,286.00,290.00
3939,2111.977,STOCK2,286.00,200,sell,T-036,T-049,286.00,290.00
3940,2112.139,STOCK2,286.00,200,sell,T-036,T-049,286.00,290.00
3941,2112.322,STOCK2,286.00,200,sell,T-036,T-049,286.00,290.00
3942,2112.404,STOCK2,286.00,200,sell,T-036,T-049,286.00,290.00
3943,2112.588,STOCK2,286.00,200,sell,T-036,T-049,286.00,290.00
3944,2112.759,STOCK2,286.00,200,sell,T-036,T-049,286.00,290.00
3945,2112.912,STOCK2,286.00,200,sell,T-036,T-049,286.00,290.00
3946,2113.085,STOCK2,286.00,200,sell,T-036,T-049,286.00,290.00
3947,2113.266,STOCK2,286.00,200,sell,T-036,T-049,286.00,290.00
3948,2113.409,STOCK2,286.00,200,sell,T-036,T-049,286.00,290.00
3949,2113.560,STOCK2,286.00,200,sell,T-036,T-049,286.00,290.00
3950,2113.734,STOCK2,286.00,200,sell,T-036,T-049,286.00,290.00
3951,2115.984,STOCK2,286.00,200,sell,T-036,T-049,286.00,290.00
3952,2117.266,STOCK2,286.00,200,sell,T-036,T-049,286.00,290.00
3953,2117.640,STOCK2,286.00,200,sell,T-046,T-049,286.00,290.00
3954,2118.056,STOCK2,286.00,200,sell,T-046,T-049,286.00,290.00
3955,2118.367,STOCK2,286.00,200,sell,T-046,T-049,286.00,290.00
3956,2118.536,STOCK2,286.00,400,sell,T-046,T-025,286.00,290.00
3957,2118.536,STOCK2,286.00,100,sell,T-046,T-025,286.00,290.00
3958,2118.690,STOCK2,286.00,200,sell,T-046,T-049,286.00,290.00
3959,2118.882,STOCK2,286.00,200,sell,T-046,T-049,286.00,290.00
3960,2119.093,STOCK2,286.00,200,sell,T-046,T-049,286.00,290.00
3961,2120.298,STOCK2,286.00,200,sell,T-046,T-049,286.00,290.00
3962,2120.724,STOCK1,41.00,1000,buy,T-033,T-029,25.00,41.00
3963,2120.876,STOCK2,286.00,100,sell,T-046,T-049,286.00,290.00
3964,2120.876,STOCK2,286.00,100,sell,T-046,T-049,286.00,290.00
3965,2121.026,STOCK2,286.00,200,sell,T-046,T-049,286.00,290.00
3966,2121.177,STOCK1,41.00,1000,buy,T-033,T-029,25.00,41.00
3967,2121.218,STOCK2,286.00,200,sell,T-046,T-049,286.00,290.00
3968,2121.391,STOCK2,286.00,200,sell,T-046,T-049,286.00,290.00
3969,2121.585,STOCK2,286.00,200,sell,T-046,T-049,286.00,290.00
3970,2122.118,STOCK2,286.00,100,sell,T-046,T-049,286.00,290.00
3971,2122.118,STOCK2,281.00,100,sell,T-036,T-049,286.00,290.00
3972,2130.899,STOCK2,281.00,1000,sell,T-036,T-026,281.00,289.00
3973,2132.168,STOCK2,281.00,300,sell,T-036,T-015,281.00,289.00
3974,2132.168,STOCK2,280.00,1000,sell,T-051,T-015,281.00,289.00
3975,2132.168,STOCK2,280.00,1700,sell,T-051,T-015,281.00,289.00
3976,2132.258,STOCK2,280.00,300,sell,T-051,T-026,280.00,289.00
3977,2132.258,STOCK2,270.00,700,sell,T-037,T-026,280.00,289.00
3978,2132.602,STOCK2,270.00,1300,sell,T-037,T-015,270.00,289.00
3979,2132.602,STOCK2,270.00,1700,sell,T-037,T-015,270.00,289.00
3980,2134.013,STOCK1,41.00,500,buy,T-033,T-045,26.00,41.00
3981,2134.013,STOCK1,41.00,500,buy,T-033,T-045,26.00,41.00
3982,2135.606,STOCK1,41.00,1000,buy,T-033,T-045,26.00,41.00
3983,2141.142,STOCK1,41.00,10,buy,T-022,T-051,26.00,41.00
3984,2141.142,STOCK1,41.00,10,buy,T-022,T-051,26.00,41.00
3985,2141.434,STOCK1,41.00,10,buy,T-022,T-051,26.00,41.00
3986,2141.434,STOCK1,41.00,10,buy,T-022,T-051,26.00,41.00
3987,2141.727,STOCK1,41.00,10,buy,T-022,T-051,26.00,41.00
3988,2141.727,STOCK1,41.00,10,buy,T-022,T-051,26.00,41.00
3989,2145.383,STOCK1,40.90,50,buy,T-044,T-045,26.00,40.90
3990,2145.562,STOCK1,40.90,500,buy,T-047,T-045,26.00,40.90
3991,2145.723,STOCK1,40.90,450,buy,T-033,T-045,26.00,40.90
3992,2145.723,STOCK1,40.90,550,buy,T-033,T-045,26.00,40.90
3993,2146.138,STOCK1,40.90,450,buy,T-033,T-045,26.00,40.90
3994,2146.138,STOCK1,40.90,550,buy,T-033,T-045,26.00,40.90
3995,2146.623,STOCK2,260.00,1000,sell,T-051,T-026,260.00,289.00
3996,2146.643,STOCK1,40.90,450,buy,T-033,T-045,26.00,40.90
3997,2146.643,STOCK1,41.00,550,buy,T-033,T-051,26.00,40.90
3998,2146.643,STOCK1,41.00,50,buy,T-044,T-051,26.00,41.00
3999,2147.125,STOCK1,41.00,50,buy,T-044,T-051,26.00,41.00
4000,2147.125,STOCK1,41.00,1000,buy,T-033,T-051,26.00,41.00
4001,2147.318,STOCK2,260.00,1000,sell,T-051,T-026,260.00,289.00
4002,2147.480,STOCK2,260.00,1000,sell,T-051,T-026,260.00,289.00
4003,2147.620,STOCK1,41.00,1000,buy,T-033,T-051,26.00,41.00
4004,2148.024,STOCK1,41.00,1000,buy,T-033,T-051,26.00,41.00
4005,2148.388,STOCK1,41.00,1000,buy,T-033,T-051,26.00,41.00
4006,2148.608,STOCK1,41.00,50,buy,T-044,T-051,26.00,41.00
4007,2149.781,STOCK2,289.00,206,buy,T-050,T-011,256.00,289.00
4008,2149.781,STOCK2,290.00,294,buy,T-050,T-051,256.00,289.00
4009,2150.410,STOCK1,42.00,1000,buy,T-022,T-013,27.01,42.00
4010,2150.410,STOCK1,42.90,800,buy,T-022,T-045,27.01,42.00
4011,2150.410,STOCK1,42.90,1000,buy,T-022,T-045,27.01,42.00
4012,2150.410,STOCK1,43.00,1000,buy,T-022,T-055,27.01,42.00
4013,2150.410,STOCK1,43.00,1000,buy,T-022,T-055,27.01,42.00
4014,2150.410,STOCK1,43.00,200,buy,T-022,T-055,27.01,42.00
4015,2150.410,STOCK1,43.00,800,buy,T-022,T-055,27.01,43.00
4016,2150.410,STOCK1,43.00,1000,buy,T-022,T-055,27.01,43.00
4017,2150.410,STOCK1,43.00,1000,buy,T-022,T-055,27.01,43.00
4018,2150.410,STOCK1,43.00,1000,buy,T-022,T-055,27.01,43.00
4019,2150.410,STOCK1,43.00,1000,buy,T-022,T-055,27.01,43.00
4020,2150.410,STOCK1,43.00,200,buy,T-022,T-055,27.01,43.00
4021,2150.713,STOCK1,40.90,1000,buy,T-022,T-045,27.01,40.90
4022,2150.713,STOCK1,43.00,800,buy,T-022,T-055,27.01,40.90
4023,2150.713,STOCK1,43.00,2000,buy,T-022,T-051,27.01,40.90
4024,2150.713,STOCK1,44.00,1200,buy,T-022,T-016,27.01,40.90
4025,2150.713,STOCK1,44.00,3800,buy,T-022,T-016,27.01,44.00
4026,2150.713,STOCK1,44.90,1000,buy,T-022,T-045,27.01,44.00
4027,2150.713,STOCK1,44.90,200,buy,T-022,T-045,27.01,44.00
4028,2151.023,STOCK1,44.90,800,buy,T-022,T-045,27.01,44.90
4029,2151.023,STOCK1,45.00,650,buy,T-022,T-045,27.01,44.90
4030,2151.023,STOCK1,45.00,3550,buy,T-022,T-016,27.01,44.90
4031,2151.023,STOCK1,45.00,1450,buy,T-022,T-016,27.01,45.00
4032,2151.023,STOCK1,47.00,1000,buy,T-022,T-030,27.01,45.00
4033,2151.023,STOCK1,47.00,1000,buy,T-022,T-030,27.01,45.00
4034,2151.023,STOCK1,49.90,700,buy,T-022,T-045,27.01,45.00
4035,2151.023,STOCK1,49.90,850,buy,T-022,T-045,27.01,45.00
4036,2151.316,STOCK1,49.90,150,buy,T-022,T-045,27.01,49.90
4037,2151.316,STOCK1,50.00,800,buy,T-022,T-030,27.01,49.90
4038,2151.316,STOCK1,50.00,1000,buy,T-022,T-030,27.01,49.90
4039,2151.316,STOCK1,50.00,3050,buy,T-022,T-016,27.01,49.90
4040,2151.316,STOCK1,50.00,1950,buy,T-022,T-016,27.01,50.00
4041,2151.316,STOCK1,54.90,1000,buy,T-022,T-045,27.01,50.00
4042,2151.316,STOCK1,54.90,1000,buy,T-022,T-045,27.01,50.00
4043,2151.316,STOCK1,54.90,1000,buy,T-022,T-045,27.01,50.00
4044,2151.316,STOCK1,57.90,50,buy,T-022,T-045,27.01,50.00
4045,2151.632,STOCK1,57.90,650,buy,T-022,T-045,27.01,57.90
4046,2151.632,STOCK1,57.90,1000,buy,T-022,T-045,27.01,57.90
4047,2151.632,STOCK1,58.00,700,buy,T-022,T-030,27.01,57.90
4048,2151.632,STOCK1,58.00,1000,buy,T-022,T-030,27.01,57.90
4049,2151.632,STOCK1,59.90,900,buy,T-022,T-045,27.01,57.90
4050,2151.632,STOCK1,59.90,750,buy,T-022,T-045,27.01,57.90
4051,2151.642,STOCK1,59.90,250,buy,T-022,T-045,27.01,59.90
4052,2151.642,STOCK1,60.00,1000,buy,T-022,T-013,27.01,59.90
4053,2151.642,STOCK1,60.00,2000,buy,T-022,T-029,27.01,59.90
4054,2151.642,STOCK1,61.00,850,buy,T-022,T-030,27.01,59.90
4055,2151.642,STOCK1,61.00,900,buy,T-022,T-030,27.01,59.90
4056,2151.964,STOCK1,61.00,100,buy,T-022,T-030,27.01,61.00
4057,2151.964,STOCK1,61.00,1000,buy,T-022,T-030,27.01,61.00
4058,2151.964,STOCK1,69.00,1000,buy,T-022,T-013,27.01,61.00
4059,2151.964,STOCK1,69.90,1000,buy,T-022,T-045,27.01,61.00
4060,2151.964,STOCK1,69.90,1000,buy,T-022,T-045,27.01,61.00
4061,2151.964,STOCK1,69.90,900,buy,T-022,T-045,27.01,61.00
4062,2151.964,STOCK1,69.90,100,buy,T-022,T-045,27.01,69.90
4063,2151.964,STOCK1,70.00,3300,buy,T-022,T-016,27.01,69.90
4064,2151.964,STOCK1,70.00,1600,buy,T-022,T-029,27.01,69.90
4065,2152.257,STOCK1,70.00,400,buy,T-022,T-029,27.01,70.00
4066,2152.257,STOCK1,70.00,4600,buy,T-022,T-051,27.01,70.00
4067,2152.257,STOCK1,70.00,400,buy,T-022,T-051,27.01,70.00
4068,2152.257,STOCK1,70.00,350,buy,T-022,T-038,27.01,70.00
4069,2152.257,STOCK1,73.00,1000,buy,T-022,T-045,27.01,70.00
4070,2152.257,STOCK1,73.00,1000,buy,T-022,T-045,27.01,70.00
4071,2152.257,STOCK1,73.00,1000,buy,T-022,T-045,27.01,70.00
4072,2152.257,STOCK1,74.00,1000,buy,T-022,T-041,27.01,70.00
4073,2152.257,STOCK1,74.00,250,buy,T-022,T-041,27.01,70.00
4074,2152.563,STOCK1,74.00,750,buy,T-022,T-041,27.01,74.00
4075,2152.563,STOCK1,74.00,1000,buy,T-022,T-041,27.01,74.00
4076,2152.563,STOCK1,74.00,1000,buy,T-022,T-041,27.01,74.00
4077,2152.563,STOCK1,74.00,1000,buy,T-022,T-041,27.01,74.00
4078,2152.563,STOCK1,74.00,1000,buy,T-022,T-041,27.01,74.00
4079,2152.563,STOCK1,74.00,250,buy,T-022,T-041,27.01,74.00
4080,2152.574,STOCK1,74.00,750,buy,T-022,T-041,27.01,74.00
4081,2152.574,STOCK1,74.00,1000,buy,T-022,T-013,27.01,74.00
4082,2152.574,STOCK1,74.00,1000,buy,T-022,T-041,27.01,74.00
4083,2152.574,STOCK1,74.00,1000,buy,T-022,T-041,27.01,74.00
4084,2152.574,STOCK1,74.00,1000,buy,T-022,T-041,27.01,74.00
4085,2152.574,STOCK1,74.00,250,buy,T-022,T-041,27.01,74.00
4086,2152.895,STOCK1,74.00,750,buy,T-022,T-041,27.01,74.00
4087,2152.895,STOCK1,74.00,1000,buy,T-022,T-041,27.01,74.00
4088,2152.895,STOCK1,74.00,1000,buy,T-022,T-041,27.01,74.00
4089,2152.895,STOCK1,74.00,1000,buy,T-022,T-041,27.01,74.00
4090,2152.895,STOCK1,74.00,1000,buy,T-022,T-041,27.01,74.00
4091,2152.895,STOCK1,74.00,250,buy,T-022,T-041,27.01,74.00
4092,2152.895,STOCK1,74.00,750,buy,T-022,T-041,27.01,74.00
4093,2152.895,STOCK1,74.00,1000,buy,T-022,T-041,27.01,74.00
4094,2152.895,STOCK1,75.00,1000,buy,T-022,T-045,27.01,74.00
4095,2152.895,STOCK1,75.00,1000,buy,T-022,T-045,27.01,74.00
4096,2152.895,STOCK1,77.00,1000,buy,T-022,T-045,27.01,74.00
4097,2152.895,STOCK1,77.00,250,buy,T-022,T-045,27.01,74.00
4098,2153.217,STOCK1,77.00,750,buy,T-022,T-045,27.01,77.00
4099,2153.217,STOCK1,77.00,1000,buy,T-022,T-013,27.01,77.00
4100,2153.217,STOCK1,79.00,1000,buy,T-022,T-030,27.01,77.00
4101,2153.217,STOCK1,79.00,1000,buy,T-022,T-045,27.01,77.00
4102,2153.217,STOCK1,79.00,1000,buy,T-022,T-045,27.01,77.00
4103,2153.217,STOCK1,80.00,250,buy,T-022,T-051,27.01,77.00
4104,2153.217,STOCK1,80.00,650,buy,T-022,T-051,27.01,80.00
4105,2153.217,STOCK1,81.00,950,buy,T-022,T-030,27.01,80.00
4106,2153.217,STOCK1,82.00,1000,buy,T-022,T-041,27.01,80.00
4107,2153.217,STOCK1,82.00,1000,buy,T-022,T-041,27.01,80.00
4108,2153.217,STOCK1,82.00,1000,buy,T-022,T-041,27.01,80.00
4109,2153.217,STOCK1,82.00,400,buy,T-022,T-041,27.01,80.00
4110,2153.552,STOCK1,82.00,600,buy,T-022,T-041,27.01,82.00
4111,2153.552,STOCK1,82.00,1000,buy,T-022,T-041,27.01,82.00
4112,2153.552,STOCK1,82.00,1000,buy,T-022,T-041,27.01,82.00
4113,2153.552,STOCK1,82.00,1000,buy,T-022,T-041,27.01,82.00
4114,2153.552,STOCK1,82.00,1000,buy,T-022,T-041,27.01,82.00
4115,2153.552,STOCK1,82.00,400,buy,T-022,T-041,27.01,82.00
4116,2153.552,STOCK1,82.00,600,buy,T-022,T-041,27.01,82.00
4117,2153.552,STOCK1,82.00,1000,buy,T-022,T-041,27.01,82.00
4118,2153.552,STOCK1,82.00,1000,buy,T-022,T-041,27.01,82.00
4119,2153.552,STOCK1,82.00,1000,buy,T-022,T-041,27.01,82.00
4120,2153.552,STOCK1,82.00,1000,buy,T-022,T-041,27.01,82.00
4121,2153.552,STOCK1,82.00,400,buy,T-022,T-041,27.01,82.00
4122,2153.896,STOCK1,82.00,600,buy,T-022,T-041,27.01,82.00
4123,2153.896,STOCK1,82.00,1000,buy,T-022,T-041,27.01,82.00
4124,2153.896,STOCK1,82.00,1000,buy,T-022,T-041,27.01,82.00
4125,2153.896,STOCK1,84.90,1000,buy,T-022,T-045,27.01,82.00
4126,2153.896,STOCK1,84.90,1000,buy,T-022,T-045,27.01,82.00
4127,2153.896,STOCK1,85.00,400,buy,T-022,T-030,27.01,82.00
4128,2153.896,STOCK1,85.00,500,buy,T-022,T-030,27.01,85.00
4129,2153.896,STOCK1,85.00,1000,buy,T-022,T-030,27.01,85.00
4130,2153.896,STOCK1,88.00,3500,buy,T-022,T-016,27.01,85.00
4131,2154.239,STOCK1,88.00,1300,buy,T-022,T-016,27.01,88.00
4132,2154.239,STOCK1,90.00,350,buy,T-022,T-030,27.01,88.00
4133,2154.239,STOCK1,90.00,1000,buy,T-022,T-030,27.01,88.00
4134,2154.239,STOCK1,94.00,1000,buy,T-022,T-041,27.01,88.00
4135,2154.239,STOCK1,94.00,1000,buy,T-022,T-041,27.01,88.00
4136,2154.239,STOCK1,94.00,350,buy,T-022,T-041,27.01,88.00
4137,2154.239,STOCK1,94.00,650,buy,T-022,T-041,27.01,94.00
4138,2154.239,STOCK1,94.00,1000,buy,T-022,T-041,27.01,94.00
4139,2154.239,STOCK1,94.00,1000,buy,T-022,T-041,27.01,94.00
4140,2154.239,STOCK1,94.00,1000,buy,T-022,T-041,27.01,94.00
4141,2154.239,STOCK1,95.00,1350,buy,T-022,T-016,27.01,94.00
4142,2154.555,STOCK1,95.00,3300,buy,T-022,T-016,27.01,95.00
4143,2154.555,STOCK1,97.00,500,buy,T-022,T-032,27.01,95.00
4144,2154.555,STOCK1,97.00,1000,buy,T-022,T-030,27.01,95.00
4145,2154.555,STOCK1,97.00,200,buy,T-022,T-030,27.01,95.00
4146,2154.555,STOCK1,97.00,800,buy,T-022,T-030,27.01,97.00
4147,2154.555,STOCK1,99.00,1000,buy,T-022,T-045,27.01,97.00
4148,2154.555,STOCK1,99.00,1000,buy,T-022,T-045,27.01,97.00
4149,2154.555,STOCK1,100.00,2200,buy,T-022,T-031,27.01,97.00
4150,2154.880,STOCK1,100.00,1550,buy,T-022,T-031,27.01,100.00
4151,2154.880,STOCK1,100.00,3450,buy,T-022,T-051,27.01,100.00
4152,2154.880,STOCK1,100.00,1550,buy,T-022,T-051,27.01,100.00
4153,2154.880,STOCK1,100.00,500,buy,T-022,T-038,27.01,100.00
4154,2154.880,STOCK1,109.00,1000,buy,T-022,T-032,27.01,100.00
4155,2154.880,STOCK1,109.00,1000,buy,T-022,T-032,27.01,100.00
4156,2154.880,STOCK1,110.00,950,buy,T-022,T-013,27.01,100.00
4157,2155.203,STOCK1,110.00,50,buy,T-022,T-013,27.01,110.00
4158,2155.203,STOCK1,120.00,1000,buy,T-022,T-032,27.01,110.00
4159,2155.203,STOCK1,120.00,1000,buy,T-022,T-032,27.01,110.00
4160,2155.203,STOCK1,120.00,1000,buy,T-022,T-032,27.01,110.00
4161,2155.203,STOCK1,120.00,1950,buy,T-022,T-031,27.01,110.00
4162,2155.203,STOCK1,120.00,3050,buy,T-022,T-031,27.01,120.00
4163,2155.203,STOCK1,123.00,700,buy,T-022,T-032,27.01,120.00
4164,2155.203,STOCK1,123.00,1000,buy,T-022,T-032,27.01,120.00
4165,2155.203,STOCK1,128.80,250,buy,T-022,T-013,27.01,120.00
4166,2155.516,STOCK1,128.80,750,buy,T-022,T-013,27.01,128.80
4167,2155.516,STOCK1,130.00,500,buy,T-022,T-036,27.01,128.80
4168,2155.516,STOCK1,130.00,1000,buy,T-022,T-036,27.01,128.80
4169,2155.516,STOCK1,130.00,1000,buy,T-022,T-036,27.01,128.80
4170,2155.516,STOCK1,130.00,1000,buy,T-022,T-036,27.01,128.80
4171,2155.516,STOCK1,130.00,750,buy,T-022,T-029,27.01,128.80
4172,2155.516,STOCK1,130.00,1750,buy,T-022,T-029,27.01,130.00
4173,2155.516,STOCK1,130.00,3250,buy,T-022,T-051,27.01,130.00
4174,2155.838,STOCK1,130.00,1750,buy,T-022,T-051,27.01,130.00
4175,2155.838,STOCK1,130.00,1000,buy,T-022,T-036,27.01,130.00
4176,2155.838,STOCK1,130.00,1000,buy,T-022,T-036,27.01,130.00
4177,2155.838,STOCK1,130.00,1000,buy,T-022,T-036,27.01,130.00
4178,2155.838,STOCK1,135.00,250,buy,T-022,T-032,27.01,130.00
4179,2155.838,STOCK1,135.00,750,buy,T-022,T-032,27.01,135.00
4180,2155.838,STOCK1,136.00,500,buy,T-022,T-045,27.01,135.00
4181,2155.838,STOCK1,137.00,1000,buy,T-022,T-032,27.01,135.00
4182,2155.838,STOCK1,137.00,400,buy,T-022,T-038,27.01,135.00
4183,2155.838,STOCK1,138.00,2350,buy,T-022,T-051,27.01,135.00
4184,2156.148,STOCK1,138.00,650,buy,T-022,T-051,27.01,138.00
4185,2156.148,STOCK1,139.00,1000,buy,T-022,T-032,27.01,138.00
4186,2156.148,STOCK1,140.00,400,buy,T-022,T-038,27.01,138.00
4187,2156.148,STOCK1,140.00,1000,buy,T-022,T-051,27.01,138.00
4188,2156.148,STOCK1,147.00,1000,buy,T-022,T-041,27.01,138.00
4189,2156.148,STOCK1,147.00,950,buy,T-022,T-041,27.01,138.00
4190,2156.148,STOCK1,147.00,50,buy,T-022,T-041,27.01,147.00
4191,2156.148,STOCK1,147.00,1000,buy,T-022,T-041,27.01,147.00
4192,2156.148,STOCK1,147.00,1000,buy,T-022,T-041,27.01,147.00
4193,2156.148,STOCK1,147.00,1000,buy,T-022,T-041,27.01,147.00
4194,2156.148,STOCK1,147.00,1000,buy,T-022,T-041,27.01,147.00
4195,2156.148,STOCK1,147.00,950,buy,T-022,T-041,27.01,147.00
4196,2156.483,STOCK1,147.00,50,buy,T-022,T-041,27.01,147.00
4197,2156.483,STOCK1,147.00,1000,buy,T-022,T-041,27.01,147.00
4198,2156.483,STOCK1,147.00,1000,buy,T-022,T-041,27.01,147.00
4199,2156.483,STOCK1,147.00,1000,buy,T-022,T-041,27.01,147.00
4200,2156.483,STOCK1,148.00,1000,buy,T-022,T-013,27.01,147.00
4201,2156.483,STOCK1,150.00,950,buy,T-022,T-016,27.01,147.00
4202,2156.483,STOCK1,150.00,4050,buy,T-022,T-016,27.01,150.00
4203,2156.483,STOCK1,150.00,950,buy,T-022,T-045,27.01,150.00
4204,2156.806,STOCK1,150.00,50,buy,T-022,T-045,27.01,150.00
4205,2156.806,STOCK1,153.00,1000,buy,T-022,T-032,27.01,150.00
4206,2156.806,STOCK1,157.00,1000,buy,T-022,T-013,27.01,150.00
4207,2156.806,STOCK1,160.00,1000,buy,T-022,T-032,27.01,150.00
4208,2156.806,STOCK1,167.00,1000,buy,T-022,T-032,27.01,150.00
4209,2156.806,STOCK1,169.00,100,buy,T-022,T-019,27.01,150.00
4210,2156.806,STOCK1,169.00,100,buy,T-022,T-019,27.01,150.00
4211,2156.806,STOCK1,180.00,100,buy,T-022,T-038,27.01,150.00
4212,2156.806,STOCK1,190.00,650,buy,T-022,T-032,27.01,150.00
4213,2157.110,STOCK1,190.00,350,buy,T-022,T-032,27.01,190.00
4214,2157.110,STOCK1,200.00,1000,buy,T-022,T-032,27.01,190.00
4215,2157.110,STOCK1,200.00,1000,buy,T-022,T-032,27.01,190.00
4216,2157.110,STOCK1,200.00,1000,buy,T-022,T-031,27.01,190.00
4217,2157.110,STOCK1,220.00,1000,buy,T-022,T-031,27.01,190.00
4218,2157.110,STOCK1,240.00,650,buy,T-022,T-032,27.01,190.00
4219,2157.120,STOCK1,240.00,350,buy,T-022,T-032,27.01,240.00
4220,2157.120,STOCK1,240.00,1000,buy,T-022,T-032,27.01,240.00
4221,2157.120,STOCK1,300.00,1000,buy,T-022,T-031,27.01,240.00
4222,2157.120,STOCK1,500.00,100,buy,T-022,T-013,27.01,240.00
4223,2157.120,STOCK1,700.00,1000,buy,T-022,T-031,27.01,240.00
4224,2157.120,STOCK1,700.00,1000,buy,T-022,T-031,27.01,240.00
4225,2157.120,STOCK1,1111.02,550,buy,T-022,T-031,27.01,240.00
4226,2157.454,STOCK1,1111.02,450,buy,T-022,T-031,29.00,1111.02
4227,2157.454,STOCK1,1111.02,1000,buy,T-022,T-031,29.00,1111.02
4228,2157.454,STOCK1,9994.00,3550,buy,T-022,T-037,29.00,1111.02
4229,2157.463,STOCK1,9994.00,1450,buy,T-022,T-037,29.00,9994.00
4230,2157.463,STOCK1,9999.00,3550,buy,T-022,T-032,29.00,9994.00
4231,2157.740,STOCK1,9999.00,1450,buy,T-022,T-032,29.00,9999.00
4232,2157.740,STOCK1,9999.00,3550,buy,T-022,T-032,29.00,9999.00
4233,2158.078,STOCK1,9999.00,1000,buy,T-030,T-032,29.00,9999.00
4234,2158.213,STOCK1,9999.00,450,buy,T-030,T-032,29.00,9999.00
4235,2158.213,STOCK1,9999.99,550,buy,T-030,T-037,29.00,9999.00
4236,2158.253,STOCK1,29.00,100,sell,T-040,T-027,29.00,9999.99
4237,2158.429,STOCK1,9999.99,1000,buy,T-030,T-037,29.00,9999.99
4238,2158.460,STOCK1,29.00,100,sell,T-040,T-027,29.00,9999.99
4239,2158.631,STOCK1,9999.99,850,buy,T-030,T-037,29.00,9999.99
4240,2158.631,STOCK1,9999.99,150,buy,T-030,T-037,29.00,9999.99
4241,2158.862,STOCK1,29.00,100,sell,T-040,T-027,29.00,9999.99
4242,2158.882,STOCK1,9999.99,1000,buy,T-030,T-037,29.00,9999.99
4243,2159.149,STOCK1,9999.99,1000,buy,T-030,T-037,29.00,9999.99
4244,2159.340,STOCK1,9999.99,1000,buy,T-030,T-037,29.00,9999.99
4245,2159.753,STOCK1,9999.99,1000,buy,T-030,T-037,29.00,9999.99
4246,2160.518,STOCK1,29.00,200,sell,T-040,T-052,29.00,9999.99
4247,2160.619,STOCK1,9999.99,850,buy,T-030,T-037,29.00,9999.99
4248,2160.619,STOCK1,9999.99,150,buy,T-030,T-037,29.00,9999.99
4249,2160.783,STOCK1,9999.99,1000,buy,T-030,T-037,29.00,9999.99
4250,2161.004,STOCK1,9999.99,1000,buy,T-030,T-037,29.00,9999.99
4251,2161.218,STOCK1,9999.99,1000,buy,T-030,T-037,29.00,9999.99
4252,2162.858,STOCK1,100.00,1000,buy,T-028,T-046,29.00,100.00
4253,2162.858,STOCK1,100.00,1000,buy,T-028,T-046,29.00,100.00
4254,2162.858,STOCK1,1809.00,1000,buy,T-028,T-013,29.00,100.00
4255,2162.858,STOCK1,9999.99,1850,buy,T-028,T-037,29.00,100.00
4256,2165.632,STOCK1,29.00,500,sell,T-040,T-028,29.00,1809.00
4257,2165.632,STOCK1,27.01,4500,sell,T-011,T-028,29.00,1809.00
4258,2166.402,STOCK1,27.01,500,sell,T-011,T-028,27.01,1809.00
4259,2166.402,STOCK1,26.00,1000,sell,T-040,T-028,27.01,1809.00
4260,2166.402,STOCK1,26.00,1000,sell,T-040,T-028,27.01,1809.00
4261,2166.402,STOCK1,25.10,500,sell,T-045,T-028,27.01,1809.00
4262,2166.402,STOCK1,25.00,2000,sell,T-016,T-028,27.01,1809.00
4263,2172.041,STOCK1,25.00,100,sell,T-016,T-053,25.00,500.00
4264,2199.437,STOCK2,256.00,100,sell,T-019,T-053,256.00,290.00
4265,2199.437,STOCK2,256.00,100,sell,T-019,T-053,256.00,290.00
4266,2199.437,STOCK2,256.00,100,sell,T-019,T-053,256.00,290.00
4267,2199.437,STOCK2,256.00,100,sell,T-019,T-053,256.00,290.00
4268,2199.437,STOCK2,256.00,100,sell,T-019,T-053,256.00,290.00
4269,2199.437,STOCK2,256.00,100,sell,T-019,T-053,256.00,290.00
4270,2199.437,STOCK2,255.00,400,sell,T-046,T-053,256.00,290.00
4271,2203.323,STOCK1,170.00,1000,buy,T-028,T-013,50.10,170.00
4272,2203.323,STOCK1,180.00,1000,buy,T-028,T-046,50.10,170.00
4273,2203.323,STOCK1,180.00,1000,buy,T-028,T-046,50.10,170.00
4274,2203.323,STOCK1,180.00,1000,buy,T-028,T-046,50.10,170.00
4275,2203.323,STOCK1,180.00,1000,buy,T-028,T-046,50.10,170.00
4276,2204.112,STOCK1,50.10,1000,sell,T-045,T-010,50.10,180.00
4277,2204.547,STOCK1,50.10,1000,sell,T-045,T-010,50.10,180.00
4278,2204.698,STOCK1,50.10,1000,sell,T-045,T-010,50.10,170.00
4279,2204.921,STOCK1,50.10,1000,sell,T-045,T-010,50.10,170.00
4280,2205.359,STOCK1,50.10,1000,sell,T-045,T-010,50.10,170.00
4281,2205.517,STOCK1,50.10,1000,sell,T-045,T-010,50.10,170.00
4282,2205.658,STOCK1,50.00,1000,sell,T-051,T-010,50.00,170.00
4283,2205.811,STOCK1,50.00,1000,sell,T-051,T-010,50.00,170.00
4284,2205.963,STOCK1,50.00,1000,sell,T-051,T-010,50.00,170.00
4285,2206.115,STOCK1,50.00,1000,sell,T-016,T-010,50.00,170.00
4286,2206.265,STOCK1,50.00,1000,sell,T-016,T-010,50.00,170.00
4287,2206.416,STOCK1,50.00,200,sell,T-016,T-052,50.00,170.00
4288,2206.426,STOCK1,50.00,1000,sell,T-016,T-010,50.00,170.00
4289,2206.561,STOCK1,50.00,1000,sell,T-016,T-010,50.00,170.00
4290,2206.631,STOCK1,50.00,500,sell,T-016,T-010,50.00,170.00
4291,2206.631,STOCK1,45.00,500,sell,T-045,T-010,50.00,170.00
4292,2206.793,STOCK1,45.00,1000,sell,T-045,T-010,45.00,170.00
4293,2206.874,STOCK1,45.00,200,sell,T-045,T-052,45.00,170.00
4294,2206.913,STOCK1,45.00,1000,sell,T-045,T-010,45.00,170.00
4295,2207.058,STOCK1,45.00,300,sell,T-045,T-010,45.00,170.00
4296,2207.058,STOCK1,45.00,700,sell,T-045,T-010,45.00,170.00
4297,2207.228,STOCK1,45.00,1000,sell,T-045,T-010,45.00,170.00
4298,2207.358,STOCK1,45.00,1000,sell,T-045,T-010,45.00,170.00
4299,2207.448,STOCK1,45.00,300,sell,T-045,T-010,45.00,170.00
4300,2207.448,STOCK1,40.00,700,sell,T-051,T-010,45.00,170.00
4301,2207.600,STOCK1,40.00,1000,sell,T-051,T-010,40.00,170.00
4302,2207.760,STOCK1,40.00,1000,sell,T-051,T-010,40.00,170.00
4303,2208.395,STOCK1,160.00,1000,buy,T-028,T-032,40.00,160.00
4304,2208.395,STOCK1,170.00,1000,buy,T-028,T-013,40.00,160.00
4305,2208.395,STOCK1,175.00,1000,buy,T-028,T-046,40.00,160.00
4306,2208.395,STOCK1,175.00,1000,buy,T-028,T-046,40.00,160.00
4307,2208.395,STOCK1,178.00,1000,buy,T-028,T-011,40.00,160.00
4308,2209.818,STOCK1,150.00,1,sell,T-019,T-052,150.00,178.00
4309,2209.818,STOCK1,40.00,199,sell,T-051,T-052,150.00,178.00
4310,2212.624,STOCK1,165.00,1000,buy,T-028,T-046,150.00,165.00
4311,2212.624,STOCK1,165.00,1000,buy,T-028,T-046,150.00,165.00
4312,2212.624,STOCK1,178.00,3000,buy,T-028,T-011,150.00,165.00
4313,2216.622,STOCK1,150.00,1,sell,T-019,T-048,150.00,178.00
4314,2216.765,STOCK1,49.00,200,sell,T-045,T-052,49.00,170.00
4315,2218.607,STOCK1,150.00,1,sell,T-019,T-010,150.00,170.00
4316,2218.607,STOCK1,49.00,999,sell,T-045,T-010,150.00,170.00
4317,2219.081,STOCK1,49.00,1000,sell,T-045,T-010,49.00,170.00
4318,2220.128,STOCK1,170.00,1000,buy,T-028,T-031,150.00,170.00
4319,2220.128,STOCK1,170.00,1000,buy,T-028,T-031,150.00,170.00
4320,2220.128,STOCK1,178.00,1000,buy,T-028,T-011,150.00,170.00
4321,2220.128,STOCK1,180.00,2000,buy,T-028,T-011,150.00,170.00
4322,2220.886,STOCK1,150.00,1,sell,T-019,T-010,150.00,180.00
4323,2220.886,STOCK1,150.00,1,sell,T-019,T-010,150.00,180.00
4324,2220.886,STOCK1,55.00,998,sell,T-013,T-010,150.00,180.00
4325,2221.017,STOCK1,55.00,1,sell,T-013,T-048,55.00,180.00
4326,2221.240,STOCK1,55.00,1,sell,T-013,T-033,55.00,180.00
4327,2221.807,STOCK1,55.00,1000,sell,T-013,T-010,55.00,150.00
4328,2221.920,STOCK1,49.00,200,sell,T-045,T-052,49.00,150.00
4329,2222.134,STOCK1,49.00,601,sell,T-045,T-010,49.00,150.00
4330,2222.134,STOCK1,41.00,399,sell,T-032,T-010,49.00,150.00
4331,2222.500,STOCK1,41.00,1,sell,T-032,T-027,41.00,150.00
4332,2223.230,STOCK1,55.00,1000,sell,T-013,T-010,55.00,150.00
4333,2224.132,STOCK1,55.00,1000,sell,T-013,T-010,55.00,150.00
4334,2230.258,STOCK1,150.00,5000,buy,T-028,T-036,149.00,150.00
4335,2230.359,STOCK2,255.00,600,sell,T-046,T-005,255.00,290.00
4336,2230.359,STOCK2,252.00,100,sell,T-019,T-005,255.00,290.00
4337,2230.359,STOCK2,252.00,100,sell,T-019,T-005,255.00,290.00
4338,2230.359,STOCK2,252.00,100,sell,T-019,T-005,255.00,290.00
4339,2230.359,STOCK2,252.00,100,sell,T-019,T-005,255.00,290.00
4340,2230.957,STOCK1,149.00,1,sell,T-019,T-027,149.00,176.00
4341,2231.256,STOCK1,45.00,1,sell,T-013,T-048,45.00,176.00
4342,2232.393,STOCK1,149.00,1,sell,T-019,T-033,149.00,176.00
4343,2232.655,STOCK2,252.00,100,sell,T-019,T-005,252.00,290.00
4344,2232.655,STOCK2,252.00,100,sell,T-019,T-005,252.00,290.00
4345,2232.655,STOCK2,252.00,100,sell,T-019,T-005,252.00,290.00
4346,2232.655,STOCK2,252.00,100,sell,T-019,T-005,252.00,290.00
4347,2232.655,STOCK2,250.00,600,sell,T-031,T-005,252.00,290.00
4348,2235.034,STOCK2,250.00,400,sell,T-031,T-005,250.00,290.00
4349,2235.034,STOCK2,248.00,600,sell,T-030,T-005,250.00,290.00
4350,2235.594,STOCK2,248.00,400,sell,T-030,T-005,248.00,290.00
4351,2235.594,STOCK2,248.00,600,sell,T-030,T-005,248.00,290.00
4352,2235.655,STOCK1,149.00,1,sell,T-019,T-033,149.00,170.00
4353,2235.698,STOCK1,46.00,1,sell,T-041,T-048,46.00,170.00
4354,2235.960,STOCK2,248.00,400,sell,T-030,T-026,248.00,290.00
4355,2235.960,STOCK2,248.00,600,sell,T-030,T-026,248.00,290.00
4356,2236.212,STOCK1,46.00,1,sell,T-041,T-027,46.00,170.00
4357,2236.376,STOCK2,248.00,400,sell,T-030,T-005,248.00,290.00
4358,2236.376,STOCK2,245.00,600,sell,T-051,T-005,248.00,290.00
4359,2236.500,STOCK2,245.00,400,sell,T-051,T-015,245.00,290.00
4360,2236.500,STOCK2,243.50,1000,sell,T-041,T-015,245.00,290.00
4361,2236.500,STOCK2,243.50,1000,sell,T-041,T-015,245.00,290.00
4362,2236.500,STOCK2,243.50,600,sell,T-041,T-015,245.00,290.00
4363,2236.873,STOCK2,243.50,400,sell,T-041,T-005,243.50,290.00
4364,2236.873,STOCK2,243.50,600,sell,T-041,T-005,243.50,290.00
4365,2237.273,STOCK2,243.50,400,sell,T-041,T-005,243.50,290.00
4366,2237.273,STOCK2,243.50,600,sell,T-041,T-005,243.50,290.00
4367,2237.293,STOCK1,149.00,1,sell,T-019,T-027,149.00,170.00
4368,2237.333,STOCK1,46.00,1,sell,T-041,T-033,46.00,170.00
4369,2237.424,STOCK2,243.50,400,sell,T-041,T-005,243.50,290.00
4370,2237.424,STOCK2,243.00,600,sell,T-030,T-005,243.50,290.00
4371,2238.011,STOCK2,243.00,400,sell,T-030,T-005,243.00,290.00
4372,2238.011,STOCK2,243.00,600,sell,T-030,T-005,243.00,290.00
4373,2238.162,STOCK2,243.00,400,sell,T-030,T-005,243.00,290.00
4374,2238.162,STOCK2,243.00,600,sell,T-041,T-005,243.00,290.00
4375,2238.786,STOCK1,149.00,1,sell,T-019,T-033,149.00,170.00
4376,2240.139,STOCK1,149.00,1,sell,T-019,T-027,149.00,170.00
4377,2240.290,STOCK1,50.00,1,sell,T-037,T-033,50.00,170.00
4378,2241.491,STOCK1,149.00,1,sell,T-019,T-027,149.00,170.00
4379,2242.644,STOCK1,149.00,1,sell,T-019,T-033,149.00,169.00
4380,2242.894,STOCK1,50.00,1,sell,T-037,T-027,50.00,169.00
4381,2243.010,STOCK1,50.00,200,sell,T-037,T-052,50.00,169.00
4382,2243.794,STOCK1,149.00,1,sell,T-019,T-033,149.00,169.00
4383,2243.968,STOCK1,50.00,500,sell,T-037,T-050,50.00,169.00
4384,2243.998,STOCK1,50.00,1,sell,T-037,T-027,50.00,169.00
4385,2244.366,STOCK1,149.00,1,sell,T-019,T-052,149.00,169.00
4386,2244.366,STOCK1,50.00,199,sell,T-037,T-052,149.00,169.00
4387,2244.813,STOCK1,50.00,200,sell,T-037,T-052,50.00,169.00
4388,2245.227,STOCK1,50.00,200,sell,T-037,T-052,50.00,169.00
4389,2246.152,STOCK1,149.00,1,sell,T-019,T-027,149.00,169.00
4390,2246.414,STOCK1,50.00,1,sell,T-037,T-033,50.00,169.00
4391,2247.339,STOCK1,149.00,1,sell,T-019,T-033,149.00,169.00
4392,2248.623,STOCK1,149.00,1,sell,T-019,T-033,149.00,169.00
4393,2250.308,STOCK1,149.00,1,sell,T-019,T-033,149.00,169.00
4394,2251.490,STOCK1,149.00,1,sell,T-019,T-033,149.00,169.00
4395,2251.691,STOCK1,52.00,1,sell,T-011,T-027,52.00,169.00
4396,2252.797,STOCK1,149.00,1,sell,T-019,T-033,149.00,169.00
4397,2253.412,STOCK1,55.00,1,sell,T-013,T-027,55.00,169.00
4398,2253.726,STOCK1,149.00,1,sell,T-019,T-010,149.00,169.00
4399,2253.726,STOCK1,55.00,999,sell,T-013,T-010,149.00,169.00
4400,2254.483,STOCK1,52.00,1000,sell,T-011,T-010,52.00,169.00
4401,2255.050,STOCK1,149.00,1,sell,T-019,T-010,149.00,169.00
4402,2255.050,STOCK1,52.00,999,sell,T-011,T-010,149.00,169.00
4403,2256.146,STOCK1,149.00,1,sell,T-019,T-010,149.00,150.00
4404,2256.146,STOCK1,75.00,999,sell,T-041,T-010,149.00,150.00
4405,2256.619,STOCK1,75.00,1,sell,T-041,T-027,75.00,150.00
4406,2257.960,STOCK1,149.00,1,sell,T-019,T-033,149.00,150.00
4407,2258.243,STOCK1,75.00,1,sell,T-041,T-027,75.00,150.00
4408,2259.463,STOCK1,149.00,1,sell,T-019,T-010,149.00,150.00
4409,2259.463,STOCK1,75.00,999,sell,T-041,T-010,149.00,150.00
4410,2260.074,STOCK1,75.00,1,sell,T-041,T-027,75.00,150.00
4411,2260.144,STOCK1,75.00,999,sell,T-041,T-010,75.00,150.00
4412,2260.144,STOCK1,75.00,1,sell,T-041,T-010,75.00,150.00
4413,2260.714,STOCK1,149.00,1,sell,T-019,T-010,149.00,150.00
4414,2260.714,STOCK1,75.00,999,sell,T-041,T-010,149.00,150.00
4415,2261.851,STOCK1,149.00,1,sell,T-019,T-010,149.00,150.00
4416,2261.851,STOCK1,75.00,999,sell,T-041,T-010,149.00,150.00
4417,2262.223,STOCK1,75.00,1,sell,T-041,T-010,75.00,150.00
4418,2262.223,STOCK1,75.00,999,sell,T-041,T-010,75.00,150.00
4419,2262.707,STOCK1,149.00,1,sell,T-019,T-010,149.00,150.00
4420,2262.707,STOCK1,75.00,1,sell,T-041,T-010,149.00,150.00
4421,2262.707,STOCK1,75.00,998,sell,T-041,T-010,149.00,150.00
4422,2263.384,STOCK1,149.00,1,sell,T-019,T-010,149.00,150.00
4423,2263.384,STOCK1,75.00,2,sell,T-041,T-010,149.00,150.00
4424,2263.384,STOCK1,75.00,997,sell,T-041,T-010,149.00,150.00
4425,2263.781,STOCK1,75.00,3,sell,T-041,T-010,75.00,150.00
4426,2263.781,STOCK1,75.00,997,sell,T-041,T-010,75.00,150.00
4427,2264.344,STOCK1,149.00,1,sell,T-019,T-010,149.00,150.00
4428,2264.344,STOCK1,75.00,3,sell,T-041,T-010,149.00,150.00
4429,2264.344,STOCK1,75.00,996,sell,T-041,T-010,149.00,150.00
4430,2265.010,STOCK1,75.00,4,sell,T-041,T-010,75.00,150.00
4431,2265.010,STOCK1,75.00,996,sell,T-041,T-010,75.00,150.00
4432,2265.431,STOCK1,75.00,1,sell,T-041,T-027,75.00,150.00
4433,2267.413,STOCK1,149.00,1,sell,T-019,T-027,149.00,150.00
4434,2268.888,STOCK1,149.00,1,sell,T-019,T-027,149.00,150.00
4435,2269.011,STOCK1,75.00,3,sell,T-041,T-010,75.00,150.00
4436,2269.011,STOCK1,75.00,997,sell,T-041,T-010,75.00,150.00
4437,2269.563,STOCK1,75.00,3,sell,T-041,T-028,75.00,150.00
4438,2269.563,STOCK1,75.00,1000,sell,T-041,T-028,75.00,150.00
4439,2269.563,STOCK1,75.00,1000,sell,T-041,T-028,75.00,150.00
4440,2269.563,STOCK1,75.00,1000,sell,T-041,T-028,75.00,150.00
4441,2269.563,STOCK1,75.00,1000,sell,T-041,T-028,75.00,150.00
4442,2269.563,STOCK1,75.00,997,sell,T-041,T-028,75.00,150.00
4443,2269.847,STOCK1,149.00,1,sell,T-019,T-010,149.00,150.00
4444,2269.847,STOCK1,75.00,3,sell,T-041,T-010,149.00,150.00
4445,2269.847,STOCK1,75.00,996,sell,T-041,T-010,149.00,150.00
4446,2270.080,STOCK1,75.00,4,sell,T-041,T-010,75.00,150.00
4447,2270.080,STOCK1,75.00,996,sell,T-041,T-010,75.00,150.00
4448,2270.748,STOCK1,149.00,1,sell,T-019,T-010,149.00,150.00
4449,2270.748,STOCK1,75.00,4,sell,T-041,T-010,149.00,150.00
4450,2270.748,STOCK1,75.00,995,sell,T-041,T-010,149.00,150.00
4451,2270.780,STOCK1,75.00,5,sell,T-041,T-052,75.00,150.00
4452,2270.780,STOCK1,75.00,195,sell,T-041,T-052,75.00,150.00
4453,2271.012,STOCK1,75.00,805,sell,T-041,T-010,75.00,150.00
4454,2271.012,STOCK1,61.00,195,sell,T-046,T-010,75.00,150.00
4455,2271.314,STOCK1,61.00,1,sell,T-046,T-027,61.00,150.00
4456,2271.988,STOCK1,149.00,1,sell,T-019,T-010,149.00,150.00
4457,2271.988,STOCK1,61.00,804,sell,T-046,T-010,149.00,150.00
4458,2271.988,STOCK1,61.00,195,sell,T-046,T-010,149.00,150.00
4459,2272.496,STOCK1,61.00,805,sell,T-046,T-053,61.00,150.00
4460,2272.496,STOCK1,61.00,895,sell,T-046,T-053,61.00,150.00
4461,2272.677,STOCK1,61.00,105,sell,T-046,T-010,61.00,150.00
4462,2272.677,STOCK1,58.00,895,sell,T-046,T-010,61.00,150.00
4463,2272.909,STOCK1,149.00,1,sell,T-019,T-010,149.00,150.00
4464,2272.909,STOCK1,58.00,105,sell,T-046,T-010,149.00,150.00
4465,2272.909,STOCK1,58.00,894,sell,T-046,T-010,149.00,150.00
4466,2273.841,STOCK1,149.00,1,sell,T-019,T-010,149.00,150.00
4467,2273.841,STOCK1,75.00,999,sell,T-041,T-010,149.00,150.00
4468,2274.440,STOCK1,75.00,1,sell,T-041,T-010,75.00,150.00
4469,2274.440,STOCK1,75.00,999,sell,T-041,T-010,75.00,150.00
4470,2274.803,STOCK1,149.00,1,sell,T-019,T-010,149.00,150.00
4471,2274.803,STOCK1,75.00,1,sell,T-041,T-010,149.00,150.00
4472,2274.803,STOCK1,75.00,998,sell,T-041,T-010,149.00,150.00
4473,2275.669,STOCK1,149.00,1,sell,T-019,T-010,149.00,150.00
4474,2275.669,STOCK1,75.00,2,sell,T-041,T-010,149.00,150.00
4475,2275.669,STOCK1,75.00,997,sell,T-041,T-010,149.00,150.00
4476,2275.791,STOCK1,75.00,1,sell,T-041,T-027,75.00,150.00
4477,2276.363,STOCK1,149.00,1,sell,T-019,T-052,149.00,150.00
4478,2276.363,STOCK1,75.00,2,sell,T-041,T-052,149.00,150.00
4479,2276.363,STOCK1,75.00,197,sell,T-041,T-052,149.00,150.00
4480,2276.560,STOCK1,75.00,803,sell,T-041,T-010,75.00,150.00
4481,2276.560,STOCK1,75.00,197,sell,T-041,T-010,75.00,150.00
4482,2277.083,STOCK1,75.00,803,sell,T-041,T-010,75.00,150.00
4483,2277.083,STOCK1,75.00,197,sell,T-041,T-010,75.00,150.00
4484,2277.244,STOCK1,149.00,1,sell,T-019,T-010,149.00,150.00
4485,2277.244,STOCK1,75.00,803,sell,T-041,T-010,149.00,150.00
4486,2277.244,STOCK1,75.00,196,sell,T-041,T-010,149.00,150.00
4487,2277.425,STOCK1,75.00,804,sell,T-041,T-010,75.00,150.00
4488,2277.425,STOCK1,75.00,196,sell,T-041,T-010,75.00,150.00
4489,2277.593,STOCK1,75.00,804,sell,T-041,T-010,75.00,150.00
4490,2277.593,STOCK1,75.00,196,sell,T-041,T-010,75.00,150.00
4491,2277.795,STOCK1,75.00,804,sell,T-041,T-010,75.00,150.00
4492,2277.795,STOCK1,75.00,196,sell,T-041,T-010,75.00,150.00
4493,2277.999,STOCK1,75.00,804,sell,T-041,T-010,75.00,150.00
4494,2277.999,STOCK1,75.00,196,sell,T-041,T-010,75.00,150.00
4495,2278.200,STOCK1,75.00,804,sell,T-041,T-010,75.00,150.00
4496,2278.200,STOCK1,75.00,196,sell,T-041,T-010,75.00,150.00
4497,2278.363,STOCK1,149.00,1,sell,T-019,T-010,149.00,150.00
4498,2278.363,STOCK1,75.00,804,sell,T-041,T-010,149.00,150.00
4499,2278.363,STOCK1,75.00,195,sell,T-041,T-010,149.00,150.00
4500,2278.404,STOCK1,75.00,1,sell,T-041,T-027,75.00,150.00
4501,2278.595,STOCK1,75.00,804,sell,T-041,T-010,75.00,150.00
4502,2278.595,STOCK1,75.00,196,sell,T-041,T-010,75.00,150.00
4503,2278.766,STOCK1,75.00,804,sell,T-041,ME,75.00,150.00
4504,2278.766,STOCK1,75.00,196,sell,T-041,ME,75.00,150.00
4505,2279.147,STOCK1,149.00,1,sell,T-019,T-010,149.00,150.00
4506,2279.147,STOCK1,75.00,804,sell,T-041,T-010,149.00,150.00
4507,2279.147,STOCK1,75.00,195,sell,T-041,T-010,149.00,150.00
4508,2279.462,STOCK1,75.00,805,sell,T-041,T-010,75.00,150.00
4509,2279.462,STOCK1,75.00,195,sell,T-041,T-010,75.00,150.00
4510,2279.645,STOCK1,75.00,805,sell,T-041,T-010,75.00,150.00
4511,2279.645,STOCK1,75.00,195,sell,T-041,T-010,75.00,150.00
4512,2279.806,STOCK1,149.00,1,sell,T-019,T-052,149.00,150.00
4513,2279.806,STOCK1,75.00,199,sell,T-041,T-052,149.00,150.00
4514,2279.836,STOCK1,75.00,606,sell,T-041,T-010,75.00,150.00
4515,2279.836,STOCK1,75.00,394,sell,T-041,T-010,75.00,150.00
4516,2280.006,STOCK1,75.00,606,sell,T-041,T-010,75.00,150.00
4517,2280.006,STOCK1,59.00,394,sell,T-016,T-010,75.00,150.00
4518,2280.196,STOCK1,59.00,1000,sell,T-016,T-010,59.00,150.00
4519,2280.913,STOCK1,149.00,1,sell,T-019,T-010,149.00,150.00
4520,2280.913,STOCK1,75.00,999,sell,T-041,T-010,149.00,150.00
4521,2281.279,STOCK1,75.00,1,sell,T-041,T-027,75.00,150.00
4522,2281.349,STOCK1,59.00,1000,sell,T-016,T-010,59.00,150.00
4523,2282.484,STOCK1,149.00,1,sell,T-019,T-010,149.00,150.00
4524,2282.484,STOCK1,59.00,999,sell,T-016,T-010,149.00,150.00
4525,2282.859,STOCK1,59.00,1,sell,T-016,T-027,59.00,150.00
4526,2285.459,STOCK1,59.00,1000,sell,T-016,T-010,59.00,130.00
4527,2286.365,STOCK1,59.00,606,sell,T-016,T-010,59.00,130.00
4528,2286.365,STOCK1,58.00,106,sell,T-046,T-010,59.00,130.00
4529,2286.365,STOCK1,58.00,288,sell,T-046,T-010,59.00,130.00
4530,2287.076,STOCK1,58.00,712,sell,T-046,T-010,58.00,130.00
4531,2287.076,STOCK1,55.00,288,sell,T-013,T-010,58.00,130.00
4532,2290.119,STOCK1,60.00,1000,sell,T-031,T-010,60.00,129.00
4533,2290.344,STOCK1,55.00,712,sell,T-013,T-053,55.00,129.00
4534,2290.344,STOCK1,55.00,988,sell,T-013,T-053,55.00,129.00
4535,2291.939,STOCK1,60.00,1000,sell,T-045,T-010,60.00,120.00
4536,2292.713,STOCK1,60.00,1000,sell,T-045,T-010,60.00,120.00
4537,2293.308,STOCK1,60.00,1000,sell,T-031,T-010,60.00,120.00
4538,2294.145,STOCK1,60.00,1000,sell,T-031,T-010,60.00,120.00
4539,2294.945,STOCK1,56.00,1000,sell,T-032,T-010,56.00,120.00
4540,2295.795,STOCK1,56.00,1000,sell,T-032,T-010,56.00,120.00
4541,2296.607,STOCK1,56.00,1000,sell,T-032,T-010,56.00,120.00
4542,2297.145,STOCK1,55.00,12,sell,T-013,T-010,55.00,120.00
4543,2297.145,STOCK1,53.00,988,sell,T-037,T-010,55.00,120.00
4544,2297.578,STOCK1,56.00,1000,sell,T-032,T-010,56.00,120.00
4545,2297.969,STOCK1,53.00,1000,sell,T-037,T-010,53.00,120.00
4546,2298.325,STOCK1,120.00,1000,buy,T-024,T-016,53.00,120.00
4547,2298.408,STOCK1,53.00,1000,sell,T-037,T-010,53.00,120.00
4548,2298.673,STOCK1,53.00,1000,sell,T-037,T-010,53.00,120.00
4549,2298.863,STOCK2,245.00,1000,sell,T-051,T-026,245.00,286.00
4550,2298.914,STOCK1,110.00,1000,sell,T-031,T-010,110.00,120.00
4551,2299.105,STOCK1,110.00,1000,sell,T-031,T-010,110.00,120.00
4552,2299.849,STOCK1,58.00,1000,sell,T-045,T-010,58.00,111.00
4553,2300.021,STOCK1,53.00,1000,sell,T-037,T-010,53.00,111.00
4554,2300.184,STOCK1,53.00,12,sell,T-037,T-010,53.00,111.00
4555,2300.184,STOCK1,52.00,988,sell,T-011,T-010,53.00,111.00
4556,2300.404,STOCK2,245.00,1000,sell,T-051,T-026,245.00,286.00
4557,2301.043,STOCK1,52.00,1000,sell,T-011,T-010,52.00,110.00
4558,2301.234,STOCK1,52.00,1000,sell,T-011,T-010,52.00,110.00
4559,2301.397,STOCK1,52.00,12,sell,T-011,T-010,52.00,110.00
4560,2301.397,STOCK1,51.00,988,sell,T-046,T-010,52.00,110.00
4561,2301.558,STOCK1,51.00,12,sell,T-046,T-010,51.00,110.00
4562,2301.558,STOCK1,51.00,988,sell,T-046,T-010,51.00,110.00
4563,2301.718,STOCK1,51.00,12,sell,T-046,T-010,51.00,110.00
4564,2301.718,STOCK1,51.00,988,sell,T-046,T-010,51.00,110.00
4565,2301.911,STOCK1,51.00,12,sell,T-046,T-010,51.00,110.00
4566,2301.911,STOCK1,51.00,988,sell,T-046,T-010,51.00,110.00
4567,2302.082,STOCK1,51.00,12,sell,T-046,T-010,51.00,110.00
4568,2302.082,STOCK1,51.00,988,sell,T-046,T-010,51.00,110.00
4569,2302.255,STOCK1,51.00,12,sell,T-046,T-010,51.00,110.00
4570,2302.255,STOCK1,51.00,988,sell,T-046,T-010,51.00,110.00
4571,2302.417,STOCK1,51.00,12,sell,T-046,T-010,51.00,110.00
4572,2302.417,STOCK1,51.00,988,sell,T-046,T-010,51.00,110.00
4573,2302.698,STOCK1,51.00,12,sell,T-046,T-010,51.00,110.00
4574,2302.698,STOCK1,51.00,988,sell,T-046,T-010,51.00,110.00
4575,2302.728,STOCK1,51.00,12,sell,T-046,T-010,51.00,110.00
4576,2302.728,STOCK1,51.00,988,sell,T-046,T-010,51.00,110.00
4577,2302.919,STOCK1,51.00,12,sell,T-046,T-010,51.00,110.00
4578,2302.919,STOCK1,50.00,988,sell,T-037,T-010,51.00,110.00
4579,2303.062,STOCK1,50.00,1000,sell,T-037,T-010,50.00,110.00
4580,2303.223,STOCK1,50.00,1000,sell,T-037,T-010,50.00,110.00
4581,2303.426,STOCK1,50.00,709,sell,T-037,T-010,50.00,110.00
4582,2303.426,STOCK1,50.00,291,sell,T-051,T-010,50.00,110.00
4583,2303.790,STOCK1,50.00,1000,sell,T-051,T-010,50.00,110.00
4584,2303.912,STOCK1,50.00,1000,sell,T-051,T-010,50.00,110.00
4585,2304.064,STOCK1,50.00,709,sell,T-051,T-010,50.00,110.00
4586,2304.064,STOCK1,47.00,291,sell,T-032,T-010,50.00,110.00
4587,2304.296,STOCK1,110.00,2000,buy,T-028,T-031,47.00,110.00
4588,2304.296,STOCK1,118.00,1000,buy,T-028,T-013,47.00,110.00
4589,2304.296,STOCK1,120.00,2000,buy,T-028,T-016,47.00,110.00
4590,2304.406,STOCK1,47.00,709,sell,T-032,T-010,47.00,105.00
4591,2304.406,STOCK1,47.00,291,sell,T-032,T-010,47.00,105.00
4592,2304.612,STOCK1,47.00,709,sell,T-032,T-010,47.00,105.00
4593,2304.612,STOCK1,47.00,291,sell,T-016,T-010,47.00,105.00
4594,2305.126,STOCK1,47.00,1000,sell,T-016,T-010,47.00,105.00
4595,2305.310,STOCK1,47.00,1000,sell,T-016,T-010,47.00,105.00
4596,2305.501,STOCK1,47.00,1000,sell,T-016,T-010,47.00,105.00
4597,2305.671,STOCK1,51.10,1000,sell,T-045,T-010,51.10,105.00
4598,2306.135,STOCK1,47.00,1000,sell,T-016,T-010,47.00,105.00
4599,2306.326,STOCK1,47.00,709,sell,T-016,T-010,47.00,105.00
4600,2306.326,STOCK1,45.00,291,sell,T-013,T-010,47.00,105.00
4601,2306.506,STOCK1,45.00,708,sell,T-013,T-010,45.00,105.00
4602,2306.506,STOCK1,45.00,292,sell,T-013,T-010,45.00,105.00
4603,2306.697,STOCK1,45.00,708,sell,T-013,T-010,45.00,105.00
4604,2306.697,STOCK1,42.00,292,sell,T-032,T-010,45.00,105.00
4605,2306.899,STOCK1,42.00,708,sell,T-032,T-010,42.00,105.00
4606,2306.899,STOCK1,42.00,292,sell,T-032,T-010,42.00,105.00
4607,2308.109,STOCK1,42.00,708,sell,T-032,T-010,42.00,105.00
4608,2308.109,STOCK1,41.50,292,sell,T-045,T-010,42.00,105.00
4609,2308.547,STOCK1,105.00,50,buy,T-044,T-016,41.50,105.00
4610,2309.065,STOCK2,245.00,1000,sell,T-051,T-005,245.00,286.00
4611,2309.687,STOCK2,243.00,400,sell,T-041,T-005,243.00,286.00
4612,2309.687,STOCK2,241.10,600,sell,T-045,T-005,243.00,286.00
4613,2310.475,STOCK2,241.10,400,sell,T-045,T-005,241.10,286.00
4614,2310.475,STOCK2,241.00,600,sell,T-030,T-005,241.10,286.00
4615,2310.572,STOCK1,41.50,1000,sell,T-045,T-010,41.50,99.00
4616,2311.017,STOCK2,241.00,1000,sell,T-030,T-005,241.00,286.00
4617,2311.027,STOCK1,41.50,1000,sell,T-045,T-010,41.50,99.00
4618,2311.077,STOCK2,241.00,1000,sell,T-030,T-015,241.00,286.00
4619,2311.077,STOCK2,241.00,1000,sell,T-030,T-015,241.00,286.00
4620,2311.077,STOCK2,241.00,100,sell,T-038,T-015,241.00,286.00
4621,2311.077,STOCK2,231.00,900,sell,T-030,T-015,241.00,286.00
4622,2311.229,STOCK1,41.50,708,sell,T-045,T-010,41.50,99.00
4623,2311.229,STOCK1,41.50,292,sell,T-045,T-010,41.50,99.00
4624,2311.564,STOCK1,41.50,1000,sell,T-045,T-010,41.50,99.00
4625,2312.076,STOCK1,41.50,1000,sell,T-045,T-010,41.50,99.00
4626,2312.755,STOCK2,231.00,100,sell,T-030,T-005,231.00,286.00
4627,2312.755,STOCK2,231.00,900,sell,T-030,T-005,231.00,286.00
4628,2313.295,STOCK2,231.00,100,sell,T-030,T-005,231.00,286.00
4629,2313.295,STOCK2,231.00,900,sell,T-030,T-005,231.00,286.00
4630,2314.756,STOCK1,98.00,50,buy,T-044,T-046,41.60,98.00
4631,2315.206,STOCK1,98.00,50,buy,T-044,T-046,41.60,98.00
4632,2315.581,STOCK2,231.00,100,sell,T-030,T-005,231.00,286.00
4633,2315.581,STOCK2,230.00,400,sell,T-041,T-005,231.00,286.00
4634,2315.581,STOCK2,230.00,200,sell,T-038,T-005,231.00,286.00
4635,2315.581,STOCK2,225.61,300,sell,T-045,T-005,231.00,286.00
4636,2318.449,STOCK2,225.61,700,sell,T-045,T-005,225.61,286.00
4637,2318.449,STOCK2,225.50,300,sell,T-030,T-005,225.61,286.00
4638,2324.529,STOCK1,80.00,50,buy,T-044,T-055,44.00,80.00
4639,2325.897,STOCK1,79.00,50,buy,T-044,T-032,44.00,79.00
4640,2327.580,STOCK1,44.00,1000,sell,T-011,T-010,44.00,79.00
4641,2327.610,STOCK1,79.00,50,buy,T-044,T-032,44.00,79.00
4642,2327.721,STOCK1,44.00,1000,sell,T-011,T-010,44.00,79.00
4643,2328.032,STOCK1,44.00,1000,sell,T-011,T-010,44.00,79.00
4644,2328.276,STOCK1,44.00,1000,sell,T-011,T-010,44.00,79.00
4645,2328.571,STOCK1,44.00,1000,sell,T-011,T-010,44.00,79.00
4646,2329.630,STOCK1,79.00,50,buy,T-044,T-032,43.00,79.00
4647,2331.093,STOCK2,225.50,700,sell,T-030,T-053,225.50,286.00
4648,2331.093,STOCK2,225.50,1000,sell,T-030,T-053,225.50,286.00
4649,2331.093,STOCK2,225.50,1000,sell,T-030,T-053,225.50,286.00
4650,2331.093,STOCK2,225.10,1000,sell,T-045,T-053,225.50,286.00
4651,2331.093,STOCK2,225.10,1000,sell,T-045,T-053,225.50,286.00
4652,2331.093,STOCK2,217.00,300,sell,T-030,T-053,225.50,286.00
4653,2332.039,STOCK1,43.00,1000,sell,T-032,T-010,43.00,76.00
4654,2332.229,STOCK1,43.00,1000,sell,T-032,T-010,43.00,76.00
4655,2332.392,STOCK1,42.00,1000,sell,T-037,T-010,42.00,76.00
4656,2332.606,STOCK1,42.00,1000,sell,T-037,T-010,42.00,76.00
4657,2332.808,STOCK1,42.00,1000,sell,T-037,T-010,42.00,76.00
4658,2332.991,STOCK1,42.00,1000,sell,T-037,T-010,42.00,76.00
4659,2333.171,STOCK1,42.00,1000,sell,T-037,T-010,42.00,76.00
4660,2333.342,STOCK1,42.00,1000,sell,T-031,T-010,42.00,76.00
4661,2333.896,STOCK1,42.00,1000,sell,T-031,T-010,42.00,76.00
4662,2334.198,STOCK1,41.60,1000,sell,T-045,T-010,41.60,76.00
4663,2334.431,STOCK1,41.60,1000,sell,T-045,T-010,41.60,76.00
4664,2334.773,STOCK2,286.00,1000,buy,T-026,T-030,217.00,286.00
4665,2336.630,STOCK1,41.50,708,sell,T-045,T-010,41.50,76.00
4666,2336.630,STOCK1,41.00,292,sell,T-032,T-010,41.50,76.00
4667,2336.722,STOCK1,76.00,50,buy,T-044,T-046,41.00,76.00
4668,2337.266,STOCK2,287.00,1000,buy,T-026,T-030,217.00,287.00
4669,2337.525,STOCK1,41.00,308,sell,T-032,T-010,41.00,75.00
4670,2337.525,STOCK1,41.00,692,sell,T-032,T-010,41.00,75.00
4671,2338.090,STOCK1,45.00,1000,sell,T-013,T-010,45.00,75.00
4672,2340.715,STOCK1,45.00,1000,sell,T-013,T-010,45.00,75.00
4673,2341.268,STOCK1,45.00,1000,sell,T-013,T-010,45.00,70.00
4674,2345.268,STOCK1,41.00,308,sell,T-032,T-028,41.00,70.00
4675,2345.268,STOCK1,41.00,1000,sell,T-032,T-028,41.00,70.00
4676,2345.268,STOCK1,40.00,2000,sell,T-029,T-028,41.00,70.00
4677,2345.268,STOCK1,40.00,1000,sell,T-031,T-028,41.00,70.00
4678,2345.268,STOCK1,31.00,692,sell,T-040,T-028,41.00,70.00
4679,2346.676,STOCK1,31.00,308,sell,T-040,T-028,31.00,70.00
4680,2346.676,STOCK1,31.00,1000,sell,T-040,T-028,31.00,70.00
4681,2346.676,STOCK1,31.00,1000,sell,T-040,T-028,31.00,70.00
4682,2346.676,STOCK1,30.00,2692,sell,T-045,T-028,31.00,70.00
4683,2348.030,STOCK2,217.00,500,sell,T-030,T-053,217.00,287.00
4684,2348.030,STOCK2,215.00,450,sell,T-030,T-053,217.00,287.00
4685,2348.030,STOCK2,215.00,500,sell,T-030,T-053,217.00,287.00
4686,2348.030,STOCK2,215.00,500,sell,T-030,T-053,217.00,287.00
4687,2348.030,STOCK2,214.70,1000,sell,T-041,T-053,217.00,287.00
4688,2348.030,STOCK2,214.70,1000,sell,T-041,T-053,217.00,287.00
4689,2348.030,STOCK2,214.70,1000,sell,T-041,T-053,217.00,287.00
4690,2348.030,STOCK2,214.70,50,sell,T-041,T-053,217.00,287.00
4691,2349.218,STOCK2,287.00,500,buy,T-047,T-030,214.70,287.00
4692,2351.788,STOCK2,287.00,500,buy,T-003,T-030,250.00,287.00
4693,2351.788,STOCK2,290.00,500,buy,T-003,T-051,250.00,287.00
4694,2353.698,STOCK2,290.00,206,buy,T-003,T-051,250.00,290.00
4695,2353.698,STOCK2,290.00,350,buy,T-003,T-038,250.00,290.00
4696,2353.698,STOCK2,300.00,50,buy,T-003,T-038,250.00,290.00
4697,2353.698,STOCK2,305.00,200,buy,T-003,T-038,250.00,290.00
4698,2353.698,STOCK2,310.00,194,buy,T-003,T-036,250.00,290.00
4699,2355.142,STOCK2,310.00,1000,buy,T-003,T-036,250.00,310.00
4700,2385.152,STOCK2,220.00,1000,sell,T-051,T-026,220.00,292.00
4701,2387.156,STOCK1,59.00,1000,buy,T-024,T-011,40.00,59.00
4702,2387.500,STOCK1,40.00,1000,sell,T-051,T-010,40.00,59.00
4703,2389.112,STOCK2,214.70,950,sell,T-041,T-026,214.70,292.00
4704,2389.112,STOCK2,214.70,50,sell,T-041,T-026,214.70,292.00
4705,2392.215,STOCK2,292.00,1000,buy,T-032,T-030,214.70,292.00
4706,2393.500,STOCK2,292.00,1000,buy,T-005,T-030,214.70,292.00
4707,2393.500,STOCK2,295.00,1000,buy,T-005,T-030,214.70,292.00
4708,2393.500,STOCK2,295.00,1000,buy,T-005,T-030,214.70,292.00
4709,2393.500,STOCK2,295.00,1000,buy,T-005,T-030,214.70,292.00
4710,2393.500,STOCK2,300.00,1000,buy,T-005,T-036,214.70,292.00
4711,2400.082,STOCK1,35.00,1000,buy,T-024,T-055,31.11,35.00
4712,2400.788,STOCK1,35.00,1000,buy,T-002,T-055,31.11,35.00
4713,2400.788,STOCK1,35.00,1000,buy,T-002,T-055,31.11,35.00
4714,2404.053,STOCK1,35.00,1000,buy,T-033,T-055,32.00,35.00
4715,2404.328,STOCK1,50.00,50,buy,T-044,T-051,32.00,50.00
4716,2404.635,STOCK1,50.00,50,buy,T-044,T-051,32.00,50.00
4717,2405.046,STOCK1,50.00,50,buy,T-044,T-051,32.00,50.00
4718,2405.211,STOCK1,50.00,50,buy,T-044,T-051,32.00,50.00
4719,2407.402,STOCK2,291.00,1000,buy,T-005,T-030,215.00,291.00
4720,2407.402,STOCK2,291.00,1000,buy,T-005,T-030,215.00,291.00
4721,2407.402,STOCK2,291.00,1000,buy,T-005,T-030,215.00,291.00
4722,2407.402,STOCK2,297.00,1000,buy,T-005,T-030,215.00,291.00
4723,2407.402,STOCK2,297.00,1000,buy,T-005,T-030,215.00,291.00
4724,2410.051,STOCK2,290.00,200,buy,T-052,T-046,220.00,290.00
4725,2417.899,STOCK1,45.00,250,buy,T-044,T-055,32.01,45.00
4726,2427.612,STOCK1,45.00,100,buy,T-044,T-055,32.05,45.00
4727,2428.511,STOCK1,32.05,100,sell,T-011,T-027,32.05,45.00
4728,2436.344,STOCK1,32.06,100,sell,T-037,T-027,32.06,44.00
4729,2438.388,STOCK1,32.50,100,sell,T-040,T-027,32.50,44.00
4730,2438.459,STOCK2,231.00,1000,sell,T-051,T-026,231.00,290.00
4731,2439.377,STOCK2,231.00,1000,sell,T-030,T-026,231.00,290.00
4732,2444.875,STOCK2,231.00,1000,sell,T-030,T-026,231.00,270.00
4733,2445.982,STOCK2,231.00,1000,sell,T-030,T-026,231.00,270.00
4734,2448.065,STOCK2,270.00,500,buy,T-047,T-051,230.00,270.00
4735,2449.201,STOCK2,270.00,200,buy,T-052,T-051,230.00,270.00
4736,2453.479,STOCK2,231.00,1000,sell,T-051,T-026,231.00,270.00
4737,2454.671,STOCK2,231.00,1000,sell,T-051,T-026,231.00,270.00
4738,2455.365,STOCK2,230.00,100,sell,T-051,T-015,230.00,270.00
4739,2457.546,STOCK2,230.00,100,sell,T-051,T-015,230.00,270.00
4740,2458.656,STOCK2,230.00,100,sell,T-051,T-015,230.00,269.00
4741,2461.071,STOCK2,230.00,700,sell,T-051,T-015,230.00,231.00
4742,2461.071,STOCK2,221.00,300,sell,T-046,T-015,230.00,231.00
4743,2464.585,STOCK1,44.00,100,buy,T-044,T-031,33.00,44.00
4744,2465.578,STOCK2,231.00,1,buy,T-003,T-032,221.00,231.00
4745,2465.941,STOCK1,44.00,100,buy,T-044,T-031,33.00,44.00
4746,2469.679,STOCK1,44.00,100,buy,T-044,T-031,33.00,44.00
4747,2470.296,STOCK1,44.00,100,buy,T-044,T-031,33.00,44.00
4748,2470.487,STOCK1,44.00,100,buy,T-044,T-031,33.00,44.00
4749,2478.381,STOCK2,232.00,1000,sell,T-013,T-024,232.00,265.00
4750,2479.996,STOCK2,231.00,100,sell,T-019,T-015,231.00,265.00
4751,2479.996,STOCK2,222.10,100,sell,T-019,T-015,231.00,265.00
4752,2479.996,STOCK2,222.00,499,sell,T-011,T-015,231.00,265.00
4753,2481.030,STOCK2,265.00,200,buy,T-052,T-030,222.00,265.00
4754,2482.268,STOCK2,265.00,1,buy,T-027,T-030,222.10,265.00
4755,2488.864,STOCK2,265.00,799,buy,T-050,T-030,222.50,265.00
4756,2488.864,STOCK2,269.00,101,buy,T-050,T-013,222.50,265.00
4757,2493.799,STOCK1,43.99,100,buy,T-044,T-055,33.01,43.99
4758,2493.951,STOCK2,230.00,1000,sell,T-051,T-026,230.00,260.00
4759,2495.453,STOCK1,43.99,100,buy,T-044,T-055,33.01,43.99
4760,2497.417,STOCK2,260.00,100,buy,T-027,T-011,222.50,260.00
4761,2497.762,STOCK2,260.00,200,buy,T-052,T-011,222.50,260.00
4762,2500.757,STOCK2,260.00,100,buy,T-027,T-011,222.50,260.00
4763,2504.493,STOCK2,224.00,1000,sell,T-046,T-003,224.00,260.00
4764,2505.329,STOCK1,43.99,100,buy,T-044,T-055,33.01,43.99
4765,2505.550,STOCK1,43.99,100,buy,T-044,T-055,33.01,43.99
4766,2506.289,STOCK1,43.99,100,buy,T-044,T-055,33.01,43.99
4767,2509.089,STOCK1,43.99,700,buy,T-025,T-055,33.01,43.99
4768,2509.089,STOCK1,43.99,1000,buy,T-025,T-055,33.01,43.99
4769,2509.089,STOCK1,43.99,1000,buy,T-025,T-055,33.01,43.99
4770,2509.089,STOCK1,43.99,1000,buy,T-025,T-055,33.01,43.99
4771,2509.089,STOCK1,44.00,300,buy,T-025,T-031,33.01,43.99
4772,2509.668,STOCK2,230.00,200,buy,T-052,T-005,223.00,230.00
4773,2510.009,STOCK2,230.00,200,buy,T-052,T-005,223.00,230.00
4774,2510.440,STOCK2,230.00,200,buy,T-052,T-005,223.00,230.00
4775,2510.562,STOCK1,44.00,1200,buy,T-025,T-031,33.01,44.00
4776,2510.562,STOCK1,44.00,1000,buy,T-025,T-045,33.01,44.00
4777,2510.562,STOCK1,45.00,200,buy,T-025,T-038,33.01,44.00
4778,2510.562,STOCK1,49.90,1000,buy,T-025,T-045,33.01,44.00
4779,2510.562,STOCK1,49.90,600,buy,T-025,T-045,33.01,44.00
4780,2510.898,STOCK2,230.00,200,buy,T-052,T-005,223.00,230.00
4781,2510.958,STOCK2,230.00,100,buy,T-027,T-005,223.00,230.00
4782,2511.029,STOCK2,230.00,1000,buy,ME,T-005,223.00,230.00
4783,2511.550,STOCK2,230.00,100,buy,T-027,T-005,224.00,230.00
4784,2511.864,STOCK1,49.90,400,buy,T-025,T-045,33.01,49.90
4785,2511.864,STOCK1,50.00,800,buy,T-025,T-051,33.01,49.90
4786,2511.864,STOCK1,50.00,2800,buy,T-025,T-029,33.01,49.90
4787,2512.057,STOCK2,230.00,200,buy,T-052,T-005,224.00,230.00
4788,2512.157,STOCK2,230.00,100,buy,T-027,T-005,224.00,230.00
4789,2512.971,STOCK2,230.00,200,buy,T-052,T-005,224.00,230.00
4790,2513.001,STOCK2,230.00,100,buy,T-027,T-005,224.00,230.00
4791,2513.951,STOCK2,230.00,100,buy,T-027,T-005,224.00,230.00
4792,2514.808,STOCK2,230.00,2300,buy,T-025,T-005,224.00,230.00
4793,2514.808,STOCK2,260.00,100,buy,T-025,T-011,224.00,230.00
4794,2514.808,STOCK2,260.00,1000,buy,T-025,T-045,224.00,230.00
4795,2514.808,STOCK2,265.00,600,buy,T-025,T-030,224.00,230.00
4796,2515.000,STOCK2,265.00,200,buy,T-052,T-030,224.00,265.00
4797,2515.041,STOCK2,265.00,100,buy,T-027,T-030,224.00,265.00
4798,2516.225,STOCK2,265.00,100,buy,T-025,T-030,224.00,265.00
4799,2516.225,STOCK2,265.00,1000,buy,T-025,T-030,224.00,265.00
4800,2516.225,STOCK2,269.00,899,buy,T-025,T-013,224.00,265.00
4801,2516.225,STOCK2,270.00,300,buy,T-025,T-051,224.00,265.00
4802,2516.225,STOCK2,270.00,1000,buy,T-025,T-051,224.00,265.00
4803,2516.225,STOCK2,271.00,701,buy,T-025,T-030,224.00,265.00
4804,2517.918,STOCK2,225.00,1000,sell,T-046,T-024,225.00,271.00
4805,2520.196,STOCK2,225.00,1000,sell,T-046,T-003,225.00,271.00
4806,2520.196,STOCK2,224.00,1000,sell,T-046,T-003,225.00,271.00
4807,2520.196,STOCK2,224.00,2500,sell,T-008,T-003,225.00,271.00
4808,2520.196,STOCK2,224.00,500,sell,T-046,T-003,225.00,271.00
4809,2531.491,STOCK1,35.00,5000,sell,T-016,T-028,35.00,50.00
4810,2534.981,STOCK1,33.01,1000,sell,T-040,T-028,33.01,45.00
4811,2534.981,STOCK1,33.01,1000,sell,T-040,T-028,33.01,45.00
4812,2534.981,STOCK1,33.00,900,sell,T-037,T-028,33.01,45.00
4813,2534.981,STOCK1,32.50,900,sell,T-040,T-028,33.01,45.00
4814,2534.981,STOCK1,32.50,1000,sell,T-040,T-028,33.01,45.00
4815,2534.981,STOCK1,32.06,200,sell,T-045,T-028,33.01,45.00
4816,2537.941,STOCK1,45.00,100,buy,T-044,T-016,32.06,45.00
4817,2538.655,STOCK1,32.06,800,sell,T-045,T-028,32.06,45.00
4818,2538.655,STOCK1,32.02,1000,sell,T-040,T-028,32.06,45.00
4819,2538.655,STOCK1,32.01,1000,sell,T-032,T-028,32.06,45.00
4820,2538.655,STOCK1,32.00,2200,sell,T-016,T-028,32.06,45.00
4821,2540.428,STOCK1,32.00,2800,sell,T-016,T-028,32.00,45.00
4822,2540.428,STOCK1,31.10,1000,sell,T-045,T-028,32.00,45.00
4823,2540.428,STOCK1,31.10,1000,sell,T-045,T-028,32.00,45.00
4824,2540.428,STOCK1,31.00,200,sell,T-013,T-028,32.00,45.00
4825,2544.283,STOCK2,230.00,1000,sell,T-051,T-024,230.00,268.00
4826,2545.295,STOCK2,226.00,1000,sell,T-030,T-026,226.00,268.00
4827,2550.462,STOCK1,44.00,100,buy,T-044,T-037,31.00,44.00
4828,2557.358,STOCK2,260.00,1000,buy,T-030,T-051,226.00,260.00
4829,2564.071,STOCK2,258.00,200,buy,T-052,T-046,257.00,258.00
4830,2564.141,STOCK2,257.00,1,sell,T-032,T-024,257.00,258.00
4831,2564.141,STOCK2,226.00,999,sell,T-032,T-024,257.00,258.00
4832,2564.624,STOCK2,258.00,200,buy,T-052,T-046,226.00,258.00
4833,2565.319,STOCK2,258.00,200,buy,T-052,T-046,226.00,258.00
4834,2566.287,STOCK2,258.00,100,buy,T-027,T-046,228.00,258.00
4835,2566.731,STOCK2,257.00,1,sell,T-032,T-026,257.00,258.00
4836,2566.731,STOCK2,228.00,999,sell,T-030,T-026,257.00,258.00
4837,2567.228,STOCK2,228.00,1,sell,T-030,T-003,228.00,258.00
4838,2567.278,STOCK2,226.00,1,sell,T-032,T-026,226.00,258.00
4839,2567.278,STOCK2,226.00,999,sell,T-030,T-026,226.00,258.00
4840,2567.531,STOCK1,44.90,271,buy,T-033,T-031,32.00,44.90
4841,2567.531,STOCK1,45.00,1744,buy,T-033,T-016,32.00,44.90
4842,2571.036,STOCK2,226.00,1,sell,T-030,T-026,226.00,258.00
4843,2571.036,STOCK2,226.00,1,sell,T-011,T-026,226.00,258.00
4844,2571.036,STOCK2,226.00,998,sell,T-045,T-026,226.00,258.00
4845,2572.412,STOCK2,226.00,2,sell,T-045,T-049,226.00,255.00
4846,2572.412,STOCK2,226.00,198,sell,T-045,T-049,226.00,255.00
4847,2572.704,STOCK2,255.00,100,buy,T-027,T-030,226.00,255.00
4848,2573.530,STOCK2,226.00,200,sell,T-045,T-049,226.00,255.00
4849,2573.783,STOCK1,44.00,100,buy,T-044,T-040,32.00,44.00
4850,2573.874,STOCK2,226.00,602,sell,T-045,T-026,226.00,255.00
4851,2573.874,STOCK2,225.10,398,sell,T-045,T-026,226.00,255.00
4852,2573.965,STOCK1,44.00,100,buy,T-044,T-040,32.00,44.00
4853,2574.169,STOCK1,44.00,100,buy,T-044,T-040,32.00,44.00
4854,2574.729,STOCK1,44.00,100,buy,T-044,T-040,32.00,44.00
4855,2575.478,STOCK1,44.00,100,buy,T-044,T-040,32.00,44.00
4856,2575.638,STOCK1,44.00,100,buy,T-044,T-040,32.00,44.00
4857,2576.068,STOCK1,44.00,100,buy,T-044,T-040,32.00,44.00
4858,2576.168,STOCK2,225.10,1000,sell,T-045,T-025,225.10,255.00
4859,2576.551,STOCK1,44.00,100,buy,T-044,T-040,32.00,44.00
4860,2576.715,STOCK1,44.00,100,buy,T-044,T-040,32.00,44.00
4861,2576.906,STOCK1,44.00,100,buy,T-044,T-040,32.00,44.00
4862,2577.067,STOCK1,45.00,2015,buy,T-033,T-016,32.00,45.00
4863,2577.077,STOCK1,45.00,100,buy,T-044,T-016,32.00,45.00
4864,2577.792,STOCK1,45.00,100,buy,T-044,T-016,32.00,45.00
4865,2577.853,STOCK1,45.00,941,buy,T-033,T-016,32.00,45.00
4866,2577.853,STOCK1,45.00,1074,buy,T-033,T-016,32.00,45.00
4867,2578.286,STOCK1,45.00,2015,buy,T-033,T-016,32.00,45.00
4868,2578.982,STOCK1,44.00,100,buy,T-044,T-040,32.00,44.00
4869,2579.155,STOCK1,44.00,100,buy,T-044,T-040,32.00,44.00
4870,2579.378,STOCK1,44.00,100,buy,T-044,T-040,32.00,44.00
4871,2579.994,STOCK2,225.10,1000,sell,T-045,T-026,225.10,255.00
4872,2580.096,STOCK1,44.00,100,buy,T-044,T-040,32.00,44.00
4873,2581.194,STOCK1,44.00,150,buy,T-028,T-040,32.00,44.00
4874,2582.965,STOCK2,250.00,900,buy,T-050,T-008,225.10,250.00
4875,2588.091,STOCK1,44.00,450,buy,T-002,T-040,32.00,44.00
4876,2588.091,STOCK1,45.00,1550,buy,T-002,T-016,32.00,44.00
4877,2599.716,STOCK1,45.00,361,buy,T-033,T-016,32.00,45.00
4878,2602.258,STOCK2,249.00,1,sell,T-032,T-003,249.00,249.50
4879,2602.679,STOCK2,249.50,200,buy,T-038,T-046,226.00,249.50
4880,2605.111,STOCK2,226.00,1,sell,T-032,T-026,226.00,249.50
4881,2606.237,STOCK2,225.00,1000,sell,T-046,T-003,225.00,249.50
4882,2606.558,STOCK2,224.00,500,sell,T-046,T-024,224.00,249.50
4883,2606.558,STOCK2,224.00,500,sell,T-013,T-024,224.00,249.50
4884,2607.036,STOCK2,224.00,1000,sell,T-013,T-003,224.00,249.50
4885,2607.582,STOCK2,225.01,1000,sell,T-055,T-003,225.01,249.50
4886,2608.530,STOCK2,224.00,200,sell,T-013,T-049,224.00,249.50
4887,2608.944,STOCK2,224.00,200,sell,T-013,T-049,224.00,249.50
4888,2609.134,STOCK2,224.00,100,sell,T-013,T-049,224.00,249.50
4889,2609.134,STOCK2,223.00,100,sell,T-045,T-049,224.00,249.50
4890,2609.337,STOCK2,223.00,200,sell,T-045,T-049,223.00,249.50
4891,2609.612,STOCK2,223.00,200,sell,T-045,T-049,223.00,248.00
4892,2609.914,STOCK2,223.00,200,sell,T-045,T-049,223.00,245.00
4893,2610.084,STOCK2,223.00,200,sell,T-045,T-049,223.00,245.00
4894,2610.186,STOCK2,223.00,100,sell,T-045,T-003,223.00,245.00
4895,2610.186,STOCK2,223.00,900,sell,T-045,T-003,223.00,245.00
4896,2610.266,STOCK2,223.00,100,sell,T-045,T-049,223.00,245.00
4897,2610.266,STOCK2,223.00,100,sell,T-045,T-049,223.00,245.00
4898,2610.387,STOCK2,223.00,200,sell,T-045,T-049,223.00,245.00
4899,2610.519,STOCK2,223.00,700,sell,T-045,T-026,223.00,245.00
4900,2610.519,STOCK2,222.50,300,sell,T-046,T-026,223.00,245.00
4901,2610.565,STOCK2,222.50,200,sell,T-046,T-049,222.50,245.00
4902,2610.644,STOCK2,222.50,500,sell,T-046,T-003,222.50,245.00
4903,2610.644,STOCK2,222.50,500,sell,T-046,T-003,222.50,245.00
4904,2610.931,STOCK2,222.50,200,sell,T-046,T-049,222.50,245.00
4905,2611.184,STOCK2,245.00,100,buy,T-027,T-030,222.50,245.00
4906,2611.353,STOCK2,222.50,300,sell,T-046,T-003,222.50,245.00
4907,2611.353,STOCK2,222.50,700,sell,T-046,T-003,222.50,245.00
4908,2611.364,STOCK2,222.50,200,sell,T-046,T-049,222.50,245.00
4909,2611.526,STOCK2,222.50,100,sell,T-046,T-024,222.50,245.00
4910,2611.526,STOCK2,222.10,100,sell,T-019,T-024,222.50,245.00
4911,2611.526,STOCK2,222.10,100,sell,T-019,T-024,222.50,245.00
4912,2611.526,STOCK2,222.10,100,sell,T-019,T-024,222.50,245.00
4913,2611.526,STOCK2,222.10,100,sell,T-019,T-024,222.50,245.00
4914,2611.526,STOCK2,222.10,100,sell,T-019,T-024,222.50,245.00
4915,2611.526,STOCK2,222.10,400,sell,T-045,T-024,222.50,245.00
4916,2611.536,STOCK2,222.10,200,sell,T-045,T-049,222.10,245.00
4917,2611.585,STOCK2,225.01,1000,sell,T-055,T-003,225.01,245.00
4918,2611.666,STOCK2,222.10,1000,sell,T-045,T-026,222.10,245.00
4919,2611.746,STOCK2,222.10,200,sell,T-045,T-049,222.10,245.00
4920,2611.786,STOCK2,222.10,1000,sell,T-045,T-015,222.10,245.00
4921,2611.786,STOCK2,222.10,200,sell,T-045,T-003,222.10,245.00
4922,2611.786,STOCK2,222.00,501,sell,T-011,T-003,222.10,245.00
4923,2611.786,STOCK2,221.00,299,sell,T-046,T-003,222.10,245.00
4924,2611.906,STOCK2,221.00,200,sell,T-046,T-049,221.00,245.00
4925,2611.977,STOCK2,221.00,201,sell,T-046,T-003,221.00,245.00
4926,2611.977,STOCK2,221.00,799,sell,T-013,T-003,221.00,245.00
4927,2612.179,STOCK2,221.00,201,sell,T-013,T-003,221.00,245.00
4928,2612.179,STOCK2,221.00,799,sell,T-046,T-003,221.00,245.00
4929,2612.190,STOCK2,221.00,200,sell,T-046,T-049,221.00,245.00
4930,2612.565,STOCK2,221.00,1,sell,T-046,T-024,221.00,245.00
4931,2612.565,STOCK2,215.10,999,sell,T-045,T-024,221.00,245.00
4932,2612.575,STOCK2,215.10,200,sell,T-045,T-049,215.10,245.00
4933,2612.788,STOCK2,215.10,200,sell,T-045,T-049,215.10,245.00
4934,2612.959,STOCK2,215.10,200,sell,T-045,T-049,215.10,245.00
4935,2613.192,STOCK2,215.10,200,sell,T-045,T-049,215.10,245.00
4936,2613.355,STOCK2,215.10,200,sell,T-045,T-049,215.10,245.00
4937,2613.496,STOCK2,215.10,200,sell,T-045,T-049,215.10,245.00
4938,2615.868,STOCK2,240.00,100,buy,T-027,T-046,225.01,240.00
4939,2617.505,STOCK2,225.01,1000,sell,T-055,T-026,225.01,240.00
4940,2618.441,STOCK2,215.00,1000,sell,T-046,T-024,215.00,240.00
4941,2618.857,STOCK2,240.00,200,buy,T-052,T-046,215.00,240.00
4942,2621.388,STOCK2,220.00,1000,sell,T-051,T-026,220.00,239.00
4943,2621.548,STOCK2,239.00,1,buy,T-052,T-032,215.00,239.00
4944,2621.548,STOCK2,240.00,199,buy,T-052,T-046,215.00,239.00
4945,2621.650,STOCK2,240.00,100,buy,T-027,T-046,215.00,240.00
4946,2622.863,STOCK2,215.00,200,sell,T-046,T-049,215.00,233.00
4947,2623.521,STOCK2,215.00,200,sell,T-046,T-049,215.00,233.00
4948,2623.771,STOCK2,233.00,200,buy,T-052,T-008,215.00,233.00
4949,2624.400,STOCK2,233.00,1000,buy,ME,T-008,215.00,233.00
4950,2629.860,STOCK2,233.00,200,buy,T-052,T-008,215.00,233.00
4951,2630.205,STOCK2,233.00,100,buy,T-027,T-008,230.00,233.00
4952,2632.545,STOCK2,230.00,1,sell,T-032,T-015,230.00,232.00
4953,2632.545,STOCK2,216.00,999,sell,T-051,T-015,230.00,232.00
4954,2635.736,STOCK2,232.00,1,buy,T-032,T-046,216.00,232.00
4955,2638.446,STOCK2,230.00,100,buy,T-047,T-019,216.00,230.00
4956,2638.446,STOCK2,230.00,100,buy,T-047,T-019,216.00,230.00
4957,2638.446,STOCK2,230.00,100,buy,T-047,T-019,216.00,230.00
4958,2638.600,STOCK2,230.00,100,buy,T-027,T-019,216.00,230.00
4959,2640.020,STOCK2,230.00,100,buy,T-027,T-019,216.00,230.00
4960,2641.578,STOCK2,229.00,100,buy,T-027,T-011,216.00,229.00
4961,2642.933,STOCK2,229.00,100,buy,T-027,T-011,216.00,229.00
4962,2644.471,STOCK2,229.00,100,buy,T-027,T-011,216.00,229.00
4963,2645.981,STOCK2,229.00,100,buy,T-027,T-011,216.00,229.00
4964,2647.048,STOCK2,229.00,100,buy,T-027,T-011,216.00,229.00
4965,2649.006,STOCK2,216.00,200,sell,T-031,T-049,216.00,229.00
4966,2650.048,STOCK2,216.00,1000,sell,T-031,T-003,216.00,227.00
4967,2651.019,STOCK2,216.00,800,sell,T-031,T-003,216.00,227.00
4968,2651.019,STOCK2,215.00,200,sell,T-029,T-003,216.00,227.00
4969,2651.509,STOCK2,215.00,200,sell,T-029,T-049,215.00,227.00
4970,2652.317,STOCK1,45.00,200,sell,T-036,T-052,45.00,48.00
4971,2652.683,STOCK1,45.00,60,sell,T-036,T-044,45.00,48.00
4972,2652.824,STOCK2,215.00,1000,sell,T-029,T-003,215.00,227.00
4973,2652.844,STOCK2,215.00,200,sell,T-029,T-049,215.00,227.00
4974,2653.360,STOCK1,45.00,200,sell,T-036,T-052,45.00,48.00
4975,2653.674,STOCK2,215.00,200,sell,T-029,T-049,215.00,227.00
4976,2654.275,STOCK1,48.00,500,buy,T-042,T-013,45.00,48.00
4977,2654.436,STOCK2,215.00,200,sell,T-029,T-049,215.00,226.00
4978,2654.944,STOCK2,225.00,1,sell,T-032,T-003,225.00,226.00
4979,2654.944,STOCK2,215.00,999,sell,T-029,T-003,225.00,226.00
4980,2655.919,STOCK1,45.00,200,sell,T-036,T-052,45.00,48.00
4981,2657.219,STOCK1,45.00,200,sell,T-036,T-052,45.00,48.00
4982,2657.590,STOCK2,225.00,1,sell,T-032,T-049,225.00,226.00
4983,2657.590,STOCK2,215.00,1,sell,T-029,T-049,225.00,226.00
4984,2657.590,STOCK2,214.71,198,sell,T-055,T-049,225.00,226.00
4985,2658.623,STOCK1,48.00,500,buy,T-042,T-013,45.00,48.00
4986,2658.883,STOCK1,45.00,200,sell,T-036,T-052,45.00,48.00
4987,2659.655,STOCK1,45.00,200,sell,T-036,T-052,45.00,48.00
4988,2664.194,STOCK2,225.00,1,sell,T-032,T-049,225.00,226.00
4989,2664.194,STOCK2,214.71,199,sell,T-055,T-049,225.00,226.00
4990,2665.131,STOCK2,214.71,603,sell,T-055,T-024,214.71,226.00
4991,2665.131,STOCK2,214.71,397,sell,T-055,T-024,214.71,226.00
4992,2666.719,STOCK2,226.00,100,buy,T-050,T-019,225.00,226.00
4993,2666.719,STOCK2,227.00,800,buy,T-050,T-051,225.00,226.00
4994,2667.059,STOCK1,48.00,1000,buy,T-036,T-013,45.00,48.00
4995,2667.059,STOCK1,48.00,200,buy,T-036,T-038,45.00,48.00
4996,2667.059,STOCK1,49.00,1000,buy,T-036,T-040,45.00,48.00
4997,2667.059,STOCK1,50.00,200,buy,T-036,T-029,45.00,48.00
4998,2667.059,STOCK1,50.00,2600,buy,T-036,T-016,45.00,48.00
4999,2669.618,STOCK1,50.00,2400,buy,T-036,T-016,45.00,50.00
5000,2669.618,STOCK1,54.00,2500,buy,T-036,T-011,45.00,50.00
5001,2669.618,STOCK1,55.00,100,buy,T-036,T-038,45.00,50.00
5002,2669.809,STOCK2,225.00,1,sell,T-032,T-049,225.00,227.00
5003,2669.809,STOCK2,214.71,199,sell,T-055,T-049,225.00,227.00
5004,2669.870,STOCK2,214.71,1,sell,T-055,T-003,214.71,227.00
5005,2670.791,STOCK2,214.71,200,sell,T-055,T-049,214.71,227.00
5006,2670.943,STOCK2,214.71,203,sell,T-055,T-024,214.71,227.00
5007,2670.943,STOCK2,214.70,797,sell,T-041,T-024,214.71,227.00
5008,2676.619,STOCK2,225.00,1,sell,T-032,T-024,225.00,227.00
5009,2676.619,STOCK2,214.70,153,sell,T-041,T-024,225.00,227.00
5010,2676.619,STOCK2,214.00,846,sell,T-041,T-024,225.00,227.00
5011,2676.749,STOCK1,54.90,10,buy,T-020,T-045,34.00,54.90
5012,2676.871,STOCK1,54.90,10,buy,T-020,T-045,34.00,54.90
5013,2677.002,STOCK2,214.00,1,sell,T-041,T-003,214.00,227.00
5014,2677.032,STOCK1,54.90,10,buy,T-020,T-045,34.00,54.90
5015,2677.165,STOCK1,54.90,10,buy,T-020,T-045,34.00,54.90
5016,2677.185,STOCK2,214.00,1,sell,T-041,T-003,214.00,227.00
5017,2677.288,STOCK1,54.90,10,buy,T-020,T-045,34.00,54.90
5018,2677.418,STOCK2,214.00,152,sell,T-041,T-049,214.00,227.00
5019,2677.418,STOCK2,214.00,48,sell,T-041,T-049,214.00,227.00
5020,2677.418,STOCK1,54.90,10,buy,T-020,T-045,34.00,54.90
5021,2677.649,STOCK2,214.00,952,sell,T-041,T-024,214.00,227.00
5022,2677.649,STOCK2,214.00,48,sell,T-041,T-024,214.00,227.00
5023,2677.739,STOCK1,54.90,10,buy,T-020,T-045,34.00,54.90
5024,2677.851,STOCK1,54.90,10,buy,T-020,T-045,34.00,54.90
5025,2677.954,STOCK1,54.90,10,buy,T-020,T-045,34.00,54.90
5026,2678.004,STOCK2,214.00,200,sell,T-041,T-049,214.00,225.00
5027,2678.121,STOCK1,54.90,10,buy,T-020,T-045,34.00,54.90
5028,2678.271,STOCK1,54.90,10,buy,T-020,T-045,34.00,54.90
5029,2678.411,STOCK1,54.90,10,buy,T-020,T-045,34.00,54.90
5030,2678.524,STOCK1,54.90,10,buy,T-020,T-045,34.00,54.90
5031,2679.099,STOCK1,54.90,10,buy,T-020,T-045,34.00,54.90
5032,2680.616,STOCK2,225.00,100,buy,T-047,T-031,214.00,225.00
5033,2681.117,STOCK2,225.00,1900,buy,T-005,T-031,214.00,225.00
5034,2681.117,STOCK2,225.00,1000,buy,T-005,T-046,214.00,225.00
5035,2681.117,STOCK2,227.00,1200,buy,T-005,T-051,214.00,225.00
5036,2681.117,STOCK2,229.00,1,buy,T-005,T-011,214.00,225.00
5037,2681.117,STOCK2,229.00,1,buy,T-005,T-032,214.00,225.00
5038,2681.117,STOCK2,230.00,100,buy,T-005,T-019,214.00,225.00
5039,2681.117,STOCK2,230.00,100,buy,T-005,T-019,214.00,225.00
5040,2681.117,STOCK2,230.00,100,buy,T-005,T-019,214.00,225.00
5041,2681.117,STOCK2,230.00,100,buy,T-005,T-019,214.00,225.00
5042,2681.117,STOCK2,230.00,100,buy,T-005,T-019,214.00,225.00
5043,2681.117,STOCK2,230.00,100,buy,T-005,T-019,214.00,225.00
5044,2681.117,STOCK2,230.00,100,buy,T-005,T-019,214.00,225.00
5045,2681.117,STOCK2,230.00,198,buy,T-005,T-045,214.00,225.00
5046,2683.537,STOCK1,54.60,1500,buy,T-036,T-013,34.00,54.60
5047,2686.052,STOCK1,54.60,500,buy,T-020,T-013,34.00,54.60
5048,2686.052,STOCK1,54.90,500,buy,T-020,T-045,34.00,54.60
5049,2686.202,STOCK1,54.90,360,buy,T-020,T-045,34.00,54.90
5050,2686.202,STOCK1,55.00,200,buy,T-020,T-038,34.00,54.90
5051,2686.202,STOCK1,59.00,440,buy,T-020,T-011,34.00,54.90
5052,2686.436,STOCK1,59.00,1000,buy,T-020,T-011,34.00,59.00
5053,2686.618,STOCK1,59.00,1000,buy,T-020,T-011,34.00,59.00
5054,2686.964,STOCK1,59.00,1000,buy,T-020,T-011,34.00,59.00
5055,2686.964,STOCK1,59.00,560,buy,T-020,T-011,34.00,59.00
5056,2686.964,STOCK1,64.00,440,buy,T-020,T-032,34.00,59.00
5057,2687.119,STOCK1,64.00,560,buy,T-020,T-032,34.00,64.00
5058,2687.119,STOCK1,64.00,440,buy,T-020,T-032,34.00,64.00
5059,2687.232,STOCK1,64.00,560,buy,T-020,T-032,34.00,64.00
5060,2687.232,STOCK1,65.10,440,buy,T-020,T-045,34.00,64.00
5061,2687.494,STOCK1,65.10,560,buy,T-020,T-045,34.00,65.10
5062,2687.494,STOCK1,66.00,440,buy,T-020,T-032,34.00,65.10
5063,2687.494,STOCK1,66.00,560,buy,T-020,T-032,34.00,66.00
5064,2687.494,STOCK1,66.00,440,buy,T-020,T-032,34.00,66.00
5065,2687.555,STOCK1,66.00,560,buy,T-020,T-032,34.00,66.00
5066,2687.555,STOCK1,68.99,440,buy,T-020,T-011,34.00,66.00
5067,2689.383,STOCK1,50.00,1000,buy,T-020,T-055,34.00,50.00
5068,2689.545,STOCK1,50.00,1000,buy,T-020,T-055,34.00,50.00
5069,2689.676,STOCK1,68.99,1000,buy,T-020,T-011,34.00,68.99
5070,2689.817,STOCK1,68.99,1000,buy,T-020,T-011,34.00,68.99
5071,2689.907,STOCK1,68.99,1000,buy,T-020,T-011,34.00,68.99
5072,2689.959,STOCK1,68.99,1000,buy,T-020,T-011,34.00,68.99
5073,2690.079,STOCK2,229.00,100,buy,T-027,T-046,224.00,229.00
5074,2690.109,STOCK1,68.99,560,buy,T-020,T-011,34.00,68.99
5075,2690.109,STOCK1,69.00,440,buy,T-020,T-032,34.00,68.99
5076,2690.254,STOCK1,69.00,560,buy,T-020,T-032,34.00,69.00
5077,2690.254,STOCK1,69.00,440,buy,T-020,T-032,34.00,69.00
5078,2690.567,STOCK1,69.00,560,buy,T-020,T-032,34.00,69.00
5079,2690.567,STOCK1,69.90,440,buy,T-020,T-045,34.00,69.00
5080,2690.830,STOCK1,54.00,1000,buy,T-020,T-016,34.00,54.00
5081,2690.890,STOCK2,224.00,1,sell,T-032,T-049,224.00,229.00
5082,2690.890,STOCK2,215.00,199,sell,T-031,T-049,224.00,229.00
5083,2690.939,STOCK1,54.00,1000,buy,T-020,T-016,34.00,54.00
5084,2691.000,STOCK1,54.00,1000,buy,T-020,T-016,34.00,54.00
5085,2691.203,STOCK1,54.00,1000,buy,T-020,T-016,34.00,54.00
5086,2691.285,STOCK1,54.00,1000,buy,T-020,T-016,34.00,54.00
5087,2691.460,STOCK1,69.90,560,buy,T-020,T-045,34.00,69.90
5088,2691.460,STOCK1,69.90,440,buy,T-020,T-045,34.00,69.90
5089,2691.542,STOCK1,69.90,560,buy,T-020,T-045,34.00,69.90
5090,2691.542,STOCK1,69.90,440,buy,T-020,T-045,34.00,69.90
5091,2691.647,STOCK1,69.90,560,buy,T-020,T-045,34.00,69.90
5092,2691.647,STOCK1,72.00,440,buy,T-020,T-031,34.00,69.90
5093,2691.727,STOCK1,72.00,1000,buy,T-020,T-031,34.00,72.00
5094,2691.828,STOCK1,72.00,560,buy,T-020,T-031,34.00,72.00
5095,2691.828,STOCK1,76.00,440,buy,T-020,T-046,34.00,72.00
5096,2691.929,STOCK1,76.00,510,buy,T-020,T-046,34.00,76.00
5097,2691.929,STOCK1,76.00,490,buy,T-020,T-046,34.00,76.00
5098,2691.949,STOCK1,76.00,200,buy,T-038,T-046,34.00,76.00
5099,2692.031,STOCK1,76.00,310,buy,T-020,T-046,34.00,76.00
5100,2692.031,STOCK1,79.00,690,buy,T-020,T-032,34.00,76.00
5101,2692.102,STOCK1,79.00,160,buy,T-020,T-032,34.00,79.00
5102,2692.102,STOCK1,79.00,840,buy,T-020,T-032,34.00,79.00
5103,2692.204,STOCK1,79.00,160,buy,T-020,T-032,34.00,79.00
5104,2692.204,STOCK1,80.00,500,buy,T-020,T-051,34.00,79.00
5105,2692.204,STOCK1,98.00,340,buy,T-020,T-046,34.00,79.00
5106,2692.274,STOCK2,229.00,100,buy,T-027,T-046,215.00,229.00
5107,2692.285,STOCK1,98.00,560,buy,T-020,T-046,34.00,98.00
5108,2692.285,STOCK1,98.00,440,buy,T-020,T-046,34.00,98.00
5109,2692.356,STOCK2,215.00,200,sell,T-031,T-049,215.00,229.00
5110,2692.387,STOCK1,98.00,560,buy,T-020,T-046,34.00,98.00
5111,2692.387,STOCK1,98.00,440,buy,T-020,T-046,34.00,98.00
5112,2692.659,STOCK1,98.00,560,buy,T-020,T-046,34.00,98.00
5113,2692.659,STOCK1,98.00,440,buy,T-020,T-046,34.00,98.00
5114,2692.850,STOCK1,98.00,560,buy,T-020,T-046,34.00,98.00
5115,2692.850,STOCK1,98.00,440,buy,T-020,T-046,34.00,98.00
5116,2692.961,STOCK2,215.00,200,sell,T-031,T-049,215.00,229.00
5117,2693.042,STOCK1,98.00,560,buy,T-020,T-046,34.00,98.00
5118,2693.042,STOCK1,98.00,440,buy,T-020,T-046,34.00,98.00
5119,2693.076,STOCK1,98.00,10,buy,T-035,T-046,34.00,98.00
5120,2693.217,STOCK2,229.00,800,buy,T-005,T-046,215.00,229.00
5121,2693.217,STOCK2,229.00,200,buy,T-005,T-046,215.00,229.00
5122,2693.217,STOCK1,98.00,550,buy,T-020,T-046,34.00,98.00
5123,2693.217,STOCK1,98.00,450,buy,T-020,T-046,34.00,98.00
5124,2693.399,STOCK1,98.00,550,buy,T-020,T-046,34.00,98.00
5125,2693.399,STOCK1,98.00,450,buy,T-020,T-046,34.00,98.00
5126,2693.399,STOCK2,215.00,200,sell,T-031,T-049,215.00,229.00
5127,2693.701,STOCK1,98.00,550,buy,T-020,T-046,34.00,98.00
5128,2693.701,STOCK1,100.00,450,buy,T-020,T-011,34.00,98.00
5129,2693.752,STOCK1,100.00,10,buy,T-035,T-011,34.00,100.00
5130,2693.874,STOCK1,100.00,1000,buy,T-020,T-011,34.00,100.00
5131,2693.956,STOCK2,215.00,200,sell,T-031,T-049,215.00,229.00
5132,2694.057,STOCK1,100.00,1000,buy,T-020,T-011,34.00,100.00
5133,2694.228,STOCK1,100.00,1000,buy,T-020,T-011,34.00,100.00
5134,2694.429,STOCK1,100.00,1000,buy,T-020,T-011,34.00,100.00
5135,2694.621,STOCK2,215.00,200,sell,T-031,T-049,215.00,229.00
5136,2694.661,STOCK1,100.00,540,buy,T-020,T-011,34.00,100.00
5137,2694.661,STOCK1,100.00,460,buy,T-020,T-040,34.00,100.00
5138,2694.861,STOCK1,100.00,540,buy,T-020,T-040,34.00,100.00
5139,2694.861,STOCK1,101.00,460,buy,T-020,T-046,34.00,100.00
5140,2695.023,STOCK1,101.00,540,buy,T-020,T-046,34.00,101.00
5141,2695.023,STOCK1,101.00,460,buy,T-020,T-046,34.00,101.00
5142,2695.032,STOCK1,101.00,10,buy,T-035,T-046,34.00,101.00
5143,2695.185,STOCK1,100.00,200,buy,T-020,T-038,34.00,100.00
5144,2695.185,STOCK1,101.00,530,buy,T-020,T-046,34.00,100.00
5145,2695.185,STOCK1,110.00,270,buy,T-020,T-031,34.00,100.00
5146,2695.195,STOCK2,215.00,200,sell,T-031,T-049,215.00,229.00
5147,2695.387,STOCK1,110.00,1000,buy,T-020,T-031,34.00,110.00
5148,2695.458,STOCK1,100.00,10,buy,T-035,T-045,34.00,100.00
5149,2695.641,STOCK1,100.00,10,buy,T-035,T-045,34.00,100.00
5150,2695.662,STOCK1,100.00,980,buy,T-020,T-045,34.00,100.00
5151,2695.662,STOCK1,110.00,20,buy,T-020,T-031,34.00,100.00
5152,2695.772,STOCK2,215.00,200,sell,T-031,T-049,215.00,229.00
5153,2695.802,STOCK1,110.00,10,buy,T-035,T-031,34.00,110.00
5154,2695.822,STOCK1,110.00,700,buy,T-020,T-031,34.00,110.00
5155,2695.822,STOCK1,118.00,300,buy,T-020,T-013,34.00,110.00
5156,2695.985,STOCK1,100.00,10,buy,T-035,T-045,34.00,100.00
5157,2696.088,STOCK1,100.00,990,buy,T-020,T-045,34.00,100.00
5158,2696.088,STOCK1,118.00,10,buy,T-020,T-013,34.00,100.00
5159,2696.288,STOCK1,118.00,690,buy,T-020,T-013,34.00,118.00
5160,2696.288,STOCK1,120.00,310,buy,T-020,T-016,34.00,118.00
5161,2696.390,STOCK2,215.00,200,sell,T-031,T-049,215.00,229.00
5162,2696.390,STOCK1,120.00,1000,buy,T-020,T-016,34.00,120.00
5163,2696.540,STOCK2,229.00,100,buy,T-027,T-046,215.00,229.00
5164,2697.390,STOCK2,215.00,201,sell,T-031,T-015,215.00,229.00
5165,2697.390,STOCK2,214.00,551,sell,T-041,T-015,215.00,229.00
5166,2700.669,STOCK2,214.00,200,sell,T-041,T-049,214.00,225.00
5167,2702.201,STOCK2,225.00,100,buy,T-027,T-031,214.00,225.00
5168,2703.168,STOCK2,214.00,1,sell,T-041,T-003,214.00,225.00
5169,2703.188,STOCK1,100.00,100,buy,T-020,T-019,34.00,100.00
5170,2703.188,STOCK1,100.00,100,buy,T-020,T-019,34.00,100.00
5171,2703.188,STOCK1,110.00,800,buy,T-020,T-032,34.00,100.00
5172,2703.289,STOCK2,225.00,100,buy,T-027,T-031,200.00,225.00
5173,2703.340,STOCK1,110.00,200,buy,T-020,T-032,34.00,110.00
5174,2703.340,STOCK1,110.00,800,buy,T-020,T-032,34.00,110.00
5175,2703.472,STOCK1,100.00,100,buy,T-020,T-019,34.00,100.00
5176,2703.472,STOCK1,110.00,200,buy,T-020,T-032,34.00,100.00
5177,2703.472,STOCK1,110.00,700,buy,T-020,T-032,34.00,100.00
5178,2703.746,STOCK1,100.00,100,buy,T-020,T-019,34.00,100.00
5179,2703.746,STOCK1,110.00,300,buy,T-020,T-032,34.00,100.00
5180,2703.746,STOCK1,120.00,600,buy,T-020,T-016,34.00,100.00
5181,2703.908,STOCK1,120.00,90,buy,T-020,T-016,34.00,120.00
5182,2703.908,STOCK1,120.00,910,buy,T-020,T-045,34.00,120.00
5183,2704.375,STOCK1,100.00,100,buy,T-020,T-019,34.00,100.00
5184,2704.375,STOCK1,100.00,100,buy,T-020,T-019,34.00,100.00
5185,2704.375,STOCK1,110.00,800,buy,T-020,T-040,34.00,100.00
5186,2704.406,STOCK2,225.00,100,buy,T-027,T-031,200.00,225.00
5187,2704.468,STOCK1,110.00,200,buy,T-020,T-040,34.00,110.00
5188,2704.468,STOCK1,120.00,90,buy,T-020,T-045,34.00,110.00
5189,2704.468,STOCK1,120.00,710,buy,T-020,T-045,34.00,110.00
5190,2704.791,STOCK1,100.00,100,buy,T-020,T-019,34.00,100.00
5191,2704.791,STOCK1,120.00,290,buy,T-020,T-045,34.00,100.00
5192,2704.791,STOCK1,129.00,610,buy,T-020,T-041,34.00,100.00
5193,2704.811,STOCK1,129.00,390,buy,T-020,T-041,34.00,129.00
5194,2704.811,STOCK1,129.00,610,buy,T-020,T-041,34.00,129.00
5195,2705.026,STOCK1,100.00,100,buy,T-020,T-019,34.00,100.00
5196,2705.026,STOCK1,129.00,390,buy,T-020,T-041,34.00,100.00
5197,2705.026,STOCK1,129.00,510,buy,T-020,T-041,34.00,100.00
5198,2705.257,STOCK1,100.00,100,buy,T-020,T-019,34.00,100.00
5199,2705.257,STOCK1,129.00,490,buy,T-020,T-041,34.00,100.00
5200,2705.257,STOCK1,129.00,410,buy,T-020,T-041,34.00,100.00
5201,2705.744,STOCK2,215.00,1000,sell,T-031,T-026,215.00,225.00
5202,2705.744,STOCK1,100.00,100,buy,T-020,T-019,34.00,100.00
5203,2705.744,STOCK1,129.00,590,buy,T-020,T-041,34.00,100.00
5204,2705.744,STOCK1,129.00,310,buy,T-020,T-041,34.00,100.00
5205,2705.754,STOCK1,129.00,690,buy,T-020,T-041,34.00,129.00
5206,2705.754,STOCK1,129.00,310,buy,T-020,T-041,34.00,129.00
5207,2706.026,STOCK1,100.00,100,buy,T-020,T-019,34.00,100.00
5208,2706.026,STOCK1,129.00,690,buy,T-020,T-041,34.00,100.00
5209,2706.026,STOCK1,129.00,210,buy,T-020,T-041,34.00,100.00
5210,2706.197,STOCK1,100.00,100,buy,T-020,T-019,34.00,100.00
5211,2706.197,STOCK1,129.00,790,buy,T-020,T-041,34.00,100.00
5212,2706.197,STOCK1,129.00,110,buy,T-020,T-041,34.00,100.00
5213,2706.288,STOCK1,129.00,890,buy,T-020,T-041,34.00,129.00
5214,2706.288,STOCK1,129.00,110,buy,T-020,T-041,34.00,129.00
5215,2706.380,STOCK1,100.00,100,buy,T-020,T-019,34.00,100.00
5216,2706.380,STOCK1,129.00,890,buy,T-020,T-041,34.00,100.00
5217,2706.380,STOCK1,129.00,10,buy,T-020,T-041,34.00,100.00
5218,2706.474,STOCK1,129.00,990,buy,T-020,T-041,34.00,129.00
5219,2706.474,STOCK1,129.00,10,buy,T-020,T-041,34.00,129.00
5220,2706.577,STOCK1,129.00,990,buy,T-020,T-041,34.00,129.00
5221,2706.577,STOCK1,130.00,10,buy,T-020,T-038,34.00,129.00
5222,2706.577,STOCK2,215.00,1000,sell,T-031,T-026,215.00,225.00
5223,2706.659,STOCK1,100.00,100,buy,T-020,T-019,34.00,100.00
5224,2706.659,STOCK1,130.00,90,buy,T-020,T-038,34.00,100.00
5225,2706.659,STOCK1,150.00,100,buy,T-020,T-038,34.00,100.00
5226,2706.659,STOCK1,160.00,100,buy,T-020,T-038,34.00,100.00
5227,2706.659,STOCK1,176.00,610,buy,T-020,T-038,34.00,100.00
5228,2706.749,STOCK1,176.00,390,buy,T-020,T-038,34.00,176.00
5229,2706.749,STOCK1,180.00,610,buy,T-020,T-046,34.00,176.00
5230,2706.810,STOCK1,180.00,390,buy,T-020,T-046,34.00,180.00
5231,2706.810,STOCK1,190.00,610,buy,T-020,T-032,34.00,180.00
5232,2706.932,STOCK1,100.00,100,buy,T-020,T-019,34.00,100.00
5233,2706.932,STOCK1,190.00,390,buy,T-020,T-032,34.00,100.00
5234,2706.932,STOCK1,190.00,510,buy,T-020,T-032,34.00,100.00
5235,2706.973,STOCK1,100.00,100,buy,T-020,T-019,34.00,100.00
5236,2706.973,STOCK1,190.00,490,buy,T-020,T-032,34.00,100.00
5237,2706.973,STOCK1,190.00,410,buy,T-020,T-032,34.00,100.00
5238,2707.146,STOCK1,150.00,1000,buy,T-020,T-029,34.00,150.00
5239,2707.247,STOCK1,150.00,1000,buy,T-020,T-029,34.00,150.00
5240,2707.338,STOCK1,150.00,1000,buy,T-020,T-029,34.00,150.00
5241,2707.438,STOCK1,150.00,1000,buy,T-020,T-029,34.00,150.00
5242,2707.529,STOCK1,190.00,590,buy,T-020,T-032,34.00,190.00
5243,2707.529,STOCK1,190.00,410,buy,T-020,T-032,34.00,190.00
5244,2707.621,STOCK1,190.00,590,buy,T-020,T-032,34.00,190.00
5245,2707.621,STOCK1,200.00,100,buy,T-020,T-019,34.00,190.00
5246,2707.621,STOCK1,200.00,100,buy,T-020,T-019,34.00,190.00
5247,2707.621,STOCK1,200.00,100,buy,T-020,T-019,34.00,190.00
5248,2707.621,STOCK1,200.00,100,buy,T-020,T-019,34.00,190.00
5249,2707.621,STOCK1,200.00,10,buy,T-020,T-019,34.00,190.00
5250,2707.805,STOCK1,110.00,1000,buy,T-020,T-046,34.00,110.00
5251,2707.946,STOCK1,110.00,10,buy,T-035,T-046,34.00,110.00
5252,2707.987,STOCK1,110.00,990,buy,T-020,T-046,34.00,110.00
5253,2707.987,STOCK1,200.00,10,buy,T-020,T-019,34.00,110.00
5254,2708.167,STOCK1,200.00,80,buy,T-020,T-019,34.00,200.00
5255,2708.167,STOCK1,200.00,100,buy,T-020,T-019,34.00,200.00
5256,2708.167,STOCK1,200.00,100,buy,T-020,T-019,34.00,200.00
5257,2708.167,STOCK1,200.00,100,buy,T-020,T-019,34.00,200.00
5258,2708.167,STOCK1,200.00,100,buy,T-020,T-019,34.00,200.00
5259,2708.167,STOCK1,200.00,100,buy,T-020,T-019,34.00,200.00
5260,2708.167,STOCK1,200.00,100,buy,T-020,T-019,34.00,200.00
5261,2708.167,STOCK1,200.00,100,buy,T-020,T-019,34.00,200.00
5262,2708.167,STOCK1,200.00,100,buy,T-020,T-019,34.00,200.00
5263,2708.167,STOCK1,200.00,100,buy,T-020,T-019,34.00,200.00
5264,2708.167,STOCK1,200.00,20,buy,T-020,T-019,34.00,200.00
5265,2708.354,STOCK1,200.00,80,buy,T-020,T-019,34.00,200.00
5266,2708.354,STOCK1,200.00,100,buy,T-020,T-019,34.00,200.00
5267,2708.354,STOCK1,200.00,100,buy,T-020,T-019,34.00,200.00
5268,2708.354,STOCK1,200.00,100,buy,T-020,T-019,34.00,200.00
5269,2708.354,STOCK1,200.00,100,buy,T-020,T-019,34.00,200.00
5270,2708.354,STOCK1,200.00,100,buy,T-020,T-019,34.00,200.00
5271,2708.354,STOCK1,200.00,420,buy,T-020,T-029,34.00,200.00
5272,2708.565,STOCK1,200.00,1000,buy,T-020,T-029,34.00,200.00
5273,2708.787,STOCK1,200.00,580,buy,T-020,T-029,34.00,200.00
5274,2708.787,STOCK1,200.00,420,buy,T-020,T-038,34.00,200.00
5275,2708.959,STOCK1,200.00,580,buy,T-020,T-038,34.00,200.00
5276,2708.959,STOCK1,285.00,420,buy,T-020,T-030,34.00,200.00
5277,2709.049,STOCK2,225.00,100,buy,T-027,T-031,200.00,225.00
5278,2709.192,STOCK1,285.00,580,buy,ME,T-030,34.00,285.00
5279,2709.192,STOCK1,285.00,420,buy,ME,T-030,34.00,285.00
5280,2712.212,STOCK1,100.00,10,buy,T-035,T-038,34.00,100.00
5281,2716.926,STOCK2,225.00,100,buy,T-047,T-031,201.00,225.00
5282,2717.112,STOCK2,225.00,100,buy,T-047,T-031,201.00,225.00
5283,2717.418,STOCK2,225.00,100,buy,T-047,T-031,201.00,225.00
5284,2718.239,STOCK2,225.00,100,buy,T-047,T-031,201.00,225.00
5285,2718.581,STOCK2,225.00,100,buy,T-047,T-031,201.00,225.00
5286,2720.395,STOCK1,99.00,10,buy,T-035,T-032,35.00,99.00
5287,2721.445,STOCK1,35.00,1000,sell,T-045,T-046,35.00,98.00
5288,2722.763,STOCK2,224.00,100,buy,T-027,T-030,201.00,224.00
5289,2722.813,STOCK1,98.00,10,buy,T-035,T-051,35.00,98.00
5290,2727.143,STOCK1,50.00,1000,sell,T-016,T-033,50.00,80.00
5291,2727.646,STOCK1,50.00,1000,sell,T-016,T-033,50.00,80.00
5292,2727.717,STOCK1,50.00,1000,sell,T-016,T-020,50.00,80.00
5293,2727.847,STOCK1,50.00,1000,sell,T-016,T-020,50.00,80.00
5294,2728.149,STOCK1,50.00,1000,sell,T-016,T-020,50.00,80.00
5295,2728.251,STOCK1,50.00,1000,sell,T-016,T-033,50.00,80.00
5296,2728.281,STOCK1,50.00,1000,sell,T-016,T-020,50.00,80.00
5297,2728.543,STOCK1,36.00,100,sell,T-019,T-020,36.00,80.00
5298,2728.543,STOCK1,36.00,100,sell,T-019,T-020,36.00,80.00
5299,2728.543,STOCK1,36.00,100,sell,T-019,T-020,36.00,80.00
5300,2728.543,STOCK1,36.00,100,sell,T-019,T-020,36.00,80.00
5301,2728.543,STOCK1,36.00,100,sell,T-019,T-020,36.00,80.00
5302,2728.543,STOCK1,36.00,100,sell,T-019,T-020,36.00,80.00
5303,2728.543,STOCK1,36.00,100,sell,T-019,T-020,36.00,80.00
5304,2728.543,STOCK1,36.00,100,sell,T-019,T-020,36.00,80.00
5305,2728.543,STOCK1,35.00,200,sell,T-045,T-020,36.00,80.00
5306,2728.594,STOCK1,35.00,800,sell,T-045,T-033,35.00,80.00
5307,2728.594,STOCK1,35.00,200,sell,T-045,T-033,35.00,80.00
5308,2729.378,STOCK1,35.00,800,sell,T-045,T-020,35.00,80.00
5309,2729.378,STOCK1,34.00,200,sell,T-016,T-020,35.00,80.00
5310,2729.521,STOCK1,34.00,1000,sell,T-016,T-020,34.00,80.00
5311,2729.672,STOCK1,34.00,1000,sell,T-016,T-020,34.00,80.00
5312,2729.832,STOCK1,34.00,1000,sell,T-016,T-020,34.00,80.00
5313,2730.003,STOCK1,34.00,1000,sell,T-016,T-020,34.00,80.00
5314,2730.127,STOCK1,34.00,800,sell,T-016,T-020,34.00,80.00
5315,2730.127,STOCK1,33.00,200,sell,T-040,T-020,34.00,80.00
5316,2730.451,STOCK1,33.00,800,sell,T-040,T-020,33.00,80.00
5317,2730.451,STOCK1,33.00,200,sell,T-040,T-020,33.00,80.00
5318,2730.804,STOCK1,33.00,800,sell,T-040,T-020,33.00,80.00
5319,2730.804,STOCK1,33.00,200,sell,T-040,T-020,33.00,80.00
5320,2730.954,STOCK1,33.00,800,sell,T-040,T-020,33.00,80.00
5321,2730.954,STOCK1,32.00,200,sell,T-045,T-020,33.00,80.00
5322,2731.086,STOCK1,32.00,800,sell,T-045,T-020,32.00,80.00
5323,2731.086,STOCK1,31.00,200,sell,T-013,T-020,32.00,80.00
5324,2731.227,STOCK1,31.00,600,sell,T-013,T-020,31.00,80.00
5325,2731.227,STOCK1,31.00,400,sell,T-013,T-020,31.00,80.00
5326,2731.298,STOCK2,219.00,100,buy,T-027,T-030,201.00,219.00
5327,2731.359,STOCK1,31.00,600,sell,T-013,T-020,31.00,80.00
5328,2731.359,STOCK1,30.00,308,sell,T-045,T-020,31.00,80.00
5329,2731.359,STOCK1,30.00,92,sell,T-045,T-020,31.00,80.00
5330,2731.551,STOCK1,30.00,1000,sell,T-045,T-020,30.00,80.00
5331,2731.775,STOCK1,30.00,1000,sell,T-045,T-020,30.00,80.00
5332,2731.977,STOCK1,30.00,908,sell,T-045,T-020,30.00,80.00
5333,2731.977,STOCK1,30.00,92,sell,T-045,T-020,30.00,80.00
5334,2732.155,STOCK1,30.00,1000,sell,T-045,T-020,30.00,80.00
5335,2732.296,STOCK1,30.00,1000,sell,T-045,T-020,30.00,80.00
5336,2732.558,STOCK1,30.00,908,sell,T-045,T-020,30.00,80.00
5337,2732.558,STOCK1,30.00,92,sell,T-016,T-020,30.00,80.00
5338,2732.629,STOCK1,30.00,1000,sell,T-016,T-020,30.00,80.00
5339,2735.777,STOCK2,218.00,1000,sell,T-032,T-024,218.00,219.00
5340,2736.737,STOCK1,31.00,100,sell,T-019,T-020,31.00,80.00
5341,2736.737,STOCK1,31.00,100,sell,T-019,T-020,31.00,80.00
5342,2736.737,STOCK1,31.00,100,sell,T-019,T-020,31.00,80.00
5343,2736.737,STOCK1,31.00,100,sell,T-019,T-020,31.00,80.00
5344,2736.737,STOCK1,31.00,100,sell,T-019,T-020,31.00,80.00
5345,2736.737,STOCK1,31.00,100,sell,T-019,T-020,31.00,80.00
5346,2736.737,STOCK1,31.00,100,sell,T-019,T-020,31.00,80.00
5347,2736.737,STOCK1,30.00,300,sell,T-016,T-020,31.00,80.00
5348,2736.907,STOCK1,30.00,1000,sell,T-016,T-020,30.00,78.00
5349,2737.068,STOCK1,30.00,1000,sell,T-016,T-020,30.00,78.00
5350,2738.249,STOCK1,78.00,10,buy,T-035,T-046,31.00,78.00
5351,2738.381,STOCK1,78.00,10,buy,T-035,T-046,31.00,78.00
5352,2738.532,STOCK1,78.00,10,buy,T-035,T-046,31.00,78.00
5353,2738.675,STOCK1,78.00,10,buy,T-035,T-046,31.00,78.00
5354,2738.817,STOCK1,78.00,10,buy,T-035,T-046,31.00,78.00
5355,2738.867,STOCK1,31.00,100,sell,T-019,T-020,31.00,78.00
5356,2738.867,STOCK1,31.00,100,sell,T-019,T-020,31.00,78.00
5357,2738.867,STOCK1,31.00,100,sell,T-019,T-020,31.00,78.00
5358,2738.867,STOCK1,31.00,100,sell,T-019,T-020,31.00,78.00
5359,2738.867,STOCK1,31.00,100,sell,T-019,T-020,31.00,78.00
5360,2738.867,STOCK1,31.00,100,sell,T-019,T-020,31.00,78.00
5361,2738.867,STOCK1,31.00,100,sell,T-019,T-020,31.00,78.00
5362,2738.867,STOCK1,31.00,100,sell,T-019,T-020,31.00,78.00
5363,2738.867,STOCK1,30.00,200,sell,T-016,T-020,31.00,78.00
5364,2738.947,STOCK1,78.00,10,buy,T-035,T-046,30.00,78.00
5365,2738.988,STOCK1,30.00,1000,sell,T-016,T-020,30.00,78.00
5366,2739.089,STOCK1,78.00,10,buy,T-035,T-046,31.00,78.00
5367,2739.129,STOCK1,31.00,100,sell,T-019,T-020,31.00,78.00
5368,2739.129,STOCK1,30.00,408,sell,T-016,T-020,31.00,78.00
5369,2739.129,STOCK1,30.00,492,sell,T-029,T-020,31.00,78.00
5370,2739.220,STOCK1,78.00,10,buy,T-035,T-046,30.00,78.00
5371,2739.280,STOCK1,30.00,1000,sell,T-029,T-020,30.00,78.00
5372,2739.359,STOCK1,78.00,10,buy,T-035,T-046,30.00,78.00
5373,2739.490,STOCK1,31.00,100,sell,T-019,T-020,31.00,78.00
5374,2739.490,STOCK1,30.00,900,sell,T-029,T-020,31.00,78.00
5375,2739.490,STOCK1,78.00,10,buy,T-035,T-046,30.00,78.00
5376,2739.588,STOCK1,30.00,1000,sell,T-029,T-020,30.00,78.00
5377,2739.648,STOCK1,78.00,10,buy,T-035,T-046,31.00,78.00
5378,2739.719,STOCK1,31.00,100,sell,T-019,T-020,31.00,78.00
5379,2739.719,STOCK1,30.00,900,sell,T-029,T-020,31.00,78.00
5380,2739.780,STOCK1,78.00,10,buy,T-035,T-046,30.00,78.00
5381,2739.861,STOCK1,30.00,708,sell,T-029,T-020,30.00,78.00
5382,2739.861,STOCK1,25.00,292,sell,T-041,T-020,30.00,78.00
5383,2739.962,STOCK1,31.00,100,sell,T-019,T-020,31.00,78.00
5384,2739.962,STOCK1,25.00,708,sell,T-041,T-020,31.00,78.00
5385,2739.962,STOCK1,25.00,192,sell,T-041,T-020,31.00,78.00
5386,2739.992,STOCK1,78.00,10,buy,T-035,T-046,25.00,78.00
5387,2740.076,STOCK1,31.00,100,sell,T-019,T-020,31.00,78.00
5388,2740.076,STOCK1,25.00,808,sell,T-041,T-020,31.00,78.00
5389,2740.076,STOCK1,25.00,92,sell,T-041,T-020,31.00,78.00
5390,2740.127,STOCK1,78.00,10,buy,T-035,T-046,25.00,78.00
5391,2740.177,STOCK1,25.00,908,sell,T-041,T-020,25.00,78.00
5392,2740.177,STOCK1,25.00,92,sell,T-041,T-020,25.00,78.00
5393,2740.268,STOCK1,78.00,10,buy,T-035,T-046,25.00,78.00
5394,2740.348,STOCK1,25.00,908,sell,T-041,T-020,25.00,78.00
5395,2740.348,STOCK1,25.00,92,sell,T-041,T-020,25.00,78.00
5396,2740.418,STOCK1,78.00,10,buy,T-035,T-046,25.00,78.00
5397,2740.468,STOCK1,31.00,100,sell,T-019,T-020,31.00,78.00
5398,2740.468,STOCK1,25.00,900,sell,T-041,T-020,31.00,78.00
5399,2740.569,STOCK1,78.00,10,buy,T-035,T-046,25.00,78.00
5400,2740.630,STOCK1,25.00,8,sell,T-041,T-020,25.00,78.00
5401,2740.630,STOCK1,25.00,992,sell,T-041,T-020,25.00,78.00
5402,2740.701,STOCK1,78.00,10,buy,T-035,T-046,31.00,78.00
5403,2740.751,STOCK1,31.00,100,sell,T-019,T-020,31.00,78.00
5404,2740.751,STOCK1,25.00,8,sell,T-041,T-020,31.00,78.00
5405,2740.751,STOCK1,25.00,892,sell,T-041,T-020,31.00,78.00
5406,2740.851,STOCK1,78.00,10,buy,T-035,T-046,25.00,78.00
5407,2740.955,STOCK1,31.00,100,sell,T-019,T-020,31.00,78.00
5408,2740.955,STOCK1,25.00,108,sell,T-041,T-020,31.00,78.00
5409,2740.955,STOCK1,25.00,792,sell,T-041,T-020,31.00,78.00
5410,2741.005,STOCK1,78.00,10,buy,T-035,T-046,25.00,78.00
5411,2741.444,STOCK1,31.00,100,sell,T-019,T-020,31.00,78.00
5412,2741.444,STOCK1,25.00,208,sell,T-041,T-020,31.00,78.00
5413,2741.444,STOCK1,25.00,692,sell,T-041,T-020,31.00,78.00
5414,2741.596,STOCK1,25.00,308,sell,T-041,T-020,25.00,78.00
5415,2741.596,STOCK1,25.00,692,sell,T-041,T-020,25.00,78.00
5416,2741.747,STOCK1,25.00,308,sell,T-041,T-020,25.00,78.00
5417,2741.747,STOCK1,25.00,692,sell,T-041,T-020,25.00,78.00
5418,2741.909,STOCK1,25.00,308,sell,T-041,T-020,25.00,78.00
5419,2741.909,STOCK1,25.00,692,sell,T-041,T-020,25.00,78.00
5420,2742.089,STOCK1,25.00,308,sell,T-041,T-020,25.00,78.00
5421,2742.089,STOCK1,24.00,692,sell,T-040,T-020,25.00,78.00
5422,2742.324,STOCK1,24.00,308,sell,T-040,T-020,24.00,78.00
5423,2742.324,STOCK1,24.00,692,sell,T-040,T-020,24.00,78.00
5424,2742.485,STOCK1,24.00,308,sell,T-040,T-020,24.00,78.00
5425,2742.485,STOCK1,23.00,692,sell,T-040,T-020,24.00,78.00
5426,2742.505,STOCK1,78.00,800,buy,T-028,T-046,23.00,78.00
5427,2742.505,STOCK1,78.00,1000,buy,T-028,T-046,23.00,78.00
5428,2742.505,STOCK1,80.00,2000,buy,T-028,T-013,23.00,78.00
5429,2742.505,STOCK1,80.00,1000,buy,T-028,T-046,23.00,78.00
5430,2742.505,STOCK1,80.00,200,buy,T-028,T-046,23.00,78.00
5431,2742.687,STOCK1,23.00,308,sell,T-040,T-020,23.00,80.00
5432,2742.687,STOCK1,23.00,692,sell,T-040,T-020,23.00,80.00
5433,2742.838,STOCK1,23.00,308,sell,T-040,T-020,23.00,80.00
5434,2742.838,STOCK1,22.00,692,sell,T-030,T-020,23.00,80.00
5435,2742.992,STOCK1,22.00,308,sell,T-030,T-020,22.00,80.00
5436,2742.992,STOCK1,21.00,100,sell,T-019,T-020,22.00,80.00
5437,2742.992,STOCK1,20.00,592,sell,T-040,T-020,22.00,80.00
5438,2743.042,STOCK2,202.00,1000,sell,T-013,T-025,202.00,218.00
5439,2743.182,STOCK1,20.00,408,sell,T-040,T-020,20.00,80.00
5440,2743.182,STOCK1,20.00,592,sell,T-040,T-020,20.00,80.00
5441,2744.031,STOCK1,20.00,408,sell,T-040,T-020,20.00,80.00
5442,2744.031,STOCK1,20.00,592,sell,T-040,T-020,20.00,80.00
5443,2744.207,STOCK1,20.00,408,sell,T-040,T-020,20.00,80.00
5444,2744.207,STOCK1,20.00,592,sell,T-040,T-020,20.00,80.00
5445,2747.095,STOCK1,80.00,800,buy,T-035,T-046,26.00,80.00
5446,2747.095,STOCK1,80.00,4200,buy,T-035,T-016,26.00,80.00
5447,2747.196,STOCK2,217.00,1,sell,T-032,T-025,217.00,218.00
5448,2747.196,STOCK2,202.00,999,sell,T-013,T-025,217.00,218.00
5449,2747.642,STOCK1,26.00,100,sell,T-019,T-020,26.00,80.00
5450,2747.642,STOCK1,26.00,100,sell,T-019,T-020,26.00,80.00
5451,2747.642,STOCK1,26.00,100,sell,T-019,T-020,26.00,80.00
5452,2747.642,STOCK1,26.00,100,sell,T-019,T-020,26.00,80.00
5453,2747.642,STOCK1,26.00,100,sell,T-019,T-020,26.00,80.00
5454,2747.642,STOCK1,26.00,100,sell,T-019,T-020,26.00,80.00
5455,2747.642,STOCK1,26.00,100,sell,T-019,T-020,26.00,80.00
5456,2747.642,STOCK1,26.00,100,sell,T-019,T-020,26.00,80.00
5457,2747.642,STOCK1,26.00,100,sell,T-019,T-020,26.00,80.00
5458,2747.642,STOCK1,26.00,100,sell,T-019,T-020,26.00,80.00
5459,2747.703,STOCK1,80.00,800,buy,T-035,T-016,26.00,80.00
5460,2747.703,STOCK1,80.00,4200,buy,T-035,T-016,26.00,80.00
5461,2747.784,STOCK1,26.00,100,sell,T-019,T-020,26.00,80.00
5462,2747.784,STOCK1,26.00,100,sell,T-019,T-020,26.00,80.00
5463,2747.784,STOCK1,20.00,408,sell,T-040,T-020,26.00,80.00
5464,2747.784,STOCK1,20.00,392,sell,T-040,T-020,26.00,80.00
5465,2747.946,STOCK1,20.00,608,sell,T-040,T-020,20.00,80.00
5466,2747.946,STOCK1,20.00,392,sell,T-040,T-020,20.00,80.00
5467,2748.067,STOCK1,80.00,800,buy,T-035,T-016,20.00,80.00
5468,2748.067,STOCK1,98.00,990,buy,T-035,T-051,20.00,80.00
5469,2748.067,STOCK1,99.00,990,buy,T-035,T-032,20.00,80.00
5470,2748.067,STOCK1,99.00,1000,buy,T-035,T-032,20.00,80.00
5471,2748.067,STOCK1,100.00,190,buy,T-035,T-038,20.00,80.00
5472,2748.067,STOCK1,100.00,200,buy,T-035,T-038,20.00,80.00
5473,2748.067,STOCK1,100.00,200,buy,T-035,T-038,20.00,80.00
5474,2748.067,STOCK1,100.00,200,buy,T-035,T-038,20.00,80.00
5475,2748.067,STOCK1,100.00,200,buy,T-035,T-038,20.00,80.00
5476,2748.067,STOCK1,100.00,200,buy,T-035,T-038,20.00,80.00
5477,2748.067,STOCK1,100.00,30,buy,T-035,T-029,20.00,80.00
5478,2748.138,STOCK1,20.00,608,sell,T-040,T-020,20.00,100.00
5479,2748.138,STOCK1,20.00,392,sell,T-040,T-020,20.00,100.00
5480,2748.229,STOCK1,25.00,1000,sell,T-029,T-020,25.00,100.00
5481,2748.390,STOCK1,25.00,1000,sell,T-029,T-020,25.00,100.00
5482,2748.460,STOCK1,100.00,3970,buy,T-035,T-029,25.00,100.00
5483,2748.460,STOCK1,140.00,1000,buy,T-035,T-046,25.00,100.00
5484,2748.460,STOCK1,150.00,30,buy,T-035,T-019,25.00,100.00
5485,2748.586,STOCK1,25.00,1000,sell,T-029,T-020,25.00,150.00
5486,2749.041,STOCK1,26.00,100,sell,T-019,T-020,26.00,150.00
5487,2749.041,STOCK1,26.00,100,sell,T-019,T-020,26.00,150.00
5488,2749.041,STOCK1,25.00,800,sell,T-029,T-020,26.00,150.00
5489,2749.157,STOCK1,150.00,70,buy,T-028,T-019,26.00,150.00
5490,2749.157,STOCK1,150.00,100,buy,T-028,T-019,26.00,150.00
5491,2749.157,STOCK1,150.00,100,buy,T-028,T-019,26.00,150.00
5492,2749.157,STOCK1,150.00,100,buy,T-028,T-019,26.00,150.00
5493,2749.157,STOCK1,200.00,1000,buy,T-028,T-045,26.00,150.00
5494,2749.157,STOCK1,285.00,580,buy,T-028,T-030,26.00,150.00
5495,2749.157,STOCK1,299.00,1000,buy,T-028,T-030,26.00,150.00
5496,2749.157,STOCK1,300.00,2050,buy,T-028,T-019,26.00,150.00
5497,2749.268,STOCK1,26.00,100,sell,T-019,T-020,26.00,300.00
5498,2749.268,STOCK1,25.00,200,sell,T-029,T-020,26.00,300.00
5499,2749.268,STOCK1,20.00,608,sell,T-040,T-020,26.00,300.00
5500,2749.268,STOCK1,20.00,92,sell,T-040,T-020,26.00,300.00
5501,2749.642,STOCK1,26.00,100,sell,T-019,T-020,26.00,300.00
5502,2749.642,STOCK1,26.00,100,sell,T-019,T-020,26.00,300.00
5503,2749.642,STOCK1,20.00,800,sell,T-040,T-020,26.00,300.00
5504,2749.792,STOCK1,26.00,100,sell,T-019,T-020,26.00,300.00
5505,2749.792,STOCK1,20.00,108,sell,T-040,T-020,26.00,300.00
5506,2749.792,STOCK1,20.00,792,sell,T-040,T-020,26.00,300.00
5507,2749.954,STOCK1,26.00,100,sell,T-019,T-020,26.00,300.00
5508,2749.954,STOCK1,20.00,208,sell,T-040,T-020,26.00,300.00
5509,2749.954,STOCK1,20.00,692,sell,T-040,T-020,26.00,300.00
5510,2749.984,STOCK1,300.00,2950,buy,T-035,T-019,20.00,300.00
5511,2749.984,STOCK1,300.00,2050,buy,T-035,T-019,20.00,300.00
5512,2750.211,STOCK1,26.00,100,sell,T-019,T-020,26.00,300.00
5513,2750.211,STOCK1,20.00,308,sell,T-040,T-020,26.00,300.00
5514,2750.211,STOCK1,20.00,592,sell,T-040,T-020,26.00,300.00
5515,2750.321,STOCK1,26.00,100,sell,T-019,T-020,26.00,300.00
5516,2750.321,STOCK1,20.00,408,sell,T-040,T-020,26.00,300.00
5517,2750.321,STOCK1,20.00,492,sell,T-040,T-020,26.00,300.00
5518,2750.321,STOCK1,300.00,2950,buy,T-035,T-019,20.00,300.00
5519,2750.321,STOCK1,300.00,2050,buy,T-035,T-019,20.00,300.00
5520,2750.522,STOCK1,300.00,2950,buy,T-035,T-019,26.00,300.00
5521,2750.522,STOCK1,300.00,2050,buy,T-035,T-029,26.00,300.00
5522,2750.532,STOCK1,26.00,100,sell,T-019,T-020,26.00,300.00
5523,2750.532,STOCK1,20.00,508,sell,T-040,T-020,26.00,300.00
5524,2750.532,STOCK1,20.00,392,sell,T-040,T-020,26.00,300.00
5525,2750.683,STOCK1,26.00,100,sell,T-019,T-020,26.00,300.00
5526,2750.683,STOCK1,20.00,608,sell,T-040,T-020,26.00,300.00
5527,2750.683,STOCK1,20.00,292,sell,T-041,T-020,26.00,300.00
5528,2750.704,STOCK1,300.00,2950,buy,T-035,T-029,20.00,300.00
5529,2750.704,STOCK1,300.00,1000,buy,T-035,T-040,20.00,300.00
5530,2750.704,STOCK1,300.00,100,buy,T-035,T-019,20.00,300.00
5531,2750.704,STOCK1,300.00,100,buy,T-035,T-019,20.00,300.00
5532,2750.704,STOCK1,300.00,850,buy,T-035,T-013,20.00,300.00
5533,2750.846,STOCK1,26.00,100,sell,T-019,T-020,26.00,300.00
5534,2750.846,STOCK1,20.00,708,sell,T-041,T-020,26.00,300.00
5535,2750.846,STOCK1,20.00,192,sell,T-041,T-020,26.00,300.00
5536,2750.859,STOCK1,300.00,1150,buy,T-035,T-013,20.00,300.00
5537,2750.859,STOCK1,300.00,100,buy,T-035,T-019,20.00,300.00
5538,2750.859,STOCK1,300.00,100,buy,T-035,T-019,20.00,300.00
5539,2750.859,STOCK1,300.00,100,buy,T-035,T-019,20.00,300.00
5540,2750.859,STOCK1,300.00,100,buy,T-035,T-019,20.00,300.00
5541,2750.859,STOCK1,300.00,100,buy,T-035,T-019,20.00,300.00
5542,2750.859,STOCK1,330.00,1000,buy,T-035,T-013,20.00,300.00
5543,2750.859,STOCK1,341.00,1000,buy,T-035,T-030,20.00,300.00
5544,2750.859,STOCK1,350.00,1000,buy,T-035,T-040,20.00,300.00
5545,2750.859,STOCK1,350.00,350,buy,T-035,T-040,20.00,300.00
5546,2751.000,STOCK1,350.00,650,buy,T-035,T-040,26.00,350.00
5547,2751.000,STOCK1,350.00,1000,buy,T-035,T-040,26.00,350.00
5548,2751.000,STOCK1,400.00,100,buy,T-035,T-019,26.00,350.00
5549,2751.000,STOCK1,400.00,100,buy,T-035,T-019,26.00,350.00
5550,2751.000,STOCK1,400.00,100,buy,T-035,T-019,26.00,350.00
5551,2751.000,STOCK1,400.00,100,buy,T-035,T-019,26.00,350.00
5552,2751.000,STOCK1,400.00,100,buy,T-035,T-019,26.00,350.00
5553,2751.000,STOCK1,400.00,100,buy,T-035,T-019,26.00,350.00
5554,2751.000,STOCK1,500.00,2000,buy,T-035,T-011,26.00,350.00
5555,2751.000,STOCK1,600.00,100,buy,T-035,T-019,26.00,350.00
5556,2751.000,STOCK1,600.00,100,buy,T-035,T-019,26.00,350.00
5557,2751.000,STOCK1,600.00,100,buy,T-035,T-019,26.00,350.00
5558,2751.000,STOCK1,600.00,100,buy,T-035,T-019,26.00,350.00
5559,2751.000,STOCK1,600.00,100,buy,T-035,T-019,26.00,350.00
5560,2751.000,STOCK1,600.00,100,buy,T-035,T-019,26.00,350.00
5561,2751.000,STOCK1,700.00,150,buy,T-035,T-032,26.00,350.00
5562,2751.092,STOCK1,26.00,100,sell,T-019,T-020,26.00,700.00
5563,2751.092,STOCK1,20.00,808,sell,T-041,T-020,26.00,700.00
5564,2751.092,STOCK1,20.00,92,sell,T-041,T-020,26.00,700.00
5565,2751.132,STOCK1,700.00,850,buy,T-035,T-032,20.00,700.00
5566,2751.132,STOCK1,700.00,1000,buy,T-035,T-032,20.00,700.00
5567,2751.132,STOCK1,800.00,100,buy,T-035,T-019,20.00,700.00
5568,2751.132,STOCK1,800.00,100,buy,T-035,T-019,20.00,700.00
5569,2751.132,STOCK1,800.00,100,buy,T-035,T-019,20.00,700.00
5570,2751.132,STOCK1,800.00,100,buy,T-035,T-019,20.00,700.00
5571,2751.132,STOCK1,800.00,100,buy,T-035,T-019,20.00,700.00
5572,2751.132,STOCK1,800.00,100,buy,T-035,T-019,20.00,700.00
5573,2751.132,STOCK1,800.00,100,buy,T-035,T-019,20.00,700.00
5574,2751.132,STOCK1,800.00,100,buy,T-035,T-019,20.00,700.00
5575,2751.132,STOCK1,1000.00,2350,buy,T-035,T-051,20.00,700.00
5576,2751.272,STOCK1,26.00,100,sell,T-019,T-020,26.00,1000.00
5577,2751.272,STOCK1,20.00,900,sell,T-041,T-020,26.00,1000.00
5578,2751.292,STOCK1,1000.00,650,buy,T-035,T-051,20.00,1000.00
5579,2751.292,STOCK1,1809.00,1000,buy,T-035,T-013,20.00,1000.00
5580,2751.292,STOCK1,1900.00,1000,buy,T-035,T-031,20.00,1000.00
5581,2751.292,STOCK1,5000.00,1000,buy,T-035,T-040,20.00,1000.00
5582,2751.292,STOCK1,5000.00,1000,buy,T-035,T-040,20.00,1000.00
5583,2751.292,STOCK1,5000.00,350,buy,T-035,T-040,20.00,1000.00
5584,2751.434,STOCK1,5000.00,650,buy,T-035,T-040,26.00,5000.00
5585,2751.434,STOCK1,5000.00,1000,buy,T-035,T-040,26.00,5000.00
5586,2751.434,STOCK1,5000.00,1000,buy,T-035,T-040,26.00,5000.00
5587,2751.434,STOCK1,8000.00,100,buy,T-035,T-019,26.00,5000.00
5588,2751.434,STOCK1,8000.00,100,buy,T-035,T-019,26.00,5000.00
5589,2751.434,STOCK1,8000.00,100,buy,T-035,T-019,26.00,5000.00
5590,2751.434,STOCK1,8000.00,100,buy,T-035,T-019,26.00,5000.00
5591,2751.434,STOCK1,9000.00,1000,buy,T-035,T-032,26.00,5000.00
5592,2751.434,STOCK1,9000.00,950,buy,T-035,T-032,26.00,5000.00
5593,2751.464,STOCK1,26.00,100,sell,T-019,T-020,26.00,9000.00
5594,2751.464,STOCK1,20.00,8,sell,T-041,T-020,26.00,9000.00
5595,2751.464,STOCK1,20.00,892,sell,T-041,T-020,26.00,9000.00
5596,2751.557,STOCK1,9000.00,50,buy,T-035,T-032,26.00,9000.00
5597,2751.557,STOCK1,9000.00,1000,buy,T-035,T-032,26.00,9000.00
5598,2751.557,STOCK1,9990.00,1000,buy,T-035,T-041,26.00,9000.00
5599,2751.557,STOCK1,9990.00,1000,buy,T-035,T-041,26.00,9000.00
5600,2751.557,STOCK1,9990.00,1000,buy,T-035,T-041,26.00,9000.00
5601,2751.557,STOCK1,9990.00,950,buy,T-035,T-041,26.00,9000.00
5602,2751.640,STOCK1,26.00,100,sell,T-019,T-020,26.00,9990.00
5603,2751.640,STOCK1,20.00,108,sell,T-041,T-020,26.00,9990.00
5604,2751.640,STOCK1,20.00,792,sell,T-041,T-020,26.00,9990.00
5605,2751.712,STOCK1,9990.00,50,buy,T-035,T-041,20.00,9990.00
5606,2751.712,STOCK1,9990.00,1000,buy,T-035,T-041,20.00,9990.00
5607,2751.712,STOCK1,9990.00,1000,buy,T-035,T-041,20.00,9990.00
5608,2751.712,STOCK1,9990.00,1000,buy,T-035,T-041,20.00,9990.00
5609,2751.712,STOCK1,9990.00,1000,buy,T-035,T-041,20.00,9990.00
5610,2751.712,STOCK1,9990.00,950,buy,T-035,T-041,20.00,9990.00
5611,2751.864,STOCK1,9990.00,50,buy,T-035,T-041,20.00,9990.00
5612,2751.864,STOCK1,9990.00,1000,buy,T-035,T-041,20.00,9990.00
5613,2751.864,STOCK1,9999.00,3950,buy,T-035,T-036,20.00,9990.00
5614,2752.002,STOCK1,20.00,208,sell,T-041,T-020,20.00,9999.00
5615,2752.002,STOCK1,20.00,792,sell,T-041,T-020,20.00,9999.00
5616,2752.012,STOCK1,9999.00,1050,buy,T-035,T-036,20.00,9999.00
5617,2752.012,STOCK1,9999.00,3950,buy,T-035,T-036,20.00,9999.00
5618,2752.162,STOCK1,9999.00,1050,buy,T-035,T-036,20.00,9999.00
5619,2752.162,STOCK1,9999.00,3950,buy,T-035,T-036,20.00,9999.00
5620,2752.172,STOCK1,20.00,208,sell,T-041,T-020,20.00,9999.00
5621,2752.172,STOCK1,20.00,792,sell,T-040,T-020,20.00,9999.00
5622,2752.263,STOCK1,20.00,208,sell,T-040,T-036,20.00,9999.00
5623,2752.263,STOCK1,20.00,1000,sell,T-040,T-036,20.00,9999.00
5624,2752.263,STOCK1,12.00,100,sell,T-038,T-036,20.00,9999.00
5625,2752.263,STOCK1,11.00,192,sell,T-030,T-036,20.00,9999.00
5626,2752.305,STOCK1,9999.00,1050,buy,T-035,T-036,11.00,9999.00
5627,2752.305,STOCK1,9999.00,3950,buy,T-035,T-036,11.00,9999.00
5628,2752.325,STOCK1,11.00,808,sell,T-030,T-020,11.00,9999.00
5629,2752.325,STOCK1,10.00,10,sell,T-038,T-020,11.00,9999.00
5630,2752.325,STOCK1,10.00,100,sell,T-038,T-020,11.00,9999.00
5631,2752.325,STOCK1,10.00,82,sell,T-045,T-020,11.00,9999.00
5632,2752.448,STOCK1,9999.00,1050,buy,T-035,T-036,10.00,9999.00
5633,2752.448,STOCK1,9999.00,1000,buy,T-035,T-032,10.00,9999.00
5634,2752.448,STOCK1,9999.00,1000,buy,T-035,T-032,10.00,9999.00
5635,2752.448,STOCK1,9999.00,1000,buy,T-035,T-032,10.00,9999.00
5636,2752.448,STOCK1,9999.00,950,buy,T-035,T-036,10.00,9999.00
5637,2752.579,STOCK1,9999.00,4050,buy,T-035,T-036,10.00,9999.00
5638,2752.579,STOCK1,9999.00,950,buy,T-035,T-036,10.00,9999.00
5639,2752.729,STOCK1,9999.00,550,buy,T-035,T-036,10.00,9999.00
5640,2752.729,STOCK1,9999.00,1500,buy,T-035,T-036,10.00,9999.00
5641,2752.729,STOCK1,9999.00,1500,buy,T-035,T-036,10.00,9999.00
5642,2752.729,STOCK1,9999.00,1450,buy,T-035,T-036,10.00,9999.00
5643,2752.869,STOCK1,10.00,918,sell,T-045,T-036,10.00,9999.00
5644,2752.869,STOCK1,10.00,582,sell,T-045,T-036,10.00,9999.00
5645,2753.107,STOCK1,10.00,418,sell,T-045,T-020,10.00,9999.00
5646,2753.107,STOCK1,2.00,582,sell,T-031,T-020,10.00,9999.00
5647,2753.519,STOCK1,2.00,418,sell,T-031,T-036,2.00,9999.00
5648,2753.519,STOCK1,2.00,1000,sell,T-031,T-036,2.00,9999.00
5649,2753.519,STOCK1,2.00,82,sell,T-045,T-036,2.00,9999.00
5650,2753.731,STOCK1,2.00,918,sell,T-045,T-036,2.00,180.00
5651,2754.278,STOCK2,217.00,1,sell,T-032,T-025,217.00,218.00
5652,2755.013,STOCK1,180.00,1000,buy,T-028,T-046,20.00,180.00
5653,2755.013,STOCK1,9999.00,50,buy,T-028,T-036,20.00,180.00
5654,2755.013,STOCK1,9999.00,1500,buy,T-028,T-036,20.00,180.00
5655,2755.013,STOCK1,9999.00,1500,buy,T-028,T-036,20.00,180.00
5656,2755.013,STOCK1,9999.00,950,buy,T-028,T-029,20.00,180.00
5657,2755.580,STOCK1,28.00,1500,sell,T-011,T-036,28.00,9999.00
5658,2758.280,STOCK1,1000.00,1000,buy,T-035,T-045,28.00,1000.00
5659,2758.280,STOCK1,1000.00,1000,buy,T-035,T-045,28.00,1000.00
5660,2758.280,STOCK1,1000.00,1000,buy,T-035,T-046,28.00,1000.00
5661,2758.280,STOCK1,5000.00,2000,buy,T-035,T-013,28.00,1000.00
5662,2758.461,STOCK1,9999.00,3050,buy,T-035,T-029,28.00,9999.00
5663,2758.461,STOCK1,9999.99,350,buy,T-035,T-038,28.00,9999.00
5664,2758.461,STOCK1,9999.99,350,buy,T-035,T-038,28.00,9999.00
5665,2758.461,STOCK1,9999.99,350,buy,T-035,T-038,28.00,9999.00
5666,2758.461,STOCK1,9999.99,350,buy,T-035,T-038,28.00,9999.00
5667,2758.461,STOCK1,9999.99,20,buy,T-035,T-038,28.00,9999.00
5668,2759.119,STOCK1,1000.00,100,buy,T-035,T-019,28.00,1000.00
5669,2759.119,STOCK1,1000.00,100,buy,T-035,T-019,28.00,1000.00
5670,2759.119,STOCK1,1000.00,100,buy,T-035,T-019,28.00,1000.00
5671,2759.119,STOCK1,1000.00,100,buy,T-035,T-019,28.00,1000.00
5672,2760.215,STOCK1,1000.00,100,buy,T-035,T-019,28.00,1000.00
5673,2760.215,STOCK1,1000.00,100,buy,T-035,T-019,28.00,1000.00
5674,2760.215,STOCK1,1000.00,100,buy,T-035,T-019,28.00,1000.00
5675,2760.215,STOCK1,1000.00,100,buy,T-035,T-019,28.00,1000.00
5676,2760.215,STOCK1,1000.00,100,buy,T-035,T-019,28.00,1000.00
5677,2760.215,STOCK1,1000.00,1000,buy,T-035,T-045,28.00,1000.00
5678,2760.215,STOCK1,1000.00,100,buy,T-035,T-019,28.00,1000.00
5679,2760.215,STOCK1,1000.00,100,buy,T-035,T-019,28.00,1000.00
5680,2760.215,STOCK1,1000.00,100,buy,T-035,T-019,28.00,1000.00
5681,2760.215,STOCK1,1000.00,1000,buy,T-035,T-045,28.00,1000.00
5682,2760.215,STOCK1,1000.00,100,buy,T-035,T-019,28.00,1000.00
5683,2760.215,STOCK1,5000.00,2000,buy,T-035,T-013,28.00,1000.00
5684,2760.215,STOCK1,9999.00,100,buy,T-035,T-040,28.00,1000.00
5685,2760.841,STOCK1,1000.00,100,buy,T-035,T-019,28.00,1000.00
5686,2760.841,STOCK1,1000.00,1000,buy,T-035,T-045,28.00,1000.00
5687,2760.841,STOCK1,1000.00,1000,buy,T-035,T-046,28.00,1000.00
5688,2760.841,STOCK1,1000.00,100,buy,T-035,T-019,28.00,1000.00
5689,2760.841,STOCK1,1000.00,100,buy,T-035,T-019,28.00,1000.00
5690,2760.841,STOCK1,1000.00,1000,buy,T-035,T-045,28.00,1000.00
5691,2760.841,STOCK1,1000.00,100,buy,T-035,T-019,28.00,1000.00
5692,2760.841,STOCK1,9999.00,900,buy,T-035,T-040,28.00,1000.00
5693,2760.841,STOCK1,9999.00,700,buy,T-035,T-040,28.00,1000.00
5694,2761.054,STOCK1,1000.00,100,buy,T-020,T-019,28.00,1000.00
5695,2761.054,STOCK1,1000.00,100,buy,T-020,T-019,28.00,1000.00
5696,2761.054,STOCK1,5000.00,800,buy,T-020,T-013,28.00,1000.00
5697,2761.206,STOCK1,1000.00,100,buy,T-020,T-019,28.00,1000.00
5698,2761.206,STOCK1,5000.00,900,buy,T-020,T-013,28.00,1000.00
5699,2761.327,STOCK1,1000.00,100,buy,T-020,T-019,28.00,1000.00
5700,2761.327,STOCK1,5000.00,300,buy,T-020,T-013,28.00,1000.00
5701,2761.327,STOCK1,9999.00,300,buy,T-020,T-040,28.00,1000.00
5702,2761.327,STOCK1,9999.00,300,buy,T-020,T-040,28.00,1000.00
5703,2761.448,STOCK1,1000.00,100,buy,T-020,T-019,28.00,1000.00
5704,2761.448,STOCK1,9999.00,700,buy,T-020,T-040,28.00,1000.00
5705,2761.448,STOCK1,9999.00,200,buy,T-020,T-040,28.00,1000.00
5706,2761.579,STOCK1,1000.00,100,buy,T-020,T-019,28.00,1000.00
5707,2761.579,STOCK1,9999.00,800,buy,T-020,T-040,28.00,1000.00
5708,2761.791,STOCK1,1000.00,100,buy,T-020,T-019,28.00,1000.00
5709,2761.854,STOCK1,1000.00,100,buy,T-020,T-019,28.00,1000.00
5710,2761.854,STOCK1,5000.00,900,buy,T-020,T-013,28.00,1000.00
5711,2762.163,STOCK1,1000.00,100,buy,T-020,T-019,28.00,1000.00
5712,2762.163,STOCK1,1000.00,100,buy,T-020,T-019,28.00,1000.00
5713,2762.163,STOCK1,5000.00,800,buy,T-020,T-013,28.00,1000.00
5714,2762.325,STOCK1,1000.00,100,buy,T-020,T-019,28.00,1000.00
5715,2762.325,STOCK1,5000.00,300,buy,T-020,T-013,28.00,1000.00
5716,2762.325,STOCK1,9999.00,600,buy,T-020,T-040,28.00,1000.00
5717,2762.487,STOCK1,1000.00,100,buy,T-020,T-019,28.00,1000.00
5718,2762.487,STOCK1,9999.00,400,buy,T-020,T-040,28.00,1000.00
5719,2762.487,STOCK1,9999.00,500,buy,T-020,T-040,28.00,1000.00
5720,2762.599,STOCK1,9999.00,500,buy,T-020,T-040,28.00,9999.00
5721,2762.731,STOCK1,1000.00,100,buy,T-020,T-019,28.00,1000.00
5722,2762.881,STOCK1,1000.00,100,buy,T-020,T-019,28.00,1000.00
5723,2763.237,STOCK1,1000.00,100,buy,T-020,T-019,28.00,1000.00
5724,2763.237,STOCK1,5000.00,900,buy,T-020,T-013,28.00,1000.00
5725,2763.297,STOCK1,1000.00,100,buy,T-020,T-019,28.00,1000.00
5726,2763.297,STOCK1,5000.00,900,buy,T-020,T-013,28.00,1000.00
5727,2763.408,STOCK1,5000.00,200,buy,T-020,T-013,28.00,5000.00
5728,2763.549,STOCK1,1000.00,100,buy,T-020,T-019,28.00,1000.00
5729,2763.549,STOCK1,9999.00,900,buy,T-020,T-029,28.00,1000.00
5730,2763.650,STOCK1,9999.00,1000,buy,T-020,T-029,28.00,9999.00
5731,2763.805,STOCK1,9999.00,1000,buy,T-020,T-029,28.00,9999.00
5732,2764.019,STOCK1,5000.00,1000,buy,T-020,T-013,28.00,5000.00
5733,2764.119,STOCK1,5000.00,1000,buy,T-020,T-013,28.00,5000.00
5734,2764.292,STOCK1,9999.00,1000,buy,T-020,T-029,28.00,9999.00
5735,2764.475,STOCK1,9999.00,100,buy,T-020,T-029,28.00,9999.00
5736,2764.475,STOCK1,9999.00,900,buy,T-020,T-040,28.00,9999.00
5737,2764.608,STOCK1,9999.00,100,buy,T-020,T-040,28.00,9999.00
5738,2764.608,STOCK1,9999.00,900,buy,T-020,T-040,28.00,9999.00
5739,2764.770,STOCK1,5000.00,1000,buy,T-020,T-013,28.00,5000.00
5740,2764.942,STOCK1,5000.00,1000,buy,T-020,T-013,28.00,5000.00
5741,2765.112,STOCK1,9999.00,100,buy,T-020,T-040,28.00,9999.00
5742,2765.112,STOCK1,9999.00,900,buy,T-020,T-032,28.00,9999.00
5743,2765.283,STOCK1,9999.00,100,buy,T-020,T-032,28.00,9999.00
5744,2765.283,STOCK1,9999.00,900,buy,T-020,T-032,28.00,9999.00
5745,2765.461,STOCK1,9999.00,100,buy,T-020,T-032,28.00,9999.00
5746,2765.461,STOCK1,9999.00,900,buy,T-020,T-032,28.00,9999.00
5747,2765.645,STOCK1,9999.00,100,buy,T-020,T-032,28.00,9999.00
5748,2765.645,STOCK1,9999.00,900,buy,T-020,T-032,28.00,9999.00
5749,2765.848,STOCK1,9000.00,1000,buy,T-020,T-046,28.00,9000.00
5750,2766.059,STOCK1,3000.00,1000,buy,T-020,T-031,28.00,3000.00
5751,2766.265,STOCK1,3000.00,1000,buy,T-020,T-031,28.00,3000.00
5752,2766.438,STOCK1,3000.00,1000,buy,T-020,T-031,28.00,3000.00
5753,2766.621,STOCK1,3000.00,1000,buy,T-020,T-031,28.00,3000.00
5754,2767.128,STOCK1,500.00,200,buy,T-020,T-038,28.00,500.00
5755,2767.128,STOCK1,3000.00,800,buy,T-020,T-031,28.00,500.00
5756,2767.188,STOCK1,3000.00,1200,buy,T-035,T-031,28.00,3000.00
5757,2767.188,STOCK1,3000.00,2000,buy,T-035,T-031,28.00,3000.00
5758,2767.188,STOCK1,5000.00,1800,buy,T-035,T-013,28.00,3000.00
5759,2767.321,STOCK1,500.00,200,buy,T-020,T-038,28.00,500.00
5760,2767.321,STOCK1,5000.00,200,buy,T-020,T-013,28.00,500.00
5761,2767.321,STOCK1,9000.00,600,buy,T-020,T-046,28.00,500.00
5762,2767.341,STOCK1,5000.00,2000,buy,T-035,T-013,28.00,5000.00
5763,2767.341,STOCK1,9000.00,400,buy,T-035,T-046,28.00,5000.00
5764,2767.341,STOCK1,9990.00,1000,buy,T-035,T-041,28.00,5000.00
5765,2767.341,STOCK1,9990.00,1000,buy,T-035,T-041,28.00,5000.00
5766,2767.341,STOCK1,9990.00,600,buy,T-035,T-041,28.00,5000.00
5767,2767.472,STOCK1,3000.00,1000,buy,T-020,T-031,28.00,3000.00
5768,2767.503,STOCK1,1000.00,5000,buy,T-035,T-016,28.00,1000.00
5769,2767.644,STOCK1,3000.00,1000,buy,T-035,T-031,28.00,3000.00
5770,2767.644,STOCK1,9990.00,400,buy,T-035,T-041,28.00,3000.00
5771,2767.644,STOCK1,9990.00,1000,buy,T-035,T-041,28.00,3000.00
5772,2767.644,STOCK1,9990.00,1000,buy,T-035,T-041,28.00,3000.00
5773,2767.644,STOCK1,9999.00,100,buy,T-035,T-032,28.00,3000.00
5774,2767.644,STOCK1,9999.00,1000,buy,T-035,T-032,28.00,3000.00
5775,2767.644,STOCK1,9999.00,500,buy,T-035,T-040,28.00,3000.00
5776,2767.796,STOCK1,5000.00,2000,buy,T-035,T-013,28.00,5000.00
5777,2767.796,STOCK1,9990.00,1000,buy,T-035,T-041,28.00,5000.00
5778,2767.796,STOCK1,9999.00,500,buy,T-035,T-040,28.00,5000.00
5779,2767.796,STOCK1,9999.00,1000,buy,T-035,T-032,28.00,5000.00
5780,2767.796,STOCK1,9999.00,500,buy,T-035,T-032,28.00,5000.00
5781,2767.959,STOCK1,9990.00,1000,buy,T-035,T-041,28.00,9990.00
5782,2767.959,STOCK1,9999.00,500,buy,T-035,T-032,28.00,9990.00
5783,2767.959,STOCK1,9999.00,1000,buy,T-035,T-032,28.00,9990.00
5784,2767.959,STOCK1,9999.00,1000,buy,T-035,T-040,28.00,9990.00
5785,2767.959,STOCK1,9999.00,1000,buy,T-035,T-040,28.00,9990.00
5786,2767.959,STOCK1,9999.00,500,buy,T-035,T-040,28.00,9990.00
5787,2768.117,STOCK1,5000.00,2000,buy,T-035,T-013,28.00,5000.00
5788,2768.117,STOCK1,9990.00,1000,buy,T-035,T-041,28.00,5000.00
5789,2768.117,STOCK1,9999.00,500,buy,T-035,T-040,28.00,5000.00
5790,2768.117,STOCK1,9999.00,1000,buy,T-035,T-032,28.00,5000.00
5791,2768.117,STOCK1,9999.00,500,buy,T-035,T-032,28.00,5000.00
5792,2768.309,STOCK1,5000.00,2000,buy,T-035,T-013,28.00,5000.00
5793,2768.309,STOCK1,9990.00,1000,buy,T-035,T-041,28.00,5000.00
5794,2768.309,STOCK1,9999.00,500,buy,T-035,T-032,28.00,5000.00
5795,2768.309,STOCK1,9999.00,1000,buy,T-035,T-032,28.00,5000.00
5796,2768.309,STOCK1,9999.00,500,buy,T-035,T-030,28.00,5000.00
5797,2769.293,STOCK2,218.00,200,buy,T-048,T-030,202.00,218.00
5798,2769.849,STOCK2,202.00,1,sell,T-013,T-049,202.00,218.00
5799,2769.849,STOCK2,201.00,199,sell,T-031,T-049,202.00,218.00
5800,2770.226,STOCK1,100.00,100,buy,T-020,T-019,28.00,100.00
5801,2770.226,STOCK1,100.00,100,buy,T-020,T-019,28.00,100.00
5802,2770.226,STOCK1,100.00,100,buy,T-020,T-019,28.00,100.00
5803,2770.226,STOCK1,100.00,100,buy,T-020,T-019,28.00,100.00
5804,2770.226,STOCK1,100.00,100,buy,T-020,T-019,28.00,100.00
5805,2770.226,STOCK1,100.00,100,buy,T-020,T-019,28.00,100.00
5806,2770.226,STOCK1,500.00,200,buy,T-020,T-038,28.00,100.00
5807,2770.226,STOCK1,1000.00,200,buy,T-020,T-016,28.00,100.00
5808,2770.318,STOCK1,1000.00,1500,buy,T-036,T-016,28.00,1000.00
5809,2770.398,STOCK1,1000.00,1000,buy,T-020,T-016,28.00,1000.00
5810,2770.579,STOCK1,1000.00,1000,buy,T-020,T-016,28.00,1000.00
5811,2770.762,STOCK1,1000.00,1000,buy,T-020,T-016,28.00,1000.00
5812,2770.853,STOCK2,201.00,200,sell,T-031,T-049,201.00,218.00
5813,2770.925,STOCK1,1000.00,300,buy,T-020,T-016,28.00,1000.00
5814,2770.925,STOCK1,1000.00,700,buy,T-020,T-016,28.00,1000.00
5815,2771.091,STOCK1,500.00,200,buy,T-020,T-038,28.00,500.00
5816,2771.091,STOCK1,1000.00,800,buy,T-020,T-016,28.00,500.00
5817,2771.221,STOCK1,1000.00,1000,buy,T-020,T-016,28.00,1000.00
5818,2771.415,STOCK2,201.00,200,sell,T-031,T-049,201.00,218.00
5819,2771.863,STOCK1,1000.00,1000,buy,T-055,T-016,28.00,1000.00
5820,2771.965,STOCK2,201.00,200,sell,T-031,T-049,201.00,218.00
5821,2772.195,STOCK2,201.00,1000,sell,T-031,T-026,201.00,218.00
5822,2772.542,STOCK2,201.00,200,sell,T-031,T-049,201.00,218.00
5823,2776.784,STOCK2,201.00,1,sell,T-031,T-026,201.00,218.00
5824,2776.784,STOCK2,185.10,999,sell,T-045,T-026,201.00,218.00
5825,2777.267,STOCK1,30.00,1000,sell,T-036,T-015,30.00,500.00
5826,2785.161,STOCK2,218.00,200,buy,T-048,T-030,185.10,218.00
5827,2786.604,STOCK1,41.00,1000,sell,T-041,T-020,41.00,400.00
5828,2786.788,STOCK1,41.00,1000,sell,T-041,T-020,41.00,400.00
5829,2788.202,STOCK1,400.00,1000,buy,T-030,T-032,41.00,400.00
5830,2788.667,STOCK1,41.00,1000,sell,T-041,T-020,41.00,400.00
5831,2788.809,STOCK1,41.00,1000,sell,T-041,T-020,41.00,400.00
5832,2789.341,STOCK1,41.00,1000,sell,T-041,T-020,41.00,400.00
5833,2789.504,STOCK1,41.00,1000,sell,T-041,T-020,41.00,400.00
5834,2789.666,STOCK1,41.00,1000,sell,T-041,T-020,41.00,400.00
5835,2789.818,STOCK1,41.00,1000,sell,T-041,T-020,41.00,400.00
5836,2789.969,STOCK1,41.00,1000,sell,T-041,T-020,41.00,400.00
5837,2790.119,STOCK1,41.00,1000,sell,T-041,T-020,41.00,400.00
5838,2790.300,STOCK1,41.00,1000,sell,T-041,T-020,41.00,400.00
5839,2790.443,STOCK1,41.00,1000,sell,T-041,T-020,41.00,400.00
5840,2790.660,STOCK1,40.00,1000,sell,T-032,T-020,40.00,400.00
5841,2790.771,STOCK1,40.00,1000,sell,T-032,T-020,40.00,400.00
5842,2790.974,STOCK1,190.00,1000,sell,T-013,T-020,190.00,400.00
5843,2791.207,STOCK1,190.00,1000,sell,T-013,T-020,190.00,399.00
5844,2791.391,STOCK1,40.00,1000,sell,T-032,T-020,40.00,399.00
5845,2791.603,STOCK1,30.00,500,sell,T-036,T-020,30.00,399.00
5846,2791.603,STOCK1,30.00,500,sell,T-036,T-020,30.00,399.00
5847,2791.968,STOCK1,41.00,1000,sell,T-041,T-020,41.00,399.00
5848,2792.129,STOCK1,41.00,1000,sell,T-041,T-020,41.00,399.00
5849,2792.273,STOCK1,41.00,1000,sell,T-041,T-020,41.00,399.00
5850,2792.534,STOCK1,50.00,1000,sell,T-032,T-020,50.00,399.00
5851,2792.564,STOCK2,218.00,600,buy,T-035,T-030,185.10,218.00
5852,2792.564,STOCK2,219.00,900,buy,T-035,T-030,185.10,218.00
5853,2792.564,STOCK2,219.00,1000,buy,T-035,T-030,185.10,218.00
5854,2792.564,STOCK2,224.00,900,buy,T-035,T-030,185.10,218.00
5855,2792.564,STOCK2,224.00,1000,buy,T-035,T-030,185.10,218.00
5856,2792.564,STOCK2,224.00,600,buy,T-035,T-030,185.10,218.00
5857,2792.595,STOCK1,41.00,1000,sell,T-041,T-020,41.00,399.00
5858,2793.153,STOCK1,41.00,1000,sell,T-041,T-020,41.00,399.00
5859,2793.713,STOCK2,224.00,400,buy,T-035,T-030,185.10,224.00
5860,2793.713,STOCK2,225.00,1100,buy,T-035,T-031,185.10,224.00
5861,2793.713,STOCK2,229.00,700,buy,T-035,T-046,185.10,224.00
5862,2793.713,STOCK2,230.00,802,buy,T-035,T-045,185.10,224.00
5863,2793.713,STOCK2,230.00,1000,buy,T-035,T-051,185.10,224.00
5864,2793.713,STOCK2,232.00,998,buy,T-035,T-030,185.10,224.00
5865,2795.130,STOCK2,232.00,2,buy,T-035,T-030,185.10,232.00
5866,2795.130,STOCK2,240.00,2000,buy,T-035,T-045,185.10,232.00
5867,2795.130,STOCK2,245.00,900,buy,T-035,T-030,185.10,232.00
5868,2795.130,STOCK2,245.00,1000,buy,T-035,T-030,185.10,232.00
5869,2795.130,STOCK2,245.00,1000,buy,T-035,T-030,185.10,232.00
5870,2795.130,STOCK2,249.50,98,buy,T-035,T-046,185.10,232.00
5871,2795.815,STOCK1,50.00,1000,sell,T-032,T-033,50.00,390.00
5872,2796.374,STOCK1,50.00,1000,sell,T-032,T-033,50.00,390.00
5873,2797.296,STOCK2,249.50,702,buy,T-035,T-046,185.10,249.50
5874,2797.296,STOCK2,255.00,900,buy,T-035,T-030,185.10,249.50
5875,2797.296,STOCK2,255.00,1000,buy,T-035,T-030,185.10,249.50
5876,2797.296,STOCK2,255.00,1000,buy,T-035,T-030,185.10,249.50
5877,2797.296,STOCK2,260.00,1398,buy,T-035,T-051,185.10,249.50
5878,2798.303,STOCK2,260.00,602,buy,T-035,T-051,185.10,260.00
5879,2798.303,STOCK2,260.00,200,buy,T-035,T-038,185.10,260.00
5880,2798.303,STOCK2,265.00,1000,buy,T-035,T-045,185.10,260.00
5881,2798.303,STOCK2,267.00,1000,buy,T-035,T-045,185.10,260.00
5882,2798.303,STOCK2,271.00,299,buy,T-035,T-030,185.10,260.00
5883,2798.303,STOCK2,271.00,1000,buy,T-035,T-030,185.10,260.00
5884,2798.303,STOCK2,271.00,899,buy,T-035,T-030,185.10,260.00
5885,2798.780,STOCK2,271.00,101,buy,T-035,T-030,185.10,271.00
5886,2798.780,STOCK2,285.00,1000,buy,T-035,T-046,185.10,271.00
5887,2798.780,STOCK2,290.00,100,buy,T-035,T-038,185.10,271.00
5888,2798.780,STOCK2,297.00,1000,buy,T-035,T-030,185.10,271.00
5889,2798.780,STOCK2,300.00,1000,buy,T-035,T-029,185.10,271.00
5890,2798.780,STOCK2,300.00,1000,buy,T-035,T-041,185.10,271.00
5891,2798.780,STOCK2,300.00,799,buy,T-035,T-041,185.10,271.00
5892,2799.202,STOCK2,300.00,201,buy,T-035,T-041,190.00,300.00
5893,2799.202,STOCK2,300.00,1000,buy,T-035,T-041,190.00,300.00
5894,2799.202,STOCK2,300.00,1000,buy,T-035,T-036,190.00,300.00
5895,2799.202,STOCK2,305.00,100,buy,T-035,T-038,190.00,300.00
5896,2799.202,STOCK2,310.00,2699,buy,T-035,T-036,190.00,300.00
5897,2802.649,STOCK1,52.00,406,sell,T-032,T-033,52.00,390.00
5898,2804.483,STOCK2,190.00,1000,sell,T-013,T-026,190.00,310.00
5899,2805.147,STOCK1,52.00,594,sell,T-032,T-020,52.00,390.00
5900,2805.147,STOCK1,52.00,406,sell,T-032,T-020,52.00,390.00
5901,2805.347,STOCK1,52.00,594,sell,T-032,T-020,52.00,390.00
5902,2805.347,STOCK1,52.00,406,sell,T-032,T-020,52.00,390.00
5903,2805.767,STOCK1,52.00,594,sell,T-032,T-020,52.00,390.00
5904,2805.767,STOCK1,51.00,406,sell,T-045,T-020,52.00,390.00
5905,2805.949,STOCK1,51.00,594,sell,T-045,T-020,51.00,390.00
5906,2805.949,STOCK1,51.00,406,sell,T-045,T-020,51.00,390.00
5907,2806.102,STOCK1,51.00,594,sell,T-045,T-020,51.00,390.00
5908,2806.102,STOCK1,50.00,406,sell,T-031,T-020,51.00,390.00
5909,2806.266,STOCK1,50.00,1000,sell,T-031,T-020,50.00,390.00
5910,2806.428,STOCK1,50.00,1,sell,T-031,T-027,50.00,390.00
5911,2806.428,STOCK1,50.00,593,sell,T-031,T-020,50.00,390.00
5912,2806.428,STOCK1,50.00,407,sell,T-032,T-020,50.00,390.00
5913,2806.619,STOCK2,190.00,200,sell,T-013,T-049,190.00,300.00
5914,2806.772,STOCK1,50.00,593,sell,T-032,T-020,50.00,390.00
5915,2806.772,STOCK1,50.00,407,sell,T-032,T-020,50.00,390.00
5916,2807.302,STOCK1,60.00,1000,sell,T-016,T-020,60.00,390.00
5917,2807.643,STOCK1,60.00,1000,sell,T-016,T-020,60.00,390.00
5918,2807.662,STOCK1,60.00,1,sell,T-016,T-027,60.00,390.00
5919,2807.773,STOCK1,60.00,1000,sell,T-016,T-020,60.00,390.00
5920,2807.843,STOCK2,190.00,200,sell,T-013,T-049,190.00,300.00
5921,2807.924,STOCK1,60.00,1000,sell,T-016,T-020,60.00,390.00
5922,2808.094,STOCK1,60.00,999,sell,T-016,T-020,60.00,390.00
5923,2808.094,STOCK1,53.00,1,sell,T-031,T-020,60.00,390.00
5924,2808.255,STOCK1,53.00,1000,sell,T-031,T-020,53.00,390.00
5925,2808.296,STOCK1,53.00,150,sell,T-031,T-052,53.00,390.00
5926,2808.386,STOCK1,53.00,849,sell,T-031,T-020,53.00,390.00
5927,2808.386,STOCK1,50.00,151,sell,T-032,T-020,53.00,390.00
5928,2808.556,STOCK2,190.00,200,sell,T-013,T-049,190.00,300.00
5929,2808.900,STOCK1,50.00,200,sell,T-032,T-047,50.00,390.00
5930,2809.102,STOCK2,300.00,1000,buy,T-035,T-046,190.00,300.00
5931,2809.102,STOCK2,310.00,1107,buy,T-035,T-036,190.00,300.00
5932,2809.102,STOCK2,310.00,100,buy,T-035,T-038,190.00,300.00
5933,2809.102,STOCK2,310.00,100,buy,T-035,T-038,190.00,300.00
5934,2809.102,STOCK2,310.00,100,buy,T-035,T-038,190.00,300.00
5935,2809.102,STOCK2,310.00,100,buy,T-035,T-038,190.00,300.00
5936,2809.102,STOCK2,310.00,100,buy,T-035,T-038,190.00,300.00
5937,2809.102,STOCK2,310.00,100,buy,T-035,T-038,190.00,300.00
5938,2809.102,STOCK2,330.00,1000,buy,T-035,T-041,190.00,300.00
5939,2809.102,STOCK2,330.00,1000,buy,T-035,T-041,190.00,300.00
5940,2809.102,STOCK2,400.00,268,buy,T-035,T-031,190.00,300.00
5941,2809.102,STOCK2,400.00,25,buy,T-035,T-013,190.00,300.00
5942,2809.173,STOCK1,50.00,200,sell,T-032,T-047,50.00,390.00
5943,2809.836,STOCK1,100.00,1000,sell,T-032,T-020,100.00,390.00
5944,2810.122,STOCK2,299.00,1000,buy,T-035,T-045,190.00,299.00
5945,2810.122,STOCK2,400.00,1975,buy,T-035,T-013,190.00,299.00
5946,2810.122,STOCK2,1000.00,50,buy,T-035,T-030,190.00,299.00
5947,2810.122,STOCK2,1000.00,50,buy,T-035,T-030,190.00,299.00
5948,2810.122,STOCK2,1000.00,50,buy,T-035,T-030,190.00,299.00
5949,2810.122,STOCK2,2549.50,1000,buy,T-035,T-046,190.00,299.00
5950,2810.122,STOCK2,9000.00,875,buy,T-035,T-032,190.00,299.00
5951,2810.185,STOCK1,100.00,200,sell,T-032,T-047,100.00,390.00
5952,2810.185,STOCK1,100.00,800,sell,T-032,T-020,100.00,390.00
5953,2810.185,STOCK1,50.00,42,sell,T-032,T-020,100.00,390.00
5954,2810.185,STOCK1,50.00,158,sell,T-031,T-020,100.00,390.00
5955,2810.395,STOCK1,50.00,1000,sell,T-031,T-020,50.00,390.00
5956,2810.406,STOCK2,190.00,1,sell,T-013,T-003,190.00,299.00
5957,2810.618,STOCK1,50.00,842,sell,T-031,T-020,50.00,390.00
5958,2810.618,STOCK1,50.00,158,sell,T-032,T-020,50.00,390.00
5959,2810.728,STOCK2,299.00,1000,buy,T-035,T-045,190.00,299.00
5960,2810.728,STOCK2,9000.00,125,buy,T-035,T-032,190.00,299.00
5961,2810.728,STOCK2,9000.00,1000,buy,T-035,T-032,190.00,299.00
5962,2810.728,STOCK2,9000.00,1000,buy,T-035,T-032,190.00,299.00
5963,2810.728,STOCK2,9000.00,1000,buy,T-035,T-032,190.00,299.00
5964,2810.728,STOCK2,9000.00,875,buy,T-035,T-032,190.00,299.00
5965,2811.100,STOCK2,9000.00,125,buy,T-035,T-032,190.00,9000.00
5966,2811.100,STOCK2,9000.00,1000,buy,T-035,T-032,190.00,9000.00
5967,2811.100,STOCK2,9000.00,1000,buy,T-035,T-032,190.00,9000.00
5968,2811.100,STOCK2,9000.00,1000,buy,T-035,T-032,190.00,9000.00
5969,2811.100,STOCK2,9000.00,1000,buy,T-035,T-032,190.00,9000.00
5970,2811.100,STOCK2,9000.00,875,buy,T-035,T-032,190.00,9000.00
5971,2811.131,STOCK1,50.00,842,sell,T-032,T-020,50.00,390.00
5972,2811.131,STOCK1,50.00,158,sell,T-016,T-020,50.00,390.00
5973,2811.322,STOCK2,9000.00,125,buy,T-035,T-032,190.00,9000.00
5974,2811.322,STOCK2,9000.00,1000,buy,T-035,T-032,190.00,9000.00
5975,2811.322,STOCK2,9000.00,1000,buy,T-035,T-032,190.00,9000.00
5976,2811.322,STOCK2,9990.00,1000,buy,T-035,T-041,190.00,9000.00
5977,2811.322,STOCK2,9990.00,1000,buy,T-035,T-041,190.00,9000.00
5978,2811.322,STOCK2,9990.00,875,buy,T-035,T-041,190.00,9000.00
5979,2811.537,STOCK2,9990.00,125,buy,T-035,T-041,190.00,9990.00
5980,2811.537,STOCK2,9990.00,1000,buy,T-035,T-041,190.00,9990.00
5981,2811.537,STOCK2,9990.00,1000,buy,T-035,T-041,190.00,9990.00
5982,2811.537,STOCK2,9990.00,1000,buy,T-035,T-041,190.00,9990.00
5983,2811.537,STOCK2,9990.00,1000,buy,T-035,T-041,190.00,9990.00
5984,2811.537,STOCK2,9990.00,875,buy,T-035,T-041,190.00,9990.00
5985,2811.733,STOCK2,9990.00,125,buy,T-035,T-041,190.00,9990.00
5986,2811.733,STOCK2,9990.00,1000,buy,T-035,T-041,190.00,9990.00
5987,2811.733,STOCK2,9990.00,1000,buy,T-035,T-041,190.00,9990.00
5988,2811.733,STOCK2,9990.00,1000,buy,T-035,T-041,190.00,9990.00
5989,2811.733,STOCK2,9999.00,1875,buy,T-035,T-032,190.00,9990.00
5990,2812.242,STOCK2,9999.00,3125,buy,T-035,T-032,190.00,9999.00
5991,2812.242,STOCK2,9999.00,1875,buy,T-035,T-032,190.00,9999.00
5992,2812.372,STOCK2,190.00,1,sell,T-013,T-003,190.00,9999.00
5993,2812.412,STOCK2,9999.00,3125,buy,T-035,T-032,190.00,9999.00
5994,2812.412,STOCK2,9999.00,1000,buy,T-035,T-036,190.00,9999.00
5995,2812.412,STOCK2,9999.00,875,buy,T-035,T-051,190.00,9999.00
5996,2812.553,STOCK2,9999.00,125,buy,T-035,T-051,190.00,9999.00
5997,2812.553,STOCK2,9999.00,4875,buy,T-035,T-036,190.00,9999.00
5998,2812.694,STOCK2,9999.00,125,buy,T-035,T-036,190.00,9999.00
5999,2812.694,STOCK2,9999.00,4875,buy,T-035,T-036,190.00,9999.00
6000,2813.974,STOCK1,52.00,1000,sell,T-013,T-010,52.00,250.00
6001,2814.599,STOCK1,52.00,1000,sell,T-013,T-010,52.00,250.00
6002,2815.490,STOCK1,52.00,1000,sell,T-013,T-010,52.00,250.00
6003,2815.896,STOCK1,52.00,1000,sell,T-013,T-010,52.00,250.00
6004,2816.783,STOCK2,190.00,100,sell,T-013,T-003,190.00,9000.00
6005,2817.379,STOCK2,190.00,100,sell,T-013,T-003,190.00,9000.00
6006,2818.603,STOCK2,190.00,100,sell,T-013,T-003,190.00,8000.00
6007,2822.284,STOCK1,52.00,50,sell,T-013,T-027,52.00,250.00
6008,2823.152,STOCK1,55.00,1,sell,T-016,T-025,55.00,250.00
6009,2823.444,STOCK1,55.00,1000,sell,T-016,T-010,55.00,250.00
6010,2823.815,STOCK2,190.00,98,sell,T-013,T-003,190.00,5000.00
6011,2824.441,STOCK1,55.00,1000,sell,T-016,T-010,55.00,250.00
6012,2826.980,STOCK1,55.00,1,sell,T-016,T-025,55.00,250.00
6013,2827.517,STOCK1,55.00,200,sell,T-016,T-047,55.00,250.00
6014,2827.567,STOCK1,55.00,1000,sell,T-016,T-010,55.00,250.00
6015,2827.699,STOCK1,55.00,1000,sell,T-016,T-010,55.00,250.00
6016,2827.951,STOCK1,55.00,798,sell,T-016,T-010,55.00,250.00
6017,2827.951,STOCK1,55.00,202,sell,T-016,T-010,55.00,250.00
6018,2828.021,STOCK1,55.00,1000,sell,T-016,T-010,55.00,250.00
6019,2828.217,STOCK1,55.00,1000,sell,T-016,T-010,55.00,250.00
6020,2828.388,STOCK1,55.00,1000,sell,T-016,T-010,55.00,250.00
6021,2828.590,STOCK1,55.00,1000,sell,T-016,T-010,55.00,250.00
6022,2828.732,STOCK1,55.00,798,sell,T-016,T-010,55.00,250.00
6023,2828.732,STOCK1,55.00,202,sell,T-016,T-010,55.00,250.00
6024,2828.834,STOCK1,55.00,1000,sell,T-016,T-010,55.00,250.00
6025,2828.905,STOCK1,55.00,1000,sell,T-016,T-010,55.00,250.00
6026,2829.105,STOCK1,55.00,50,sell,T-016,T-027,55.00,250.00
6027,2829.144,STOCK1,55.00,1000,sell,T-016,T-010,55.00,250.00
6028,2829.195,STOCK1,55.00,1000,sell,T-016,T-010,55.00,250.00
6029,2829.358,STOCK1,55.00,748,sell,T-016,T-010,55.00,250.00
6030,2829.358,STOCK1,52.00,252,sell,T-013,T-010,55.00,250.00
6031,2829.540,STOCK1,52.00,1000,sell,T-013,T-010,52.00,250.00
6032,2829.658,STOCK1,52.00,698,sell,T-013,T-010,52.00,250.00
6033,2829.658,STOCK1,52.00,302,sell,T-036,T-010,52.00,250.00
6034,2830.266,STOCK1,52.00,1000,sell,T-036,T-010,52.00,250.00
6035,2830.397,STOCK1,52.00,1000,sell,T-036,T-010,52.00,250.00
6036,2830.580,STOCK1,52.00,1000,sell,T-036,T-010,52.00,250.00
6037,2830.671,STOCK1,52.00,200,sell,T-036,T-047,52.00,250.00
6038,2830.681,STOCK1,52.00,1000,sell,T-036,T-010,52.00,250.00
6039,2833.200,STOCK1,186.00,50,sell,T-032,T-027,186.00,200.00
6040,2833.642,STOCK2,185.10,1,sell,T-045,T-020,185.10,400.00
6041,2833.642,STOCK2,179.00,999,sell,T-045,T-020,185.10,400.00
6042,2833.783,STOCK1,200.00,5000,buy,T-035,T-016,186.00,200.00
6043,2833.794,STOCK2,179.00,1,sell,T-045,T-020,179.00,400.00
6044,2833.794,STOCK2,179.00,999,sell,T-045,T-020,179.00,400.00
6045,2833.904,STOCK1,186.00,200,sell,T-032,T-047,186.00,250.00
6046,2833.925,STOCK2,179.00,1,sell,T-045,T-020,179.00,400.00
6047,2833.925,STOCK2,170.00,999,sell,T-032,T-020,179.00,400.00
6048,2834.066,STOCK1,186.00,200,sell,T-032,T-047,186.00,250.00
6049,2834.076,STOCK2,170.00,1,sell,T-032,T-020,170.00,400.00
6050,2834.076,STOCK2,163.00,500,sell,T-038,T-020,170.00,400.00
6051,2834.076,STOCK2,154.00,350,sell,T-038,T-020,170.00,400.00
6052,2834.076,STOCK2,153.00,149,sell,T-032,T-020,170.00,400.00
6053,2834.104,STOCK1,186.00,50,sell,T-032,T-027,186.00,250.00
6054,2834.166,STOCK1,186.00,150,sell,T-032,T-052,186.00,250.00
6055,2834.226,STOCK2,153.00,551,sell,T-032,T-020,153.00,400.00
6056,2834.226,STOCK2,152.00,449,sell,T-032,T-020,153.00,400.00
6057,2834.257,STOCK1,186.00,200,sell,T-032,T-047,186.00,250.00
6058,2834.358,STOCK2,152.00,251,sell,T-032,T-020,152.00,400.00
6059,2834.358,STOCK2,147.00,749,sell,T-031,T-020,152.00,400.00
6060,2834.510,STOCK2,147.00,251,sell,T-031,T-020,147.00,400.00
6061,2834.510,STOCK2,146.00,749,sell,T-032,T-020,147.00,400.00
6062,2834.520,STOCK1,186.00,150,sell,T-032,T-047,186.00,250.00
6063,2834.520,STOCK1,186.00,50,sell,T-032,T-047,186.00,250.00
6064,2834.652,STOCK1,186.00,200,sell,T-032,T-047,186.00,250.00
6065,2834.793,STOCK1,186.00,200,sell,T-032,T-047,186.00,250.00
6066,2834.823,STOCK1,250.00,100,buy,T-035,T-019,186.00,250.00
6067,2834.823,STOCK1,250.00,100,buy,T-035,T-019,186.00,250.00
6068,2834.823,STOCK1,250.00,100,buy,T-035,T-019,186.00,250.00
6069,2834.823,STOCK1,380.00,1000,buy,T-035,T-040,186.00,250.00
6070,2834.823,STOCK1,380.00,1000,buy,T-035,T-040,186.00,250.00
6071,2834.823,STOCK1,390.00,682,buy,T-035,T-011,186.00,250.00
6072,2834.823,STOCK1,399.00,1000,buy,T-035,T-045,186.00,250.00
6073,2834.823,STOCK1,399.00,1000,buy,T-035,T-045,186.00,250.00
6074,2834.823,STOCK1,400.00,18,buy,T-035,T-032,186.00,250.00
6075,2834.863,STOCK1,186.00,50,sell,T-032,T-027,186.00,400.00
6076,2834.953,STOCK1,186.00,200,sell,T-032,T-047,186.00,400.00
6077,2835.096,STOCK1,186.00,200,sell,T-032,T-047,186.00,400.00
6078,2835.226,STOCK2,146.00,251,sell,T-032,T-020,146.00,400.00
6079,2835.226,STOCK2,141.00,749,sell,T-032,T-020,146.00,400.00
6080,2835.297,STOCK1,186.00,100,sell,T-032,T-047,186.00,400.00
6081,2835.297,STOCK1,52.00,100,sell,T-036,T-047,186.00,400.00
6082,2835.437,STOCK1,52.00,200,sell,T-036,T-047,52.00,400.00
6083,2835.497,STOCK2,141.00,251,sell,T-032,T-020,141.00,400.00
6084,2835.497,STOCK2,133.00,400,sell,T-038,T-020,141.00,400.00
6085,2835.497,STOCK2,132.00,349,sell,T-013,T-020,141.00,400.00
6086,2835.577,STOCK1,52.00,198,sell,T-036,T-047,52.00,400.00
6087,2835.577,STOCK1,50.00,2,sell,T-016,T-047,52.00,400.00
6088,2835.610,STOCK1,400.00,982,buy,T-035,T-032,50.00,400.00
6089,2835.610,STOCK1,400.00,1000,buy,T-035,T-032,50.00,400.00
6090,2835.610,STOCK1,400.00,1000,buy,T-035,T-032,50.00,400.00
6091,2835.610,STOCK1,400.00,1000,buy,T-035,T-032,50.00,400.00
6092,2835.610,STOCK1,400.00,1000,buy,T-035,T-040,50.00,400.00
6093,2835.610,STOCK1,400.00,18,buy,T-035,T-040,50.00,400.00
6094,2835.661,STOCK2,132.00,651,sell,T-013,T-020,132.00,400.00
6095,2835.661,STOCK2,123.00,349,sell,T-038,T-020,132.00,400.00
6096,2835.806,STOCK2,123.00,631,sell,T-038,T-020,123.00,400.00
6097,2835.806,STOCK2,121.00,369,sell,T-013,T-020,123.00,400.00
6098,2835.826,STOCK1,50.00,1000,sell,T-016,T-010,50.00,400.00
6099,2835.826,STOCK1,50.00,200,sell,T-016,T-047,50.00,400.00
6100,2835.947,STOCK1,400.00,982,buy,T-035,T-040,50.00,400.00
6101,2835.947,STOCK1,500.00,200,buy,T-035,T-038,50.00,400.00
6102,2835.947,STOCK1,500.00,200,buy,T-035,T-038,50.00,400.00
6103,2835.947,STOCK1,500.00,200,buy,T-035,T-038,50.00,400.00
6104,2835.947,STOCK1,500.00,200,buy,T-035,T-038,50.00,400.00
6105,2835.947,STOCK1,500.00,200,buy,T-035,T-038,50.00,400.00
6106,2835.947,STOCK1,500.00,200,buy,T-035,T-038,50.00,400.00
6107,2835.947,STOCK1,800.00,1000,buy,T-035,T-046,50.00,400.00
6108,2835.947,STOCK1,999.00,1000,buy,T-035,T-045,50.00,400.00
6109,2835.947,STOCK1,999.00,818,buy,T-035,T-045,50.00,400.00
6110,2835.947,STOCK2,121.00,631,sell,T-013,T-020,121.00,400.00
6111,2835.947,STOCK2,120.00,100,sell,T-038,T-020,121.00,400.00
6112,2835.947,STOCK2,120.00,269,sell,T-013,T-020,121.00,400.00
6113,2836.057,STOCK2,120.00,1000,sell,T-013,T-020,120.00,400.00
6114,2836.077,STOCK1,999.00,182,buy,T-035,T-045,50.00,999.00
6115,2836.077,STOCK1,999.00,1000,buy,T-035,T-045,50.00,999.00
6116,2836.077,STOCK1,1000.00,1500,buy,T-035,T-016,50.00,999.00
6117,2836.077,STOCK1,1000.00,2318,buy,T-035,T-016,50.00,999.00
6118,2836.207,STOCK1,1000.00,2682,buy,T-035,T-016,50.00,1000.00
6119,2836.207,STOCK1,1000.00,1000,buy,T-035,T-040,50.00,1000.00
6120,2836.207,STOCK1,5000.00,1318,buy,T-035,T-013,50.00,1000.00
6121,2836.328,STOCK1,5000.00,682,buy,T-035,T-013,50.00,5000.00
6122,2836.328,STOCK1,8000.00,1000,buy,T-035,T-045,50.00,5000.00
6123,2836.328,STOCK1,8000.00,1000,buy,T-035,T-045,50.00,5000.00
6124,2836.328,STOCK1,8000.00,1000,buy,T-035,T-045,50.00,5000.00
6125,2836.328,STOCK1,8000.00,1000,buy,T-035,T-045,50.00,5000.00
6126,2836.328,STOCK1,9000.00,318,buy,T-035,T-046,50.00,5000.00
6127,2836.480,STOCK1,9000.00,682,buy,T-035,T-046,50.00,9000.00
6128,2836.480,STOCK1,9990.00,1000,buy,T-035,T-041,50.00,9000.00
6129,2836.480,STOCK1,9990.00,1000,buy,T-035,T-041,50.00,9000.00
6130,2836.480,STOCK1,9990.00,1000,buy,T-035,T-041,50.00,9000.00
6131,2836.480,STOCK1,9990.00,1000,buy,T-035,T-041,50.00,9000.00
6132,2836.480,STOCK1,9990.00,318,buy,T-035,T-041,50.00,9000.00
6133,2836.632,STOCK1,9990.00,682,buy,T-035,T-041,50.00,9990.00
6134,2836.632,STOCK1,9990.00,1000,buy,T-035,T-041,50.00,9990.00
6135,2836.632,STOCK1,9990.00,1000,buy,T-035,T-041,50.00,9990.00
6136,2836.632,STOCK1,9990.00,1000,buy,T-035,T-041,50.00,9990.00
6137,2836.632,STOCK1,9990.00,1000,buy,T-035,T-041,50.00,9990.00
6138,2836.632,STOCK1,9990.00,318,buy,T-035,T-041,50.00,9990.00
6139,2836.757,STOCK2,120.00,731,sell,T-013,T-020,120.00,400.00
6140,2836.757,STOCK2,120.00,269,sell,T-031,T-020,120.00,400.00
6141,2840.654,STOCK2,120.00,731,sell,T-031,T-003,120.00,300.00
6142,2840.654,STOCK2,120.00,269,sell,T-031,T-003,120.00,300.00
6143,2841.231,STOCK2,120.00,731,sell,T-031,T-003,120.00,300.00
6144,2841.231,STOCK2,113.00,269,sell,T-032,T-003,120.00,300.00
6145,2842.002,STOCK2,300.00,1000,buy,T-020,T-045,121.00,300.00
6146,2842.138,STOCK2,800.00,1000,buy,T-020,T-013,121.00,800.00
6147,2842.332,STOCK2,800.00,1000,buy,T-020,T-013,121.00,800.00
6148,2842.796,STOCK2,900.00,1000,buy,T-020,T-046,121.00,900.00
6149,2842.909,STOCK2,1000.00,1000,buy,T-020,T-045,121.00,1000.00
6150,2842.999,STOCK2,1000.00,1000,buy,T-020,T-045,121.00,1000.00
6151,2843.415,STOCK2,3000.00,100,buy,T-020,T-019,121.00,3000.00
6152,2843.415,STOCK2,3000.00,100,buy,T-020,T-019,121.00,3000.00
6153,2843.415,STOCK2,3000.00,100,buy,T-020,T-019,121.00,3000.00
6154,2843.415,STOCK2,3000.00,100,buy,T-020,T-019,121.00,3000.00
6155,2843.415,STOCK2,3000.00,100,buy,T-020,T-019,121.00,3000.00
6156,2843.415,STOCK2,3000.00,100,buy,T-020,T-019,121.00,3000.00
6157,2843.415,STOCK2,3000.00,100,buy,T-020,T-019,121.00,3000.00
6158,2843.415,STOCK2,3000.00,100,buy,T-020,T-019,121.00,3000.00
6159,2843.415,STOCK2,3000.00,100,buy,T-020,T-019,121.00,3000.00
6160,2843.415,STOCK2,3000.00,100,buy,T-020,T-019,121.00,3000.00
6161,2843.770,STOCK2,800.00,1000,buy,T-020,T-013,121.00,800.00
6162,2843.942,STOCK2,800.00,1000,buy,T-020,T-013,121.00,800.00
6163,2844.103,STOCK2,4000.00,1000,buy,T-020,T-032,121.00,4000.00
6164,2844.264,STOCK2,4000.00,1000,buy,T-020,T-032,121.00,4000.00
6165,2844.538,STOCK2,4000.00,1000,buy,T-020,T-032,121.00,4000.00
6166,2844.752,STOCK2,5000.00,1000,buy,T-020,T-046,121.00,5000.00
6167,2844.874,STOCK2,7000.00,100,buy,T-020,T-019,121.00,7000.00
6168,2844.874,STOCK2,7000.00,100,buy,T-020,T-019,121.00,7000.00
6169,2844.874,STOCK2,7000.00,100,buy,T-020,T-019,121.00,7000.00
6170,2844.874,STOCK2,7000.00,100,buy,T-020,T-019,121.00,7000.00
6171,2844.874,STOCK2,7000.00,100,buy,T-020,T-019,121.00,7000.00
6172,2844.874,STOCK2,7000.00,100,buy,T-020,T-019,121.00,7000.00
6173,2844.874,STOCK2,7000.00,100,buy,T-020,T-019,121.00,7000.00
6174,2844.874,STOCK2,7000.00,100,buy,T-020,T-019,121.00,7000.00
6175,2844.874,STOCK2,7000.00,100,buy,T-020,T-019,121.00,7000.00
6176,2844.874,STOCK2,8000.00,100,buy,T-020,T-045,121.00,7000.00
6177,2844.914,STOCK1,50.00,406,sell,T-016,T-033,50.00,9000.00
6178,2845.037,STOCK2,8000.00,900,buy,T-020,T-045,121.00,8000.00
6179,2845.037,STOCK2,8000.00,100,buy,T-020,T-045,121.00,8000.00
6180,2845.210,STOCK2,8000.00,900,buy,T-020,T-045,121.00,8000.00
6181,2845.210,STOCK2,8000.00,100,buy,T-020,T-032,121.00,8000.00
6182,2845.362,STOCK2,8000.00,900,buy,T-020,T-032,121.00,8000.00
6183,2845.362,STOCK2,8000.00,100,buy,T-020,T-032,121.00,8000.00
6184,2845.515,STOCK2,8000.00,900,buy,T-020,T-032,121.00,8000.00
6185,2845.515,STOCK2,8000.00,100,buy,T-020,T-045,121.00,8000.00
6186,2845.655,STOCK2,8000.00,900,buy,T-020,T-045,121.00,8000.00
6187,2845.655,STOCK2,8000.00,100,buy,T-020,T-032,121.00,8000.00
6188,2845.797,STOCK2,8000.00,900,buy,T-020,T-032,121.00,8000.00
6189,2845.797,STOCK2,8000.00,100,buy,T-020,T-032,121.00,8000.00
6190,2845.938,STOCK2,8000.00,900,buy,T-020,T-032,121.00,8000.00
6191,2845.938,STOCK2,8000.00,100,buy,T-020,T-032,121.00,8000.00
6192,2845.979,STOCK1,9000.00,1000,buy,T-035,T-046,50.00,9000.00
6193,2845.979,STOCK1,9990.00,682,buy,T-035,T-041,50.00,9000.00
6194,2845.979,STOCK1,9990.00,1000,buy,T-035,T-041,50.00,9000.00
6195,2845.979,STOCK1,9990.00,250,buy,T-035,T-038,50.00,9000.00
6196,2845.979,STOCK1,9990.00,250,buy,T-035,T-038,50.00,9000.00
6197,2845.979,STOCK1,9990.00,250,buy,T-035,T-038,50.00,9000.00
6198,2845.979,STOCK1,9999.00,500,buy,T-035,T-030,50.00,9000.00
6199,2845.979,STOCK1,9999.00,1000,buy,T-035,T-030,50.00,9000.00
6200,2845.979,STOCK1,9999.00,68,buy,T-035,T-032,50.00,9000.00
6201,2846.111,STOCK2,8000.00,900,buy,T-020,T-032,121.00,8000.00
6202,2846.111,STOCK2,8000.00,100,buy,T-020,T-032,121.00,8000.00
6203,2846.254,STOCK2,8000.00,900,buy,T-020,T-032,121.00,8000.00
6204,2846.254,STOCK2,8000.00,100,buy,T-020,T-032,121.00,8000.00
6205,2846.597,STOCK2,8000.00,900,buy,T-020,T-032,121.00,8000.00
6206,2846.597,STOCK2,9000.00,100,buy,T-020,T-046,121.00,8000.00
6207,2846.658,STOCK1,50.00,1000,sell,T-016,T-055,50.00,9999.00
6208,2846.739,STOCK2,9000.00,900,buy,T-020,T-046,121.00,9000.00
6209,2846.739,STOCK2,9977.00,100,buy,T-020,T-029,121.00,9000.00
6210,2846.919,STOCK2,9977.00,1000,buy,T-020,T-029,121.00,9977.00
6211,2847.079,STOCK2,9977.00,1000,buy,T-020,T-029,121.00,9977.00
6212,2847.212,STOCK2,9977.00,1000,buy,T-020,T-029,121.00,9977.00
6213,2847.393,STOCK2,8000.00,1000,buy,T-020,T-013,121.00,8000.00
6214,2847.556,STOCK2,8000.00,1000,buy,T-020,T-013,121.00,8000.00
6215,2847.699,STOCK2,8000.00,1000,buy,T-020,T-013,121.00,8000.00
6216,2847.851,STOCK2,8000.00,1000,buy,T-020,T-013,121.00,8000.00
6217,2848.013,STOCK2,8000.00,1000,buy,T-020,T-013,121.00,8000.00
6218,2848.169,STOCK2,8000.00,1000,buy,T-020,T-013,121.00,8000.00
6219,2848.389,STOCK2,8000.00,1000,buy,T-020,T-013,121.00,8000.00
6220,2848.511,STOCK2,8000.00,1000,buy,T-020,T-013,121.00,8000.00
6221,2848.692,STOCK2,8000.00,1000,buy,T-020,T-013,121.00,8000.00
6222,2848.843,STOCK1,60.00,1000,sell,T-051,T-055,60.00,3000.00
6223,2848.883,STOCK2,8000.00,1000,buy,T-020,T-013,121.00,8000.00
6224,2849.192,STOCK2,9000.00,1000,buy,T-020,T-032,121.00,9000.00
6225,2851.098,STOCK1,70.00,500,sell,T-011,T-025,70.00,3000.00
6226,2852.518,STOCK2,500.00,150,buy,T-052,T-037,121.00,500.00
6227,2853.420,STOCK1,70.00,500,sell,T-011,T-025,70.00,3000.00
6228,2854.145,STOCK2,500.00,150,buy,T-052,T-037,121.00,500.00
6229,2854.275,STOCK1,70.00,1000,sell,T-011,T-033,70.00,3000.00
6230,2854.478,STOCK1,70.00,500,sell,T-011,T-025,70.00,3000.00
6231,2855.482,STOCK1,70.00,500,sell,T-011,T-025,70.00,3000.00
6232,2856.773,STOCK1,3000.00,100,buy,T-035,T-019,70.00,3000.00
6233,2856.773,STOCK1,3000.00,100,buy,T-035,T-019,70.00,3000.00
6234,2856.773,STOCK1,3000.00,100,buy,T-035,T-019,70.00,3000.00
6235,2856.773,STOCK1,9000.00,4000,buy,T-035,T-029,70.00,3000.00
6236,2856.773,STOCK1,9000.00,700,buy,T-035,T-040,70.00,3000.00
6237,2856.833,STOCK1,70.00,1000,sell,T-011,T-033,70.00,9000.00
6238,2857.726,STOCK1,60.00,500,sell,T-051,T-025,60.00,9000.00
6239,2858.243,STOCK1,3000.00,100,buy,T-035,T-019,60.00,3000.00
6240,2858.243,STOCK1,3000.00,100,buy,T-035,T-019,60.00,3000.00
6241,2858.243,STOCK1,9000.00,300,buy,T-035,T-040,60.00,3000.00
6242,2858.243,STOCK1,9990.00,250,buy,T-035,T-038,60.00,3000.00
6243,2858.243,STOCK1,9990.00,250,buy,T-035,T-038,60.00,3000.00
6244,2858.243,STOCK1,9990.00,250,buy,T-035,T-038,60.00,3000.00
6245,2858.243,STOCK1,9998.00,3750,buy,T-035,T-036,60.00,3000.00
6246,2858.616,STOCK1,3000.00,100,buy,T-035,T-019,60.00,3000.00
6247,2858.616,STOCK1,3000.00,100,buy,T-035,T-019,60.00,3000.00
6248,2858.616,STOCK1,9998.00,1250,buy,T-035,T-036,60.00,3000.00
6249,2858.616,STOCK1,9998.00,3550,buy,T-035,T-036,60.00,3000.00
6250,2859.230,STOCK1,3000.00,100,buy,T-035,T-019,60.00,3000.00
6251,2859.230,STOCK1,3000.00,100,buy,T-035,T-019,60.00,3000.00
6252,2859.230,STOCK1,3000.00,100,buy,T-035,T-019,60.00,3000.00
6253,2859.230,STOCK1,9998.00,1450,buy,T-035,T-036,60.00,3000.00
6254,2859.230,STOCK1,9998.00,3250,buy,T-035,T-036,60.00,3000.00
6255,2859.618,STOCK1,3000.00,100,buy,T-035,T-019,60.00,3000.00
6256,2859.618,STOCK1,9998.00,1750,buy,T-035,T-036,60.00,3000.00
6257,2859.618,STOCK1,9999.00,932,buy,T-035,T-032,60.00,3000.00
6258,2859.618,STOCK1,9999.00,1000,buy,T-035,T-032,60.00,3000.00
6259,2859.618,STOCK1,9999.00,1000,buy,T-035,T-032,60.00,3000.00
6260,2859.618,STOCK1,9999.00,218,buy,T-035,T-032,60.00,3000.00
6261,2859.944,STOCK1,60.00,50,sell,T-051,T-027,60.00,3000.00
6262,2860.046,STOCK1,3000.00,100,buy,T-035,T-019,60.00,3000.00
6263,2860.046,STOCK1,9999.00,782,buy,T-035,T-032,60.00,3000.00
6264,2860.046,STOCK1,9999.00,1000,buy,T-035,T-032,60.00,3000.00
6265,2860.046,STOCK1,9999.00,1000,buy,T-035,T-040,60.00,3000.00
6266,2860.046,STOCK1,9999.00,1000,buy,T-035,T-032,60.00,3000.00
6267,2860.046,STOCK1,9999.00,1000,buy,T-035,T-032,60.00,3000.00
6268,2860.046,STOCK1,9999.00,118,buy,T-035,T-032,60.00,3000.00
6269,2860.894,STOCK1,60.00,50,sell,T-051,T-027,60.00,2500.00
6270,2861.473,STOCK1,60.00,500,sell,T-051,T-025,60.00,2500.00
6271,2861.664,STOCK1,60.00,50,sell,T-051,T-027,60.00,2500.00
6272,2862.534,STOCK1,60.00,50,sell,T-051,T-027,60.00,2500.00
6273,2863.345,STOCK1,60.00,50,sell,T-051,T-027,60.00,2500.00
6274,2864.019,STOCK1,60.00,50,sell,T-051,T-027,60.00,2500.00
6275,2864.884,STOCK1,60.00,50,sell,T-051,T-027,60.00,300.00
6276,2866.111,STOCK1,60.00,50,sell,T-051,T-027,60.00,300.00
6277,2866.917,STOCK1,60.00,200,sell,T-051,T-047,60.00,300.00
6278,2867.280,STOCK1,70.00,1000,sell,T-013,T-010,70.00,300.00
6279,2867.441,STOCK1,70.00,1000,sell,T-013,T-010,70.00,300.00
6280,2867.808,STOCK1,70.00,1000,sell,T-013,T-010,70.00,300.00
6281,2867.858,STOCK1,70.00,1000,sell,T-013,T-010,70.00,300.00
6282,2868.090,STOCK1,60.00,400,sell,T-051,T-010,60.00,300.00
6283,2868.090,STOCK1,60.00,600,sell,T-036,T-010,60.00,300.00
6284,2868.241,STOCK1,60.00,1000,sell,T-036,T-010,60.00,300.00
6285,2868.422,STOCK1,70.00,1000,sell,T-013,T-010,70.00,300.00
6286,2868.543,STOCK1,70.00,1000,sell,T-013,T-010,70.00,300.00
6287,2868.705,STOCK1,70.00,1000,sell,T-013,T-010,70.00,300.00
6288,2868.855,STOCK1,70.00,1000,sell,T-013,T-010,70.00,300.00
6289,2869.019,STOCK1,70.00,1000,sell,T-013,T-010,70.00,300.00
6290,2869.150,STOCK1,70.00,1000,sell,T-013,T-010,70.00,300.00
6291,2869.261,STOCK1,70.00,200,sell,T-013,T-047,70.00,300.00
6292,2869.383,STOCK1,70.00,1000,sell,T-013,T-010,70.00,300.00
6293,2869.413,STOCK1,70.00,800,sell,T-013,T-010,70.00,300.00
6294,2869.413,STOCK1,70.00,200,sell,T-013,T-010,70.00,300.00
6295,2869.494,STOCK1,70.00,500,sell,T-013,T-025,70.00,300.00
6296,2869.576,STOCK1,70.00,1000,sell,T-013,T-010,70.00,300.00
6297,2869.586,STOCK1,70.00,50,sell,T-013,T-027,70.00,300.00
6298,2869.606,STOCK1,70.00,200,sell,T-013,T-047,70.00,300.00
6299,2869.737,STOCK1,70.00,50,sell,T-013,T-010,70.00,300.00
6300,2869.737,STOCK1,70.00,950,sell,T-013,T-010,70.00,300.00
6301,2869.759,STOCK1,70.00,200,sell,T-013,T-047,70.00,300.00
6302,2869.900,STOCK1,70.00,850,sell,T-013,T-010,70.00,300.00
6303,2869.900,STOCK1,70.00,150,sell,T-013,T-010,70.00,300.00
6304,2870.040,STOCK1,70.00,1000,sell,T-013,T-010,70.00,300.00
6305,2870.194,STOCK1,70.00,850,sell,T-013,T-010,70.00,300.00
6306,2870.194,STOCK1,70.00,150,sell,T-013,T-010,70.00,300.00
6307,2870.426,STOCK1,70.00,1000,sell,T-013,T-010,70.00,300.00
6308,2870.548,STOCK1,70.00,850,sell,T-013,T-010,70.00,300.00
6309,2870.548,STOCK1,70.00,150,sell,T-013,T-010,70.00,300.00
6310,2870.559,STOCK1,70.00,500,sell,T-013,T-025,70.00,300.00
6311,2870.710,STOCK1,70.00,1000,sell,T-013,T-010,70.00,300.00
6312,2870.811,STOCK1,70.00,350,sell,T-013,T-010,70.00,300.00
6313,2870.811,STOCK1,70.00,650,sell,T-013,T-010,70.00,300.00
6314,2870.971,STOCK1,70.00,50,sell,T-013,T-027,70.00,300.00
6315,2870.971,STOCK1,70.00,1000,sell,T-013,T-010,70.00,300.00
6316,2871.103,STOCK1,70.00,300,sell,T-013,T-010,70.00,300.00
6317,2871.103,STOCK1,70.00,700,sell,T-013,T-010,70.00,300.00
6318,2871.153,STOCK1,70.00,50,sell,T-013,T-027,70.00,300.00
6319,2871.276,STOCK1,70.00,1000,sell,T-013,T-010,70.00,300.00
6320,2871.477,STOCK1,70.00,250,sell,T-013,T-010,70.00,300.00
6321,2871.477,STOCK1,70.00,750,sell,T-013,T-010,70.00,300.00
6322,2871.538,STOCK1,70.00,1000,sell,T-013,T-010,70.00,300.00
6323,2871.715,STOCK1,70.00,250,sell,T-013,T-010,70.00,300.00
6324,2871.715,STOCK1,61.00,750,sell,T-045,T-010,70.00,300.00
6325,2871.877,STOCK1,61.00,250,sell,T-045,T-010,61.00,300.00
6326,2871.877,STOCK1,61.00,750,sell,T-045,T-010,61.00,300.00
6327,2872.197,STOCK1,61.00,250,sell,T-045,T-010,61.00,300.00
6328,2872.197,STOCK1,61.00,750,sell,T-045,T-010,61.00,300.00
6329,2872.560,STOCK1,70.00,284,sell,T-016,T-010,70.00,300.00
6330,2872.560,STOCK1,61.00,250,sell,T-045,T-010,70.00,300.00
6331,2872.560,STOCK1,60.00,466,sell,T-036,T-010,70.00,300.00
6332,2872.750,STOCK1,60.00,1000,sell,T-036,T-010,60.00,300.00
6333,2872.966,STOCK1,60.00,1000,sell,T-036,T-010,60.00,300.00
6334,2873.193,STOCK1,60.00,934,sell,T-036,T-010,60.00,300.00
6335,2873.193,STOCK1,60.00,66,sell,T-036,T-010,60.00,300.00
6336,2873.306,STOCK1,60.00,1000,sell,T-036,T-010,60.00,300.00
6337,2873.461,STOCK1,100.00,1000,sell,T-032,T-010,100.00,300.00
6338,2873.692,STOCK1,100.00,1000,sell,T-032,T-010,100.00,300.00
6339,2873.975,STOCK1,100.00,1000,sell,T-032,T-010,100.00,300.00
6340,2874.229,STOCK1,60.00,1000,sell,T-036,T-010,60.00,300.00
6341,2874.330,STOCK1,60.00,1000,sell,T-036,ME,60.00,300.00
6342,2874.361,STOCK1,60.00,1000,sell,T-036,T-010,60.00,300.00
6343,2874.401,STOCK1,60.00,500,sell,T-036,T-025,60.00,300.00
6344,2874.757,STOCK1,100.00,1000,sell,T-032,T-010,100.00,300.00
6345,2874.757,STOCK1,100.00,1000,sell,T-032,T-010,100.00,300.00
6346,2874.919,STOCK1,100.00,1000,sell,T-032,T-010,100.00,300.00
6347,2875.192,STOCK1,100.00,200,sell,T-032,T-047,100.00,300.00
6348,2875.282,STOCK1,100.00,800,sell,T-032,T-010,100.00,300.00
6349,2875.282,STOCK1,100.00,200,sell,T-032,T-010,100.00,300.00
6350,2875.282,STOCK1,100.00,800,sell,T-032,T-010,100.00,300.00
6351,2875.282,STOCK1,100.00,200,sell,T-032,T-010,100.00,300.00
6352,2875.705,STOCK1,100.00,200,sell,T-032,T-047,100.00,300.00
6353,2875.805,STOCK1,100.00,600,sell,T-032,T-010,100.00,300.00
6354,2875.805,STOCK1,100.00,400,sell,T-032,T-010,100.00,300.00
6355,2875.936,STOCK1,100.00,600,sell,T-032,T-010,100.00,300.00
6356,2875.936,STOCK1,100.00,400,sell,T-032,T-010,100.00,300.00
6357,2876.016,STOCK1,100.00,600,sell,T-032,T-010,100.00,300.00
6358,2876.016,STOCK1,100.00,400,sell,T-032,T-010,100.00,300.00
6359,2876.225,STOCK1,100.00,500,sell,T-032,T-025,100.00,300.00
6360,2876.470,STOCK1,100.00,100,sell,T-032,T-010,100.00,300.00
6361,2876.470,STOCK1,100.00,900,sell,T-032,T-010,100.00,300.00
6362,2876.562,STOCK1,100.00,100,sell,T-032,T-033,100.00,300.00
6363,2876.562,STOCK1,70.00,900,sell,T-046,T-033,100.00,300.00
6364,2876.723,STOCK1,70.00,100,sell,T-046,T-010,70.00,300.00
6365,2876.723,STOCK1,61.00,900,sell,T-045,T-010,70.00,300.00
6366,2876.764,STOCK1,61.00,100,sell,T-045,T-047,61.00,300.00
6367,2876.764,STOCK1,61.00,100,sell,T-045,T-047,61.00,300.00
6368,2876.896,STOCK1,61.00,900,sell,T-045,T-010,61.00,300.00
6369,2876.896,STOCK1,60.00,100,sell,T-036,T-010,61.00,300.00
6370,2876.926,STOCK1,60.00,334,sell,T-036,T-025,60.00,300.00
6371,2876.926,STOCK1,60.00,166,sell,T-036,T-025,60.00,300.00
6372,2877.027,STOCK1,70.00,1000,sell,T-046,T-010,70.00,300.00
6373,2877.239,STOCK1,60.00,50,sell,T-036,T-027,60.00,300.00
6374,2878.276,STOCK1,300.00,250,buy,T-035,T-038,60.00,300.00
6375,2878.276,STOCK1,2500.00,1750,buy,T-035,T-011,60.00,300.00
6376,2879.837,STOCK1,2500.00,250,buy,T-035,T-011,60.00,2500.00
6377,2879.837,STOCK1,2500.00,1750,buy,T-035,T-011,60.00,2500.00
6378,2880.365,STOCK1,2500.00,250,buy,T-035,T-011,60.00,2500.00
6379,2880.365,STOCK1,3000.00,100,buy,T-035,T-019,60.00,2500.00
6380,2880.365,STOCK1,3000.00,100,buy,T-035,T-019,60.00,2500.00
6381,2880.365,STOCK1,3000.00,100,buy,T-035,T-019,60.00,2500.00
6382,2880.365,STOCK1,3000.00,100,buy,T-035,T-019,60.00,2500.00
6383,2880.365,STOCK1,3000.00,100,buy,T-035,T-019,60.00,2500.00
6384,2880.365,STOCK1,3000.00,100,buy,T-035,T-019,60.00,2500.00
6385,2880.365,STOCK1,9000.00,1000,buy,T-035,T-032,60.00,2500.00
6386,2880.365,STOCK1,9000.00,150,buy,T-035,T-032,60.00,2500.00
6387,2880.841,STOCK1,60.00,1000,sell,T-036,T-010,60.00,9000.00
6388,2880.901,STOCK1,9000.00,850,buy,T-035,T-032,60.00,9000.00
6389,2880.901,STOCK1,9000.00,1000,buy,T-035,T-032,60.00,9000.00
6390,2880.901,STOCK1,9000.00,150,buy,T-035,T-040,60.00,9000.00
6391,2881.334,STOCK1,9000.00,850,buy,T-035,T-040,60.00,9000.00
6392,2881.334,STOCK1,9000.00,1000,buy,T-035,T-040,60.00,9000.00
6393,2881.334,STOCK1,9000.00,150,buy,T-035,T-029,60.00,9000.00
6394,2881.508,STOCK1,60.00,1000,sell,T-036,T-010,60.00,9000.00
6395,2881.679,STOCK1,60.00,1000,sell,T-036,T-010,60.00,9000.00
6396,2881.779,STOCK1,9000.00,2000,buy,T-035,T-029,60.00,9000.00
6397,2881.829,STOCK1,60.00,1000,sell,T-036,T-010,60.00,9000.00
6398,2881.973,STOCK1,60.00,784,sell,T-036,T-010,60.00,9000.00
6399,2881.973,STOCK1,60.00,216,sell,T-036,T-010,60.00,9000.00
6400,2882.197,STOCK1,9000.00,1850,buy,T-035,T-029,60.00,9000.00
6401,2882.197,STOCK1,9000.00,150,buy,T-035,T-040,60.00,9000.00
6402,2882.946,STOCK1,65.00,1000,sell,T-031,T-010,65.00,9000.00
6403,2883.113,STOCK1,65.00,1000,sell,T-031,T-010,65.00,9000.00
6404,2883.276,STOCK1,65.00,1000,sell,T-031,T-010,65.00,9000.00
6405,2883.407,STOCK1,65.00,1000,sell,T-031,T-010,65.00,9998.00
6406,2883.538,STOCK1,65.00,1000,sell,T-031,T-010,65.00,9998.00
6407,2883.652,STOCK1,65.00,1000,sell,T-031,T-010,65.00,9998.00
6408,2883.813,STOCK1,60.00,1000,sell,T-036,T-010,60.00,9998.00
6409,2884.359,STOCK1,9998.00,1000,buy,T-020,T-041,60.00,9998.00
6410,2884.522,STOCK1,9998.00,1000,buy,T-020,T-041,60.00,9998.00
6411,2884.654,STOCK1,9998.00,1000,buy,T-020,T-041,60.00,9998.00
6412,2884.768,STOCK1,9998.00,1000,buy,T-020,T-041,60.00,9998.00
6413,2884.980,STOCK1,9998.00,1000,buy,T-020,T-041,60.00,9998.00
6414,2885.074,STOCK1,9998.00,1000,buy,T-020,T-041,60.00,9998.00
6415,2885.218,STOCK1,9998.00,1000,buy,T-020,T-041,60.00,9998.00
6416,2885.503,STOCK1,9998.00,1000,buy,T-020,T-041,60.00,9998.00
6417,2885.643,STOCK1,9998.00,1000,buy,T-020,T-041,60.00,9998.00
6418,2885.787,STOCK1,9998.00,1000,buy,T-020,T-041,60.00,9998.00
6419,2885.979,STOCK1,9998.00,1000,buy,T-020,T-041,60.00,9998.00
6420,2886.111,STOCK1,9998.00,1000,buy,T-020,T-041,60.00,9998.00
6421,2886.253,STOCK1,9998.00,1000,buy,T-020,T-041,60.00,9998.00
6422,2886.394,STOCK1,65.00,50,sell,T-046,T-027,65.00,9998.00
6423,2886.434,STOCK1,9998.00,1000,buy,T-020,T-041,65.00,9998.00
6424,2886.596,STOCK1,9998.00,1000,buy,T-020,T-041,65.00,9998.00
6425,2886.643,STOCK1,65.00,950,sell,T-046,T-010,65.00,9998.00
6426,2886.643,STOCK1,65.00,50,sell,T-046,T-010,65.00,9998.00
6427,2886.754,STOCK1,9998.00,1000,buy,T-020,T-041,65.00,9998.00
6428,2886.795,STOCK1,65.00,950,sell,T-046,T-010,65.00,8000.00
6429,2886.795,STOCK1,65.00,50,sell,T-046,T-010,65.00,8000.00
6430,2886.920,STOCK1,8000.00,1000,buy,T-020,T-045,65.00,8000.00
6431,2886.940,STOCK1,65.00,950,sell,T-046,T-010,65.00,9998.00
6432,2886.940,STOCK1,60.00,50,sell,T-036,T-010,65.00,9998.00
6433,2887.076,STOCK1,9998.00,1000,buy,T-020,T-041,60.00,9998.00
6434,2887.086,STOCK1,60.00,1000,sell,T-036,T-010,60.00,9998.00
6435,2887.248,STOCK1,9998.00,1000,buy,T-020,T-041,65.00,9998.00
6436,2887.268,STOCK1,65.00,1000,sell,T-046,T-010,65.00,9998.00
6437,2887.379,STOCK1,9998.00,1000,buy,T-020,T-041,60.00,9998.00
6438,2887.745,STOCK1,8000.00,1000,buy,T-020,T-045,60.00,8000.00
6439,2887.918,STOCK1,9998.00,1000,buy,T-020,T-041,60.00,9998.00
6440,2888.079,STOCK1,9997.00,1000,buy,T-020,T-037,60.00,9997.00
6441,2888.217,STOCK1,9997.00,1000,buy,T-020,T-037,60.00,9997.00
6442,2890.492,STOCK1,65.00,500,sell,T-046,T-025,65.00,8000.00
6443,2896.466,STOCK1,70.00,1000,sell,T-016,T-010,70.00,1000.00
6444,2896.547,STOCK1,70.00,500,sell,T-016,T-025,70.00,1000.00
6445,2898.653,STOCK1,70.00,500,sell,T-016,T-025,70.00,900.00
6446,2899.489,STOCK1,70.00,50,sell,T-016,T-027,70.00,900.00
6447,2899.529,STOCK1,70.00,500,sell,T-016,T-025,70.00,900.00
6448,2900.050,STOCK1,75.00,50,sell,T-011,T-027,75.00,900.00
6449,2900.485,STOCK1,75.00,50,sell,T-011,T-027,75.00,900.00
6450,2900.676,STOCK1,75.00,1000,sell,T-011,T-010,75.00,900.00
6451,2900.969,STOCK1,75.00,900,sell,T-011,T-035,75.00,900.00
6452,2900.969,STOCK1,75.00,1100,sell,T-011,T-035,75.00,900.00
6453,2901.334,STOCK1,75.00,50,sell,T-011,T-027,75.00,900.00
6454,2901.364,STOCK1,75.00,850,sell,T-011,T-010,75.00,900.00
6455,2901.364,STOCK1,71.00,150,sell,T-045,T-010,75.00,900.00
6456,2901.444,STOCK1,71.00,850,sell,T-045,T-035,71.00,900.00
6457,2901.444,STOCK1,70.00,1150,sell,T-016,T-035,71.00,900.00
6458,2901.777,STOCK1,70.00,1300,sell,T-016,T-035,70.00,800.00
6459,2901.777,STOCK1,70.00,700,sell,T-016,T-035,70.00,800.00
6460,2902.130,STOCK1,71.00,1000,sell,T-045,T-035,71.00,800.00
6461,2902.130,STOCK1,71.00,1000,sell,T-045,T-035,71.00,800.00
6462,2902.446,STOCK1,70.00,2000,sell,T-016,T-035,70.00,800.00
6463,2903.136,STOCK1,70.00,2000,sell,T-016,T-035,70.00,800.00
6464,2903.580,STOCK1,70.00,300,sell,T-016,T-035,70.00,800.00
6465,2903.580,STOCK1,70.00,1700,sell,T-016,T-035,70.00,800.00
6466,2903.900,STOCK1,70.00,500,sell,T-016,T-025,70.00,800.00
6467,2904.012,STOCK1,70.00,2000,sell,T-016,T-035,70.00,500.00
6468,2904.354,STOCK1,70.00,800,sell,T-016,T-035,70.00,500.00
6469,2904.354,STOCK1,70.00,1200,sell,T-029,T-035,70.00,500.00
6470,2905.330,STOCK1,75.00,50,sell,T-029,T-027,75.00,500.00
6471,2905.512,STOCK1,75.00,2000,sell,T-029,T-035,75.00,500.00
6472,2905.644,STOCK1,75.00,1950,sell,T-029,T-035,75.00,500.00
6473,2905.644,STOCK1,71.00,50,sell,T-045,T-035,75.00,500.00
6474,2905.775,STOCK1,71.00,950,sell,T-045,T-035,71.00,500.00
6475,2905.775,STOCK1,71.00,1000,sell,T-045,T-035,71.00,500.00
6476,2905.775,STOCK1,70.00,50,sell,T-029,T-035,71.00,500.00
6477,2905.877,STOCK1,70.00,2000,sell,T-029,T-035,70.00,500.00
6478,2905.978,STOCK1,70.00,750,sell,T-029,T-035,70.00,500.00
6479,2905.978,STOCK1,65.00,500,sell,T-046,T-035,70.00,500.00
6480,2905.978,STOCK1,65.00,750,sell,T-046,T-035,70.00,500.00
6481,2906.071,STOCK1,65.00,250,sell,T-046,T-035,65.00,500.00
6482,2906.071,STOCK1,60.00,1750,sell,T-036,T-035,65.00,500.00
6483,2906.092,STOCK1,60.00,50,sell,T-036,T-027,60.00,500.00
6484,2906.140,STOCK1,60.00,934,sell,T-036,T-035,60.00,500.00
6485,2906.140,STOCK1,60.00,1066,sell,T-036,T-035,60.00,500.00
6486,2906.245,STOCK1,60.00,2000,sell,T-036,T-035,60.00,500.00
6487,2906.365,STOCK1,60.00,1934,sell,T-036,T-035,60.00,500.00
6488,2906.365,STOCK1,60.00,66,sell,T-036,T-035,60.00,500.00
6489,2906.437,STOCK1,60.00,2000,sell,T-036,T-035,60.00,500.00
6490,2906.537,STOCK1,60.00,2000,sell,T-036,T-035,60.00,500.00
6491,2906.639,STOCK1,60.00,934,sell,T-036,T-035,60.00,500.00
6492,2906.639,STOCK1,60.00,1066,sell,T-036,T-035,60.00,500.00
6493,2906.750,STOCK1,60.00,2000,sell,T-036,T-035,60.00,500.00
6494,2906.841,STOCK1,60.00,1934,sell,T-036,T-035,60.00,500.00
6495,2906.841,STOCK1,51.00,66,sell,T-045,T-035,60.00,500.00
6496,2906.991,STOCK1,71.00,1000,sell,T-045,T-035,71.00,500.00
6497,2906.991,STOCK1,51.00,934,sell,T-045,T-035,71.00,500.00
6498,2906.991,STOCK1,51.00,66,sell,T-045,T-035,71.00,500.00
6499,2907.132,STOCK1,51.00,934,sell,T-045,T-035,51.00,500.00
6500,2907.132,STOCK1,50.00,1066,sell,T-016,T-035,51.00,500.00
6501,2907.434,STOCK2,200.00,500,sell,T-032,T-025,200.00,500.00
6502,2907.801,STOCK2,200.00,500,sell,T-032,T-025,200.00,500.00
6503,2908.254,STOCK2,200.00,500,sell,T-032,T-025,200.00,500.00
6504,2908.447,STOCK1,71.00,200,sell,T-045,T-047,71.00,500.00
6505,2908.862,STOCK2,200.00,500,sell,T-032,T-026,200.00,500.00
6506,2908.862,STOCK2,200.00,500,sell,T-032,T-026,200.00,500.00
6507,2909.389,STOCK1,71.00,50,sell,T-045,T-027,71.00,500.00
6508,2910.065,STOCK1,71.00,50,sell,T-045,T-027,71.00,500.00
6509,2911.057,STOCK1,71.00,50,sell,T-045,T-027,71.00,500.00
6510,2911.504,STOCK1,71.00,50,sell,T-045,T-027,71.00,500.00
6511,2912.408,STOCK1,71.00,50,sell,T-045,T-027,71.00,300.00
6512,2912.480,STOCK1,71.00,550,sell,T-045,T-010,71.00,300.00
6513,2912.480,STOCK1,71.00,450,sell,T-045,T-010,71.00,300.00
6514,2912.972,STOCK1,71.00,10,sell,T-045,T-053,71.00,300.00
6515,2913.454,STOCK1,71.00,50,sell,T-045,T-027,71.00,300.00
6516,2913.535,STOCK1,71.00,150,sell,T-045,T-052,71.00,300.00
6517,2913.800,STOCK1,71.00,340,sell,T-045,T-025,71.00,300.00
6518,2913.800,STOCK1,50.00,160,sell,T-016,T-025,71.00,300.00
6519,2914.096,STOCK2,200.00,500,sell,T-032,T-024,200.00,500.00
6520,2914.096,STOCK2,200.00,500,sell,T-046,T-024,200.00,500.00
6521,2914.563,STOCK2,200.00,500,sell,T-046,T-024,200.00,500.00
6522,2914.563,STOCK2,200.00,500,sell,T-032,T-024,200.00,500.00
6523,2915.098,STOCK2,200.00,500,sell,T-032,T-024,200.00,500.00
6524,2915.098,STOCK2,200.00,500,sell,T-032,T-024,200.00,500.00
6525,2917.568,STOCK2,200.00,500,sell,T-032,T-026,200.00,500.00
6526,2917.568,STOCK2,200.00,500,sell,T-032,T-026,200.00,500.00
6527,2918.864,STOCK2,201.00,1000,sell,T-046,T-024,201.00,500.00
6528,2919.542,STOCK2,200.00,500,sell,T-032,T-024,200.00,500.00
6529,2919.542,STOCK2,200.00,500,sell,T-032,T-024,200.00,500.00
6530,2920.250,STOCK2,201.00,1000,sell,T-046,T-024,201.00,500.00
6531,2921.917,STOCK2,200.00,500,sell,T-032,T-020,200.00,500.00
6532,2921.917,STOCK2,152.00,500,sell,T-032,T-020,200.00,500.00
6533,2922.038,STOCK2,200.00,1000,sell,T-036,T-020,200.00,500.00
6534,2922.149,STOCK2,200.00,1000,sell,T-036,T-020,200.00,500.00
6535,2922.259,STOCK2,200.00,1000,sell,T-036,T-020,200.00,500.00
6536,2922.370,STOCK2,200.00,1000,sell,T-036,T-020,200.00,500.00
6537,2922.790,STOCK2,200.00,1000,sell,T-036,T-020,200.00,500.00
6538,2922.922,STOCK2,152.00,500,sell,T-032,T-020,152.00,500.00
6539,2922.922,STOCK2,152.00,500,sell,T-032,T-020,152.00,500.00
6540,2923.022,STOCK2,152.00,500,sell,T-032,T-020,152.00,500.00
6541,2923.022,STOCK2,152.00,500,sell,T-032,T-020,152.00,500.00
6542,2923.435,STOCK2,152.00,500,sell,T-032,T-020,152.00,500.00
6543,2923.435,STOCK2,151.00,500,sell,T-030,T-020,152.00,500.00
6544,2923.709,STOCK2,151.00,500,sell,T-030,T-020,151.00,500.00
6545,2923.709,STOCK2,151.00,500,sell,T-030,T-020,151.00,500.00
6546,2923.849,STOCK2,151.00,500,sell,T-030,T-020,151.00,500.00
6547,2923.849,STOCK2,151.00,500,sell,T-030,T-020,151.00,500.00
6548,2924.051,STOCK2,151.00,500,sell,T-030,T-020,151.00,500.00
6549,2924.051,STOCK2,151.00,500,sell,T-030,T-020,151.00,500.00
6550,2924.243,STOCK2,151.00,500,sell,T-030,T-020,151.00,500.00
6551,2924.243,STOCK2,151.00,500,sell,T-030,T-020,151.00,500.00
6552,2924.403,STOCK2,151.00,500,sell,T-030,T-020,151.00,500.00
6553,2924.403,STOCK2,151.00,500,sell,T-030,T-020,151.00,500.00
6554,2928.986,STOCK1,61.00,1000,sell,T-037,T-020,61.00,199.00
6555,2929.108,STOCK1,61.00,1000,sell,T-037,T-020,61.00,199.00
6556,2929.231,STOCK1,60.00,100,sell,T-019,T-020,60.00,199.00
6557,2929.231,STOCK1,60.00,100,sell,T-019,T-020,60.00,199.00
6558,2929.231,STOCK1,60.00,100,sell,T-019,T-020,60.00,199.00
6559,2929.231,STOCK1,60.00,100,sell,T-019,T-020,60.00,199.00
6560,2929.231,STOCK1,60.00,100,sell,T-019,T-020,60.00,199.00
6561,2929.231,STOCK1,60.00,100,sell,T-019,T-020,60.00,199.00
6562,2929.231,STOCK1,60.00,100,sell,T-019,T-020,60.00,199.00
6563,2929.231,STOCK1,60.00,100,sell,T-019,T-020,60.00,199.00
6564,2929.231,STOCK1,60.00,100,sell,T-019,T-020,60.00,199.00
6565,2929.231,STOCK1,60.00,100,sell,T-019,T-020,60.00,199.00
6566,2929.354,STOCK1,60.00,100,sell,T-019,T-020,60.00,180.00
6567,2929.354,STOCK1,60.00,100,sell,T-019,T-020,60.00,180.00
6568,2929.354,STOCK1,60.00,100,sell,T-019,T-020,60.00,180.00
6569,2929.354,STOCK1,51.00,700,sell,T-045,T-020,60.00,180.00
6570,2929.437,STOCK1,51.00,300,sell,T-045,T-020,51.00,180.00
6571,2929.437,STOCK1,51.00,700,sell,T-045,T-020,51.00,180.00
6572,2929.557,STOCK1,51.00,300,sell,T-045,T-020,51.00,180.00
6573,2929.557,STOCK1,50.00,700,sell,T-016,T-020,51.00,180.00
6574,2930.052,STOCK1,50.00,308,sell,T-016,T-020,50.00,180.00
6575,2930.052,STOCK1,50.00,250,sell,T-038,T-020,50.00,180.00
6576,2930.052,STOCK1,50.00,442,sell,T-029,T-020,50.00,180.00
6577,2930.141,STOCK1,50.00,1000,sell,T-029,T-020,50.00,180.00
6578,2930.241,STOCK1,50.00,1000,sell,T-029,T-020,50.00,180.00
6579,2930.435,STOCK1,50.00,1000,sell,T-029,T-020,50.00,180.00
6580,2930.625,STOCK1,50.00,558,sell,T-029,T-020,50.00,180.00
6581,2930.625,STOCK1,45.00,250,sell,T-038,T-020,50.00,180.00
6582,2930.625,STOCK1,45.00,192,sell,T-041,T-020,50.00,180.00
6583,2930.767,STOCK1,45.00,808,sell,T-041,T-020,45.00,180.00
6584,2930.767,STOCK1,45.00,192,sell,T-041,T-020,45.00,180.00
6585,2931.019,STOCK1,45.00,808,sell,T-041,T-020,45.00,180.00
6586,2931.019,STOCK1,45.00,192,sell,T-041,T-020,45.00,180.00
6587,2931.322,STOCK1,45.00,808,sell,T-041,T-020,45.00,180.00
6588,2931.322,STOCK1,45.00,192,sell,T-041,T-020,45.00,180.00
6589,2931.484,STOCK1,45.00,808,sell,T-041,T-020,45.00,180.00
6590,2931.484,STOCK1,45.00,192,sell,T-041,T-020,45.00,180.00
6591,2931.647,STOCK1,45.00,808,sell,T-041,T-020,45.00,180.00
6592,2931.647,STOCK1,45.00,192,sell,T-041,T-020,45.00,180.00
6593,2931.770,STOCK1,45.00,808,sell,T-041,T-020,45.00,180.00
6594,2931.770,STOCK1,45.00,192,sell,T-041,T-020,45.00,180.00
6595,2932.004,STOCK1,45.00,808,sell,T-041,T-020,45.00,180.00
6596,2932.004,STOCK1,45.00,192,sell,T-041,T-020,45.00,180.00
6597,2932.288,STOCK1,45.00,808,sell,T-041,T-020,45.00,180.00
6598,2932.288,STOCK1,45.00,192,sell,T-041,T-020,45.00,180.00
6599,2932.439,STOCK1,45.00,808,sell,T-041,T-020,45.00,180.00
6600,2932.439,STOCK1,45.00,192,sell,T-041,T-020,45.00,180.00
6601,2932.581,STOCK1,45.00,808,sell,T-041,T-020,45.00,180.00
6602,2932.581,STOCK1,45.00,192,sell,T-041,T-020,45.00,180.00
6603,2932.826,STOCK1,45.00,808,sell,T-041,T-020,45.00,180.00
6604,2932.826,STOCK1,45.00,192,sell,T-041,T-020,45.00,180.00
6605,2932.967,STOCK1,45.00,808,sell,T-041,T-020,45.00,180.00
6606,2932.967,STOCK1,45.00,192,sell,T-041,T-020,45.00,180.00
6607,2933.164,STOCK1,45.00,808,sell,T-041,T-020,45.00,180.00
6608,2933.164,STOCK1,45.00,192,sell,T-041,T-020,45.00,180.00
6609,2933.354,STOCK1,45.00,808,sell,T-041,T-020,45.00,180.00
6610,2933.354,STOCK1,45.00,192,sell,T-041,T-020,45.00,180.00
6611,2933.526,STOCK1,45.00,808,sell,T-041,T-020,45.00,180.00
6612,2933.526,STOCK1,45.00,192,sell,T-041,T-020,45.00,180.00
6613,2933.709,STOCK1,45.00,808,sell,T-041,T-020,45.00,180.00
6614,2933.709,STOCK1,45.00,192,sell,T-041,T-020,45.00,180.00
6615,2933.830,STOCK1,45.00,808,sell,T-041,T-020,45.00,180.00
6616,2933.830,STOCK1,45.00,192,sell,T-041,T-020,45.00,180.00
6617,2934.112,STOCK1,45.00,808,sell,T-041,T-020,45.00,180.00
6618,2934.112,STOCK1,45.00,192,sell,T-041,T-020,45.00,180.00
6619,2934.274,STOCK1,45.00,808,sell,T-041,T-020,45.00,180.00
6620,2934.274,STOCK1,45.00,192,sell,T-041,T-020,45.00,180.00
6621,2934.345,STOCK1,45.00,808,sell,T-041,T-020,45.00,180.00
6622,2934.345,STOCK1,45.00,192,sell,T-041,T-020,45.00,180.00
6623,2934.407,STOCK1,45.00,808,sell,T-041,T-020,45.00,180.00
6624,2934.407,STOCK1,45.00,192,sell,T-041,T-020,45.00,180.00
6625,2934.478,STOCK1,45.00,808,sell,T-041,T-020,45.00,180.00
6626,2934.478,STOCK1,45.00,192,sell,T-041,T-020,45.00,180.00
6627,2934.869,STOCK1,45.00,808,sell,T-041,T-020,45.00,180.00
6628,2934.869,STOCK1,45.00,192,sell,T-041,T-020,45.00,180.00
6629,2934.932,STOCK1,45.00,808,sell,T-041,T-020,45.00,180.00
6630,2934.932,STOCK1,45.00,192,sell,T-041,T-020,45.00,180.00
6631,2935.023,STOCK1,45.00,808,sell,T-041,T-020,45.00,180.00
6632,2935.023,STOCK1,45.00,192,sell,T-041,T-020,45.00,180.00
6633,2935.104,STOCK1,45.00,808,sell,T-041,T-020,45.00,180.00
6634,2935.104,STOCK1,45.00,192,sell,T-041,T-020,45.00,180.00
6635,2935.185,STOCK1,45.00,808,sell,T-041,T-020,45.00,180.00
6636,2935.185,STOCK1,45.00,192,sell,T-041,T-020,45.00,180.00
6637,2935.260,STOCK1,45.00,808,sell,T-041,T-020,45.00,180.00
6638,2935.260,STOCK1,45.00,192,sell,T-041,T-020,45.00,180.00
6639,2935.351,STOCK1,45.00,808,sell,T-041,T-020,45.00,180.00
6640,2935.351,STOCK1,45.00,192,sell,T-041,T-020,45.00,180.00
6641,2935.411,STOCK1,45.00,808,sell,T-041,T-020,45.00,180.00
6642,2935.411,STOCK1,41.00,192,sell,T-041,T-020,45.00,180.00
6643,2935.521,STOCK1,41.00,808,sell,T-041,T-020,41.00,180.00
6644,2935.521,STOCK1,41.00,192,sell,T-041,T-020,41.00,180.00
6645,2935.642,STOCK1,41.00,808,sell,T-041,T-020,41.00,180.00
6646,2935.642,STOCK1,30.00,192,sell,T-036,T-020,41.00,180.00
6647,2936.012,STOCK2,152.00,1000,sell,T-032,T-035,152.00,400.00
6648,2936.012,STOCK2,152.00,1000,sell,T-032,T-035,152.00,400.00
6649,2936.416,STOCK2,152.00,1000,sell,T-032,T-035,152.00,400.00
6650,2936.416,STOCK2,152.00,1000,sell,T-032,T-035,152.00,400.00
6651,2936.597,STOCK1,170.00,150,sell,T-046,T-052,170.00,180.00
6652,2936.687,STOCK2,152.00,1000,sell,T-032,T-035,152.00,400.00
6653,2936.687,STOCK2,151.00,500,sell,T-030,T-035,152.00,400.00
6654,2936.687,STOCK2,150.00,500,sell,T-032,T-035,152.00,400.00
6655,2936.749,STOCK1,170.00,850,sell,T-046,T-033,170.00,180.00
6656,2936.749,STOCK1,50.00,150,sell,T-038,T-033,170.00,180.00
6657,2936.953,STOCK2,150.00,500,sell,T-032,T-035,150.00,400.00
6658,2936.953,STOCK2,150.00,1000,sell,T-032,T-035,150.00,400.00
6659,2936.953,STOCK2,150.00,500,sell,T-032,T-035,150.00,400.00
6660,2937.366,STOCK2,150.00,500,sell,T-032,T-035,150.00,400.00
6661,2937.366,STOCK2,150.00,1000,sell,T-032,T-035,150.00,400.00
6662,2937.366,STOCK2,150.00,500,sell,T-032,T-035,150.00,400.00
6663,2937.599,STOCK2,150.00,500,sell,T-032,T-035,150.00,400.00
6664,2937.599,STOCK2,150.00,1000,sell,T-032,T-035,150.00,400.00
6665,2937.599,STOCK2,150.00,500,sell,T-032,T-035,150.00,400.00
6666,2937.867,STOCK2,150.00,500,sell,T-032,T-035,150.00,400.00
6667,2937.867,STOCK2,150.00,1000,sell,T-032,T-035,150.00,400.00
6668,2937.867,STOCK2,150.00,500,sell,T-032,T-035,150.00,400.00
6669,2938.151,STOCK2,150.00,500,sell,T-032,T-035,150.00,400.00
6670,2938.151,STOCK2,150.00,1000,sell,T-032,T-035,150.00,400.00
6671,2938.151,STOCK2,150.00,500,sell,T-036,T-035,150.00,400.00
6672,2938.395,STOCK2,150.00,2000,sell,T-036,T-035,150.00,400.00
6673,2938.638,STOCK2,150.00,2000,sell,T-036,T-035,150.00,400.00
6674,2938.830,STOCK2,150.00,500,sell,T-036,T-035,150.00,400.00
6675,2938.830,STOCK2,150.00,250,sell,T-038,T-035,150.00,400.00
6676,2938.830,STOCK2,140.00,1250,sell,T-013,T-035,150.00,400.00
6677,2939.022,STOCK2,140.00,750,sell,T-013,T-035,140.00,400.00
6678,2939.022,STOCK2,140.00,1250,sell,T-013,T-035,140.00,400.00
6679,2943.170,STOCK2,152.00,1000,sell,T-032,T-020,152.00,400.00
6680,2943.301,STOCK2,150.00,1000,sell,T-041,T-020,150.00,400.00
6681,2943.452,STOCK2,150.00,1000,sell,T-041,T-020,150.00,400.00
6682,2943.474,STOCK2,150.00,500,sell,T-041,T-025,150.00,400.00
6683,2943.606,STOCK2,150.00,500,sell,T-041,T-020,150.00,400.00
6684,2943.606,STOCK2,150.00,500,sell,T-041,T-020,150.00,400.00
6685,2943.946,STOCK2,150.00,500,sell,T-041,T-020,150.00,400.00
6686,2943.946,STOCK2,150.00,500,sell,T-041,T-020,150.00,400.00
6687,2944.267,STOCK2,150.00,500,sell,T-041,T-020,150.00,400.00
6688,2944.267,STOCK2,150.00,500,sell,T-041,T-020,150.00,400.00
6689,2944.398,STOCK2,150.00,500,sell,T-041,T-020,150.00,400.00
6690,2944.398,STOCK2,150.00,500,sell,T-041,T-020,150.00,400.00
6691,2944.520,STOCK2,150.00,500,sell,T-041,T-025,150.00,400.00
6692,2944.551,STOCK2,150.00,1000,sell,T-041,T-020,150.00,400.00
6693,2944.692,STOCK2,150.00,1000,sell,T-041,T-020,150.00,400.00
6694,2944.991,STOCK2,150.00,1000,sell,T-041,T-020,150.00,400.00
6695,2945.167,STOCK2,150.00,1000,sell,T-041,T-020,150.00,400.00
6696,2945.338,STOCK2,150.00,1000,sell,T-041,T-020,150.00,400.00
6697,2945.670,STOCK2,150.00,1000,sell,T-041,T-020,150.00,400.00
6698,2945.835,STOCK2,150.00,1000,sell,T-041,T-020,150.00,400.00
6699,2946.038,STOCK2,150.00,1000,sell,T-041,T-020,150.00,400.00
6700,2946.279,STOCK2,150.00,1000,sell,T-041,T-020,150.00,400.00
6701,2946.571,STOCK2,150.00,1000,sell,T-041,T-020,150.00,400.00
6702,2946.706,STOCK2,150.00,1000,sell,T-041,T-020,150.00,400.00
6703,2946.856,STOCK2,150.00,1000,sell,T-041,T-020,150.00,400.00
6704,2946.996,STOCK2,150.00,1000,sell,T-041,T-020,150.00,400.00
6705,2947.077,STOCK2,150.00,1000,sell,T-041,T-020,150.00,400.00
6706,2947.157,STOCK2,140.00,750,sell,T-013,T-020,140.00,400.00
6707,2947.157,STOCK2,140.00,250,sell,T-013,T-020,140.00,400.00
6708,2947.238,STOCK2,150.00,1000,sell,T-041,T-020,150.00,400.00
6709,2947.339,STOCK2,150.00,1000,sell,T-041,T-020,150.00,400.00
6710,2947.400,STOCK2,140.00,1000,sell,T-013,T-020,140.00,400.00
6711,2947.492,STOCK2,150.00,1000,sell,T-041,T-020,150.00,400.00
6712,2947.502,STOCK2,140.00,500,sell,T-013,T-025,140.00,400.00
6713,2947.552,STOCK2,140.00,250,sell,T-013,T-020,140.00,400.00
6714,2947.552,STOCK2,140.00,750,sell,T-013,T-020,140.00,400.00
6715,2947.643,STOCK2,140.00,1000,sell,T-013,T-020,140.00,400.00
6716,2948.177,STOCK2,140.00,250,sell,T-013,T-020,140.00,400.00
6717,2948.177,STOCK2,140.00,750,sell,T-013,T-020,140.00,400.00
6718,2948.521,STOCK2,140.00,1000,sell,T-013,T-020,140.00,400.00
6719,2948.892,STOCK2,140.00,250,sell,T-013,T-020,140.00,400.00
6720,2948.892,STOCK2,121.00,750,sell,T-030,T-020,140.00,400.00
6721,2953.199,STOCK2,130.00,1000,sell,T-045,T-035,130.00,400.00
6722,2953.199,STOCK2,130.00,1000,sell,T-045,T-035,130.00,400.00
6723,2953.342,STOCK2,121.00,250,sell,T-030,T-035,121.00,400.00
6724,2953.342,STOCK2,121.00,1000,sell,T-032,T-035,121.00,400.00
6725,2953.342,STOCK2,121.00,750,sell,T-030,T-035,121.00,400.00
6726,2953.494,STOCK2,121.00,250,sell,T-030,T-035,121.00,400.00
6727,2953.494,STOCK2,121.00,1000,sell,T-032,T-035,121.00,400.00
6728,2953.494,STOCK2,121.00,750,sell,T-032,T-035,121.00,400.00
6729,2953.799,STOCK2,121.00,250,sell,T-032,T-035,121.00,400.00
6730,2953.799,STOCK2,121.00,1000,sell,T-032,T-035,121.00,400.00
6731,2953.799,STOCK2,121.00,750,sell,T-032,T-035,121.00,400.00
6732,2954.187,STOCK2,121.00,250,sell,T-032,T-035,121.00,400.00
6733,2954.187,STOCK2,121.00,1000,sell,T-032,T-035,121.00,400.00
6734,2954.187,STOCK2,121.00,750,sell,T-032,T-035,121.00,400.00
6735,2954.431,STOCK2,121.00,250,sell,T-032,T-035,121.00,400.00
6736,2954.431,STOCK2,121.00,1000,sell,T-032,T-035,121.00,400.00
6737,2954.431,STOCK2,121.00,750,sell,T-030,T-035,121.00,400.00
6738,2954.985,STOCK2,121.00,250,sell,T-030,T-035,121.00,400.00
6739,2954.985,STOCK2,121.00,1000,sell,T-032,T-035,121.00,400.00
6740,2954.985,STOCK2,121.00,750,sell,T-032,T-035,121.00,400.00
6741,2955.167,STOCK2,121.00,250,sell,T-032,T-035,121.00,400.00
6742,2955.167,STOCK2,121.00,1000,sell,T-030,T-035,121.00,400.00
6743,2955.167,STOCK2,121.00,750,sell,T-030,T-035,121.00,400.00
6744,2955.330,STOCK2,121.00,250,sell,T-030,T-035,121.00,399.00
6745,2955.330,STOCK2,113.00,731,sell,T-032,T-035,121.00,399.00
6746,2955.330,STOCK2,110.00,100,sell,T-038,T-035,121.00,399.00
6747,2955.330,STOCK2,100.00,919,sell,T-029,T-035,121.00,399.00
6748,2955.503,STOCK2,100.00,2000,sell,T-029,T-035,100.00,399.00
6749,2956.174,STOCK2,100.00,1081,sell,T-029,T-035,100.00,399.00
6750,2956.174,STOCK2,96.00,919,sell,T-032,T-035,100.00,399.00
6751,2956.620,STOCK2,96.00,81,sell,T-032,T-035,96.00,399.00
6752,2956.620,STOCK2,96.00,1000,sell,T-032,T-035,96.00,399.00
6753,2956.620,STOCK2,95.00,919,sell,T-032,T-035,96.00,399.00
6754,2957.027,STOCK2,95.00,81,sell,T-032,T-035,95.00,399.00
6755,2957.027,STOCK2,85.00,1000,sell,T-031,T-035,95.00,399.00
6756,2957.027,STOCK2,85.00,919,sell,T-031,T-035,95.00,399.00
6757,2968.321,STOCK2,299.00,1000,buy,T-020,T-045,100.00,299.00
6758,2968.475,STOCK2,299.00,1000,buy,T-020,T-045,100.00,299.00
6759,2968.665,STOCK2,300.00,1000,buy,T-020,T-046,100.00,300.00
6760,2968.859,STOCK2,300.00,1000,buy,T-020,T-046,100.00,300.00
6761,2969.021,STOCK2,399.00,1000,buy,T-020,T-045,100.00,399.00
6762,2969.152,STOCK2,400.00,1000,buy,T-020,T-046,100.00,400.00
6763,2969.557,STOCK2,400.00,1000,buy,T-020,T-046,110.00,400.00
6764,2969.708,STOCK2,500.00,250,buy,T-020,T-038,110.00,500.00
6765,2969.708,STOCK2,2500.00,750,buy,T-020,T-031,110.00,500.00
6766,2969.941,STOCK2,2500.00,1000,buy,T-020,T-031,110.00,2500.00
6767,2970.217,STOCK2,2500.00,250,buy,T-020,T-031,110.00,2500.00
6768,2970.217,STOCK2,3000.00,750,buy,T-020,T-046,110.00,2500.00
6769,2970.278,STOCK2,3000.00,250,buy,T-020,T-046,110.00,3000.00
6770,2970.278,STOCK2,4000.00,750,buy,T-020,T-030,110.00,3000.00
6771,2970.369,STOCK2,4000.00,250,buy,T-020,T-030,110.00,4000.00
6772,2970.369,STOCK2,4000.00,750,buy,T-020,T-030,110.00,4000.00
6773,2970.429,STOCK2,4000.00,250,buy,T-020,T-030,110.00,4000.00
6774,2970.429,STOCK2,4500.00,750,buy,T-020,T-046,110.00,4000.00
6775,2970.529,STOCK2,4500.00,250,buy,T-020,T-046,110.00,4500.00
6776,2970.529,STOCK2,5000.00,750,buy,T-020,T-037,110.00,4500.00
6777,2970.589,STOCK2,5000.00,1000,buy,T-020,T-037,110.00,5000.00
6778,2970.651,STOCK2,5000.00,1000,buy,T-020,T-037,110.00,5000.00
6779,2970.723,STOCK2,5000.00,1000,buy,T-020,T-037,110.00,5000.00
6780,2971.009,STOCK2,5000.00,1000,buy,T-020,T-037,110.00,5000.00
6781,2971.080,STOCK2,5000.00,250,buy,T-020,T-037,110.00,5000.00
6782,2971.080,STOCK2,6000.00,750,buy,T-020,T-031,110.00,5000.00
6783,2971.183,STOCK2,6000.00,1000,buy,T-020,T-031,110.00,6000.00
6784,2971.243,STOCK2,6000.00,250,buy,T-020,T-031,110.00,6000.00
6785,2971.243,STOCK2,6000.00,750,buy,T-020,T-046,110.00,6000.00
6786,2972.176,STOCK2,6000.00,250,buy,T-020,T-046,110.00,6000.00
6787,2972.176,STOCK2,8000.00,750,buy,T-020,T-013,110.00,6000.00
6788,2972.286,STOCK2,8000.00,1000,buy,T-020,T-013,110.00,8000.00
6789,2972.366,STOCK2,8000.00,250,buy,T-020,T-013,110.00,8000.00
6790,2972.366,STOCK2,8000.00,750,buy,T-020,T-013,110.00,8000.00
6791,2972.457,STOCK2,8000.00,1000,buy,T-020,T-013,110.00,8000.00
6792,2972.539,STOCK2,8000.00,250,buy,T-020,T-013,110.00,8000.00
6793,2972.539,STOCK2,8000.00,750,buy,T-020,T-013,110.00,8000.00
6794,2972.641,STOCK2,8000.00,1000,buy,T-020,T-013,110.00,8000.00
6795,2972.721,STOCK2,8000.00,250,buy,T-020,T-013,110.00,8000.00
6796,2972.721,STOCK2,8000.00,750,buy,T-020,T-013,110.00,8000.00
6797,2972.824,STOCK2,8000.00,1000,buy,T-020,T-013,110.00,8000.00
6798,2972.896,STOCK2,8000.00,250,buy,T-020,T-013,110.00,8000.00
6799,2972.896,STOCK2,8000.00,750,buy,T-020,T-013,110.00,8000.00
6800,2972.996,STOCK2,8000.00,1000,buy,T-020,T-013,110.00,8000.00
6801,2973.067,STOCK2,8000.00,250,buy,T-020,T-013,110.00,8000.00
6802,2973.067,STOCK2,8000.00,750,buy,T-020,T-013,110.00,8000.00
6803,2973.180,STOCK2,8000.00,1000,buy,T-020,T-013,110.00,8000.00
6804,2973.252,STOCK2,8000.00,250,buy,T-020,T-013,110.00,8000.00
6805,2973.252,STOCK2,8000.00,750,buy,T-020,T-013,110.00,8000.00
6806,2973.623,STOCK2,8000.00,1000,buy,T-020,T-013,111.00,8000.00
6807,2973.675,STOCK2,8000.00,250,buy,T-020,T-013,111.00,8000.00
6808,2973.675,STOCK2,8000.00,750,buy,T-020,T-031,111.00,8000.00
6809,2973.838,STOCK2,8000.00,1000,buy,T-020,T-031,111.00,8000.00
6810,2974.203,STOCK2,8000.00,250,buy,T-020,T-031,111.00,8000.00
6811,2974.203,STOCK2,9000.00,750,buy,T-020,T-032,111.00,8000.00
6812,2974.273,STOCK2,9000.00,250,buy,T-020,T-032,111.00,9000.00
6813,2974.273,STOCK2,9000.00,750,buy,T-020,T-032,111.00,9000.00
6814,2974.444,STOCK2,200.00,250,buy,T-020,T-038,111.00,200.00
6815,2974.444,STOCK2,8000.00,100,buy,T-020,T-019,111.00,200.00
6816,2974.444,STOCK2,8000.00,100,buy,T-020,T-019,111.00,200.00
6817,2974.444,STOCK2,9000.00,250,buy,T-020,T-032,111.00,200.00
6818,2974.444,STOCK2,9000.00,300,buy,T-020,T-032,111.00,200.00
6819,2974.928,STOCK2,8000.00,100,buy,T-020,T-019,111.00,8000.00
6820,2974.928,STOCK2,8000.00,100,buy,T-020,T-019,111.00,8000.00
6821,2974.928,STOCK2,8000.00,100,buy,T-020,T-019,111.00,8000.00
6822,2974.928,STOCK2,9000.00,700,buy,T-020,T-032,111.00,8000.00
6823,2975.019,STOCK2,8000.00,100,buy,T-020,T-019,111.00,8000.00
6824,2975.019,STOCK2,9000.00,900,buy,T-020,T-032,111.00,8000.00
6825,2975.099,STOCK2,9000.00,100,buy,T-020,T-032,111.00,9000.00
6826,2975.099,STOCK2,9000.00,900,buy,T-020,T-032,111.00,9000.00
6827,2975.283,STOCK2,8000.00,100,buy,T-020,T-019,111.00,8000.00
6828,2975.283,STOCK2,9000.00,100,buy,T-020,T-032,111.00,8000.00
6829,2975.283,STOCK2,9000.00,800,buy,T-020,T-032,111.00,8000.00
6830,2975.566,STOCK2,8000.00,100,buy,T-020,T-019,111.00,8000.00
6831,2975.566,STOCK2,8000.00,100,buy,T-020,T-019,111.00,8000.00
6832,2975.566,STOCK2,8000.00,100,buy,T-020,T-019,111.00,8000.00
6833,2975.566,STOCK2,9000.00,200,buy,T-020,T-032,111.00,8000.00
6834,2975.566,STOCK2,9000.00,500,buy,T-020,T-032,111.00,8000.00
6835,2975.656,STOCK2,9000.00,500,buy,T-020,T-032,111.00,9000.00
6836,2975.656,STOCK2,9977.00,500,buy,T-020,T-029,111.00,9000.00
6837,2976.737,STOCK2,5000.00,1000,buy,T-020,T-046,111.00,5000.00
6838,2983.565,STOCK2,600.00,250,buy,T-035,T-038,111.00,600.00
6839,2983.565,STOCK2,600.00,250,buy,T-035,T-038,111.00,600.00
6840,2983.565,STOCK2,600.00,250,buy,T-035,T-038,111.00,600.00
6841,2983.565,STOCK2,1000.00,1000,buy,T-035,T-045,111.00,600.00
6842,2983.565,STOCK2,1000.00,250,buy,T-035,T-045,111.00,600.00
6843,2984.018,STOCK2,1000.00,750,buy,T-035,T-045,111.00,1000.00
6844,2984.018,STOCK2,1000.00,1000,buy,T-035,T-045,111.00,1000.00
6845,2984.018,STOCK2,3000.00,250,buy,T-035,T-037,111.00,1000.00
6846,2984.463,STOCK2,3000.00,1750,buy,T-035,T-037,111.00,3000.00
6847,2984.463,STOCK2,3000.00,250,buy,T-035,T-037,111.00,3000.00
6848,2984.996,STOCK2,3000.00,1750,buy,T-035,T-037,111.00,3000.00
6849,2984.996,STOCK2,4000.00,100,buy,T-035,T-019,111.00,3000.00
6850,2984.996,STOCK2,4000.00,100,buy,T-035,T-019,111.00,3000.00
6851,2984.996,STOCK2,4000.00,50,buy,T-035,T-019,111.00,3000.00
6852,2985.247,STOCK2,4000.00,50,buy,T-020,T-019,111.00,4000.00
6853,2985.247,STOCK2,4000.00,100,buy,T-020,T-019,111.00,4000.00
6854,2985.247,STOCK2,4000.00,100,buy,T-020,T-019,111.00,4000.00
6855,2985.247,STOCK2,4000.00,100,buy,T-020,T-019,111.00,4000.00
6856,2985.247,STOCK2,4000.00,100,buy,T-020,T-019,111.00,4000.00
6857,2985.247,STOCK2,4000.00,100,buy,T-020,T-019,111.00,4000.00
6858,2985.247,STOCK2,4000.00,100,buy,T-020,T-019,111.00,4000.00
6859,2985.247,STOCK2,4000.00,100,buy,T-020,T-019,111.00,4000.00
6860,2985.247,STOCK2,4000.00,100,buy,T-020,T-019,111.00,4000.00
6861,2985.247,STOCK2,5000.00,150,buy,T-020,T-046,111.00,4000.00
6862,2985.379,STOCK2,5000.00,850,buy,T-020,T-046,112.00,5000.00
6863,2985.379,STOCK2,5000.00,150,buy,T-020,T-046,112.00,5000.00
6864,2985.551,STOCK2,5000.00,850,buy,T-035,T-046,112.00,5000.00
6865,2985.551,STOCK2,5000.00,1000,buy,T-035,T-045,112.00,5000.00
6866,2985.551,STOCK2,5000.00,150,buy,T-035,T-045,112.00,5000.00
6867,2985.621,STOCK2,5000.00,850,buy,T-020,T-045,112.00,5000.00
6868,2985.621,STOCK2,7000.00,150,buy,T-020,T-032,112.00,5000.00
6869,2985.718,STOCK2,7000.00,850,buy,T-020,T-032,112.00,7000.00
6870,2985.718,STOCK2,7000.00,150,buy,T-020,T-032,112.00,7000.00
6871,2985.737,STOCK2,7000.00,850,buy,T-035,T-032,112.00,7000.00
6872,2985.737,STOCK2,7000.00,1000,buy,T-035,T-032,112.00,7000.00
6873,2985.737,STOCK2,7000.00,150,buy,T-035,T-032,112.00,7000.00
6874,2985.829,STOCK2,7000.00,850,buy,T-020,T-032,112.00,7000.00
6875,2985.829,STOCK2,7000.00,150,buy,T-020,T-032,112.00,7000.00
6876,2985.922,STOCK2,7000.00,850,buy,T-035,T-032,112.00,7000.00
6877,2985.922,STOCK2,7000.00,1000,buy,T-035,T-032,112.00,7000.00
6878,2985.922,STOCK2,7000.00,150,buy,T-035,T-041,112.00,7000.00
6879,2986.054,STOCK2,7000.00,850,buy,T-020,T-041,112.00,7000.00
6880,2986.054,STOCK2,7000.00,150,buy,T-020,T-041,112.00,7000.00
6881,2986.157,STOCK2,7000.00,850,buy,T-035,T-041,112.00,7000.00
6882,2986.157,STOCK2,7000.00,1000,buy,T-035,T-041,112.00,7000.00
6883,2986.157,STOCK2,7000.00,150,buy,T-035,T-041,112.00,7000.00
6884,2986.268,STOCK2,7000.00,850,buy,T-020,T-041,112.00,7000.00
6885,2986.268,STOCK2,7000.00,150,buy,T-020,T-041,112.00,7000.00
6886,2986.379,STOCK2,7000.00,850,buy,T-020,T-041,112.00,7000.00
6887,2986.379,STOCK2,7000.00,150,buy,T-020,T-041,112.00,7000.00
6888,2986.420,STOCK2,7000.00,850,buy,T-035,T-041,112.00,7000.00
6889,2986.420,STOCK2,7000.00,1000,buy,T-035,T-041,112.00,7000.00
6890,2986.420,STOCK2,7000.00,150,buy,T-035,T-041,112.00,7000.00
6891,2986.693,STOCK2,7000.00,850,buy,T-035,T-041,112.00,7000.00
6892,2986.693,STOCK2,7000.00,1000,buy,T-035,T-041,112.00,7000.00
6893,2986.693,STOCK2,7000.00,150,buy,T-035,T-041,112.00,7000.00
6894,2986.713,STOCK2,7000.00,850,buy,T-020,T-041,112.00,7000.00
6895,2986.713,STOCK2,7000.00,150,buy,T-020,T-041,112.00,7000.00
6896,2986.806,STOCK2,7000.00,850,buy,T-020,T-041,112.00,7000.00
6897,2986.806,STOCK2,7000.00,150,buy,T-020,T-041,112.00,7000.00
6898,2986.926,STOCK2,7000.00,850,buy,T-020,T-041,112.00,7000.00
6899,2986.926,STOCK2,7000.00,150,buy,T-020,T-041,112.00,7000.00
6900,2986.956,STOCK2,7000.00,850,buy,T-035,T-041,112.00,7000.00
6901,2986.956,STOCK2,7000.00,1000,buy,T-035,T-041,112.00,7000.00
6902,2986.956,STOCK2,7000.00,150,buy,T-035,T-041,112.00,7000.00
6903,2987.155,STOCK2,4000.00,100,buy,T-020,T-019,112.00,4000.00
6904,2987.155,STOCK2,7000.00,850,buy,T-020,T-041,112.00,4000.00
6905,2987.155,STOCK2,7000.00,50,buy,T-020,T-041,112.00,4000.00
6906,2987.297,STOCK2,7000.00,950,buy,T-020,T-041,112.00,7000.00
6907,2987.297,STOCK2,7000.00,50,buy,T-020,T-041,112.00,7000.00
6908,2987.427,STOCK2,4000.00,100,buy,T-020,T-019,112.00,4000.00
6909,2987.427,STOCK2,7000.00,900,buy,T-020,T-041,112.00,4000.00
6910,2987.567,STOCK2,4000.00,100,buy,T-020,T-019,112.00,4000.00
6911,2987.567,STOCK2,7000.00,50,buy,T-020,T-041,112.00,4000.00
6912,2987.567,STOCK2,7000.00,850,buy,T-020,T-041,112.00,4000.00
6913,2988.236,STOCK2,4000.00,100,buy,T-020,T-019,112.00,4000.00
6914,2988.236,STOCK2,4000.00,900,buy,T-020,T-030,112.00,4000.00
6915,2988.356,STOCK2,4000.00,1000,buy,T-020,T-030,112.00,4000.00
6916,2988.507,STOCK2,4000.00,1000,buy,T-020,T-030,112.00,4000.00
6917,2988.670,STOCK2,4000.00,1000,buy,T-020,T-030,112.00,4000.00
6918,2988.831,STOCK2,4000.00,1000,buy,T-020,T-030,112.00,4000.00
6919,2988.973,STOCK2,4000.00,100,buy,T-020,T-030,112.00,4000.00
6920,2988.973,STOCK2,4000.00,100,buy,T-020,T-019,112.00,4000.00
6921,2988.973,STOCK2,4000.00,100,buy,T-020,T-019,112.00,4000.00
6922,2988.973,STOCK2,4000.00,100,buy,T-020,T-019,112.00,4000.00
6923,2988.973,STOCK2,7000.00,150,buy,T-020,T-041,112.00,4000.00
6924,2988.973,STOCK2,7000.00,450,buy,T-020,T-041,112.00,4000.00
6925,2989.115,STOCK2,7000.00,550,buy,T-020,T-041,112.00,7000.00
6926,2989.115,STOCK2,7000.00,450,buy,T-020,T-041,112.00,7000.00
6927,2989.115,STOCK2,7000.00,550,buy,T-035,T-041,112.00,7000.00
6928,2989.115,STOCK2,7000.00,1000,buy,T-035,T-041,112.00,7000.00
6929,2989.115,STOCK2,7000.00,450,buy,T-035,T-041,112.00,7000.00
6930,2989.884,STOCK2,7000.00,550,buy,T-035,T-041,112.00,7000.00
6931,2989.884,STOCK2,7000.00,1000,buy,T-035,T-041,112.00,7000.00
6932,2989.884,STOCK2,7000.00,450,buy,T-035,T-041,112.00,7000.00
6933,2990.167,STOCK2,7000.00,550,buy,T-020,T-041,112.00,7000.00
6934,2990.167,STOCK2,7000.00,450,buy,T-020,T-041,112.00,7000.00
6935,2990.281,STOCK2,7000.00,550,buy,T-020,T-041,112.00,7000.00
6936,2990.281,STOCK2,7000.00,450,buy,T-020,T-041,112.00,7000.00
6937,2990.424,STOCK2,7000.00,550,buy,T-020,T-041,112.00,7000.00
6938,2990.424,STOCK2,7000.00,450,buy,T-020,T-041,112.00,7000.00
6939,2990.626,STOCK2,4000.00,1000,buy,T-020,T-030,112.00,4000.00
6940,2990.748,STOCK2,4000.00,1000,buy,T-020,T-030,112.00,4000.00
6941,2990.989,STOCK2,4000.00,1000,buy,T-020,T-030,112.00,4000.00
6942,2991.221,STOCK2,4000.00,1000,buy,T-020,T-030,112.00,4000.00
6943,2991.392,STOCK2,4000.00,1000,buy,T-020,T-030,112.00,4000.00
6944,2992.087,STOCK2,7000.00,550,buy,T-020,T-041,112.00,7000.00
6945,2992.087,STOCK2,7000.00,450,buy,T-020,T-041,112.00,7000.00
6946,2992.238,STOCK2,7000.00,550,buy,T-020,T-041,112.00,7000.00
6947,2992.238,STOCK2,7000.00,450,buy,T-020,T-041,112.00,7000.00
6948,2992.771,STOCK2,4000.00,500,buy,T-035,T-051,112.00,4000.00
6949,2992.771,STOCK2,4000.00,1500,buy,T-035,T-030,112.00,4000.00
6950,2992.834,STOCK2,4000.00,1000,buy,T-020,T-030,112.00,4000.00
6951,2993.005,STOCK2,4000.00,1000,buy,T-020,T-030,112.00,4000.00
6952,2994.753,STOCK2,1000.00,250,buy,T-035,T-038,113.00,1000.00
6953,2994.753,STOCK2,4000.00,1500,buy,T-035,T-030,113.00,1000.00
6954,2994.753,STOCK2,4000.00,100,buy,T-035,T-019,113.00,1000.00
6955,2994.753,STOCK2,4000.00,100,buy,T-035,T-019,113.00,1000.00
6956,2994.753,STOCK2,4000.00,50,buy,T-035,T-051,113.00,1000.00
6957,2995.966,STOCK2,4000.00,450,buy,T-035,T-051,113.00,4000.00
6958,2995.966,STOCK2,4000.00,100,buy,T-035,T-019,113.00,4000.00
6959,2995.966,STOCK2,4000.00,100,buy,T-035,T-019,113.00,4000.00
6960,2995.966,STOCK2,4000.00,100,buy,T-035,T-019,113.00,4000.00
6961,2995.966,STOCK2,4000.00,100,buy,T-035,T-019,113.00,4000.00
6962,2995.966,STOCK2,4000.00,100,buy,T-035,T-019,113.00,4000.00
6963,2995.966,STOCK2,4000.00,100,buy,T-035,T-019,113.00,4000.00
6964,2995.966,STOCK2,4000.00,100,buy,T-035,T-019,113.00,4000.00
6965,2995.966,STOCK2,4000.00,100,buy,T-035,T-019,113.00,4000.00
6966,2995.966,STOCK2,4000.00,100,buy,T-035,T-019,113.00,4000.00
6967,2995.966,STOCK2,4000.00,100,buy,T-035,T-019,113.00,4000.00
6968,2995.966,STOCK2,4000.00,100,buy,T-035,T-019,113.00,4000.00
6969,2995.966,STOCK2,4000.00,100,buy,T-035,T-019,113.00,4000.00
6970,2995.966,STOCK2,5000.00,350,buy,T-035,T-046,113.00,4000.00
6971,2996.108,STOCK2,4000.00,100,buy,T-035,T-019,113.00,4000.00
6972,2996.108,STOCK2,5000.00,650,buy,T-035,T-046,113.00,4000.00
6973,2996.108,STOCK2,5000.00,1000,buy,T-035,T-046,113.00,4000.00
6974,2996.108,STOCK2,5000.00,250,buy,T-035,T-046,113.00,4000.00
6975,2996.267,STOCK2,4000.00,100,buy,T-035,T-019,113.00,4000.00
6976,2996.267,STOCK2,5000.00,750,buy,T-035,T-046,113.00,4000.00
6977,2996.267,STOCK2,5000.00,1000,buy,T-035,T-046,113.00,4000.00
6978,2996.267,STOCK2,5000.00,150,buy,T-035,T-032,113.00,4000.00
6979,2996.448,STOCK2,4000.00,100,buy,T-035,T-019,113.00,4000.00
6980,2996.448,STOCK2,5000.00,850,buy,T-035,T-032,113.00,4000.00
6981,2996.448,STOCK2,5000.00,1000,buy,T-035,T-032,113.00,4000.00
6982,2996.448,STOCK2,5000.00,50,buy,T-035,T-032,113.00,4000.00
6983,2996.662,STOCK2,4000.00,100,buy,T-035,T-019,113.00,4000.00
6984,2996.662,STOCK2,4000.00,100,buy,T-035,T-019,113.00,4000.00
6985,2996.662,STOCK2,5000.00,950,buy,T-035,T-032,113.00,4000.00
6986,2996.662,STOCK2,6000.00,850,buy,T-035,T-013,113.00,4000.00
6987,2996.888,STOCK2,4000.00,100,buy,T-035,T-019,113.00,4000.00
6988,2996.888,STOCK2,6000.00,1150,buy,T-035,T-013,113.00,4000.00
6989,2996.888,STOCK2,6000.00,750,buy,T-035,T-013,113.00,4000.00
6990,2997.065,STOCK2,4000.00,100,buy,T-035,T-019,113.00,4000.00
6991,2997.065,STOCK2,6000.00,1250,buy,T-035,T-013,113.00,4000.00
6992,2997.065,STOCK2,6000.00,650,buy,T-035,T-013,113.00,4000.00
6993,2997.239,STOCK2,4000.00,100,buy,T-035,T-019,113.00,4000.00
6994,2997.239,STOCK2,4000.00,100,buy,T-035,T-019,113.00,4000.00
6995,2997.239,STOCK2,6000.00,1350,buy,T-035,T-013,113.00,4000.00
6996,2997.239,STOCK2,6000.00,450,buy,T-035,T-013,113.00,4000.00
6997,2997.433,STOCK2,4000.00,100,buy,T-035,T-019,113.00,4000.00
6998,2997.433,STOCK2,6000.00,1550,buy,T-035,T-013,113.00,4000.00
6999,2997.433,STOCK2,6000.00,350,buy,T-035,T-013,113.00,4000.00
7000,2997.924,STOCK2,3000.00,2000,buy,T-035,T-029,113.00,3000.00
7001,2998.250,STOCK2,3000.00,2000,buy,T-035,T-029,113.00,3000.00
7002,2998.587,STOCK2,3000.00,1000,buy,T-035,T-029,113.00,3000.00
7003,2998.587,STOCK2,4000.00,100,buy,T-035,T-019,113.00,3000.00
7004,2998.587,STOCK2,4000.00,500,buy,T-035,T-051,113.00,3000.00
7005,2998.587,STOCK2,4000.00,100,buy,T-035,T-019,113.00,3000.00
7006,2998.587,STOCK2,4000.00,100,buy,T-035,T-019,113.00,3000.00
7007,2998.587,STOCK2,4000.00,100,buy,T-035,T-019,113.00,3000.00
7008,2998.587,STOCK2,4000.00,100,buy,T-035,T-019,113.00,3000.00
7009,2999.292,STOCK2,3000.00,2000,buy,T-035,T-037,113.00,3000.00
7010,2999.690,STOCK2,4000.00,100,buy,T-035,T-019,113.00,4000.00
7011,2999.690,STOCK2,4000.00,100,buy,T-035,T-019,113.00,4000.00
7012,2999.690,STOCK2,4000.00,100,buy,T-035,T-019,113.00,4000.00
7013,2999.690,STOCK2,4000.00,100,buy,T-035,T-019,113.00,4000.00
7014,2999.690,STOCK2,4000.00,100,buy,T-035,T-019,113.00,4000.00
7015,2999.690,STOCK2,4000.00,100,buy,T-035,T-019,113.00,4000.00
7016,2999.690,STOCK2,4000.00,1400,buy,T-035,T-030,113.00,4000.00
7017,3000.084,STOCK2,4000.00,2000,buy,T-035,T-030,113.00,4000.00
7018,3000.305,STOCK2,4000.00,1600,buy,T-035,T-030,113.00,4000.00
7019,3000.305,STOCK2,4000.00,100,buy,T-035,T-019,113.00,4000.00
7020,3000.305,STOCK2,4000.00,250,buy,T-035,T-038,113.00,4000.00
7021,3000.305,STOCK2,4000.00,50,buy,T-035,T-019,113.00,4000.00
7022,3000.447,STOCK2,4000.00,50,buy,T-035,T-019,113.00,4000.00
7023,3000.447,STOCK2,4000.00,100,buy,T-035,T-019,113.00,4000.00
7024,3000.447,STOCK2,6000.00,1650,buy,T-035,T-013,113.00,4000.00
7025,3000.447,STOCK2,6000.00,200,buy,T-035,T-013,113.00,4000.00
7026,3000.608,STOCK2,4000.00,100,buy,T-035,T-019,113.00,4000.00
7027,3000.608,STOCK2,5000.00,1000,buy,T-035,T-032,113.00,4000.00
7028,3000.608,STOCK2,6000.00,900,buy,T-035,T-013,113.00,4000.00
7029,3000.801,STOCK2,4000.00,100,buy,T-035,T-019,113.00,4000.00
7030,3000.801,STOCK2,4000.00,1900,buy,T-035,T-030,113.00,4000.00
7031,3000.994,STOCK2,4000.00,2000,buy,T-035,T-030,113.00,4000.00
7032,3001.186,STOCK2,4000.00,1100,buy,T-035,T-030,113.00,4000.00
7033,3001.186,STOCK2,4000.00,100,buy,T-035,T-019,113.00,4000.00
7034,3001.186,STOCK2,4000.00,100,buy,T-035,T-019,113.00,4000.00
7035,3001.186,STOCK2,4000.00,100,buy,T-035,T-019,113.00,4000.00
7036,3001.186,STOCK2,5000.00,600,buy,T-035,T-032,113.00,4000.00
7037,3001.336,STOCK2,4000.00,250,buy,T-035,T-038,113.00,4000.00
7038,3001.336,STOCK2,4000.00,100,buy,T-035,T-019,113.00,4000.00
7039,3001.336,STOCK2,5000.00,400,buy,T-035,T-032,113.00,4000.00
7040,3001.336,STOCK2,6000.00,900,buy,T-035,T-013,113.00,4000.00
7041,3001.336,STOCK2,6000.00,350,buy,T-035,T-013,113.00,4000.00
7042,3001.487,STOCK2,6000.00,1650,buy,T-035,T-013,113.00,6000.00
7043,3001.487,STOCK2,6000.00,350,buy,T-035,T-013,113.00,6000.00
7044,3001.637,STOCK2,4000.00,100,buy,T-035,T-019,113.00,4000.00
7045,3001.637,STOCK2,4000.00,500,buy,T-035,T-051,113.00,4000.00
7046,3001.637,STOCK2,4000.00,100,buy,T-035,T-019,113.00,4000.00
7047,3001.637,STOCK2,5000.00,1000,buy,T-035,T-032,113.00,4000.00
7048,3001.637,STOCK2,5000.00,300,buy,T-035,T-032,113.00,4000.00
7049,3001.779,STOCK2,4000.00,100,buy,T-035,T-019,113.00,4000.00
7050,3001.779,STOCK2,5000.00,700,buy,T-035,T-032,113.00,4000.00
7051,3001.779,STOCK2,6000.00,1200,buy,T-035,T-013,113.00,4000.00
7052,3001.931,STOCK2,4000.00,2000,buy,T-035,T-030,113.00,4000.00
7053,3002.082,STOCK2,4000.00,2000,buy,T-035,T-030,113.00,4000.00
7054,3002.224,STOCK2,4000.00,1000,buy,T-035,T-030,113.00,4000.00
7055,3002.224,STOCK2,4000.00,100,buy,T-035,T-019,113.00,4000.00
7056,3002.224,STOCK2,4000.00,100,buy,T-035,T-019,113.00,4000.00
7057,3002.224,STOCK2,6000.00,450,buy,T-035,T-013,113.00,4000.00
7058,3002.224,STOCK2,6000.00,350,buy,T-035,T-013,113.00,4000.00
7059,3002.377,STOCK2,4000.00,100,buy,T-035,T-019,113.00,4000.00
7060,3002.377,STOCK2,5000.00,1000,buy,T-035,T-032,113.00,4000.00
7061,3002.377,STOCK2,6000.00,900,buy,T-035,T-013,113.00,4000.00
7062,3002.531,STOCK2,4000.00,100,buy,T-035,T-019,113.00,4000.00
7063,3002.531,STOCK2,5000.00,1000,buy,T-035,T-045,113.00,4000.00
7064,3002.531,STOCK2,6000.00,750,buy,T-035,T-013,113.00,4000.00
7065,3002.531,STOCK2,6000.00,150,buy,T-035,T-013,113.00,4000.00
7066,3002.924,STOCK2,4000.00,100,buy,T-035,T-019,113.00,4000.00
7067,3002.924,STOCK2,4000.00,100,buy,T-035,T-019,113.00,4000.00
7068,3002.924,STOCK2,4000.00,500,buy,T-035,T-051,113.00,4000.00
7069,3002.924,STOCK2,4000.00,1300,buy,T-035,T-030,113.00,4000.00
7070,3003.095,STOCK2,4000.00,2000,buy,T-035,T-030,115.00,4000.00
7071,3003.256,STOCK2,4000.00,1700,buy,T-035,T-030,115.00,4000.00
7072,3003.256,STOCK2,4000.00,100,buy,T-035,T-019,115.00,4000.00
7073,3003.256,STOCK2,4000.00,100,buy,T-035,T-019,115.00,4000.00
7074,3003.256,STOCK2,4000.00,100,buy,T-035,T-019,115.00,4000.00
7075,3003.427,STOCK2,4000.00,100,buy,T-035,T-019,115.00,4000.00
7076,3003.427,STOCK2,5000.00,1000,buy,T-035,T-032,115.00,4000.00
7077,3003.427,STOCK2,5000.00,900,buy,T-035,T-045,115.00,4000.00
7078,3003.614,STOCK2,4000.00,100,buy,T-035,T-019,115.00,4000.00
7079,3003.614,STOCK2,5000.00,100,buy,T-035,T-045,115.00,4000.00
7080,3003.614,STOCK2,5000.00,1000,buy,T-035,T-032,115.00,4000.00
7081,3003.614,STOCK2,5000.00,800,buy,T-035,T-045,115.00,4000.00
7082,3003.798,STOCK2,4000.00,100,buy,T-035,T-019,115.00,4000.00
7083,3003.798,STOCK2,4000.00,1900,buy,T-035,T-030,115.00,4000.00
7084,3003.939,STOCK2,4000.00,2000,buy,T-035,T-030,115.00,4000.00
7085,3004.121,STOCK2,4000.00,1100,buy,T-035,T-030,115.00,4000.00
7086,3004.121,STOCK2,4000.00,100,buy,T-035,T-019,115.00,4000.00
7087,3004.121,STOCK2,4000.00,500,buy,T-035,T-051,115.00,4000.00
7088,3004.121,STOCK2,5000.00,200,buy,T-035,T-045,115.00,4000.00
7089,3004.121,STOCK2,5000.00,100,buy,T-035,T-032,115.00,4000.00
7090,3004.286,STOCK2,4000.00,100,buy,T-035,T-019,115.00,4000.00
7091,3004.286,STOCK2,5000.00,900,buy,T-035,T-032,115.00,4000.00
7092,3004.286,STOCK2,5000.00,1000,buy,T-035,T-032,115.00,4000.00
7093,3004.477,STOCK2,4000.00,100,buy,T-035,T-019,115.00,4000.00
7094,3004.477,STOCK2,4000.00,1900,buy,T-035,T-030,115.00,4000.00
7095,3010.034,STOCK2,4000.00,2000,buy,T-035,T-030,135.00,4000.00
7096,3010.155,STOCK2,4000.00,1100,buy,T-035,T-030,135.00,4000.00
7097,3010.155,STOCK2,4000.00,100,buy,T-035,T-019,135.00,4000.00
7098,3010.155,STOCK2,4000.00,100,buy,T-035,T-019,135.00,4000.00
7099,3010.155,STOCK2,4000.00,100,buy,T-035,T-019,135.00,4000.00
7100,3010.155,STOCK2,4000.00,100,buy,T-035,T-019,135.00,4000.00
7101,3010.155,STOCK2,4000.00,500,buy,T-035,T-030,135.00,4000.00
7102,3010.225,STOCK2,4000.00,2000,buy,T-035,T-030,135.00,4000.00
7103,3010.335,STOCK2,4000.00,2000,buy,T-035,T-030,135.00,4000.00
7104,3010.417,STOCK2,4000.00,500,buy,T-035,T-030,135.00,4000.00
7105,3010.417,STOCK2,4000.00,250,buy,T-035,T-038,135.00,4000.00
7106,3010.417,STOCK2,4000.00,100,buy,T-035,T-019,135.00,4000.00
7107,3010.417,STOCK2,4000.00,100,buy,T-035,T-019,135.00,4000.00
7108,3010.417,STOCK2,4000.00,100,buy,T-035,T-019,135.00,4000.00
7109,3010.417,STOCK2,4000.00,100,buy,T-035,T-019,135.00,4000.00
7110,3010.417,STOCK2,4000.00,100,buy,T-035,T-019,135.00,4000.00
7111,3010.417,STOCK2,4000.00,100,buy,T-035,T-019,135.00,4000.00
7112,3010.417,STOCK2,4000.00,100,buy,T-035,T-019,135.00,4000.00
7113,3010.417,STOCK2,4000.00,100,buy,T-035,T-019,135.00,4000.00
7114,3010.417,STOCK2,4000.00,100,buy,T-035,T-019,135.00,4000.00
7115,3010.417,STOCK2,4000.00,100,buy,T-035,T-019,135.00,4000.00
7116,3010.417,STOCK2,4000.00,100,buy,T-035,T-019,135.00,4000.00
7117,3010.417,STOCK2,4000.00,100,buy,T-035,T-019,135.00,4000.00
7118,3010.417,STOCK2,4000.00,50,buy,T-035,T-019,135.00,4000.00
7119,3010.518,STOCK2,4000.00,50,buy,T-035,T-019,135.00,4000.00
7120,3010.518,STOCK2,4000.00,1950,buy,T-035,T-037,135.00,4000.00
7121,3010.611,STOCK2,4000.00,50,buy,T-035,T-037,135.00,4000.00
7122,3010.611,STOCK2,4000.00,100,buy,T-035,T-019,135.00,4000.00
7123,3010.611,STOCK2,4000.00,100,buy,T-035,T-019,135.00,4000.00
7124,3010.611,STOCK2,4000.00,100,buy,T-035,T-019,135.00,4000.00
7125,3010.611,STOCK2,4000.00,100,buy,T-035,T-019,135.00,4000.00
7126,3010.611,STOCK2,5000.00,1000,buy,T-035,T-032,135.00,4000.00
7127,3010.611,STOCK2,5000.00,550,buy,T-035,T-032,135.00,4000.00
7128,3010.714,STOCK2,5000.00,450,buy,T-035,T-032,135.00,5000.00
7129,3010.714,STOCK2,6000.00,1550,buy,T-035,T-013,135.00,5000.00
7130,3010.814,STOCK2,6000.00,300,buy,T-035,T-013,135.00,6000.00
7131,3010.814,STOCK2,6000.00,1700,buy,T-035,T-013,135.00,6000.00
7132,3010.909,STOCK2,6000.00,300,buy,T-035,T-013,135.00,6000.00
7133,3010.909,STOCK2,6000.00,1700,buy,T-035,T-013,135.00,6000.00
7134,3011.000,STOCK2,6000.00,300,buy,T-035,T-013,135.00,6000.00
7135,3011.000,STOCK2,6000.00,1700,buy,T-035,T-013,135.00,6000.00
7136,3011.105,STOCK2,6000.00,300,buy,T-035,T-013,135.00,6000.00
7137,3011.105,STOCK2,6000.00,1700,buy,T-035,T-013,135.00,6000.00
7138,3011.201,STOCK2,6000.00,300,buy,T-035,T-013,135.00,6000.00
7139,3011.201,STOCK2,6000.00,1700,buy,T-035,T-013,135.00,6000.00
7140,3011.293,STOCK2,6000.00,300,buy,T-035,T-013,135.00,6000.00
7141,3011.293,STOCK2,6000.00,1700,buy,T-035,T-013,135.00,6000.00
7142,3011.395,STOCK2,6000.00,300,buy,T-035,T-013,135.00,6000.00
7143,3011.395,STOCK2,6000.00,1700,buy,T-035,T-013,135.00,6000.00
7144,3011.496,STOCK2,4000.00,100,buy,T-035,T-019,200.00,4000.00
7145,3011.496,STOCK2,6000.00,300,buy,T-035,T-013,200.00,4000.00
7146,3011.496,STOCK2,6000.00,1600,buy,T-035,T-013,200.00,4000.00
7147,3011.596,STOCK2,6000.00,400,buy,T-035,T-013,200.00,6000.00
7148,3011.596,STOCK2,6000.00,1600,buy,T-035,T-013,200.00,6000.00
7149,3011.717,STOCK2,6000.00,400,buy,T-035,T-013,200.00,6000.00
7150,3011.717,STOCK2,6000.00,1600,buy,T-035,T-013,200.00,6000.00
7151,3012.207,STOCK2,4000.00,100,buy,T-035,T-019,200.00,4000.00
7152,3012.207,STOCK2,4000.00,100,buy,T-035,T-019,200.00,4000.00
7153,3012.207,STOCK2,4000.00,100,buy,T-035,T-019,200.00,4000.00
7154,3012.207,STOCK2,4000.00,100,buy,T-035,T-019,200.00,4000.00
7155,3012.207,STOCK2,6000.00,400,buy,T-035,T-013,200.00,4000.00
7156,3012.207,STOCK2,6000.00,1200,buy,T-035,T-013,200.00,4000.00
7157,3012.348,STOCK2,6000.00,800,buy,T-035,T-013,200.00,6000.00
7158,3012.348,STOCK2,6000.00,1200,buy,T-035,T-013,200.00,6000.00
7159,3012.488,STOCK2,4000.00,100,buy,T-035,T-019,200.00,4000.00
7160,3012.488,STOCK2,6000.00,800,buy,T-035,T-013,200.00,4000.00
7161,3012.488,STOCK2,6000.00,1100,buy,T-035,T-013,200.00,4000.00
7162,3012.664,STOCK2,4000.00,100,buy,T-035,T-019,200.00,4000.00
7163,3012.664,STOCK2,6000.00,900,buy,T-035,T-013,200.00,4000.00
7164,3012.664,STOCK2,6000.00,1000,buy,T-035,T-013,200.00,4000.00
7165,3012.785,STOCK2,6000.00,1000,buy,T-035,T-013,200.00,6000.00
7166,3012.785,STOCK2,6000.00,1000,buy,T-035,T-013,200.00,6000.00
7167,3012.919,STOCK2,4000.00,100,buy,T-035,T-019,200.00,4000.00
7168,3012.919,STOCK2,6000.00,1000,buy,T-035,T-013,200.00,4000.00
7169,3012.919,STOCK2,6000.00,900,buy,T-035,T-013,200.00,4000.00
7170,3013.132,STOCK2,6000.00,1100,buy,T-035,T-013,2000.00,6000.00
7171,3013.132,STOCK2,6000.00,900,buy,T-035,T-013,2000.00,6000.00
7172,3013.430,STOCK2,4000.00,100,buy,T-035,T-019,2000.00,4000.00
7173,3013.430,STOCK2,6000.00,1100,buy,T-035,T-013,2000.00,4000.00
7174,3013.430,STOCK2,6000.00,800,buy,T-035,T-013,2000.00,4000.00
7175,3013.564,STOCK2,4000.00,100,buy,T-035,T-019,2000.00,4000.00
7176,3013.564,STOCK2,6000.00,1200,buy,T-035,T-013,2000.00,4000.00
7177,3013.564,STOCK2,6000.00,700,buy,T-035,T-013,2000.00,4000.00
7178,3013.644,STOCK2,4000.00,100,buy,T-035,T-019,2000.00,4000.00
7179,3013.644,STOCK2,6000.00,1300,buy,T-035,T-013,2000.00,4000.00
7180,3013.644,STOCK2,6000.00,600,buy,T-035,T-013,2000.00,4000.00
7181,3013.988,STOCK2,4000.00,100,buy,T-035,T-019,2000.00,4000.00
7182,3013.988,STOCK2,4000.00,100,buy,T-035,T-019,2000.00,4000.00
7183,3013.988,STOCK2,6000.00,1400,buy,T-035,T-013,2000.00,4000.00
7184,3013.988,STOCK2,6000.00,400,buy,T-035,T-013,2000.00,4000.00
7185,3014.128,STOCK2,6000.00,1600,buy,T-035,T-013,2000.00,6000.00
7186,3014.128,STOCK2,6000.00,400,buy,T-035,T-013,2000.00,6000.00
7187,3014.326,STOCK2,4000.00,100,buy,T-035,T-019,2000.00,4000.00
7188,3014.326,STOCK2,4000.00,100,buy,T-035,T-019,2000.00,4000.00
7189,3014.326,STOCK2,6000.00,1600,buy,T-035,T-013,2000.00,4000.00
7190,3014.326,STOCK2,6000.00,200,buy,T-035,T-013,2000.00,4000.00
7191,3014.479,STOCK2,6000.00,1800,buy,T-035,T-013,2000.00,6000.00
7192,3014.479,STOCK2,6000.00,200,buy,T-035,T-013,2000.00,6000.00
7193,3014.610,STOCK2,2000.00,500,sell,T-046,T-025,2000.00,4000.00
7194,3014.722,STOCK2,4000.00,100,buy,T-035,T-019,2000.00,4000.00
7195,3014.722,STOCK2,4000.00,100,buy,T-035,T-019,2000.00,4000.00
7196,3014.722,STOCK2,6000.00,1800,buy,T-035,T-013,2000.00,4000.00
7197,3015.055,STOCK2,4000.00,100,buy,T-035,T-019,2000.00,4000.00
7198,3015.055,STOCK2,4000.00,100,buy,T-035,T-019,2000.00,4000.00
7199,3015.055,STOCK2,6000.00,1800,buy,T-035,T-013,2000.00,4000.00
7200,3015.167,STOCK2,6000.00,200,buy,T-035,T-013,2000.00,6000.00
7201,3015.167,STOCK2,6000.00,1800,buy,T-035,T-013,2000.00,6000.00
7202,3015.359,STOCK2,4000.00,100,buy,T-035,T-019,2000.00,4000.00
7203,3015.359,STOCK2,6000.00,200,buy,T-035,T-013,2000.00,4000.00
7204,3015.359,STOCK2,6000.00,1700,buy,T-035,T-013,2000.00,4000.00
7205,3015.584,STOCK2,4000.00,100,buy,T-035,T-019,2000.00,4000.00
7206,3015.584,STOCK2,6000.00,300,buy,T-035,T-013,2000.00,4000.00
7207,3015.584,STOCK2,6000.00,1600,buy,T-035,T-013,2000.00,4000.00
7208,3015.746,STOCK2,4000.00,100,buy,T-035,T-019,2000.00,4000.00
7209,3015.746,STOCK2,6000.00,400,buy,T-035,T-013,2000.00,4000.00
7210,3015.746,STOCK2,6000.00,1500,buy,T-035,T-013,2000.00,4000.00
7211,3015.898,STOCK2,4000.00,100,buy,T-035,T-019,2000.00,4000.00
7212,3015.898,STOCK2,6000.00,500,buy,T-035,T-013,2000.00,4000.00
7213,3015.898,STOCK2,6000.00,1400,buy,T-035,T-013,2000.00,4000.00
7214,3016.047,STOCK2,4000.00,100,buy,T-035,T-019,2000.00,4000.00
7215,3016.047,STOCK2,6000.00,600,buy,T-035,T-013,2000.00,4000.00
7216,3016.047,STOCK2,6000.00,1300,buy,T-035,T-013,2000.00,4000.00
7217,3016.458,STOCK2,4000.00,100,buy,T-035,T-019,2000.00,4000.00
7218,3016.458,STOCK2,4000.00,100,buy,T-035,T-019,2000.00,4000.00
7219,3016.458,STOCK2,6000.00,700,buy,T-035,T-013,2000.00,4000.00
7220,3016.458,STOCK2,6000.00,1100,buy,T-035,T-013,2000.00,4000.00
7221,3016.478,STOCK2,6000.00,900,buy,T-003,T-013,2000.00,6000.00
7222,3016.478,STOCK2,6000.00,100,buy,T-003,T-013,2000.00,6000.00
7223,3016.489,STOCK1,55.00,100,sell,T-029,T-015,55.00,130.00
7224,3016.606,STOCK2,6000.00,1900,buy,T-035,T-013,2000.00,6000.00
7225,3016.606,STOCK2,6000.00,100,buy,T-035,T-013,2000.00,6000.00
7226,3016.616,STOCK2,2000.00,500,sell,T-046,T-025,2000.00,6000.00
7227,3016.748,STOCK2,6000.00,1900,buy,T-035,T-013,2000.00,6000.00
7228,3016.748,STOCK2,6000.00,100,buy,T-035,T-013,2000.00,6000.00
7229,3017.040,STOCK2,6000.00,1900,buy,T-035,T-013,2000.00,6000.00
7230,3017.040,STOCK2,6000.00,100,buy,T-035,T-013,2000.00,6000.00
7231,3017.050,STOCK2,6000.00,1000,buy,T-003,T-013,2000.00,6000.00
7232,3017.174,STOCK2,6000.00,900,buy,T-035,T-013,2000.00,6000.00
7233,3017.174,STOCK2,6000.00,1100,buy,T-035,T-013,2000.00,6000.00
7234,3017.316,STOCK2,4000.00,100,buy,T-035,T-019,2000.00,4000.00
7235,3017.316,STOCK2,6000.00,900,buy,T-035,T-013,2000.00,4000.00
7236,3017.316,STOCK2,6000.00,1000,buy,T-035,T-013,2000.00,4000.00
7237,3017.456,STOCK2,4000.00,100,buy,T-035,T-019,2000.00,4000.00
7238,3017.456,STOCK2,6000.00,1000,buy,T-035,T-013,2000.00,4000.00
7239,3017.456,STOCK2,6000.00,900,buy,T-035,T-013,2000.00,4000.00
7240,3017.538,STOCK2,2000.00,1000,sell,T-046,T-026,2000.00,6000.00
7241,3017.611,STOCK2,2000.00,500,sell,T-046,T-025,2000.00,4000.00
7242,3017.944,STOCK2,4000.00,100,buy,T-035,T-019,2000.00,4000.00
7243,3017.944,STOCK2,4000.00,100,buy,T-035,T-019,2000.00,4000.00
7244,3017.944,STOCK2,4000.00,100,buy,T-035,T-019,2000.00,4000.00
7245,3017.944,STOCK2,6000.00,1100,buy,T-035,T-013,2000.00,4000.00
7246,3017.944,STOCK2,6000.00,600,buy,T-035,T-013,2000.00,4000.00
7247,3018.116,STOCK2,2000.00,500,sell,T-046,T-006,2000.00,6000.00
7248,3018.116,STOCK2,6000.00,1400,buy,T-035,T-013,200.00,6000.00
7249,3018.116,STOCK2,6000.00,600,buy,T-035,T-013,200.00,6000.00
7250,3018.298,STOCK2,4000.00,100,buy,T-035,T-019,200.00,4000.00
7251,3018.298,STOCK2,4000.00,100,buy,T-035,T-019,200.00,4000.00
7252,3018.298,STOCK2,6000.00,1400,buy,T-035,T-013,200.00,4000.00
7253,3018.298,STOCK2,6000.00,400,buy,T-035,T-013,200.00,4000.00
7254,3018.462,STOCK2,6000.00,1600,buy,T-035,T-013,200.00,6000.00
7255,3018.462,STOCK2,6000.00,400,buy,T-035,T-013,200.00,6000.00
7256,3018.482,STOCK2,200.00,500,sell,T-032,T-025,200.00,4000.00
7257,3018.512,STOCK2,200.00,500,sell,T-032,T-024,200.00,4000.00
7258,3018.512,STOCK2,200.00,500,sell,T-032,T-024,200.00,4000.00
7259,3018.666,STOCK2,4000.00,100,buy,T-035,T-019,200.00,4000.00
7260,3018.666,STOCK2,6000.00,1600,buy,T-035,T-013,200.00,4000.00
7261,3018.666,STOCK2,6000.00,300,buy,T-035,T-013,200.00,4000.00
7262,3018.797,STOCK2,4000.00,100,buy,T-035,T-019,200.00,4000.00
7263,3018.797,STOCK2,6000.00,1700,buy,T-035,T-013,200.00,4000.00
7264,3018.797,STOCK2,6000.00,200,buy,T-035,T-013,200.00,4000.00
7265,3018.977,STOCK1,55.00,100,sell,T-029,T-015,55.00,130.00
7266,3018.977,STOCK2,4000.00,100,buy,T-035,T-019,200.00,4000.00
7267,3018.977,STOCK2,6000.00,1800,buy,T-035,T-013,200.00,4000.00
7268,3018.977,STOCK2,6000.00,100,buy,T-035,T-013,200.00,4000.00
7269,3019.149,STOCK2,4000.00,100,buy,T-035,T-019,200.00,4000.00
7270,3019.149,STOCK2,6000.00,1900,buy,T-035,T-013,200.00,4000.00
7271,3019.312,STOCK2,4000.00,100,buy,T-035,T-019,500.00,4000.00
7272,3019.312,STOCK2,6000.00,1900,buy,T-035,T-013,500.00,4000.00
7273,3019.493,STOCK2,4000.00,100,buy,T-035,T-019,500.00,4000.00
7274,3019.493,STOCK2,6000.00,100,buy,T-035,T-013,500.00,4000.00
7275,3019.493,STOCK2,7000.00,250,buy,T-035,T-038,500.00,4000.00
7276,3019.493,STOCK2,7000.00,250,buy,T-035,T-038,500.00,4000.00
7277,3019.493,STOCK2,7000.00,250,buy,T-035,T-038,500.00,4000.00
7278,3019.493,STOCK2,8000.00,100,buy,T-035,T-019,500.00,4000.00
7279,3019.493,STOCK2,8000.00,100,buy,T-035,T-019,500.00,4000.00
7280,3019.493,STOCK2,8000.00,100,buy,T-035,T-019,500.00,4000.00
7281,3019.493,STOCK2,8000.00,100,buy,T-035,T-019,500.00,4000.00
7282,3019.493,STOCK2,8000.00,100,buy,T-035,T-019,500.00,4000.00
7283,3019.493,STOCK2,8000.00,100,buy,T-035,T-019,500.00,4000.00
7284,3019.493,STOCK2,8000.00,450,buy,T-035,T-031,500.00,4000.00
7285,3019.686,STOCK2,4000.00,100,buy,T-035,T-019,500.00,4000.00
7286,3019.686,STOCK2,8000.00,550,buy,T-035,T-031,500.00,4000.00
7287,3019.686,STOCK2,8000.00,1000,buy,T-035,T-031,500.00,4000.00
7288,3019.686,STOCK2,8000.00,350,buy,T-035,T-031,500.00,4000.00
7289,3019.777,STOCK2,500.00,1000,sell,T-051,T-026,500.00,4000.00
7290,3019.818,STOCK1,55.00,100,sell,T-029,T-015,55.00,130.00
7291,3019.990,STOCK2,4000.00,100,buy,T-035,T-019,500.00,4000.00
7292,3019.990,STOCK2,4000.00,100,buy,T-035,T-019,500.00,4000.00
7293,3019.990,STOCK2,8000.00,650,buy,T-035,T-031,500.00,4000.00
7294,3019.990,STOCK2,8000.00,1000,buy,T-035,T-031,500.00,4000.00
7295,3019.990,STOCK2,8000.00,150,buy,T-035,T-029,500.00,4000.00
7296,3020.000,STOCK1,55.00,100,sell,T-029,T-015,55.00,130.00
7297,3020.142,STOCK2,4000.00,100,buy,T-035,T-019,500.00,4000.00
7298,3020.142,STOCK2,8000.00,1900,buy,T-035,T-029,500.00,4000.00
7299,3020.164,STOCK1,55.00,100,sell,T-029,T-015,55.00,130.00
7300,3020.317,STOCK1,55.00,100,sell,T-029,T-015,55.00,130.00
7301,3020.327,STOCK2,8000.00,2000,buy,T-035,T-029,500.00,8000.00
7302,3020.469,STOCK1,55.00,100,sell,T-029,T-015,55.00,130.00
7303,3020.489,STOCK2,4000.00,100,buy,T-035,T-019,500.00,4000.00
7304,3020.489,STOCK2,8000.00,950,buy,T-035,T-029,500.00,4000.00
7305,3020.489,STOCK2,9977.00,400,buy,T-035,T-029,500.00,4000.00
7306,3020.489,STOCK2,9998.00,550,buy,T-035,T-036,500.00,4000.00
7307,3020.710,STOCK2,4000.00,100,buy,T-035,T-019,500.00,4000.00
7308,3020.710,STOCK2,4000.00,100,buy,T-035,T-019,500.00,4000.00
7309,3020.710,STOCK2,9998.00,1800,buy,T-035,T-036,500.00,4000.00
7310,3020.922,STOCK2,4000.00,100,buy,T-035,T-019,500.00,4000.00
7311,3020.922,STOCK2,9998.00,1900,buy,T-035,T-036,500.00,4000.00
7312,3021.065,STOCK2,500.00,1000,sell,T-051,T-026,500.00,4000.00
7313,3021.086,STOCK2,4000.00,100,buy,T-035,T-019,500.00,4000.00
7314,3021.086,STOCK2,9998.00,750,buy,T-035,T-036,500.00,4000.00
7315,3021.086,STOCK2,9998.00,1150,buy,T-035,T-036,500.00,4000.00
7316,3021.309,STOCK2,4000.00,100,buy,T-035,T-019,500.00,4000.00
7317,3021.309,STOCK2,5000.00,1000,buy,T-035,T-041,500.00,4000.00
7318,3021.309,STOCK2,9998.00,900,buy,T-035,T-036,500.00,4000.00
7319,3021.778,STOCK2,4000.00,100,buy,T-035,T-019,500.00,4000.00
7320,3021.778,STOCK2,4000.00,100,buy,T-035,T-019,500.00,4000.00
7321,3021.778,STOCK2,5000.00,1000,buy,T-035,T-041,500.00,4000.00
7322,3021.778,STOCK2,5000.00,800,buy,T-035,T-041,500.00,4000.00
7323,3021.931,STOCK2,5000.00,200,buy,T-035,T-041,500.00,5000.00
7324,3021.931,STOCK2,5000.00,1000,buy,T-035,T-041,500.00,5000.00
7325,3021.931,STOCK2,5000.00,800,buy,T-035,T-041,500.00,5000.00
7326,3022.063,STOCK2,4000.00,100,buy,T-035,T-019,500.00,4000.00
7327,3022.063,STOCK2,4000.00,100,buy,T-035,T-019,500.00,4000.00
7328,3022.063,STOCK2,5000.00,200,buy,T-035,T-041,500.00,4000.00
7329,3022.063,STOCK2,5000.00,1000,buy,T-035,T-041,500.00,4000.00
7330,3022.063,STOCK2,9998.00,600,buy,T-035,T-036,500.00,4000.00
7331,3022.215,STOCK2,5000.00,1000,buy,T-035,T-041,500.00,5000.00
7332,3022.215,STOCK2,9998.00,1000,buy,T-035,T-036,500.00,5000.00
7333,3022.357,STOCK2,6000.00,2000,buy,T-035,T-013,500.00,6000.00
7334,3022.479,STOCK2,9998.00,1350,buy,T-035,T-036,500.00,9998.00
7335,3022.479,STOCK2,9998.00,650,buy,T-035,T-036,500.00,9998.00
7336,3022.821,STOCK2,500.00,1000,sell,T-051,T-026,500.00,5000.00
7337,3023.094,STOCK2,500.00,1000,sell,T-051,T-049,500.00,5000.00
7338,3023.094,STOCK2,5000.00,1000,buy,T-035,T-041,500.00,5000.00
7339,3023.094,STOCK2,6000.00,1000,buy,T-035,T-013,500.00,5000.00
7340,3023.246,STOCK2,6000.00,1000,buy,T-035,T-013,500.00,6000.00
7341,3023.246,STOCK2,6000.00,1000,buy,T-035,T-013,500.00,6000.00
7342,3023.281,STOCK2,500.00,353,sell,T-051,T-025,500.00,6000.00
7343,3023.281,STOCK2,200.00,147,sell,T-032,T-025,500.00,6000.00
7344,3023.390,STOCK2,6000.00,1000,buy,T-035,T-013,200.00,6000.00
7345,3023.390,STOCK2,6000.00,1000,buy,T-035,T-013,200.00,6000.00
7346,3023.543,STOCK2,6000.00,1000,buy,T-035,T-013,200.00,6000.00
7347,3023.543,STOCK2,6000.00,1000,buy,T-035,T-013,200.00,6000.00
7348,3023.676,STOCK2,6000.00,1000,buy,T-035,T-013,200.00,6000.00
7349,3023.676,STOCK2,6000.00,1000,buy,T-035,T-013,200.00,6000.00
7350,3023.853,STOCK2,6000.00,1000,buy,T-035,T-013,200.00,6000.00
7351,3023.853,STOCK2,6000.00,1000,buy,T-035,T-013,200.00,6000.00
7352,3023.965,STOCK2,200.00,10,sell,T-032,T-053,200.00,6000.00
7353,3024.056,STOCK2,6000.00,1000,buy,T-035,T-013,200.00,6000.00
7354,3024.056,STOCK2,9998.00,1000,buy,T-035,T-036,200.00,6000.00
7355,3024.247,STOCK2,9998.00,2000,buy,T-035,T-036,200.00,9998.00
7356,3024.403,STOCK2,9998.00,1350,buy,T-035,T-036,200.00,9998.00
7357,3024.403,STOCK2,9998.00,650,buy,T-035,T-036,200.00,9998.00
7358,3024.513,STOCK2,9998.00,2000,buy,T-035,T-036,200.00,9998.00
7359,3026.076,STOCK2,9000.00,500,buy,T-006,T-032,300.00,9000.00
7360,3026.565,STOCK1,55.00,1000,sell,T-029,T-015,55.00,130.00
7361,3026.818,STOCK2,300.00,500,sell,T-037,T-026,300.00,9000.00
7362,3026.818,STOCK2,300.00,500,sell,T-037,T-026,300.00,9000.00
7363,3027.578,STOCK2,201.00,500,sell,T-046,T-025,201.00,9000.00
7364,3028.970,STOCK2,3000.00,199,sell,T-013,T-044,3000.00,9000.00
7365,3029.070,STOCK2,3000.00,1000,sell,T-013,T-003,3000.00,9000.00
7366,3029.092,STOCK2,3000.00,500,sell,T-013,T-025,3000.00,9000.00
7367,3029.247,STOCK2,3000.00,10,sell,T-013,T-053,3000.00,9000.00
7368,3029.277,STOCK2,9000.00,500,buy,T-035,T-032,3000.00,9000.00
7369,3029.277,STOCK2,9000.00,1000,buy,T-035,T-032,3000.00,9000.00
7370,3029.277,STOCK2,9000.00,500,buy,T-035,T-032,3000.00,9000.00
7371,3029.378,STOCK2,3000.00,199,sell,T-013,T-044,3000.00,9000.00
7372,3029.429,STOCK2,9000.00,500,buy,T-035,T-032,3000.00,9000.00
7373,3029.429,STOCK2,9000.00,1000,buy,T-035,T-032,3000.00,9000.00
7374,3029.429,STOCK2,9000.00,500,buy,T-035,T-032,3000.00,9000.00
7375,3029.510,STOCK2,3000.00,92,sell,T-013,T-025,3000.00,9000.00
7376,3029.510,STOCK2,3000.00,408,sell,T-013,T-025,3000.00,9000.00
7377,3029.531,STOCK2,3000.00,1000,sell,T-013,T-024,3000.00,9000.00
7378,3029.551,STOCK2,3000.00,199,sell,T-013,T-044,3000.00,9000.00
7379,3029.571,STOCK2,9000.00,500,buy,T-035,T-032,3000.00,9000.00
7380,3029.571,STOCK2,9000.00,1000,buy,T-035,T-032,3000.00,9000.00
7381,3029.571,STOCK2,9990.00,500,buy,T-035,T-041,3000.00,9000.00
7382,3029.651,STOCK2,3000.00,393,sell,T-013,T-025,3000.00,9990.00
7383,3029.651,STOCK2,3000.00,107,sell,T-013,T-025,3000.00,9990.00
7384,3029.680,STOCK2,9990.00,500,buy,T-035,T-041,3000.00,9990.00
7385,3029.680,STOCK2,9990.00,1000,buy,T-035,T-041,3000.00,9990.00
7386,3029.680,STOCK2,9990.00,500,buy,T-035,T-041,3000.00,9990.00
7387,3029.771,STOCK2,3000.00,500,sell,T-013,T-025,3000.00,9990.00
7388,3029.791,STOCK2,3000.00,199,sell,T-013,T-044,3000.00,9990.00
7389,3029.811,STOCK2,9990.00,500,buy,T-035,T-041,3000.00,9990.00
7390,3029.811,STOCK2,9990.00,1000,buy,T-035,T-041,3000.00,9990.00
7391,3029.811,STOCK2,9990.00,500,buy,T-035,T-041,3000.00,9990.00
7392,3029.882,STOCK2,3000.00,1000,sell,T-013,T-024,3000.00,9990.00
7393,3029.893,STOCK2,3000.00,194,sell,T-013,T-044,3000.00,9990.00
7394,3029.893,STOCK2,3000.00,5,sell,T-013,T-044,3000.00,9990.00
7395,3029.903,STOCK2,3000.00,1000,sell,T-013,T-003,3000.00,9990.00
7396,3029.913,STOCK2,3000.00,500,sell,T-013,T-025,3000.00,9990.00
7397,3029.953,STOCK2,9990.00,500,buy,T-035,T-041,3000.00,9990.00
7398,3029.953,STOCK2,9990.00,1000,buy,T-035,T-041,3000.00,9990.00
7399,3029.953,STOCK2,9990.00,500,buy,T-035,T-041,3000.00,9990.00
7400,3030.023,STOCK2,3000.00,199,sell,T-013,T-044,3000.00,9990.00
7401,3030.073,STOCK2,3000.00,296,sell,T-013,ME,3000.00,9990.00
7402,3030.073,STOCK2,3000.00,704,sell,T-013,ME,3000.00,9990.00
7403,3030.093,STOCK2,9990.00,500,buy,T-035,T-041,3000.00,9990.00
7404,3030.093,STOCK2,9990.00,1000,buy,T-035,T-041,3000.00,9990.00
7405,3030.093,STOCK2,9998.00,500,buy,T-035,T-036,3000.00,9990.00
7406,3030.165,STOCK2,3000.00,199,sell,T-013,T-044,3000.00,9990.00
7407,3030.206,STOCK2,9990.00,1000,buy,T-035,T-041,3000.00,9990.00
7408,3030.206,STOCK2,9998.00,1000,buy,T-035,T-036,3000.00,9990.00
7409,3030.236,STOCK2,3000.00,1000,sell,T-013,T-026,3000.00,9998.00
7410,3030.246,STOCK2,3000.00,97,sell,T-013,T-003,3000.00,9998.00
7411,3030.246,STOCK2,3000.00,903,sell,T-013,T-003,3000.00,9998.00
7412,3030.266,STOCK2,3000.00,500,sell,T-013,T-025,3000.00,9998.00
7413,3030.286,STOCK2,3000.00,199,sell,T-013,T-044,3000.00,9998.00
7414,3030.336,STOCK2,9998.00,850,buy,T-035,T-036,3000.00,9998.00
7415,3030.336,STOCK2,9998.00,1150,buy,T-035,T-036,3000.00,9998.00
7416,3030.397,STOCK2,3000.00,398,sell,T-013,T-024,3000.00,9998.00
7417,3030.397,STOCK2,3000.00,602,sell,T-013,T-024,3000.00,9998.00
7418,3030.397,STOCK2,3000.00,199,sell,T-013,T-044,3000.00,9998.00
7419,3030.418,STOCK2,3000.00,500,sell,T-013,T-025,3000.00,9998.00
7420,3030.499,STOCK2,9998.00,2000,buy,T-035,T-036,3000.00,9998.00
7421,3030.519,STOCK2,3000.00,199,sell,T-013,T-044,3000.00,9998.00
7422,3030.549,STOCK2,3000.00,500,sell,T-013,T-003,3000.00,9998.00
7423,3030.549,STOCK2,300.00,500,sell,T-037,T-003,3000.00,9998.00
7424,3030.640,STOCK2,9998.00,1850,buy,T-035,T-036,300.00,9998.00
7425,3030.640,STOCK2,9998.00,150,buy,T-035,T-036,300.00,9998.00
7426,3030.667,STOCK2,300.00,199,sell,T-037,T-044,300.00,9998.00
7427,3030.777,STOCK2,9990.00,1000,buy,T-035,T-041,300.00,9990.00
7428,3030.777,STOCK2,9998.00,1000,buy,T-035,T-036,300.00,9990.00
7429,3030.777,STOCK2,300.00,1000,sell,T-037,T-003,300.00,9998.00
7430,3030.787,STOCK2,300.00,199,sell,T-037,T-044,300.00,9998.00
7431,3030.858,STOCK2,9998.00,2000,buy,T-035,T-036,300.00,9998.00
7432,3030.928,STOCK2,300.00,199,sell,T-037,T-044,300.00,9000.00
7433,3030.958,STOCK2,9000.00,1000,buy,T-035,T-032,300.00,9000.00
7434,3030.958,STOCK2,9990.00,1000,buy,T-035,T-041,300.00,9000.00
7435,3030.978,STOCK2,300.00,1000,sell,T-037,T-024,300.00,9998.00
7436,3031.052,STOCK2,300.00,199,sell,T-037,T-044,300.00,9998.00
7437,3031.073,STOCK2,9000.00,1000,buy,T-035,T-032,300.00,9000.00
7438,3031.073,STOCK2,9998.00,1000,buy,T-035,T-036,300.00,9000.00
7439,3031.196,STOCK2,9990.00,1000,buy,T-035,T-041,300.00,9990.00
7440,3031.196,STOCK2,9998.00,850,buy,T-035,T-036,300.00,9990.00
7441,3031.196,STOCK2,9999.00,125,buy,T-035,T-036,300.00,9990.00
7442,3031.196,STOCK2,9999.00,25,buy,T-035,T-036,300.00,9990.00
7443,3031.316,STOCK2,9000.00,1000,buy,T-035,T-032,300.00,9000.00
7444,3031.316,STOCK2,9990.00,1000,buy,T-035,T-041,300.00,9000.00
7445,3031.418,STOCK2,300.00,199,sell,T-037,T-044,300.00,9999.00
7446,3031.429,STOCK2,9999.00,2000,buy,T-035,T-036,300.00,9999.00
7447,3031.450,STOCK2,300.00,1000,sell,T-037,T-003,300.00,9999.00
7448,3031.571,STOCK2,9990.00,1000,buy,T-035,T-041,300.00,9990.00
7449,3031.571,STOCK2,9999.00,1000,buy,T-035,T-036,300.00,9990.00
7450,3031.711,STOCK2,9990.00,1000,buy,T-035,T-041,300.00,9990.00
7451,3031.711,STOCK2,9999.00,1000,buy,T-035,T-036,300.00,9990.00
7452,3031.831,STOCK2,9000.00,1000,buy,T-035,T-032,300.00,9000.00
7453,3031.831,STOCK2,9990.00,1000,buy,T-035,T-041,300.00,9000.00
7454,3031.933,STOCK2,300.00,199,sell,T-037,T-044,300.00,9000.00
7455,3031.963,STOCK2,9000.00,1000,buy,T-035,T-032,300.00,9000.00
7456,3031.963,STOCK2,9990.00,1000,buy,T-035,T-041,300.00,9000.00
7457,3032.074,STOCK2,300.00,199,sell,T-037,T-044,300.00,8000.00
7458,3032.095,STOCK2,8000.00,2000,buy,T-035,T-030,300.00,8000.00
7459,3032.229,STOCK2,300.00,107,sell,T-037,T-044,300.00,8000.00
7460,3032.229,STOCK2,210.00,92,sell,T-019,T-044,300.00,8000.00
7461,3032.239,STOCK2,8000.00,2000,buy,T-035,T-030,210.00,8000.00
7462,3032.350,STOCK2,210.00,8,sell,T-019,T-003,210.00,8000.00
7463,3032.350,STOCK2,210.00,100,sell,T-019,T-003,210.00,8000.00
7464,3032.350,STOCK2,210.00,100,sell,T-019,T-003,210.00,8000.00
7465,3032.350,STOCK2,210.00,100,sell,T-019,T-003,210.00,8000.00
7466,3032.350,STOCK2,210.00,100,sell,T-019,T-003,210.00,8000.00
7467,3032.350,STOCK2,210.00,100,sell,T-019,T-003,210.00,8000.00
7468,3032.350,STOCK2,210.00,100,sell,T-019,T-003,210.00,8000.00
7469,3032.350,STOCK2,210.00,100,sell,T-019,T-003,210.00,8000.00
7470,3032.350,STOCK2,210.00,100,sell,T-019,T-003,210.00,8000.00
7471,3032.350,STOCK2,210.00,100,sell,T-019,T-003,210.00,8000.00
7472,3032.350,STOCK2,210.00,92,sell,T-019,T-003,210.00,8000.00
7473,3032.380,STOCK2,8000.00,1000,buy,T-035,T-030,210.00,8000.00
7474,3032.380,STOCK2,9000.00,1000,buy,T-035,T-032,210.00,8000.00
7475,3032.522,STOCK2,210.00,8,sell,T-019,T-003,210.00,9000.00
7476,3032.522,STOCK2,210.00,100,sell,T-019,T-003,210.00,9000.00
7477,3032.522,STOCK2,210.00,100,sell,T-019,T-003,210.00,9000.00
7478,3032.522,STOCK2,210.00,100,sell,T-019,T-003,210.00,9000.00
7479,3032.522,STOCK2,210.00,100,sell,T-019,T-003,210.00,9000.00
7480,3032.522,STOCK2,210.00,100,sell,T-019,T-003,210.00,9000.00
7481,3032.522,STOCK2,210.00,100,sell,T-019,T-003,210.00,9000.00
7482,3032.522,STOCK2,202.00,392,sell,T-045,T-003,210.00,9000.00
7483,3032.552,STOCK2,9000.00,1000,buy,T-035,T-032,202.00,9000.00
7484,3032.552,STOCK2,9000.00,1000,buy,T-035,T-032,202.00,9000.00
7485,3032.703,STOCK2,7000.00,250,buy,T-035,T-038,210.00,7000.00
7486,3032.703,STOCK2,8800.00,1750,buy,T-035,T-031,210.00,7000.00
7487,3032.977,STOCK2,8000.00,2000,buy,T-035,T-030,210.00,8000.00
7488,3033.121,STOCK2,8000.00,2000,buy,T-035,T-030,210.00,8000.00
7489,3033.385,STOCK2,8000.00,1000,buy,T-035,T-030,210.00,8000.00
7490,3033.385,STOCK2,8800.00,250,buy,T-035,T-031,210.00,8000.00
7491,3033.385,STOCK2,9000.00,750,buy,T-035,T-032,210.00,8000.00
7492,3034.624,STOCK2,8000.00,3,buy,T-026,T-030,210.00,8000.00
7493,3036.718,STOCK2,8000.00,100,buy,T-019,T-030,300.00,8000.00
7494,3036.820,STOCK2,8000.00,100,buy,T-019,T-030,300.00,8000.00
7495,3036.910,STOCK2,8000.00,100,buy,T-019,T-030,300.00,8000.00
7496,3037.000,STOCK2,8000.00,100,buy,T-019,T-030,300.00,8000.00
7497,3037.071,STOCK2,8000.00,100,buy,T-019,T-030,300.00,8000.00
7498,3037.174,STOCK2,8000.00,100,buy,T-019,T-030,300.00,8000.00
7499,3037.256,STOCK2,8000.00,100,buy,T-019,T-030,300.00,8000.00
7500,3037.337,STOCK2,8000.00,100,buy,T-019,T-030,300.00,8000.00
7501,3037.408,STOCK2,8000.00,100,buy,T-019,T-030,300.00,8000.00
7502,3037.581,STOCK2,8000.00,100,buy,T-019,T-030,300.00,8000.00
7503,3037.733,STOCK2,8000.00,100,buy,T-019,T-030,300.00,8000.00
7504,3038.016,STOCK2,8000.00,100,buy,T-019,T-030,300.00,8000.00
7505,3038.200,STOCK2,300.00,500,sell,T-013,T-049,300.00,8000.00
7506,3038.222,STOCK2,8000.00,100,buy,T-019,T-030,300.00,8000.00
7507,3038.252,STOCK2,300.00,500,sell,T-013,T-025,300.00,8000.00
7508,3038.404,STOCK2,8000.00,100,buy,T-019,T-030,300.00,8000.00
7509,3038.577,STOCK2,300.00,500,sell,T-013,T-049,300.00,8000.00
7510,3038.587,STOCK2,8000.00,100,buy,T-019,T-030,300.00,8000.00
7511,3038.737,STOCK2,8000.00,100,buy,T-019,T-030,300.00,8000.00
7512,3038.827,STOCK2,300.00,500,sell,T-013,T-049,300.00,8000.00
7513,3039.131,STOCK2,300.00,1000,sell,T-013,ME,300.00,8000.00
7514,3039.313,STOCK2,300.00,500,sell,T-013,T-049,300.00,8000.00
7515,3039.486,STOCK2,300.00,500,sell,T-013,ME,300.00,8000.00
7516,3039.486,STOCK2,300.00,500,sell,T-013,ME,300.00,8000.00
7517,3039.796,STOCK2,300.00,500,sell,T-013,T-049,300.00,8000.00
7518,3039.867,STOCK2,300.00,1000,sell,T-013,ME,300.00,8000.00
7519,3039.978,STOCK2,300.00,2000,sell,T-013,T-003,300.00,8000.00
7520,3039.978,STOCK2,300.00,2000,sell,T-013,T-003,300.00,8000.00
7521,3039.978,STOCK2,300.00,1000,sell,T-013,T-003,300.00,8000.00
7522,3040.089,STOCK2,300.00,500,sell,T-013,T-049,300.00,6000.00
7523,3040.089,STOCK2,300.00,500,sell,T-013,T-025,300.00,6000.00
7524,3040.352,STOCK2,300.00,500,sell,T-013,T-049,300.00,6000.00
7525,3040.645,STOCK2,300.00,1500,sell,T-013,T-003,300.00,6000.00
7526,3040.645,STOCK2,300.00,2000,sell,T-013,T-003,300.00,6000.00
7527,3040.645,STOCK2,300.00,1500,sell,T-013,T-003,300.00,6000.00
7528,3040.979,STOCK2,300.00,500,sell,T-013,T-049,300.00,6000.00
7529,3041.139,STOCK2,300.00,500,sell,T-013,T-025,300.00,6000.00
7530,3041.784,STOCK2,300.00,500,sell,T-013,T-049,300.00,6000.00
7531,3041.968,STOCK2,300.00,1000,sell,T-013,T-003,300.00,6000.00
7532,3041.968,STOCK2,300.00,1000,sell,T-046,T-003,300.00,6000.00
7533,3041.968,STOCK2,300.00,1000,sell,T-046,T-003,300.00,6000.00
7534,3041.968,STOCK2,300.00,1000,sell,T-046,T-003,300.00,6000.00
7535,3041.968,STOCK2,212.00,1000,sell,T-055,T-003,300.00,6000.00
7536,3041.990,STOCK2,212.00,500,sell,T-055,T-049,212.00,6000.00
7537,3042.171,STOCK2,212.00,500,sell,T-055,T-049,212.00,6000.00
7538,3042.347,STOCK2,212.00,500,sell,T-055,T-049,212.00,6000.00
7539,3042.490,STOCK2,212.00,500,sell,T-055,T-049,212.00,6000.00
7540,3044.038,STOCK2,350.00,500,sell,T-032,T-049,350.00,6000.00
7541,3044.472,STOCK2,400.00,500,sell,T-030,T-049,400.00,6000.00
7542,3044.674,STOCK2,400.00,500,sell,T-030,T-049,400.00,6000.00
7543,3045.017,STOCK2,400.00,500,sell,T-030,T-049,400.00,6000.00
7544,3045.241,STOCK2,400.00,500,sell,T-030,T-049,400.00,6000.00
7545,3045.374,STOCK2,400.00,500,sell,T-030,T-025,400.00,6000.00
7546,3045.496,STOCK2,400.00,500,sell,T-030,T-049,400.00,6000.00
7547,3045.812,STOCK2,400.00,2000,sell,T-030,T-003,400.00,6000.00
7548,3045.812,STOCK2,400.00,3000,sell,T-030,T-003,400.00,6000.00
7549,3046.115,STOCK2,400.00,500,sell,T-030,T-049,400.00,6000.00
7550,3046.287,STOCK2,400.00,1500,sell,T-030,T-003,400.00,6000.00
7551,3046.287,STOCK2,400.00,3500,sell,T-030,T-003,400.00,6000.00
7552,3046.603,STOCK2,400.00,1500,sell,T-030,T-003,400.00,6000.00
7553,3046.603,STOCK2,350.00,500,sell,T-032,T-003,400.00,6000.00
7554,3046.603,STOCK2,350.00,1000,sell,T-032,T-003,400.00,6000.00
7555,3046.603,STOCK2,350.00,1000,sell,T-032,T-003,400.00,6000.00
7556,3046.603,STOCK2,350.00,1000,sell,T-032,T-003,400.00,6000.00
7557,3046.705,STOCK2,350.00,500,sell,T-032,T-049,350.00,6000.00
7558,3046.767,STOCK2,350.00,500,sell,T-032,T-025,350.00,6000.00
7559,3046.847,STOCK2,300.00,2000,sell,T-013,T-003,300.00,6000.00
7560,3046.847,STOCK2,300.00,2000,sell,T-013,T-003,300.00,6000.00
7561,3046.847,STOCK2,300.00,1000,sell,T-013,T-003,300.00,6000.00
7562,3048.105,STOCK2,400.00,500,sell,T-030,T-025,400.00,6000.00
7563,3048.366,STOCK2,400.00,4500,sell,T-030,T-003,400.00,6000.00
7564,3048.366,STOCK2,400.00,500,sell,T-030,T-003,400.00,6000.00
7565,3048.436,STOCK2,400.00,500,sell,T-030,T-049,400.00,6000.00
7566,3048.496,STOCK2,400.00,1000,sell,T-030,T-024,400.00,6000.00
7567,3048.704,STOCK2,400.00,500,sell,T-030,T-049,400.00,6000.00
7568,3048.908,STOCK2,400.00,500,sell,T-030,T-025,400.00,6000.00
7569,3048.918,STOCK2,400.00,500,sell,T-030,T-049,400.00,6000.00
7570,3049.092,STOCK2,400.00,500,sell,T-030,T-025,400.00,6000.00
7571,3049.132,STOCK2,400.00,500,sell,T-030,T-049,400.00,6000.00
7572,3049.243,STOCK2,400.00,500,sell,T-030,T-025,400.00,6000.00
7573,3049.323,STOCK2,400.00,1000,sell,T-041,ME,400.00,6000.00
7574,3049.364,STOCK2,400.00,500,sell,T-041,T-025,400.00,6000.00
7575,3049.534,STOCK2,400.00,500,sell,T-041,T-025,400.00,6000.00
7576,3049.635,STOCK2,400.00,5000,sell,T-030,T-003,400.00,6000.00
7577,3049.716,STOCK2,400.00,500,sell,T-041,T-025,400.00,4000.00
7578,3049.778,STOCK2,400.00,500,sell,T-041,T-049,400.00,4000.00
7579,3049.879,STOCK2,400.00,500,sell,T-041,T-025,400.00,4000.00
7580,3050.001,STOCK2,400.00,500,sell,T-041,T-025,400.00,4000.00
7581,3050.081,STOCK2,400.00,1000,sell,T-041,T-003,400.00,4000.00
7582,3050.081,STOCK2,400.00,1000,sell,T-041,T-003,400.00,4000.00
7583,3050.081,STOCK2,400.00,1000,sell,T-041,T-003,400.00,4000.00
7584,3050.081,STOCK2,400.00,1000,sell,T-041,T-003,400.00,4000.00
7585,3050.081,STOCK2,400.00,1000,sell,T-030,T-003,400.00,4000.00
7586,3050.114,STOCK2,400.00,500,sell,T-030,T-049,400.00,4000.00
7587,3050.312,STOCK2,400.00,3500,sell,T-030,T-003,400.00,4000.00
7588,3050.312,STOCK2,400.00,1000,sell,T-041,T-003,400.00,4000.00
7589,3050.312,STOCK2,400.00,500,sell,T-041,T-003,400.00,4000.00
7590,3050.373,STOCK2,400.00,500,sell,T-041,T-025,400.00,4000.00
7591,3050.423,STOCK2,400.00,1000,sell,T-041,T-020,400.00,4000.00
7592,3050.553,STOCK2,400.00,500,sell,T-030,T-025,400.00,4000.00
7593,3050.563,STOCK2,400.00,1000,sell,T-030,T-020,400.00,4000.00
7594,3050.675,STOCK2,400.00,1000,sell,T-030,T-020,400.00,4000.00
7595,3050.705,STOCK2,400.00,500,sell,T-030,T-025,400.00,4000.00
7596,3050.725,STOCK2,400.00,500,sell,T-030,T-001,400.00,4000.00
7597,3050.835,STOCK2,400.00,1000,sell,T-030,T-020,400.00,4000.00
7598,3051.007,STOCK2,400.00,500,sell,T-030,T-020,400.00,4000.00
7599,3051.007,STOCK2,400.00,500,sell,T-041,T-020,400.00,4000.00
7600,3051.037,STOCK2,400.00,500,sell,T-041,T-024,400.00,4000.00
7601,3051.037,STOCK2,400.00,500,sell,T-041,T-024,400.00,4000.00
7602,3051.149,STOCK2,400.00,500,sell,T-041,T-020,400.00,4000.00
7603,3051.149,STOCK2,400.00,500,sell,T-030,T-020,400.00,4000.00
7604,3051.191,STOCK2,400.00,1000,sell,T-030,T-024,400.00,4000.00
7605,3051.262,STOCK2,400.00,1000,sell,T-030,T-020,400.00,4000.00
7606,3051.364,STOCK2,400.00,1000,sell,T-030,T-024,400.00,4000.00
7607,3051.364,STOCK2,400.00,50,sell,T-030,T-027,400.00,4000.00
7608,3051.485,STOCK2,400.00,1000,sell,T-030,T-020,400.00,4000.00
7609,3051.597,STOCK2,400.00,450,sell,T-030,T-020,400.00,4000.00
7610,3051.597,STOCK2,400.00,550,sell,T-041,T-020,400.00,4000.00
7611,3052.333,STOCK2,400.00,450,sell,T-041,T-003,400.00,4000.00
7612,3052.333,STOCK2,400.00,1000,sell,T-041,T-003,400.00,4000.00
7613,3052.333,STOCK2,400.00,1000,sell,T-041,T-003,400.00,4000.00
7614,3052.333,STOCK2,400.00,1000,sell,T-041,T-003,400.00,4000.00
7615,3052.333,STOCK2,400.00,1000,sell,T-041,T-003,400.00,4000.00
7616,3052.333,STOCK2,400.00,550,sell,T-041,T-003,400.00,4000.00
7617,3052.415,STOCK2,400.00,450,sell,T-041,T-001,400.00,4000.00
7618,3052.415,STOCK2,350.00,50,sell,T-032,T-001,400.00,4000.00
7619,3052.721,STOCK2,400.00,50,sell,T-041,T-027,400.00,4000.00
7620,3052.751,STOCK2,400.00,950,sell,T-041,T-020,400.00,4000.00
7621,3052.751,STOCK2,400.00,50,sell,T-041,T-020,400.00,4000.00
7622,3052.792,STOCK2,400.00,500,sell,T-041,T-049,400.00,4000.00
7623,3052.982,STOCK2,400.00,450,sell,T-041,T-020,400.00,4000.00
7624,3052.982,STOCK2,400.00,550,sell,T-041,T-020,400.00,4000.00
7625,3053.012,STOCK2,400.00,450,sell,T-041,T-003,400.00,4000.00
7626,3053.012,STOCK2,400.00,1000,sell,T-041,T-003,400.00,4000.00
7627,3053.012,STOCK2,350.00,950,sell,T-032,T-003,400.00,4000.00
7628,3053.012,STOCK2,350.00,1000,sell,T-032,T-003,400.00,4000.00
7629,3053.012,STOCK2,350.00,1000,sell,T-032,T-003,400.00,4000.00
7630,3053.012,STOCK2,350.00,600,sell,T-032,T-003,400.00,4000.00
7631,3053.063,STOCK2,350.00,400,sell,T-032,T-020,350.00,4000.00
7632,3053.063,STOCK2,300.00,600,sell,T-013,T-020,350.00,4000.00
7633,3053.082,STOCK2,300.00,400,sell,T-013,T-015,300.00,4000.00
7634,3053.082,STOCK2,300.00,600,sell,T-013,T-015,300.00,4000.00
7635,3053.221,STOCK2,400.00,1000,sell,T-041,T-020,400.00,4000.00
7636,3053.426,STOCK2,400.00,50,sell,T-041,T-027,400.00,4000.00
7637,3053.819,STOCK2,400.00,950,sell,T-041,T-020,400.00,4000.00
7638,3053.819,STOCK2,400.00,50,sell,T-041,T-020,400.00,4000.00
7639,3053.952,STOCK2,400.00,950,sell,T-041,T-020,400.00,4000.00
7640,3053.952,STOCK2,400.00,50,sell,T-041,T-020,400.00,4000.00
7641,3054.062,STOCK2,400.00,950,sell,T-041,T-020,400.00,4000.00
7642,3054.062,STOCK2,400.00,50,sell,T-041,T-020,400.00,4000.00
7643,3054.112,STOCK2,400.00,950,sell,T-041,T-015,400.00,4000.00
7644,3054.112,STOCK2,400.00,50,sell,T-041,T-015,400.00,4000.00
7645,3054.173,STOCK2,400.00,950,sell,T-041,T-020,400.00,4000.00
7646,3054.173,STOCK2,400.00,50,sell,T-041,T-020,400.00,4000.00
7647,3054.255,STOCK2,400.00,950,sell,T-041,T-003,400.00,4000.00
7648,3054.255,STOCK2,350.00,1000,sell,T-032,T-003,400.00,4000.00
7649,3054.255,STOCK2,350.00,1000,sell,T-032,T-003,400.00,4000.00
7650,3054.255,STOCK2,350.00,1000,sell,T-032,T-003,400.00,4000.00
7651,3054.255,STOCK2,350.00,1000,sell,T-032,T-003,400.00,4000.00
7652,3054.255,STOCK2,300.00,50,sell,T-013,T-003,400.00,4000.00
7653,3054.306,STOCK2,350.00,1000,sell,T-032,T-020,350.00,4000.00
7654,3054.447,STOCK2,400.00,50,sell,T-041,T-027,400.00,4000.00
7655,3054.650,STOCK2,400.00,500,sell,T-041,T-025,400.00,4000.00
7656,3055.368,STOCK2,450.00,1000,sell,T-046,T-020,450.00,4000.00
7657,3055.461,STOCK2,450.00,50,sell,T-046,T-027,450.00,4000.00
7658,3055.491,STOCK2,450.00,950,sell,T-046,T-020,450.00,4000.00
7659,3055.491,STOCK2,450.00,50,sell,T-046,T-020,450.00,4000.00
7660,3055.541,STOCK2,450.00,950,sell,T-046,T-003,450.00,4000.00
7661,3055.541,STOCK2,400.00,450,sell,T-041,T-003,450.00,4000.00
7662,3055.541,STOCK2,400.00,1000,sell,T-041,T-003,450.00,4000.00
7663,3055.541,STOCK2,400.00,2600,sell,T-030,T-003,450.00,4000.00
7664,3055.621,STOCK2,400.00,1000,sell,T-030,T-020,400.00,4000.00
7665,3055.651,STOCK2,400.00,500,sell,T-030,T-025,400.00,4000.00
7666,3055.733,STOCK2,400.00,900,sell,T-030,T-020,400.00,4000.00
7667,3055.733,STOCK2,400.00,100,sell,T-041,T-020,400.00,4000.00
7668,3055.845,STOCK2,400.00,900,sell,T-041,T-020,400.00,4000.00
7669,3055.845,STOCK2,400.00,100,sell,T-041,T-020,400.00,4000.00
7670,3055.936,STOCK2,450.00,1000,sell,T-046,T-020,450.00,4000.00
7671,3056.136,STOCK2,400.00,900,sell,T-041,T-020,400.00,4000.00
7672,3056.136,STOCK2,400.00,100,sell,T-030,T-020,400.00,4000.00
7673,3056.210,STOCK2,400.00,1000,sell,T-030,T-020,400.00,4000.00
7674,3056.443,STOCK2,400.00,1500,sell,T-030,T-024,400.00,4000.00
7675,3056.533,STOCK2,400.00,1000,sell,T-030,T-020,400.00,4000.00
7676,3056.533,STOCK2,400.00,500,sell,T-030,T-025,400.00,4000.00
7677,3056.727,STOCK2,450.00,1000,sell,T-046,T-020,450.00,4000.00
7678,3056.929,STOCK2,450.00,1000,sell,T-046,T-003,450.00,4000.00
7679,3056.929,STOCK2,450.00,1000,sell,T-046,T-003,450.00,4000.00
7680,3056.929,STOCK2,400.00,900,sell,T-030,T-003,450.00,4000.00
7681,3056.929,STOCK2,400.00,1000,sell,T-041,T-003,450.00,4000.00
7682,3056.929,STOCK2,400.00,1000,sell,T-041,T-003,450.00,4000.00
7683,3056.929,STOCK2,400.00,100,sell,T-030,T-003,450.00,4000.00
7684,3057.251,STOCK2,450.00,50,sell,T-046,T-027,450.00,4000.00
7685,3057.493,STOCK2,450.00,500,sell,T-046,T-025,450.00,4000.00
7686,3057.774,STOCK2,450.00,450,sell,T-046,T-025,450.00,4000.00
7687,3057.774,STOCK2,450.00,50,sell,T-046,T-025,450.00,4000.00
7688,3057.945,STOCK2,450.00,950,sell,T-046,T-015,450.00,4000.00
7689,3057.945,STOCK2,450.00,50,sell,T-046,T-015,450.00,4000.00
7690,3057.975,STOCK2,450.00,950,sell,T-046,T-020,450.00,1000.00
7691,3057.975,STOCK2,450.00,50,sell,T-046,T-020,450.00,1000.00
7692,3058.047,STOCK2,450.00,500,sell,T-046,T-025,450.00,1000.00
7693,3058.209,STOCK2,450.00,450,sell,T-046,T-020,450.00,1000.00
7694,3058.209,STOCK2,450.00,550,sell,T-046,T-020,450.00,1000.00
7695,3058.249,STOCK2,450.00,450,sell,T-046,T-025,450.00,1000.00
7696,3058.249,STOCK2,450.00,50,sell,T-046,T-025,450.00,1000.00
7697,3058.441,STOCK2,450.00,950,sell,T-046,T-003,450.00,1000.00
7698,3058.441,STOCK2,450.00,1000,sell,T-046,T-003,450.00,1000.00
7699,3058.441,STOCK2,450.00,1000,sell,T-046,T-003,450.00,1000.00
7700,3058.441,STOCK2,400.00,2050,sell,T-030,T-003,450.00,1000.00
7701,3058.441,STOCK2,400.00,1500,sell,T-030,T-024,400.00,1000.00
7702,3058.832,STOCK2,450.00,500,sell,T-046,T-001,450.00,1000.00
7703,3058.978,STOCK2,450.00,50,sell,T-046,T-027,450.00,1000.00
7704,3059.040,STOCK2,450.00,450,sell,T-046,T-025,450.00,1000.00
7705,3059.040,STOCK2,400.00,50,sell,T-030,T-025,450.00,1000.00
7706,3059.712,STOCK2,450.00,50,sell,T-046,T-027,450.00,1000.00
7707,3059.712,STOCK2,450.00,950,sell,T-046,T-003,450.00,1000.00
7708,3059.712,STOCK2,400.00,1300,sell,T-030,T-003,450.00,1000.00
7709,3059.712,STOCK2,400.00,1000,sell,T-041,T-003,450.00,1000.00
7710,3059.712,STOCK2,400.00,1000,sell,T-041,T-003,450.00,1000.00
7711,3059.712,STOCK2,400.00,750,sell,T-041,T-003,450.00,1000.00
7712,3059.873,STOCK2,400.00,250,sell,T-041,T-025,400.00,1000.00
7713,3059.873,STOCK2,400.00,250,sell,T-041,T-025,400.00,1000.00
7714,3060.134,STOCK2,1000.00,200,buy,T-047,T-055,400.00,1000.00
7715,3060.318,STOCK2,400.00,750,sell,T-041,T-003,400.00,1000.00
7716,3060.318,STOCK2,400.00,1000,sell,T-041,T-003,400.00,1000.00
7717,3060.318,STOCK2,400.00,1000,sell,T-041,T-003,400.00,1000.00
7718,3060.318,STOCK2,400.00,1000,sell,T-041,T-003,400.00,1000.00
7719,3060.318,STOCK2,400.00,1000,sell,T-041,T-003,400.00,1000.00
7720,3060.318,STOCK2,400.00,250,sell,T-041,T-003,400.00,1000.00
7721,3060.582,STOCK2,400.00,750,sell,T-041,T-015,400.00,1000.00
7722,3060.582,STOCK2,400.00,250,sell,T-041,T-015,400.00,1000.00
7723,3060.847,STOCK2,400.00,500,sell,T-041,T-025,400.00,1000.00
7724,3061.027,STOCK2,400.00,250,sell,T-041,T-003,400.00,1000.00
7725,3061.027,STOCK2,400.00,1000,sell,T-041,T-003,400.00,1000.00
7726,3061.027,STOCK2,400.00,1000,sell,T-041,T-003,400.00,1000.00
7727,3061.027,STOCK2,400.00,1000,sell,T-041,T-003,400.00,1000.00
7728,3061.027,STOCK2,400.00,1000,sell,T-041,T-003,400.00,1000.00
7729,3061.027,STOCK2,400.00,750,sell,T-030,T-003,400.00,1000.00
7730,3061.383,STOCK2,400.00,4250,sell,T-030,T-003,400.00,1000.00
7731,3061.383,STOCK2,400.00,750,sell,T-041,T-003,400.00,1000.00
7732,3061.443,STOCK2,400.00,250,sell,T-041,T-049,400.00,1000.00
7733,3061.443,STOCK2,400.00,250,sell,T-041,T-049,400.00,1000.00
7734,3061.694,STOCK2,400.00,500,sell,T-041,T-025,400.00,1000.00
7735,3061.947,STOCK2,400.00,250,sell,T-041,T-003,400.00,1000.00
7736,3061.947,STOCK2,400.00,1000,sell,T-041,T-003,400.00,1000.00
7737,3061.947,STOCK2,400.00,1000,sell,T-041,T-003,400.00,1000.00
7738,3061.947,STOCK2,400.00,1000,sell,T-041,T-003,400.00,1000.00
7739,3061.947,STOCK2,400.00,1000,sell,T-041,T-003,400.00,1000.00
7740,3061.947,STOCK2,400.00,750,sell,T-041,T-003,400.00,1000.00
7741,3062.483,STOCK2,400.00,500,sell,T-032,T-025,400.00,1000.00
7742,3062.854,STOCK2,400.00,500,sell,T-032,T-003,400.00,1000.00
7743,3062.854,STOCK2,400.00,1000,sell,T-032,T-003,400.00,1000.00
7744,3062.854,STOCK2,400.00,1000,sell,T-032,T-003,400.00,1000.00
7745,3062.854,STOCK2,400.00,1000,sell,T-032,T-003,400.00,1000.00
7746,3062.854,STOCK2,350.00,1000,sell,T-032,T-003,400.00,1000.00
7747,3062.854,STOCK2,350.00,500,sell,T-032,T-003,400.00,1000.00
7748,3063.115,STOCK2,410.00,500,sell,T-045,T-025,410.00,1000.00
7749,3063.185,STOCK2,410.00,500,sell,T-045,T-015,410.00,1000.00
7750,3063.185,STOCK2,350.00,500,sell,T-032,T-015,410.00,1000.00
7751,3063.348,STOCK2,350.00,50,sell,T-032,T-027,350.00,1000.00
7752,3064.317,STOCK2,410.00,500,sell,T-045,T-025,410.00,800.00
7753,3064.367,STOCK2,410.00,500,sell,T-045,T-003,410.00,800.00
7754,3064.367,STOCK2,350.00,950,sell,T-032,T-003,410.00,800.00
7755,3064.367,STOCK2,350.00,1000,sell,T-032,T-003,410.00,800.00
7756,3064.367,STOCK2,350.00,1000,sell,T-032,T-003,410.00,800.00
7757,3064.367,STOCK2,350.00,1000,sell,T-032,T-003,410.00,800.00
7758,3064.367,STOCK2,300.00,550,sell,T-013,T-003,410.00,800.00
7759,3064.560,STOCK2,300.00,800,sell,T-013,T-015,300.00,800.00
7760,3064.560,STOCK2,300.00,200,sell,T-013,T-015,300.00,800.00
7761,3065.553,STOCK2,300.00,1000,sell,T-013,T-020,300.00,800.00
7762,3065.875,STOCK1,56.00,500,sell,T-051,T-010,56.00,129.75
7763,3067.919,STOCK2,800.00,100,buy,T-044,T-046,300.00,800.00
7764,3068.376,STOCK2,300.00,500,sell,T-013,T-025,300.00,800.00
7765,3069.146,STOCK2,300.00,300,sell,T-013,T-015,300.00,800.00
7766,3069.146,STOCK2,300.00,700,sell,T-013,T-015,300.00,800.00
7767,3071.851,STOCK2,300.00,1000,sell,T-013,T-015,300.00,800.00
7768,3072.246,STOCK1,57.00,1000,sell,T-031,T-002,57.00,129.75
7769,3072.246,STOCK1,56.00,51,sell,T-051,T-002,57.00,129.75
7770,3072.246,STOCK1,55.00,949,sell,T-029,T-002,57.00,129.75
7771,3073.502,STOCK2,300.00,300,sell,T-013,T-049,300.00,700.00
7772,3073.502,STOCK2,300.00,200,sell,T-013,T-049,300.00,700.00
7773,3073.735,STOCK2,300.00,1000,sell,T-013,T-015,300.00,700.00
7774,3074.961,STOCK2,300.00,500,sell,T-013,T-025,300.00,600.00
7775,3075.201,STOCK2,310.00,500,sell,T-032,T-025,310.00,600.00
7776,3075.352,STOCK2,310.00,500,sell,T-032,T-025,310.00,600.00
7777,3075.496,STOCK2,300.00,300,sell,T-013,T-015,300.00,600.00
7778,3075.496,STOCK2,300.00,700,sell,T-013,T-015,300.00,600.00
7779,3075.506,STOCK2,300.00,500,sell,T-013,T-025,300.00,600.00
7780,3076.224,STOCK2,300.00,500,sell,T-013,T-025,300.00,600.00
7781,3076.335,STOCK2,300.00,300,sell,T-013,T-003,300.00,600.00
7782,3076.335,STOCK2,300.00,2000,sell,T-013,T-003,300.00,600.00
7783,3076.335,STOCK2,300.00,2000,sell,T-013,T-003,300.00,600.00
7784,3076.335,STOCK2,300.00,700,sell,T-013,T-003,300.00,600.00
7785,3076.387,STOCK2,300.00,500,sell,T-013,T-025,300.00,600.00
7786,3076.559,STOCK2,300.00,500,sell,T-013,T-025,300.00,600.00
7787,3076.689,STOCK2,300.00,300,sell,T-013,T-025,300.00,600.00
7788,3076.689,STOCK2,300.00,200,sell,T-013,T-025,300.00,600.00
7789,3076.749,STOCK2,300.00,1800,sell,T-013,T-003,300.00,600.00
7790,3076.749,STOCK2,300.00,2000,sell,T-013,T-003,300.00,600.00
7791,3076.749,STOCK2,300.00,1200,sell,T-029,T-003,300.00,600.00
7792,3077.011,STOCK2,310.00,1000,sell,T-032,T-015,310.00,600.00
7793,3077.133,STOCK2,300.00,3800,sell,T-029,T-003,300.00,600.00
7794,3077.133,STOCK2,300.00,1200,sell,T-036,T-003,300.00,600.00
7795,3078.382,STOCK2,300.00,3800,sell,T-036,T-003,300.00,600.00
7796,3078.382,STOCK2,300.00,1200,sell,T-036,T-003,300.00,600.00
7797,3078.676,STOCK2,300.00,3800,sell,T-036,T-003,300.00,600.00
7798,3078.676,STOCK2,300.00,1200,sell,T-036,T-003,300.00,600.00
7799,3078.816,STOCK2,600.00,1000,buy,T-035,T-046,300.00,600.00
7800,3078.816,STOCK2,600.00,1000,buy,T-035,T-046,300.00,600.00
7801,3078.816,STOCK2,600.00,1000,buy,T-035,T-046,300.00,600.00
7802,3078.816,STOCK2,600.00,1000,buy,T-035,T-046,300.00,600.00
7803,3078.816,STOCK2,600.00,1000,buy,T-035,T-046,300.00,600.00
7804,3078.928,STOCK2,300.00,1000,sell,T-036,T-015,300.00,700.00
7805,3079.682,STOCK2,300.00,2800,sell,T-036,T-003,300.00,700.00
7806,3079.682,STOCK2,300.00,2200,sell,T-036,T-003,300.00,700.00
7807,3080.246,STOCK2,300.00,2800,sell,T-036,T-035,300.00,700.00
7808,3080.246,STOCK2,300.00,2200,sell,T-036,T-035,300.00,700.00
7809,3081.310,STOCK2,300.00,2800,sell,T-036,T-035,300.00,700.00
7810,3081.310,STOCK2,300.00,2200,sell,T-036,T-035,300.00,700.00
7811,3081.707,STOCK2,300.00,2800,sell,T-036,T-003,300.00,700.00
7812,3081.707,STOCK2,300.00,2200,sell,T-036,T-003,300.00,700.00
7813,3082.707,STOCK2,300.00,1500,sell,T-036,T-024,300.00,700.00
7814,3082.757,STOCK2,300.00,1300,sell,T-036,T-035,300.00,700.00
7815,3082.757,STOCK2,300.00,3700,sell,T-036,T-035,300.00,700.00
7816,3083.603,STOCK2,301.00,1000,sell,T-045,T-035,301.00,500.00
7817,3083.603,STOCK2,301.00,1000,sell,T-045,T-035,301.00,500.00
7818,3083.603,STOCK2,300.00,1300,sell,T-036,T-035,301.00,500.00
7819,3083.603,STOCK2,300.00,1700,sell,T-036,T-035,301.00,500.00
7820,3084.120,STOCK2,301.00,1000,sell,T-045,T-035,301.00,500.00
7821,3084.120,STOCK2,300.00,3300,sell,T-036,T-035,301.00,500.00
7822,3084.120,STOCK2,300.00,700,sell,T-036,T-035,301.00,500.00
7823,3084.569,STOCK2,300.00,4300,sell,T-036,T-035,300.00,500.00
7824,3084.569,STOCK2,300.00,700,sell,T-036,T-035,300.00,500.00
7825,3085.037,STOCK2,300.00,4300,sell,T-036,T-035,300.00,500.00
7826,3085.037,STOCK2,213.00,700,sell,T-045,T-035,300.00,500.00
7827,3085.535,STOCK2,213.00,300,sell,T-045,T-035,213.00,500.00
7828,3085.535,STOCK2,213.00,1000,sell,T-045,T-035,213.00,500.00
7829,3085.535,STOCK2,213.00,1000,sell,T-045,T-035,213.00,500.00
7830,3085.535,STOCK2,212.00,1000,sell,T-055,T-035,213.00,500.00
7831,3085.535,STOCK2,212.00,1000,sell,T-055,T-035,213.00,500.00
7832,3085.535,STOCK2,212.00,700,sell,T-055,T-035,213.00,500.00
7833,3088.993,STOCK1,60.00,50,sell,T-029,T-027,60.00,129.75
7834,3090.449,STOCK1,60.00,50,sell,T-029,T-027,60.00,129.75
7835,3091.074,STOCK1,60.00,50,sell,T-029,T-027,60.00,129.75
7836,3091.679,STOCK1,60.00,50,sell,T-029,T-027,60.00,129.75
7837,3091.922,STOCK2,230.00,2000,sell,T-013,T-003,230.00,499.00
7838,3091.922,STOCK2,230.00,2000,sell,T-013,T-003,230.00,499.00
7839,3091.922,STOCK2,230.00,1000,sell,T-013,T-003,230.00,499.00
7840,3092.441,STOCK1,60.00,50,sell,T-029,T-027,60.00,129.75
7841,3093.015,STOCK1,60.00,50,sell,T-029,T-027,60.00,129.75
7842,3093.015,STOCK2,230.00,1000,sell,T-013,T-003,230.00,499.00
7843,3093.015,STOCK2,230.00,2000,sell,T-013,T-003,230.00,499.00
7844,3093.015,STOCK2,230.00,2000,sell,T-013,T-003,230.00,499.00
7845,3094.340,STOCK1,60.00,50,sell,T-029,T-027,60.00,129.75
7846,3094.963,STOCK1,60.00,50,sell,T-029,T-027,60.00,129.75
7847,3098.867,STOCK2,250.00,1000,sell,T-051,T-003,250.00,489.00
7848,3098.867,STOCK2,230.00,2000,sell,T-013,T-003,250.00,489.00
7849,3098.867,STOCK2,230.00,2000,sell,T-013,T-003,250.00,489.00
7850,3099.838,STOCK1,60.00,100,sell,T-029,T-027,60.00,129.75
7851,3100.436,STOCK1,60.00,100,sell,T-029,T-027,60.00,129.75
7852,3100.771,STOCK2,240.00,1000,sell,T-032,T-003,240.00,489.00
7853,3100.771,STOCK2,230.00,2000,sell,T-013,T-003,240.00,489.00
7854,3100.771,STOCK2,230.00,2000,sell,T-013,T-003,240.00,489.00
7855,3100.975,STOCK1,60.00,100,sell,T-029,T-027,60.00,129.75
7856,3101.535,STOCK1,60.00,100,sell,T-029,T-027,60.00,129.75
7857,3102.212,STOCK1,60.00,100,sell,T-029,T-027,60.00,129.75
7858,3103.349,STOCK2,250.00,1000,sell,T-029,T-024,250.00,450.00
7859,3103.675,STOCK1,60.00,450,sell,T-029,T-052,60.00,129.75
7860,3103.746,STOCK1,60.00,100,sell,T-029,T-027,60.00,129.75
7861,3104.400,STOCK1,60.00,100,sell,T-029,T-027,60.00,129.75
7862,3104.859,STOCK1,60.00,2000,sell,T-029,T-002,60.00,129.75
7863,3105.113,STOCK1,60.00,100,sell,T-029,T-027,60.00,129.75
7864,3106.167,STOCK1,60.00,100,sell,T-029,T-027,60.00,129.75
7865,3107.089,STOCK1,60.00,100,sell,T-029,T-027,60.00,129.75
7866,3107.657,STOCK1,60.00,100,sell,T-029,T-027,60.00,129.75
7867,3109.072,STOCK1,60.00,100,sell,T-029,T-027,60.00,129.75
7868,3110.735,STOCK2,252.00,1000,sell,T-045,T-003,252.00,450.00
7869,3110.735,STOCK2,251.00,1000,sell,T-019,T-003,252.00,450.00
7870,3110.735,STOCK2,251.00,1000,sell,T-019,T-003,252.00,450.00
7871,3110.735,STOCK2,251.00,486,sell,T-019,T-003,252.00,450.00
7872,3111.028,STOCK1,60.00,100,sell,T-029,T-027,60.00,129.75
7873,3111.514,STOCK2,450.00,200,buy,T-047,T-055,252.00,450.00
7874,3112.046,STOCK1,60.00,100,sell,T-029,T-027,60.00,129.75
7875,3112.066,STOCK2,252.00,1000,sell,T-045,T-036,252.00,450.00
7876,3112.954,STOCK1,129.75,300,buy,T-052,T-011,60.00,129.75
7877,3113.084,STOCK2,252.00,1000,sell,T-045,T-036,252.00,450.00
7878,3113.706,STOCK2,252.00,1000,sell,T-045,T-036,252.00,449.00
7879,3115.436,STOCK1,60.00,750,sell,T-029,T-028,60.00,129.75
7880,3115.436,STOCK1,55.00,1250,sell,T-029,T-028,60.00,129.75
7881,3122.113,STOCK1,55.00,1101,sell,T-029,T-028,55.00,129.75
7882,3122.113,STOCK1,55.00,250,sell,T-038,T-028,55.00,129.75
7883,3122.113,STOCK1,51.00,100,sell,T-019,T-028,55.00,129.75
7884,3122.113,STOCK1,51.00,100,sell,T-019,T-028,55.00,129.75
7885,3122.113,STOCK1,51.00,100,sell,T-019,T-028,55.00,129.75
7886,3122.113,STOCK1,51.00,100,sell,T-019,T-028,55.00,129.75
7887,3122.113,STOCK1,51.00,100,sell,T-019,T-028,55.00,129.75
7888,3122.113,STOCK1,51.00,100,sell,T-019,T-028,55.00,129.75
7889,3122.113,STOCK1,51.00,49,sell,T-019,T-028,55.00,129.75
7890,3122.770,STOCK2,400.00,1000,buy,T-044,T-045,256.00,400.00
7891,3124.731,STOCK2,256.00,200,sell,T-013,T-049,256.00,380.00
7892,3127.172,STOCK2,256.00,1000,sell,T-013,T-015,256.00,380.00
7893,3128.899,STOCK1,51.00,51,sell,T-019,T-028,51.00,124.00
7894,3128.899,STOCK1,50.00,100,sell,T-038,T-028,51.00,124.00
7895,3128.899,STOCK1,50.00,250,sell,T-038,T-028,51.00,124.00
7896,3128.899,STOCK1,50.00,1599,sell,T-029,T-028,51.00,124.00
7897,3129.235,STOCK2,260.00,1000,sell,T-037,T-015,260.00,380.00
7898,3129.376,STOCK2,380.00,250,buy,T-044,T-046,260.00,380.00
7899,3130.366,STOCK2,260.00,1000,sell,T-037,T-015,260.00,380.00
7900,3134.498,STOCK1,50.00,1000,sell,T-029,ME,50.00,124.00
7901,3136.311,STOCK1,50.00,1000,sell,T-029,ME,50.00,123.00
7902,3136.998,STOCK2,360.00,250,buy,T-044,T-030,260.00,360.00
7903,3139.823,STOCK1,50.00,1401,sell,T-029,T-028,50.00,120.00
7904,3139.823,STOCK1,50.00,599,sell,T-030,T-028,50.00,120.00
7905,3139.926,STOCK1,50.00,401,sell,T-030,ME,50.00,120.00
7906,3139.926,STOCK1,50.00,599,sell,T-030,ME,50.00,120.00
7907,3143.910,STOCK1,50.00,401,sell,T-030,T-028,50.00,120.00
7908,3143.910,STOCK1,35.00,500,sell,T-040,T-028,50.00,120.00
7909,3143.910,STOCK1,35.00,500,sell,T-040,T-028,50.00,120.00
7910,3143.910,STOCK1,35.00,500,sell,T-040,T-028,50.00,120.00
7911,3143.910,STOCK1,35.00,99,sell,T-040,T-028,50.00,120.00
7912,3146.953,STOCK2,260.00,500,sell,T-037,T-006,260.00,350.00
7913,3147.491,STOCK2,260.00,500,sell,T-037,T-006,260.00,350.00
7914,3148.130,STOCK2,350.00,1000,buy,ME,T-046,260.00,350.00
7915,3149.007,STOCK2,350.00,1000,buy,ME,T-046,260.00,350.00
7916,3150.356,STOCK1,35.00,401,sell,T-040,T-028,35.00,119.00
7917,3150.356,STOCK1,35.00,500,sell,T-040,T-028,35.00,119.00
7918,3150.356,STOCK1,35.00,1000,sell,T-040,T-028,35.00,119.00
7919,3150.356,STOCK1,35.00,99,sell,T-040,T-028,35.00,119.00
7920,3154.597,STOCK2,260.00,500,sell,T-037,T-006,260.00,349.00
7921,3154.829,STOCK2,260.00,500,sell,T-037,T-006,260.00,349.00
7922,3164.802,STOCK2,320.00,1000,buy,ME,T-041,256.00,320.00
7923,3164.802,STOCK2,320.00,1000,buy,ME,T-041,256.00,320.00
7924,3164.802,STOCK2,320.00,1000,buy,ME,T-041,256.00,320.00
7925,3167.923,STOCK2,319.00,250,buy,T-044,T-055,256.00,319.00
7926,3170.414,STOCK2,315.00,250,buy,T-044,T-030,260.00,315.00
7927,3171.745,STOCK2,315.00,100,buy,T-027,T-030,260.00,315.00
7928,3174.438,STOCK2,315.00,200,buy,T-047,T-030,267.00,315.00
7929,3174.459,STOCK2,315.00,250,buy,T-044,T-030,267.00,315.00
7930,3175.130,STOCK2,315.00,250,buy,T-044,T-030,267.00,315.00
7931,3176.905,STOCK2,267.00,500,sell,T-013,T-006,267.00,315.00
7932,3177.066,STOCK2,267.00,500,sell,T-013,T-006,267.00,315.00
7933,3177.249,STOCK2,267.00,500,sell,T-013,T-006,267.00,315.00
7934,3177.433,STOCK2,267.00,500,sell,T-013,T-006,267.00,315.00
7935,3177.618,STOCK2,260.00,500,sell,T-037,T-006,260.00,315.00
7936,3177.804,STOCK2,260.00,500,sell,T-037,T-006,260.00,315.00
7937,3177.970,STOCK2,260.00,500,sell,T-037,T-006,260.00,315.00
7938,3178.131,STOCK2,260.00,500,sell,T-037,T-006,260.00,315.00
7939,3178.741,STOCK1,100.00,500,buy,T-025,T-016,38.00,100.00
7940,3179.134,STOCK2,260.00,500,sell,T-037,T-006,260.00,315.00
7941,3179.315,STOCK2,260.00,350,sell,T-037,T-006,260.00,319.00
7942,3179.315,STOCK2,256.00,150,sell,T-013,T-006,260.00,319.00
7943,3179.567,STOCK1,100.00,500,buy,T-025,T-016,38.00,100.00
7944,3180.377,STOCK2,256.00,650,sell,T-013,T-015,256.00,319.00
7945,3180.377,STOCK2,251.00,350,sell,T-019,T-015,256.00,319.00
7946,3180.467,STOCK2,251.00,164,sell,T-019,T-006,251.00,319.00
7947,3180.467,STOCK2,251.00,336,sell,T-019,T-006,251.00,319.00
7948,3180.486,STOCK1,100.00,500,buy,T-025,T-016,38.00,100.00
7949,3180.648,STOCK2,251.00,500,sell,T-019,T-006,251.00,319.00
7950,3181.047,STOCK2,267.00,500,sell,T-013,T-006,267.00,319.00
7951,3181.310,STOCK1,100.00,500,buy,T-025,T-016,38.00,100.00
7952,3181.401,STOCK2,267.00,500,sell,T-013,T-006,267.00,319.00
7953,3181.645,STOCK2,267.00,500,sell,T-013,T-006,267.00,319.00
7954,3182.058,STOCK1,100.00,500,buy,T-025,T-016,38.00,100.00
7955,3182.209,STOCK2,267.00,500,sell,T-013,T-006,267.00,319.00
7956,3182.644,STOCK2,267.00,500,sell,T-013,T-006,267.00,319.00
7957,3182.726,STOCK1,100.00,500,buy,T-025,T-016,38.00,100.00
7958,3183.746,STOCK2,267.00,1000,sell,T-013,T-015,267.00,319.00
7959,3183.929,STOCK1,100.00,500,buy,T-025,T-016,38.00,100.00
7960,3186.711,STOCK2,319.00,500,buy,T-006,T-055,267.00,319.00
7961,3187.584,STOCK2,319.00,250,buy,T-006,T-055,267.00,319.00
7962,3187.584,STOCK2,319.00,250,buy,T-006,T-055,267.00,319.00
7963,3196.300,STOCK2,270.00,500,sell,T-029,T-006,270.00,319.00
7964,3196.482,STOCK2,270.00,500,sell,T-029,T-006,270.00,319.00
7965,3197.825,STOCK2,275.00,207,sell,T-030,T-006,275.00,319.00
7966,3197.825,STOCK2,270.00,293,sell,T-029,T-006,275.00,319.00
7967,3199.187,STOCK2,270.00,500,sell,T-029,T-006,270.00,319.00
7968,3200.020,STOCK2,270.00,500,sell,T-029,T-006,270.00,319.00
7969,3200.658,STOCK2,270.00,500,sell,T-029,T-006,270.00,319.00
7970,3201.387,STOCK1,51.00,100,sell,T-045,T-027,51.00,99.00
7971,3201.904,STOCK2,270.00,500,sell,T-029,T-006,270.00,319.00
7972,3202.950,STOCK2,280.00,500,sell,T-013,T-006,280.00,319.00
7973,3203.294,STOCK1,52.00,100,sell,T-032,T-027,52.00,99.00
7974,3204.474,STOCK2,280.00,500,sell,T-013,T-006,280.00,319.00
7975,3206.656,STOCK2,280.00,500,sell,T-013,T-006,280.00,300.00
7976,3207.177,STOCK2,300.00,100,buy,T-027,T-036,280.00,300.00
7977,3207.318,STOCK2,300.00,900,buy,ME,T-036,280.00,300.00
7978,3207.318,STOCK2,300.00,1000,buy,ME,T-036,280.00,300.00
7979,3207.318,STOCK2,319.00,750,buy,ME,T-055,280.00,300.00
7980,3207.318,STOCK2,319.00,350,buy,ME,T-055,280.00,300.00
7981,3207.712,STOCK2,319.00,250,buy,T-044,T-055,280.00,319.00
7982,3207.755,STOCK2,319.00,400,buy,T-052,T-055,280.00,319.00
7983,3207.755,STOCK2,319.00,50,buy,T-052,T-055,280.00,319.00
7984,3207.876,STOCK2,319.00,100,buy,T-027,T-055,280.00,319.00
7985,3207.885,STOCK2,280.00,500,sell,T-013,T-006,280.00,319.00
7986,3210.919,STOCK2,300.00,200,buy,T-047,T-036,280.00,300.00
7987,3211.241,STOCK2,300.00,250,buy,T-044,T-036,280.00,300.00
7988,3211.394,STOCK2,300.00,100,buy,T-027,T-036,280.00,300.00
7989,3211.656,STOCK2,300.00,250,buy,T-044,T-036,280.00,300.00
7990,3211.849,STOCK2,300.00,200,buy,T-044,T-036,280.00,300.00
7991,3211.849,STOCK2,300.00,50,buy,T-044,T-036,280.00,300.00
7992,3211.892,STOCK2,280.00,500,sell,T-013,T-006,280.00,300.00
7993,3212.288,STOCK2,300.00,100,buy,T-027,T-036,280.00,300.00
7994,3213.259,STOCK2,300.00,100,buy,T-027,T-036,280.00,300.00
7995,3213.603,STOCK1,99.00,500,buy,T-025,T-045,52.00,99.00
7996,3214.070,STOCK2,300.00,100,buy,T-027,T-036,280.00,300.00
7997,3215.141,STOCK2,300.00,100,buy,T-027,T-036,280.00,300.00
7998,3215.538,STOCK2,300.00,100,buy,T-027,T-036,280.00,300.00
7999,3215.750,STOCK2,300.00,100,buy,T-027,T-036,280.00,300.00
8000,3216.610,STOCK2,300.00,100,buy,T-027,T-036,280.00,300.00
8001,3218.685,STOCK2,300.00,250,buy,T-044,T-036,280.00,300.00
8002,3218.816,STOCK2,300.00,1000,buy,ME,T-036,280.00,300.00
8003,3218.816,STOCK2,300.00,2000,buy,ME,T-036,280.00,300.00
8004,3219.127,STOCK2,300.00,250,buy,T-044,T-036,280.00,300.00
8005,3219.876,STOCK2,300.00,250,buy,T-044,T-036,280.00,300.00
8006,3220.317,STOCK2,280.00,1500,sell,T-013,T-003,280.00,300.00
8007,3220.317,STOCK2,270.00,1707,sell,T-029,T-003,280.00,300.00
8008,3220.317,STOCK2,267.00,500,sell,T-013,T-003,280.00,300.00
8009,3220.317,STOCK2,267.00,1293,sell,T-013,T-003,280.00,300.00
8010,3221.298,STOCK2,267.00,707,sell,T-013,T-003,267.00,300.00
8011,3221.298,STOCK2,267.00,2000,sell,T-013,T-003,267.00,300.00
8012,3221.298,STOCK2,251.00,164,sell,T-019,T-003,267.00,300.00
8013,3221.298,STOCK2,251.00,1000,sell,T-019,T-003,267.00,300.00
8014,3221.298,STOCK2,251.00,1000,sell,T-019,T-003,267.00,300.00
8015,3221.298,STOCK2,251.00,129,sell,T-019,T-003,267.00,300.00
8016,3221.540,STOCK2,300.00,100,buy,T-027,T-036,251.00,300.00
8017,3221.833,STOCK2,251.00,871,sell,T-019,T-003,251.00,300.00
8018,3221.833,STOCK2,251.00,1000,sell,T-019,T-003,251.00,300.00
8019,3221.833,STOCK2,250.00,400,sell,T-038,T-003,251.00,300.00
8020,3221.833,STOCK2,240.00,1000,sell,T-032,T-003,251.00,300.00
8021,3221.833,STOCK2,230.00,1729,sell,T-013,T-003,251.00,300.00
8022,3222.398,STOCK2,230.00,271,sell,T-013,T-003,230.00,300.00
8023,3222.398,STOCK2,230.00,2000,sell,T-013,T-003,230.00,300.00
8024,3222.398,STOCK2,230.00,2000,sell,T-013,T-003,230.00,300.00
8025,3222.398,STOCK2,230.00,729,sell,T-013,T-003,230.00,300.00
8026,3222.949,STOCK2,300.00,100,buy,T-027,T-036,230.00,300.00
8027,3223.150,STOCK2,230.00,1271,sell,T-013,T-003,230.00,300.00
8028,3223.150,STOCK2,230.00,2000,sell,T-013,T-003,230.00,300.00
8029,3223.150,STOCK2,230.00,1729,sell,T-013,T-003,230.00,300.00
8030,3223.517,STOCK2,230.00,271,sell,T-013,T-003,230.00,300.00
8031,3223.517,STOCK2,230.00,2000,sell,T-013,T-003,230.00,300.00
8032,3223.517,STOCK2,230.00,2000,sell,T-013,T-003,230.00,300.00
8033,3223.517,STOCK2,230.00,729,sell,T-013,T-003,230.00,300.00
8034,3223.984,STOCK2,230.00,1271,sell,T-013,T-003,230.00,300.00
8035,3223.984,STOCK2,220.00,1000,sell,T-045,T-003,230.00,300.00
8036,3223.984,STOCK2,220.00,1000,sell,T-045,T-003,230.00,300.00
8037,3223.984,STOCK2,220.00,1000,sell,T-019,T-003,230.00,300.00
8038,3223.984,STOCK2,220.00,729,sell,T-019,T-003,230.00,300.00
8039,3224.414,STOCK2,280.00,2000,sell,T-013,T-003,280.00,300.00
8040,3224.414,STOCK2,220.00,271,sell,T-019,T-003,280.00,300.00
8041,3224.414,STOCK2,220.00,1000,sell,T-019,T-003,280.00,300.00
8042,3224.414,STOCK2,220.00,1000,sell,T-019,T-003,280.00,300.00
8043,3224.414,STOCK2,215.00,729,sell,T-031,T-003,280.00,300.00
8044,3224.708,STOCK2,300.00,100,buy,T-027,T-036,215.00,300.00
8045,3224.880,STOCK2,215.00,4271,sell,T-031,T-003,215.00,300.00
8046,3224.880,STOCK2,210.00,729,sell,T-019,T-003,215.00,300.00
8047,3225.714,STOCK2,300.00,52,buy,T-044,T-036,210.00,300.00
8048,3225.734,STOCK2,210.00,271,sell,T-019,T-003,210.00,300.00
8049,3225.734,STOCK2,210.00,1000,sell,T-019,T-003,210.00,300.00
8050,3225.734,STOCK2,210.00,1000,sell,T-019,T-003,210.00,300.00
8051,3225.734,STOCK2,210.00,1000,sell,T-019,T-003,210.00,300.00
8052,3225.734,STOCK2,210.00,1000,sell,T-019,T-003,210.00,300.00
8053,3225.734,STOCK2,210.00,729,sell,T-019,T-003,210.00,300.00
8054,3226.349,STOCK2,210.00,271,sell,T-019,T-003,210.00,300.00
8055,3226.349,STOCK2,200.00,343,sell,T-032,T-003,210.00,300.00
8056,3226.349,STOCK2,200.00,1000,sell,T-032,T-003,210.00,300.00
8057,3226.349,STOCK2,200.00,1000,sell,T-032,T-003,210.00,300.00
8058,3226.349,STOCK2,200.00,1000,sell,T-032,T-003,210.00,300.00
8059,3226.349,STOCK2,200.00,1000,sell,T-032,T-003,210.00,300.00
8060,3226.349,STOCK2,200.00,386,sell,T-032,T-003,210.00,300.00
8061,3227.608,STOCK2,300.00,100,buy,T-027,T-036,200.00,300.00
8062,3228.786,STOCK2,300.00,100,buy,T-027,T-036,280.00,300.00
8063,3232.045,STOCK2,300.00,1948,buy,ME,T-036,280.00,300.00
8064,3232.045,STOCK2,300.00,52,buy,ME,T-038,280.00,300.00
8065,3232.992,STOCK2,300.00,48,buy,T-027,T-038,280.00,300.00
8066,3232.992,STOCK2,300.00,52,buy,T-027,T-036,280.00,300.00
8067,3233.622,STOCK2,280.00,2000,sell,T-013,T-003,280.00,300.00
8068,3233.622,STOCK2,220.00,3000,sell,T-031,T-003,280.00,300.00
8069,3236.386,STOCK2,230.00,500,sell,T-013,T-006,230.00,300.00
8070,3236.598,STOCK2,300.00,100,buy,T-027,T-036,230.00,300.00
8071,3240.195,STOCK2,230.00,1500,sell,T-013,T-003,230.00,299.00
8072,3240.195,STOCK2,220.00,500,sell,T-031,T-003,230.00,299.00
8073,3243.531,STOCK2,230.00,200,sell,T-013,T-015,230.00,299.00
8074,3244.260,STOCK2,299.00,900,buy,T-050,T-055,230.00,299.00
8075,3245.269,STOCK2,230.00,1800,sell,T-013,T-003,230.00,299.00
8076,3245.269,STOCK2,220.00,200,sell,T-031,T-003,230.00,299.00
8077,3245.816,STOCK2,220.00,1300,sell,T-031,T-003,220.00,299.00
8078,3245.816,STOCK2,200.00,614,sell,T-032,T-003,220.00,299.00
8079,3245.816,STOCK2,200.00,86,sell,T-032,T-003,220.00,299.00
8080,3249.800,STOCK2,289.00,900,buy,T-050,T-051,230.00,289.00
8081,3249.841,STOCK2,230.00,2000,sell,T-013,T-003,230.00,289.00
8082,3249.911,STOCK2,200.00,47,sell,T-032,T-015,200.00,289.00
8083,3250.081,STOCK2,200.00,867,sell,T-032,T-003,200.00,289.00
8084,3250.081,STOCK2,200.00,1133,sell,T-036,T-003,200.00,289.00
8085,3250.786,STOCK1,53.00,500,sell,T-030,ME,53.00,84.00
8086,3250.786,STOCK1,52.00,500,sell,T-032,ME,53.00,84.00
8087,3252.079,STOCK2,230.00,2000,sell,T-013,T-003,230.00,289.00
8088,3253.722,STOCK2,230.00,2000,sell,T-013,T-003,230.00,289.00
8089,3254.955,STOCK2,230.00,2000,sell,T-013,T-003,230.00,289.00
8090,3255.895,STOCK2,230.00,500,sell,T-013,T-024,230.00,289.00
8091,3255.895,STOCK2,289.00,100,buy,T-047,T-051,230.00,289.00
8092,3255.895,STOCK2,299.00,100,buy,T-047,T-055,230.00,289.00
8093,3258.261,STOCK1,83.00,1,buy,T-026,T-011,53.00,83.00
8094,3264.872,STOCK1,81.00,1000,buy,T-015,T-040,53.00,81.00
8095,3266.591,STOCK1,53.00,100,sell,T-019,T-027,53.00,81.00
8096,3267.296,STOCK1,81.00,1000,buy,T-015,T-040,53.00,81.00
8097,3272.796,STOCK2,299.00,100,buy,T-027,T-036,230.00,299.00
8098,3273.819,STOCK2,298.00,100,buy,T-027,T-055,230.00,298.00
8099,3275.232,STOCK2,298.00,100,buy,T-027,T-055,230.00,298.00
8100,3278.374,STOCK1,53.00,291,sell,T-019,T-028,53.00,79.00
8101,3278.374,STOCK1,53.00,2,sell,T-019,T-028,53.00,79.00
8102,3278.374,STOCK1,52.00,2707,sell,T-032,T-028,53.00,79.00
8103,3284.835,STOCK1,54.00,100,sell,T-051,T-027,54.00,75.00
8104,3286.486,STOCK1,75.00,500,buy,T-001,T-030,52.00,75.00
8105,3286.970,STOCK1,79.00,500,buy,T-001,T-011,52.00,79.00
8106,3288.832,STOCK2,230.00,1500,sell,T-013,T-003,230.00,298.00
8107,3288.832,STOCK2,230.00,500,sell,T-013,T-003,230.00,298.00
8108,3289.166,STOCK2,230.00,1500,sell,T-013,T-003,230.00,298.00
8109,3289.166,STOCK2,230.00,500,sell,T-013,T-003,230.00,298.00
8110,3290.267,STOCK2,230.00,1500,sell,T-013,T-003,230.00,250.00
8111,3290.267,STOCK2,200.00,500,sell,T-031,T-003,230.00,250.00
8112,3292.185,STOCK2,235.00,2000,sell,T-031,T-003,235.00,250.00
8113,3297.847,STOCK2,140.00,500,sell,T-013,T-024,140.00,250.00
8114,3298.988,STOCK1,55.00,1000,buy,T-033,T-041,52.00,55.00
8115,3299.397,STOCK1,55.00,500,buy,T-001,T-041,52.00,55.00
8116,3299.640,STOCK1,55.00,500,buy,T-033,T-041,52.00,55.00
8117,3299.640,STOCK1,55.00,500,buy,T-033,T-041,52.00,55.00
8118,3300.211,STOCK1,55.00,500,buy,T-033,T-041,52.00,55.00
8119,3300.211,STOCK1,55.00,500,buy,T-033,T-041,52.00,55.00
8120,3300.252,STOCK1,55.00,500,buy,T-001,T-041,52.00,55.00
8121,3300.783,STOCK1,55.00,950,buy,T-042,T-041,52.00,55.00
8122,3300.894,STOCK1,55.00,50,buy,T-033,T-041,52.00,55.00
8123,3300.894,STOCK1,55.00,950,buy,T-033,T-041,52.00,55.00
8124,3301.015,STOCK1,55.00,50,buy,T-033,T-041,52.00,55.00
8125,3301.015,STOCK1,55.00,950,buy,T-033,T-041,52.00,55.00
8126,3302.234,STOCK1,55.00,50,buy,T-002,T-041,52.00,55.00
8127,3302.234,STOCK1,55.00,1000,buy,T-002,T-041,52.00,55.00
8128,3302.234,STOCK1,55.00,950,buy,T-002,T-041,52.00,55.00
8129,3302.566,STOCK1,55.00,50,buy,T-001,T-041,52.00,55.00
8130,3302.566,STOCK1,55.00,450,buy,T-001,T-041,52.00,55.00
8131,3302.677,STOCK1,55.00,550,buy,T-002,T-041,52.00,55.00
8132,3302.677,STOCK1,55.00,1000,buy,T-002,T-041,52.00,55.00
8133,3302.677,STOCK1,55.00,450,buy,T-002,T-041,52.00,55.00
8134,3303.119,STOCK1,55.00,550,buy,T-002,T-041,52.00,55.00
8135,3303.119,STOCK1,55.00,1000,buy,T-002,T-041,52.00,55.00
8136,3303.119,STOCK1,55.00,450,buy,T-002,T-041,52.00,55.00
8137,3303.414,STOCK1,55.00,550,buy,T-002,T-041,52.00,55.00
8138,3303.414,STOCK1,55.00,1000,buy,T-002,T-041,52.00,55.00
8139,3303.414,STOCK1,55.00,450,buy,T-002,T-041,52.00,55.00
8140,3303.707,STOCK2,244.00,1000,buy,T-050,T-008,141.00,244.00
8141,3303.934,STOCK1,55.00,550,buy,T-002,T-041,52.00,55.00
8142,3303.934,STOCK1,55.00,1000,buy,T-002,T-041,52.00,55.00
8143,3303.934,STOCK1,55.00,450,buy,T-002,T-041,52.00,55.00
8144,3304.206,STOCK1,55.00,500,buy,T-043,T-041,52.00,55.00
8145,3304.236,STOCK1,55.00,50,buy,T-001,T-041,52.00,55.00
8146,3304.236,STOCK1,75.00,100,buy,T-001,T-051,52.00,55.00
8147,3304.236,STOCK1,79.00,350,buy,T-001,T-011,52.00,55.00
8148,3304.519,STOCK1,79.00,500,buy,T-001,T-011,52.00,79.00
8149,3304.786,STOCK1,79.00,500,buy,T-001,T-011,52.00,79.00
8150,3310.323,STOCK2,240.00,500,buy,T-025,T-055,150.00,240.00
8151,3310.801,STOCK1,55.00,100,buy,T-027,T-041,53.00,55.00
8152,3311.045,STOCK1,55.00,100,buy,T-027,T-041,53.00,55.00
8153,3311.992,STOCK2,240.00,500,buy,T-025,T-055,151.00,240.00
8154,3313.037,STOCK1,55.00,583,buy,T-015,T-041,53.00,55.00
8155,3313.037,STOCK1,79.00,150,buy,T-015,T-011,53.00,55.00
8156,3313.037,STOCK1,79.00,267,buy,T-015,T-045,53.00,55.00
8157,3313.308,STOCK1,79.00,500,buy,T-043,T-045,53.00,79.00
8158,3318.235,STOCK1,79.00,100,buy,T-027,T-045,53.00,79.00
8159,3324.979,STOCK1,53.00,300,sell,T-040,T-015,53.00,79.00
8160,3325.039,STOCK1,53.00,700,sell,T-040,T-036,53.00,79.00
8161,3325.039,STOCK1,53.00,1000,sell,T-040,T-036,53.00,79.00
8162,3325.039,STOCK1,53.00,1000,sell,T-040,T-036,53.00,79.00
8163,3325.039,STOCK1,52.00,1693,sell,T-032,T-036,53.00,79.00
8164,3325.039,STOCK1,52.00,607,sell,T-032,T-036,53.00,79.00
8165,3327.672,STOCK2,161.00,200,buy,T-047,T-041,160.00,161.00
8166,3329.052,STOCK2,161.00,200,buy,T-047,T-041,160.00,161.00
8167,3329.216,STOCK2,161.00,200,buy,T-047,T-041,160.00,161.00
8168,3329.893,STOCK1,53.00,1000,sell,T-040,ME,53.00,79.00
8169,3331.259,STOCK2,161.00,200,buy,T-048,T-041,160.00,161.00
8170,3331.491,STOCK1,53.00,1000,sell,T-040,ME,53.00,79.00
8171,3335.300,STOCK2,161.00,200,buy,T-050,T-041,160.00,161.00
8172,3335.300,STOCK2,161.00,800,buy,T-050,T-041,160.00,161.00
8173,3336.300,STOCK2,161.00,200,buy,T-047,T-041,160.00,161.00
8174,3336.454,STOCK2,161.00,200,buy,T-047,T-041,160.00,161.00
8175,3338.656,STOCK2,161.00,200,buy,T-047,T-041,160.00,161.00
8176,3338.819,STOCK2,161.00,200,buy,T-047,T-041,160.00,161.00
8177,3338.869,STOCK2,161.00,400,buy,T-019,T-041,160.00,161.00
8178,3338.869,STOCK2,161.00,600,buy,T-019,T-041,160.00,161.00
8179,3338.949,STOCK2,161.00,200,buy,T-047,T-041,160.00,161.00
8180,3339.715,STOCK2,161.00,200,buy,T-003,T-041,160.00,161.00
8181,3339.715,STOCK2,161.00,1000,buy,T-003,T-041,160.00,161.00
8182,3339.715,STOCK2,161.00,1000,buy,T-003,T-041,160.00,161.00
8183,3339.715,STOCK2,161.00,1000,buy,T-003,T-041,160.00,161.00
8184,3339.715,STOCK2,161.00,1000,buy,T-003,T-041,160.00,161.00
8185,3339.715,STOCK2,161.00,800,buy,T-003,T-041,160.00,161.00
8186,3340.528,STOCK2,161.00,200,buy,T-003,T-041,160.00,161.00
8187,3340.528,STOCK2,161.00,1000,buy,T-003,T-041,160.00,161.00
8188,3340.528,STOCK2,161.00,1000,buy,T-003,T-041,160.00,161.00
8189,3340.528,STOCK2,161.00,1000,buy,T-003,T-041,160.00,161.00
8190,3340.528,STOCK2,161.00,1000,buy,T-003,T-041,160.00,161.00
8191,3340.528,STOCK2,161.00,800,buy,T-003,T-041,160.00,161.00
8192,3342.943,STOCK2,161.00,200,buy,T-019,T-041,160.00,161.00
8193,3342.943,STOCK2,161.00,800,buy,T-019,T-041,160.00,161.00
8194,3343.700,STOCK2,161.00,200,buy,T-047,T-041,160.00,161.00
8195,3347.273,STOCK2,160.00,500,sell,T-051,T-019,160.00,199.00
8196,3347.273,STOCK2,160.00,500,sell,T-013,T-019,160.00,199.00
8197,3347.840,STOCK2,160.00,1000,sell,T-013,T-019,160.00,199.00
8198,3348.404,STOCK2,160.00,1000,sell,T-013,T-019,160.00,199.00
8199,3355.450,STOCK2,160.00,500,sell,T-013,T-019,160.00,180.00
8200,3355.450,STOCK2,157.00,450,sell,T-031,T-019,160.00,180.00
8201,3358.210,STOCK2,180.00,4000,buy,T-025,T-036,160.00,180.00
8202,3367.849,STOCK2,161.00,200,buy,T-047,T-041,160.00,161.00
8203,3369.752,STOCK2,161.00,200,buy,T-047,T-041,160.00,161.00
8204,3370.479,STOCK1,53.01,100,sell,T-032,T-027,53.01,74.00
8205,3370.774,STOCK1,53.01,100,sell,T-032,T-027,53.01,74.00
8206,3370.935,STOCK2,161.00,290,buy,T-025,T-041,160.00,161.00
8207,3370.935,STOCK2,170.00,1210,buy,T-025,T-036,160.00,161.00
8208,3371.030,STOCK1,53.01,100,sell,T-032,T-027,53.01,74.00
8209,3371.131,STOCK2,170.00,500,buy,T-006,T-036,160.00,170.00
8210,3371.287,STOCK1,53.01,100,sell,T-032,T-027,53.01,74.00
8211,3371.535,STOCK1,53.01,100,sell,T-032,T-027,53.01,74.00
8212,3371.910,STOCK1,70.00,1,sell,T-032,T-027,70.00,74.00
8213,3371.910,STOCK1,53.01,99,sell,T-032,T-027,70.00,74.00
8214,3372.429,STOCK1,53.01,100,sell,T-032,T-027,53.01,74.00
8215,3373.203,STOCK2,170.00,1500,buy,T-025,T-036,160.00,170.00
8216,3373.313,STOCK1,70.00,1,sell,T-032,T-027,70.00,74.00
8217,3373.313,STOCK1,53.01,99,sell,T-032,T-027,70.00,74.00
8218,3374.488,STOCK2,170.00,1790,buy,T-003,T-036,160.00,170.00
8219,3374.488,STOCK2,180.00,456,buy,T-003,T-036,160.00,170.00
8220,3374.488,STOCK2,180.00,500,buy,T-003,T-051,160.00,170.00
8221,3374.488,STOCK2,199.00,1000,buy,T-003,T-045,160.00,170.00
8222,3374.488,STOCK2,239.00,1000,buy,T-003,T-045,160.00,170.00
8223,3374.488,STOCK2,239.00,254,buy,T-003,T-045,160.00,170.00
8224,3374.618,STOCK2,239.00,746,buy,T-025,T-045,160.00,239.00
8225,3374.618,STOCK2,240.00,754,buy,T-025,T-055,160.00,239.00
8226,3377.251,STOCK2,240.00,246,buy,T-003,T-055,160.00,240.00
8227,3377.251,STOCK2,240.00,1000,buy,T-003,T-055,160.00,240.00
8228,3377.251,STOCK2,240.00,1000,buy,T-003,T-055,160.00,240.00
8229,3377.251,STOCK2,240.00,1000,buy,T-003,T-055,160.00,240.00
8230,3377.251,STOCK2,240.00,1000,buy,T-003,T-055,160.00,240.00
8231,3377.251,STOCK2,249.00,754,buy,T-003,T-045,160.00,240.00
8232,3379.933,STOCK2,160.00,3000,sell,T-013,T-003,160.00,249.00
8233,3379.933,STOCK2,157.00,1550,sell,T-031,T-003,160.00,249.00
8234,3379.933,STOCK2,156.00,450,sell,T-032,T-003,160.00,249.00
8235,3379.944,STOCK2,249.00,100,buy,T-027,T-045,156.00,249.00
8236,3380.176,STOCK2,249.00,100,buy,T-027,T-045,156.00,249.00
8237,3380.393,STOCK2,249.00,46,buy,T-027,T-045,156.00,249.00
8238,3380.393,STOCK2,249.00,54,buy,T-027,T-045,156.00,249.00
8239,3380.645,STOCK2,249.00,100,buy,T-027,T-045,156.00,249.00
8240,3381.209,STOCK2,156.00,4550,sell,T-032,T-003,156.00,249.00
8241,3381.209,STOCK2,147.00,450,sell,T-013,T-003,156.00,249.00
8242,3383.104,STOCK2,249.00,846,buy,T-050,T-045,147.00,249.00
8243,3383.104,STOCK2,249.00,154,buy,T-050,T-055,147.00,249.00
8244,3391.181,STOCK1,70.00,1,sell,T-032,T-027,70.00,74.00
8245,3393.668,STOCK1,53.01,500,sell,T-032,T-006,53.01,74.00
8246,3394.846,STOCK2,162.00,1581,sell,T-031,T-003,162.00,249.00
8247,3394.846,STOCK2,160.00,3419,sell,T-013,T-003,162.00,249.00
8248,3398.453,STOCK1,53.01,500,sell,T-032,T-006,53.01,74.00
8249,3398.907,STOCK1,53.01,500,sell,T-032,T-006,53.01,74.00
8250,3399.149,STOCK1,53.01,500,sell,T-032,T-006,53.01,74.00
8251,3399.415,STOCK1,53.01,500,sell,T-032,T-006,53.01,74.00
8252,3399.620,STOCK1,53.01,500,sell,T-032,T-006,53.01,74.00
8253,3399.923,STOCK1,53.01,500,sell,T-032,T-006,53.01,74.00
8254,3400.820,STOCK1,53.01,500,sell,T-032,T-006,53.01,74.00
8255,3401.072,STOCK1,53.01,202,sell,T-032,T-006,53.01,74.00
8256,3401.072,STOCK1,53.00,298,sell,T-040,T-006,53.01,74.00
8257,3401.923,STOCK1,53.00,500,sell,T-040,T-006,53.00,74.00
8258,3405.259,STOCK1,53.00,100,sell,T-040,T-027,53.00,70.00
8259,3405.904,STOCK1,53.00,100,sell,T-040,T-027,53.00,70.00
8260,3411.388,STOCK2,170.00,1000,sell,T-046,T-003,170.00,245.00
8261,3411.388,STOCK2,170.00,1000,sell,T-046,T-003,170.00,245.00
8262,3411.388,STOCK2,169.00,500,sell,T-030,T-003,170.00,245.00
8263,3411.388,STOCK2,162.00,2500,sell,T-032,T-003,170.00,245.00
8264,3415.418,STOCK2,178.00,5000,sell,T-013,T-003,178.00,245.00
8265,3425.387,STOCK2,240.00,500,buy,T-025,T-030,165.00,240.00
8266,3425.911,STOCK2,240.00,500,buy,T-025,T-046,165.00,240.00
8267,3426.041,STOCK2,165.00,1000,sell,T-045,T-003,165.00,240.00
8268,3426.041,STOCK2,165.00,1000,sell,T-045,T-003,165.00,240.00
8269,3426.041,STOCK2,162.00,2500,sell,T-032,T-003,165.00,240.00
8270,3426.041,STOCK2,161.00,500,sell,T-045,T-003,165.00,240.00
8271,3459.561,STOCK2,162.00,500,sell,T-051,T-003,162.00,238.00
8272,3459.561,STOCK2,161.00,500,sell,T-045,T-003,162.00,238.00
8273,3459.561,STOCK2,161.00,1000,sell,T-045,T-003,162.00,238.00
8274,3459.561,STOCK2,160.00,1581,sell,T-013,T-003,162.00,238.00
8275,3459.561,STOCK2,148.00,50,sell,T-032,T-003,162.00,238.00
8276,3459.561,STOCK2,147.00,1369,sell,T-013,T-003,162.00,238.00
8277,3485.902,STOCK1,56.00,100,sell,T-032,T-027,56.00,68.00
8278,3486.433,STOCK1,56.00,100,sell,T-032,T-027,56.00,68.00
8279,3486.606,STOCK1,56.00,100,sell,T-032,T-027,56.00,68.00
8280,3486.790,STOCK1,56.00,100,sell,T-032,T-027,56.00,68.00
8281,3486.972,STOCK1,56.00,100,sell,T-032,T-027,56.00,68.00
8282,3494.639,STOCK1,68.00,10,buy,T-021,T-011,58.00,68.00
8283,3494.763,STOCK1,68.00,10,buy,T-021,T-011,58.00,68.00
8284,3494.896,STOCK1,68.00,10,buy,T-021,T-011,58.00,68.00
8285,3495.019,STOCK1,68.00,10,buy,T-021,T-011,58.00,68.00
8286,3495.150,STOCK1,68.00,10,buy,T-021,T-011,58.00,68.00
8287,3495.264,STOCK1,68.00,10,buy,T-021,T-011,58.00,68.00
8288,3495.395,STOCK1,68.00,10,buy,T-021,T-011,58.00,68.00
8289,3495.518,STOCK1,68.00,10,buy,T-021,T-011,58.00,68.00
8290,3495.648,STOCK1,68.00,10,buy,T-021,T-011,58.00,68.00
8291,3495.773,STOCK1,68.00,10,buy,T-021,T-011,58.00,68.00
8292,3495.894,STOCK1,68.00,10,buy,T-021,T-011,58.00,68.00
8293,3496.027,STOCK1,68.00,10,buy,T-021,T-011,58.00,68.00
8294,3496.159,STOCK1,68.00,10,buy,T-021,T-011,58.00,68.00
8295,3496.280,STOCK1,68.00,10,buy,T-021,T-011,58.00,68.00
8296,3496.420,STOCK1,68.00,10,buy,T-021,T-011,58.00,68.00
8297,3496.540,STOCK1,68.00,10,buy,T-021,T-011,58.00,68.00
8298,3496.671,STOCK1,68.00,10,buy,T-021,T-011,58.00,68.00
8299,3496.801,STOCK1,68.00,10,buy,T-021,T-011,58.00,68.00
8300,3496.933,STOCK1,68.00,10,buy,T-021,T-011,58.00,68.00
8301,3497.054,STOCK1,68.00,10,buy,T-021,T-011,58.00,68.00
8302,3497.669,STOCK2,152.00,100,sell,T-030,T-003,152.00,217.90
8303,3497.669,STOCK2,152.00,100,sell,T-030,T-003,152.00,217.90
8304,3497.669,STOCK2,152.00,100,sell,T-030,T-003,152.00,217.90
8305,3497.669,STOCK2,152.00,100,sell,T-030,T-003,152.00,217.90
8306,3497.669,STOCK2,152.00,100,sell,T-030,T-003,152.00,217.90
8307,3497.669,STOCK2,151.00,1500,sell,T-031,T-003,152.00,217.90
8308,3499.190,STOCK1,68.00,10,buy,T-021,T-011,58.00,68.00
8309,3502.898,STOCK2,151.00,500,sell,T-031,T-003,151.00,215.00
8310,3506.762,STOCK1,66.00,500,buy,T-021,T-046,58.00,66.00
8311,3506.762,STOCK1,66.00,500,buy,T-021,T-046,58.00,66.00
8312,3506.886,STOCK1,67.00,589,buy,T-021,T-045,58.00,67.00
8313,3506.886,STOCK1,67.00,411,buy,T-021,T-045,58.00,67.00
8314,3507.026,STOCK1,67.00,178,buy,T-021,T-045,58.00,67.00
8315,3507.026,STOCK1,67.00,589,buy,T-021,T-045,58.00,67.00
8316,3507.026,STOCK1,67.00,233,buy,T-021,T-045,58.00,67.00
8317,3507.147,STOCK1,67.00,356,buy,T-021,T-045,58.00,67.00
8318,3507.147,STOCK1,67.00,589,buy,T-021,T-045,58.00,67.00
8319,3507.147,STOCK1,67.00,55,buy,T-021,T-045,58.00,67.00
8320,3507.267,STOCK1,66.00,500,buy,T-021,T-046,58.00,66.00
8321,3507.267,STOCK1,67.00,500,buy,T-021,T-045,58.00,66.00
8322,3507.387,STOCK1,65.00,589,buy,T-021,T-045,58.00,65.00
8323,3507.387,STOCK1,67.00,34,buy,T-021,T-045,58.00,65.00
8324,3507.387,STOCK1,67.00,377,buy,T-021,T-045,58.00,65.00
8325,3507.528,STOCK1,67.00,212,buy,T-021,T-045,58.00,67.00
8326,3507.528,STOCK1,68.00,788,buy,T-021,T-011,58.00,67.00
8327,3507.649,STOCK1,65.00,589,buy,T-021,T-045,58.00,65.00
8328,3507.649,STOCK1,68.00,411,buy,T-021,T-011,58.00,65.00
8329,3507.789,STOCK1,68.00,290,buy,T-021,T-011,58.00,68.00
8330,3507.789,STOCK1,69.00,710,buy,T-021,T-045,58.00,68.00
8331,3507.926,STOCK1,69.00,290,buy,T-021,T-045,58.00,69.00
8332,3507.926,STOCK1,69.00,710,buy,T-021,T-045,58.00,69.00
8333,3508.018,STOCK1,69.00,290,buy,T-021,T-045,58.00,69.00
8334,3508.018,STOCK1,69.00,710,buy,T-021,T-045,58.00,69.00
8335,3508.140,STOCK1,69.00,290,buy,T-021,T-045,58.00,69.00
8336,3508.140,STOCK1,69.00,710,buy,T-021,T-045,58.00,69.00
8337,3508.280,STOCK1,69.00,290,buy,T-021,T-045,58.00,69.00
8338,3508.280,STOCK1,69.00,710,buy,T-021,T-045,58.00,69.00
8339,3508.392,STOCK1,69.00,290,buy,T-021,T-045,58.00,69.00
8340,3508.392,STOCK1,70.00,710,buy,T-021,T-036,58.00,69.00
8341,3508.523,STOCK1,70.00,1000,buy,T-021,T-036,58.00,70.00
8342,3508.643,STOCK1,70.00,824,buy,T-021,T-036,58.00,70.00
8343,3508.643,STOCK1,73.00,176,buy,T-021,T-029,58.00,70.00
8344,3508.766,STOCK1,73.00,1000,buy,T-021,T-029,58.00,73.00
8345,3508.868,STOCK1,58.00,1000,sell,T-040,T-036,58.00,73.00
8346,3508.868,STOCK1,58.00,1000,sell,T-040,T-036,58.00,73.00
8347,3508.868,STOCK1,56.00,534,sell,T-032,T-036,58.00,73.00
8348,3508.898,STOCK1,73.00,824,buy,T-021,T-029,56.00,73.00
8349,3508.898,STOCK1,74.00,176,buy,T-021,T-045,56.00,73.00
8350,3509.012,STOCK1,74.00,824,buy,T-021,T-045,56.00,74.00
8351,3509.012,STOCK1,74.00,176,buy,T-021,T-045,56.00,74.00
8352,3509.154,STOCK1,74.00,824,buy,T-021,T-045,56.00,74.00
8353,3509.154,STOCK1,74.00,176,buy,T-021,T-045,56.00,74.00
8354,3509.286,STOCK1,74.00,824,buy,T-021,T-045,56.00,74.00
8355,3509.286,STOCK1,79.00,133,buy,T-021,T-045,56.00,74.00
8356,3509.286,STOCK1,79.00,43,buy,T-021,T-045,56.00,74.00
8357,3509.418,STOCK1,79.00,957,buy,T-021,T-045,56.00,79.00
8358,3509.418,STOCK1,79.00,43,buy,T-021,T-045,56.00,79.00
8359,3509.528,STOCK1,79.00,957,buy,T-021,T-045,56.00,79.00
8360,3509.528,STOCK1,79.00,43,buy,T-021,T-045,56.00,79.00
8361,3509.658,STOCK1,79.00,957,buy,T-021,T-045,56.00,79.00
8362,3509.658,STOCK1,85.00,43,buy,T-021,T-016,56.00,79.00
8363,3509.780,STOCK1,85.00,1000,buy,T-021,T-016,56.00,85.00
8364,3510.042,STOCK1,85.00,1000,buy,T-021,T-016,56.00,85.00
8365,3510.276,STOCK1,85.00,1000,buy,T-021,T-016,56.00,85.00
8366,3510.407,STOCK1,85.00,1000,buy,T-021,T-016,56.00,85.00
8367,3510.662,STOCK1,85.00,957,buy,T-021,T-016,56.00,85.00
8368,3510.662,STOCK1,97.00,43,buy,T-021,T-029,56.00,85.00
8369,3510.788,STOCK1,97.00,957,buy,T-021,T-029,56.00,97.00
8370,3510.788,STOCK1,100.00,43,buy,T-021,T-016,56.00,97.00
8371,3511.040,STOCK1,100.00,1000,buy,T-021,T-016,56.00,100.00
8372,3511.173,STOCK1,100.00,457,buy,T-021,T-016,56.00,100.00
8373,3511.173,STOCK1,120.00,543,buy,T-021,T-013,56.00,100.00
8374,3511.425,STOCK1,120.00,1000,buy,T-021,T-013,56.00,120.00
8375,3511.678,STOCK1,120.00,457,buy,T-021,T-013,56.00,120.00
8376,3511.678,STOCK1,124.00,543,buy,T-021,T-013,56.00,120.00
8377,3511.799,STOCK1,124.00,1000,buy,T-021,T-013,56.00,124.00
8378,3512.050,STOCK1,124.00,457,buy,T-021,T-013,56.00,124.00
8379,3512.050,STOCK1,125.00,543,buy,T-021,T-016,56.00,124.00
8380,3512.172,STOCK1,125.00,1000,buy,T-021,T-016,56.00,125.00
8381,3512.432,STOCK1,125.00,1000,buy,T-021,T-016,56.00,125.00
8382,3512.675,STOCK1,125.00,1000,buy,T-021,T-016,56.00,125.00
8383,3512.817,STOCK1,125.00,1000,buy,T-021,T-016,56.00,125.00
8384,3513.044,STOCK1,125.00,457,buy,T-021,T-016,56.00,125.00
8385,3513.044,STOCK1,130.00,543,buy,T-021,T-016,56.00,125.00
8386,3513.176,STOCK1,130.00,1000,buy,T-021,T-016,56.00,130.00
8387,3513.422,STOCK1,130.00,1000,buy,T-021,T-016,56.00,130.00
8388,3513.675,STOCK1,130.00,1000,buy,T-021,T-016,56.00,130.00
8389,3513.799,STOCK1,130.00,1000,buy,T-021,T-016,56.00,130.00
8390,3514.061,STOCK1,130.00,457,buy,T-021,T-016,56.00,130.00
8391,3514.061,STOCK1,170.00,543,buy,T-021,T-046,56.00,130.00
8392,3514.184,STOCK1,170.00,457,buy,T-021,T-046,56.00,170.00
8393,3514.184,STOCK1,900.00,543,buy,T-021,T-032,56.00,170.00
8394,3514.438,STOCK1,500.00,1000,buy,T-021,T-040,56.00,500.00
8395,3514.568,STOCK1,900.00,457,buy,T-021,T-032,56.00,900.00
8396,3514.568,STOCK1,900.00,543,buy,T-021,T-032,56.00,900.00
8397,3514.822,STOCK1,500.00,1000,buy,T-021,T-040,56.00,500.00
8398,3514.904,STOCK2,200.00,100,buy,T-047,T-030,147.00,200.00
8399,3514.904,STOCK2,200.00,100,buy,T-047,T-030,147.00,200.00
8400,3514.904,STOCK2,200.00,100,buy,T-047,T-030,147.00,200.00
8401,3514.904,STOCK2,200.00,100,buy,T-047,T-030,147.00,200.00
8402,3514.904,STOCK2,200.00,100,buy,T-047,T-030,147.00,200.00
8403,3514.904,STOCK2,210.00,300,buy,T-047,T-031,147.00,200.00
8404,3515.076,STOCK1,900.00,457,buy,T-021,T-032,56.00,900.00
8405,3515.076,STOCK1,1000.00,543,buy,T-021,T-019,56.00,900.00
8406,3515.207,STOCK1,1000.00,407,buy,T-021,T-019,56.00,1000.00
8407,3515.207,STOCK1,1000.00,500,buy,T-021,T-046,56.00,1000.00
8408,3515.207,STOCK1,1000.00,93,buy,T-021,T-046,56.00,1000.00
8409,3515.336,STOCK1,1000.00,407,buy,T-036,T-046,56.00,1000.00
8410,3515.336,STOCK1,2000.00,950,buy,T-036,T-019,56.00,1000.00
8411,3515.336,STOCK1,3000.00,950,buy,T-036,T-019,56.00,1000.00
8412,3515.336,STOCK1,4000.00,227,buy,T-036,T-019,56.00,1000.00
8413,3516.067,STOCK2,210.00,1000,buy,T-050,T-031,147.00,210.00
8414,3523.514,STOCK1,1000.00,500,buy,T-021,T-046,57.00,1000.00
8415,3523.514,STOCK1,2000.00,499,buy,T-021,T-032,57.00,1000.00
8416,3523.797,STOCK1,2000.00,999,buy,T-021,T-032,57.00,2000.00
8417,3523.838,STOCK1,2000.00,999,buy,T-021,T-032,57.00,2000.00
8418,3523.961,STOCK1,2000.00,999,buy,T-021,T-032,57.00,2000.00
8419,3524.093,STOCK1,2000.00,999,buy,T-021,T-032,57.00,2000.00
8420,3524.346,STOCK1,2000.00,505,buy,T-021,T-032,57.00,2000.00
8421,3524.346,STOCK1,2000.00,494,buy,T-021,T-032,57.00,2000.00
8422,3524.346,STOCK1,2000.00,999,buy,T-021,T-032,57.00,2000.00
8423,3524.427,STOCK2,210.00,200,buy,T-048,T-031,147.00,210.00
8424,3524.833,STOCK1,2000.00,999,buy,T-021,T-032,60.00,2000.00
8425,3524.863,STOCK1,2000.00,999,buy,T-021,T-032,60.00,2000.00
8426,3525.449,STOCK1,2000.00,999,buy,T-021,T-032,60.00,2000.00
8427,3525.459,STOCK1,2000.00,510,buy,T-021,T-032,60.00,2000.00
8428,3525.459,STOCK1,2000.00,489,buy,T-021,T-040,60.00,2000.00
8429,3526.091,STOCK1,2000.00,511,buy,T-021,T-040,60.00,2000.00
8430,3526.091,STOCK1,4000.00,488,buy,T-021,T-019,60.00,2000.00
8431,3526.930,STOCK1,4000.00,235,buy,T-021,T-019,60.00,4000.00
8432,3526.930,STOCK1,5000.00,764,buy,T-021,T-046,60.00,4000.00
8433,3526.940,STOCK1,5000.00,236,buy,T-021,T-046,60.00,5000.00
8434,3526.940,STOCK1,5000.00,763,buy,T-021,T-046,60.00,5000.00
8435,3528.061,STOCK1,5000.00,237,buy,T-021,T-046,60.00,5000.00
8436,3528.061,STOCK1,5000.00,762,buy,T-021,T-019,60.00,5000.00
8437,3529.236,STOCK1,1000.00,999,buy,T-021,T-038,60.00,1000.00
8438,3530.744,STOCK1,1000.00,1,buy,T-021,T-038,60.00,1000.00
8439,3530.744,STOCK1,4000.00,998,buy,T-021,T-013,60.00,1000.00
8440,3532.415,STOCK1,3000.00,999,buy,T-021,T-037,60.00,3000.00
8441,3532.659,STOCK1,60.00,100,sell,T-016,T-027,60.00,3000.00
8442,3534.445,STOCK1,60.00,100,sell,T-016,T-027,60.00,3000.00
8443,3534.535,STOCK1,3000.00,999,buy,T-021,T-037,60.00,3000.00
8444,3535.511,STOCK1,60.00,100,sell,T-016,T-027,60.00,3000.00
8445,3536.099,STOCK1,60.00,100,sell,T-016,T-027,60.00,3000.00
8446,3536.595,STOCK1,60.00,100,sell,T-016,T-027,60.00,3000.00
8447,3537.030,STOCK1,3000.00,999,buy,T-021,T-037,60.00,3000.00
8448,3539.632,STOCK1,2000.00,500,buy,T-021,T-046,60.10,2000.00
8449,3539.632,STOCK1,2000.00,499,buy,T-021,T-046,60.10,2000.00
8450,3541.451,STOCK2,208.00,500,buy,T-050,T-031,147.00,208.00
8451,3541.451,STOCK2,209.00,500,buy,T-050,T-045,147.00,208.00
8452,3542.051,STOCK2,147.00,181,sell,T-013,T-003,147.00,209.00
8453,3542.552,STOCK1,1000.00,999,buy,T-021,T-038,60.10,1000.00
8454,3542.592,STOCK1,1000.00,1,buy,T-021,T-038,60.10,1000.00
8455,3542.592,STOCK1,2000.00,1,buy,T-021,T-046,60.10,1000.00
8456,3542.592,STOCK1,2000.00,500,buy,T-021,T-046,60.10,1000.00
8457,3542.592,STOCK1,2999.00,497,buy,T-021,T-041,60.10,1000.00
8458,3544.853,STOCK1,2999.00,503,buy,T-021,T-041,60.10,2999.00
8459,3544.853,STOCK1,2999.00,496,buy,T-021,T-041,60.10,2999.00
8460,3546.420,STOCK1,1000.00,999,buy,T-021,T-038,60.10,1000.00
8461,3548.181,STOCK1,1000.00,1,buy,T-021,T-038,60.11,1000.00
8462,3548.181,STOCK1,2000.00,998,buy,T-021,T-013,60.11,1000.00
8463,3549.923,STOCK1,2000.00,999,buy,T-021,T-013,60.11,2000.00
8464,3551.496,STOCK1,1000.00,999,buy,T-021,T-029,60.11,1000.00
8465,3554.960,STOCK1,1000.00,999,buy,T-021,T-029,63.00,1000.00
8466,3555.102,STOCK1,1000.00,2,buy,T-021,T-029,63.00,1000.00
8467,3555.102,STOCK1,1000.00,500,buy,T-021,T-046,63.00,1000.00
8468,3555.102,STOCK1,1000.00,497,buy,T-021,T-046,63.00,1000.00
8469,3556.749,STOCK1,1000.00,3,buy,T-021,T-046,63.00,1000.00
8470,3556.749,STOCK1,1000.00,500,buy,T-021,T-046,63.00,1000.00
8471,3556.749,STOCK1,2000.00,496,buy,T-021,T-013,63.00,1000.00
8472,3558.207,STOCK1,2000.00,999,buy,T-021,T-013,65.00,2000.00
8473,3559.811,STOCK1,2000.00,999,buy,T-021,T-013,65.00,2000.00
8474,3561.375,STOCK1,2000.00,509,buy,T-021,T-013,100.00,2000.00
8475,3561.375,STOCK1,3000.00,490,buy,T-021,T-037,100.00,2000.00
8476,3562.001,STOCK1,100.00,594,sell,T-016,T-033,100.00,3000.00
8477,3563.112,STOCK1,3000.00,999,buy,T-021,T-037,100.00,3000.00
8478,3564.686,STOCK1,3000.00,514,buy,T-021,T-037,100.00,3000.00
8479,3564.686,STOCK1,3000.00,485,buy,T-021,T-032,100.00,3000.00
8480,3564.844,STOCK1,101.00,100,sell,T-045,T-027,101.00,3000.00
8481,3565.971,STOCK1,101.00,900,sell,T-045,T-002,101.00,3000.00
8482,3565.971,STOCK1,101.00,1000,sell,T-045,T-002,101.00,3000.00
8483,3565.971,STOCK1,101.00,100,sell,T-045,T-002,101.00,3000.00
8484,3566.480,STOCK1,3000.00,999,buy,T-021,T-032,101.00,3000.00
8485,3566.606,STOCK1,101.00,100,sell,T-045,T-027,101.00,3000.00
8486,3567.163,STOCK1,101.00,100,sell,T-045,T-027,101.00,3000.00
8487,3568.176,STOCK2,205.00,200,buy,T-048,T-051,145.00,205.00
8488,3568.338,STOCK1,3000.00,999,buy,T-021,T-032,101.00,3000.00
8489,3568.469,STOCK1,101.00,100,sell,T-045,T-027,101.00,3000.00
8490,3568.883,STOCK1,150.00,500,sell,T-046,T-002,150.00,1000.00
8491,3568.883,STOCK1,101.00,600,sell,T-045,T-002,150.00,1000.00
8492,3568.883,STOCK1,101.00,900,sell,T-045,T-002,150.00,1000.00
8493,3569.034,STOCK1,150.00,100,sell,T-046,T-027,150.00,1000.00
8494,3569.164,STOCK2,205.00,200,buy,T-048,T-051,145.00,205.00
8495,3569.759,STOCK1,150.00,100,sell,T-046,T-027,150.00,1000.00
8496,3570.425,STOCK1,150.00,100,sell,T-046,T-027,150.00,1000.00
8497,3570.566,STOCK1,150.00,200,sell,T-046,T-002,150.00,1000.00
8498,3570.566,STOCK1,101.00,100,sell,T-045,T-002,150.00,1000.00
8499,3570.566,STOCK1,100.00,1700,sell,T-016,T-002,150.00,1000.00
8500,3571.037,STOCK1,100.00,100,sell,T-016,T-027,100.00,1000.00
8501,3571.644,STOCK1,1000.00,999,buy,T-021,T-038,100.00,1000.00
8502,3572.199,STOCK1,100.00,100,sell,T-016,T-027,100.00,1000.00
8503,3572.985,STOCK1,100.00,100,sell,T-016,T-027,100.00,1000.00
8504,3574.031,STOCK1,100.00,100,sell,T-016,T-027,100.00,1000.00
8505,3574.526,STOCK1,100.00,100,sell,T-046,T-027,100.00,1000.00
8506,3575.222,STOCK1,150.00,100,sell,T-046,T-027,150.00,1000.00
8507,3575.335,STOCK2,200.00,800,buy,T-047,T-045,145.00,200.00
8508,3575.456,STOCK1,150.00,400,sell,T-046,T-050,150.00,1000.00
8509,3575.456,STOCK1,100.00,100,sell,T-046,T-050,150.00,1000.00
8510,3575.699,STOCK1,999.00,999,buy,T-021,T-029,100.00,999.00
8511,3575.909,STOCK1,100.00,100,sell,T-046,T-027,100.00,999.00
8512,3576.799,STOCK1,100.00,100,sell,T-046,T-027,100.00,999.00
8513,3577.457,STOCK1,100.00,100,sell,T-046,T-027,100.00,999.00
8514,3577.688,STOCK1,100.00,500,sell,T-046,T-025,100.00,999.00
8515,3579.205,STOCK1,150.00,100,sell,T-046,T-027,150.00,999.00
8516,3579.265,STOCK1,150.00,400,sell,T-046,T-025,150.00,999.00
8517,3579.265,STOCK1,68.00,100,sell,T-045,T-025,150.00,999.00
8518,3580.616,STOCK2,145.00,1000,sell,T-046,T-003,145.00,200.00
8519,3587.931,STOCK1,69.00,500,sell,T-037,T-025,69.00,800.00
8520,3588.921,STOCK2,200.00,200,buy,T-047,T-045,140.00,200.00
8521,3588.921,STOCK2,200.00,100,buy,T-047,T-051,140.00,200.00
8522,3588.921,STOCK2,209.00,500,buy,T-047,T-045,140.00,200.00
8523,3589.496,STOCK1,69.00,500,sell,T-037,T-025,69.00,800.00
8524,3590.663,STOCK1,69.00,500,sell,T-037,T-025,69.00,800.00
8525,3591.480,STOCK2,140.00,1000,sell,T-013,T-003,140.00,217.90
8526,3591.942,STOCK1,70.00,500,sell,T-045,T-025,70.00,800.00
8527,3591.952,STOCK2,217.90,589,buy,T-047,T-045,140.00,217.90
8528,3591.952,STOCK2,217.90,211,buy,T-047,T-045,140.00,217.90
8529,3593.176,STOCK2,140.00,500,sell,T-013,T-003,140.00,217.90
8530,3593.176,STOCK2,140.00,500,sell,T-013,T-003,140.00,217.90
8531,3593.247,STOCK2,217.90,378,buy,T-027,T-045,140.00,217.90
8532,3593.247,STOCK2,219.00,589,buy,T-027,T-045,140.00,217.90
8533,3593.247,STOCK2,239.00,33,buy,T-027,T-046,140.00,217.90
8534,3593.569,STOCK1,70.00,500,sell,T-045,T-025,70.00,800.00
8535,3594.153,STOCK2,140.00,1000,sell,T-013,T-003,140.00,239.00
8536,3594.549,STOCK1,100.00,500,sell,T-013,T-025,100.00,800.00
8537,3594.972,STOCK1,100.00,500,sell,T-013,T-025,100.00,800.00
8538,3595.174,STOCK1,100.00,500,sell,T-013,T-025,100.00,800.00
8539,3595.304,STOCK1,100.00,500,sell,T-013,T-025,100.00,800.00
8540,3595.324,STOCK1,100.00,1000,sell,T-013,T-050,100.00,800.00
8541,3595.445,STOCK1,100.00,500,sell,T-013,T-025,100.00,800.00
8542,3595.575,STOCK1,100.00,500,sell,T-013,T-025,100.00,800.00
8543,3595.759,STOCK1,100.00,500,sell,T-013,T-025,100.00,800.00
8544,3595.769,STOCK1,100.00,500,sell,T-013,T-050,100.00,800.00
8545,3595.769,STOCK1,100.00,500,sell,T-013,T-050,100.00,800.00
8546,3595.841,STOCK1,100.00,2000,sell,T-013,T-002,100.00,800.00
8547,3595.963,STOCK1,100.00,500,sell,T-013,T-025,100.00,800.00
8548,3596.188,STOCK1,100.00,500,sell,T-013,T-025,100.00,800.00
8549,3597.084,STOCK1,100.00,500,sell,T-013,T-025,100.00,150.00
8550,3597.347,STOCK1,100.00,1000,sell,T-013,T-050,100.00,150.00
