t_sec,symbol,bid,bid_size,ask,ask_size
0.000,S1,,,,
0.827,S1,11.00,1000,,
7.971,S1,11.00,1000,110.00,1000
9.544,S1,11.00,1000,110.00,990
10.608,S1,11.00,1000,110.00,1000
14.534,S1,11.00,990,110.00,1000
15.012,S1,11.00,990,,
15.032,S1,95.00,10,,
18.081,S1,95.00,10,100000.00,1000
19.816,S1,95.00,10,100000.00,990
19.927,S1,95.00,10,100000.00,980
21.714,S1,95.00,10,100000.00,970
26.089,S1,95.00,10,100000.00,960
27.187,S1,100.00,1000,100000.00,960
27.583,S1,100.00,1000,90000.00,100
32.919,S1,100.00,990,90000.00,100
36.606,S1,100.00,990,90000.00,90
37.249,S1,100.00,990,90000.00,80
37.819,S1,100.00,990,90000.00,70
37.870,S1,100.00,990,90000.00,60
38.389,S1,100.00,990,90000.00,50
38.927,S1,100.00,990,90000.00,40
39.899,S1,100.00,990,90000.00,30
40.040,S1,100.00,990,80000.00,1000
43.756,S1,100.00,990,125.00,10
45.854,S1,100.00,990,80000.00,1000
46.339,S1,100.00,990,80000.00,990
46.719,S1,100.00,990,80000.00,980
47.235,S1,100.00,990,80000.00,970
47.588,S1,100.00,990,80000.00,960
47.933,S1,100.00,990,80000.00,950
48.786,S1,100.00,990,80000.00,945
57.316,S1,100.00,990,80000.00,935
57.774,S1,100.00,990,10000.00,100
58.836,S1,105.00,10,10000.00,100
59.892,S1,100.00,990,10000.00,100
60.613,S1,110.00,100,10000.00,100
65.879,S1,110.00,100,5000.00,1000
67.759,S1,110.00,90,5000.00,1000
68.510,S1,110.00,90,5000.00,990
68.800,S1,110.00,90,8500.00,990
69.013,S1,110.00,90,8500.00,980
69.358,S1,110.00,90,8500.00,970
69.677,S1,110.00,90,8500.00,960
70.008,S1,110.00,90,8500.00,950
70.351,S1,110.00,90,8500.00,940
70.657,S1,110.00,90,8500.00,930
70.910,S1,110.00,90,8500.00,920
71.123,S1,110.00,90,8500.00,910
71.334,S1,110.00,90,8500.00,900
71.526,S1,110.00,90,8500.00,890
71.726,S1,110.00,90,8500.00,880
71.909,S1,110.00,90,8500.00,870
72.081,S1,110.00,90,8500.00,860
72.273,S1,110.00,90,8500.00,850
72.494,S1,110.00,90,8500.00,840
72.677,S1,110.00,90,8500.00,830
72.892,S1,110.00,90,8500.00,820
73.347,S1,110.00,90,80000.00,855
75.290,S1,110.00,90,1000.00,1000
75.474,S1,110.00,90,1000.00,2000
75.646,S1,110.00,90,1000.00,3000
75.697,S1,200.00,1000,1000.00,3000
75.728,S1,200.00,995,1000.00,3000
80.519,S1,200.00,995,1000.00,2990
81.537,S1,200.00,995,1000.00,2980
81.749,S1,210.00,1000,1000.00,2980
83.069,S1,210.00,1000,1000.00,2970
83.604,S1,210.00,1000,1000.00,2960
85.312,S1,210.00,1000,900.00,1000
87.159,S1,210.00,1000,1000.00,2960
88.500,S1,210.00,1000,1000.00,2950
89.039,S1,210.00,1000,1000.00,2940
92.117,S1,210.00,1000,1000.00,2930
92.778,S1,210.00,1000,800.00,1000
93.276,S1,210.00,1000,800.00,900
95.727,S1,210.00,1000,800.00,890
95.928,S1,210.00,1000,800.00,790
96.101,S1,210.00,1000,800.00,780
96.313,S1,210.00,1000,800.00,680
96.686,S1,210.00,1000,800.00,580
97.030,S1,210.00,1000,800.00,480
97.364,S1,210.00,1000,800.00,470
97.385,S1,210.00,1000,800.00,370
97.538,S1,210.00,1000,800.00,360
97.709,S1,210.00,1000,800.00,260
97.913,S1,210.00,1000,800.00,250
97.933,S1,210.50,1000,800.00,250
98.054,S1,210.50,1000,800.00,150
98.336,S1,210.50,1000,800.00,50
98.336,S1,210.50,1000,800.00,40
98.630,S1,210.50,1000,1000.00,2870
98.922,S1,210.50,1000,1000.00,2770
99.275,S1,210.50,1000,1000.00,2670
99.375,S1,210.50,1000,800.00,1000
99.632,S1,210.50,1000,800.00,900
99.976,S1,210.50,1000,800.00,800
100.277,S1,210.50,1000,800.00,700
100.537,S1,210.50,1000,800.00,600
100.619,S1,210.50,1000,800.00,1600
100.791,S1,210.50,1000,800.00,1500
101.045,S1,210.50,1000,800.00,1400
101.065,S1,210.50,1000,800.00,1390
101.289,S1,210.50,1000,800.00,1290
101.551,S1,210.50,1000,800.00,1190
101.774,S1,210.50,1000,800.00,1090
101.945,S1,210.50,1000,800.00,1080
101.986,S1,210.50,1000,800.00,980
102.167,S1,210.50,1000,800.00,880
102.308,S1,210.50,1000,800.00,870
102.359,S1,210.50,1000,800.00,1870
102.379,S1,210.50,1000,800.00,1770
102.509,S1,210.50,1000,800.00,1760
102.559,S1,210.50,1000,800.00,1660
102.662,S1,210.50,1000,800.00,1650
102.756,S1,210.50,1000,800.00,1550
102.867,S1,210.50,1000,800.00,1540
102.937,S1,210.50,1000,800.00,1440
103.111,S1,210.50,1000,800.00,1340
103.293,S1,210.50,1000,800.00,1240
103.677,S1,210.50,1000,800.00,1140
104.494,S1,210.50,1000,800.00,140
105.694,S1,210.50,1000,800.00,1140
106.969,S1,210.50,1000,800.00,1040
107.190,S1,210.50,1000,800.00,940
107.421,S1,210.50,1000,800.00,840
107.604,S1,210.50,1000,800.00,740
107.794,S1,210.50,1000,800.00,640
107.966,S1,210.50,1000,800.00,540
108.139,S1,210.50,1000,800.00,440
108.200,S1,210.50,1000,800.00,1440
108.320,S1,210.50,1000,800.00,1340
108.502,S1,210.50,1000,800.00,1240
108.682,S1,210.50,1000,800.00,1140
108.876,S1,210.50,1000,800.00,1040
109.046,S1,210.50,1000,800.00,940
109.238,S1,210.50,1000,800.00,840
109.429,S1,210.50,1000,800.00,740
110.010,S1,210.50,1000,800.00,1740
110.475,S1,210.50,1000,800.00,740
111.342,S1,210.50,1000,800.00,1740
111.759,S1,300.00,100,800.00,1740
112.792,S1,300.00,100,800.00,1640
112.993,S1,300.00,100,800.00,1540
113.185,S1,300.00,100,800.00,1440
114.328,S1,300.00,100,800.00,440
114.965,S1,350.00,1000,800.00,440
115.772,S1,350.00,1000,800.00,1440
116.105,S1,350.00,1000,800.00,440
117.453,S1,350.00,1000,1000.00,2110
117.709,S1,350.00,1000,800.00,1000
119.131,S1,350.00,1000,1000.00,2110
119.556,S1,350.00,1000,1000.00,1110
120.555,S1,350.00,1000,1000.00,110
121.294,S1,350.00,1000,800.00,1000
121.395,S1,350.00,1000,1000.00,110
121.466,S1,350.00,1000,5000.00,110
121.773,S1,350.00,1000,79000.00,120
121.962,S1,350.00,1000,100000.00,1945
122.063,S1,350.00,1000,800.00,1000
122.284,S1,350.00,1000,100000.00,1945
122.305,S1,350.00,1000,100000.00,945
122.478,S1,350.00,1000,,
122.632,S1,350.00,1000,800.00,100
122.810,S1,350.00,1000,,
123.248,S1,350.00,1000,800.00,1000
123.458,S1,350.00,1000,,
124.126,S1,350.00,1000,800.00,1000
125.280,S1,350.00,1000,,
126.242,S1,700.00,100,,
127.144,S1,700.00,100,800000.00,1000
127.279,S1,700.00,100,800000.00,990
127.929,S1,700.00,100,800000.00,980
128.675,S1,700.00,100,800000.00,1980
128.777,S1,700.00,100,800000.00,1970
129.413,S1,700.00,100,5000.00,1000
129.413,S1,700.00,100,5000.00,990
130.055,S1,700.00,100,5000.00,980
130.075,S1,700.00,90,5000.00,980
130.527,S1,700.00,90,5000.00,880
130.690,S1,700.00,90,5000.00,870
130.932,S1,700.00,90,800.00,1000
131.055,S1,700.00,90,800.00,990
131.450,S1,700.00,90,800.00,980
131.723,S1,700.00,90,800.00,970
131.745,S1,700.00,90,800.00,470
131.937,S1,700.00,90,5000.00,840
131.978,S1,700.00,90,5000.00,830
132.149,S1,700.00,90,5000.00,330
132.330,S1,700.00,90,800000.00,1810
132.492,S1,700.00,90,800000.00,1800
132.522,S1,700.00,90,800000.00,1300
132.676,S1,700.00,90,800000.00,800
132.860,S1,700.00,90,800000.00,300
132.910,S1,700.00,90,800000.00,290
133.042,S1,700.00,90,8000000.00,790
133.414,S1,700.00,90,8000000.00,290
133.718,S1,1000.00,1000,8000000.00,290
133.992,S1,1000.00,1000,,
135.529,S1,1000.00,990,,
136.535,S1,1000.00,990,700000.00,10
136.807,S1,1000.00,990,5000.00,1000
138.513,S1,1000.00,990,5000.00,830
145.952,S1,1000.00,790,5000.00,830
146.364,S1,1000.00,780,5000.00,830
146.525,S1,1000.00,770,5000.00,830
146.707,S1,1000.00,760,5000.00,830
146.849,S1,1000.00,760,5000.00,1830
147.111,S1,1000.00,750,5000.00,1830
147.343,S1,1000.00,740,5000.00,1830
148.632,S1,1000.00,739,5000.00,1830
152.762,S1,1200.00,100,5000.00,1830
154.988,S1,1200.00,99,5000.00,1830
155.492,S1,1200.00,98,5000.00,1830
155.858,S1,1200.00,97,5000.00,1830
156.328,S1,1200.00,96,5000.00,1830
156.701,S1,1200.00,95,5000.00,1830
156.973,S1,1200.00,94,5000.00,1830
157.225,S1,1200.00,93,5000.00,1830
157.461,S1,1200.00,92,5000.00,1830
157.745,S1,1200.00,91,5000.00,1830
158.017,S1,1200.00,90,5000.00,1830
158.310,S1,1200.00,89,5000.00,1830
158.783,S1,1200.00,88,5000.00,1830
159.242,S1,1200.00,87,5000.00,1830
160.182,S1,1000.00,726,5000.00,1830
160.757,S1,810.00,726,5000.00,1830
161.932,S1,1300.00,1000,5000.00,1830
162.575,S1,1300.00,990,5000.00,1830
163.535,S1,1300.00,990,2000.00,1000
164.997,S1,1300.00,990,2000.00,990
165.331,S1,1300.00,990,2000.00,980
165.833,S1,1300.00,990,2000.00,970
166.055,S1,1300.00,988,2000.00,970
166.206,S1,1300.00,988,2000.00,960
166.478,S1,1300.00,988,2000.00,950
166.671,S1,1300.00,988,2000.00,940
166.877,S1,1300.00,988,2000.00,930
167.071,S1,1300.00,988,2000.00,920
167.294,S1,1300.00,988,2000.00,910
167.486,S1,1300.00,988,2000.00,900
167.687,S1,1300.00,988,2000.00,890
167.878,S1,1300.00,988,2000.00,880
168.042,S1,1300.00,988,2000.00,870
168.224,S1,1300.00,988,2000.00,860
168.387,S1,1300.00,988,2000.00,850
168.558,S1,1300.00,988,2000.00,840
168.739,S1,1300.00,988,2000.00,830
169.023,S1,1300.00,988,2000.00,820
169.325,S1,1300.00,988,2000.00,810
169.486,S1,1300.00,988,2000.00,800
169.677,S1,1300.00,988,2000.00,790
169.981,S1,1300.00,988,2000.00,780
170.090,S1,1300.00,988,2000.00,770
170.161,S1,1300.00,988,2000.00,760
170.221,S1,1300.00,988,5000.00,1590
170.292,S1,1300.00,988,5000.00,1580
170.455,S1,1300.00,988,5000.00,1570
170.545,S1,1300.00,988,5000.00,1560
170.665,S1,1300.00,988,5000.00,1550
170.738,S1,1300.00,988,5000.00,1540
170.880,S1,1300.00,988,5000.00,1530
170.940,S1,1300.00,988,5000.00,1520
171.081,S1,1300.00,988,5000.00,1510
171.161,S1,1300.00,988,5000.00,1500
171.291,S1,1300.00,988,5000.00,1490
171.572,S1,1300.00,988,5000.00,1480
171.691,S1,1300.00,988,5000.00,1470
171.762,S1,1300.00,988,5000.00,1460
171.862,S1,1300.00,988,5000.00,1360
171.881,S1,1300.00,988,5000.00,1350
171.922,S1,1300.00,978,5000.00,1350
171.963,S1,1300.00,978,5000.00,1340
172.074,S1,1300.00,978,5000.00,340
172.134,S1,1300.00,978,1500.00,1000
172.155,S1,1300.00,978,1500.00,990
172.164,S1,1300.00,978,1500.00,890
172.316,S1,1300.00,978,1500.00,790
172.418,S1,1300.00,978,1500.00,780
172.500,S1,1300.00,978,1500.00,680
172.540,S1,1300.00,978,1500.00,670
172.607,S1,1300.00,978,1500.00,660
172.636,S1,1300.00,978,1500.00,560
172.738,S1,1300.00,978,1500.00,550
172.801,S1,1300.00,978,1500.00,450
172.822,S1,1300.00,978,1500.00,440
172.964,S1,1300.00,978,1500.00,340
173.024,S1,1300.00,978,1500.00,330
173.104,S1,1300.00,978,1500.00,230
173.225,S1,1300.00,978,1500.00,220
173.265,S1,1300.00,978,1500.00,120
173.428,S1,1300.00,978,1500.00,110
173.428,S1,1300.00,978,1500.00,10
173.589,S1,1300.00,978,5000.00,340
173.599,S1,1300.00,978,5000.00,240
173.761,S1,1300.00,978,5000.00,140
173.831,S1,1300.00,978,2000.00,1000
173.861,S1,1300.00,778,2000.00,1000
173.942,S1,1300.00,778,2000.00,990
173.994,S1,1300.00,778,2000.00,980
174.537,S1,1300.00,778,2000.00,970
174.709,S1,1300.00,778,2000.00,960
174.953,S1,1300.00,778,2000.00,860
175.064,S1,1300.00,778,700000.00,10
175.173,S1,1300.00,778,1000000.00,2010
175.214,S1,1300.00,768,1000000.00,2010
175.345,S1,1300.00,768,1000000.00,1910
175.477,S1,1300.00,768,1000000.00,1810
175.528,S1,1300.00,768,1000000.00,1710
175.688,S1,1300.00,768,1000000.00,1610
175.879,S1,1300.00,768,1000000.00,1510
175.910,S1,1300.00,768,2000.00,1000
176.061,S1,1300.00,768,2000.00,900
176.241,S1,1300.00,768,2000.00,800
176.412,S1,1300.00,768,2000.00,700
176.604,S1,1300.00,768,2000.00,600
176.804,S1,1300.00,768,2000.00,500
176.864,S1,1300.00,768,1000000.00,10
177.015,S1,1300.00,768,8000000.00,910
177.256,S1,1300.00,768,8000000.00,810
177.428,S1,1300.00,768,8000000.00,710
177.651,S1,1300.00,768,8000000.00,610
177.802,S1,1400.00,1000,8000000.00,610
177.812,S1,1400.00,1000,8000000.00,510
177.953,S1,1400.00,1000,1500.00,10
179.024,S1,1400.00,1000,8000000.00,420
179.195,S1,1400.00,1000,8000000.00,320
179.261,S1,1400.00,1000,9999999.00,320
179.391,S1,1400.00,1000,9999999.00,220
179.553,S1,1400.00,1000,9999999.00,120
179.735,S1,1400.00,1000,9999999.00,20
179.836,S1,1400.00,1000,9999999.00,10
179.905,S1,1400.00,1000,10000000.00,1000
179.916,S1,1400.00,1000,10000000.00,900
180.016,S1,1400.00,1000,10000000.00,890
180.076,S1,1400.00,1000,10000000.00,790
180.106,S1,1400.00,1000,10000000.00,780
180.227,S1,1400.00,1000,10000000.00,770
180.247,S1,1400.00,1000,10000000.00,670
180.308,S1,1400.00,1000,10000000.00,660
180.430,S1,1400.00,1000,10000000.00,650
180.430,S1,1400.00,1000,10000000.00,550
180.511,S1,1400.00,1000,10000000.00,540
180.645,S1,1400.00,1000,10000000.00,530
180.728,S1,1400.00,1000,10000000.00,520
180.830,S1,1400.00,1000,10000000.00,510
180.931,S1,1400.00,1000,10000000.00,500
181.033,S1,1400.00,1000,10000000.00,490
181.134,S1,1400.00,1000,10000000.00,480
181.233,S1,1400.00,1000,10000000.00,470
181.305,S1,1400.00,1000,10000000.00,460
181.427,S1,1400.00,1000,10000000.00,450
181.510,S1,1400.00,1000,10000000.00,440
181.672,S1,1400.00,1000,10000000.00,430
182.014,S1,1400.00,1000,10000000.00,420
182.075,S1,1400.00,1000,10000000.00,410
182.252,S1,1400.00,990,10000000.00,410
182.293,S1,1400.00,990,10000000.00,400
182.473,S1,1400.00,990,10000000.00,390
183.067,S1,1400.00,990,10000000.00,380
183.178,S1,1400.00,990,10000000.00,370
183.259,S1,1400.00,990,10000000.00,360
183.340,S1,1400.00,790,10000000.00,360
183.360,S1,1400.00,790,10000000.00,350
183.462,S1,1400.00,790,10000000.00,340
184.237,S1,1400.00,790,9999999.00,1000
184.796,S1,1400.00,790,9999999.00,900
185.169,S1,1400.00,790,9999999.00,800
185.343,S1,1400.00,790,9999999.00,700
185.353,S1,1900.00,10,9999999.00,700
185.374,S1,1900.00,10,2000.00,10
185.575,S1,1900.00,10,9999999.00,610
185.940,S1,1900.00,10,9999999.00,510
186.173,S1,1900.00,10,9999999.00,410
186.381,S1,1900.00,10,9999999.00,310
186.628,S1,1900.00,10,9999999.00,210
186.832,S1,1900.00,10,9999999.00,110
187.045,S1,1900.00,10,9999999.00,10
187.323,S1,1900.00,10,10000000.00,250
187.636,S1,1900.00,10,10000000.00,150
187.818,S1,1900.00,9,10000000.00,150
187.849,S1,1900.00,9,10000000.00,50
188.079,S1,1900.00,9,,
188.445,S1,1900.00,8,,
189.022,S1,1900.00,7,,
189.412,S1,1900.00,6,,
189.592,S1,1900.00,5,,
189.794,S1,1900.00,4,,
189.875,S1,1900.00,4,9999999.00,1000
189.946,S1,1900.00,3,9999999.00,1000
190.048,S1,1900.00,3,1000000.00,1000
190.159,S1,1900.00,3,1000000.00,900
190.483,S1,1900.00,2,1000000.00,900
190.604,S1,1900.00,1,1000000.00,900
190.704,S1,1500.00,2000,1000000.00,900
190.794,S1,1500.00,1999,1000000.00,900
190.895,S1,1500.00,1998,1000000.00,900
190.997,S1,1500.00,1997,1000000.00,900
191.099,S1,1500.00,1996,1000000.00,900
191.159,S1,1500.00,1995,1000000.00,900
191.260,S1,1500.00,1994,1000000.00,900
191.351,S1,1500.00,1993,1000000.00,900
191.446,S1,1500.00,1992,1000000.00,900
191.547,S1,1500.00,1991,1000000.00,900
191.647,S1,1500.00,1990,1000000.00,900
191.708,S1,1500.00,1989,1000000.00,900
191.748,S1,1500.00,1988,1000000.00,900
191.799,S1,1500.00,1988,1000000.00,1900
191.849,S1,1500.00,1987,1000000.00,1900
192.019,S1,1500.00,1986,1000000.00,1900
192.173,S1,1500.00,1985,1000000.00,1900
192.263,S1,1500.00,1985,1000000.00,2900
192.303,S1,1500.00,1984,1000000.00,2900
192.313,S1,1500.00,1984,1000000.00,2890
192.952,S1,1500.00,1984,1000000.00,2790
193.145,S1,1500.00,1984,1000000.00,2690
193.337,S1,1500.00,1984,1000000.00,2590
193.531,S1,2000.00,1000,1000000.00,2590
194.646,S1,2000.00,1000,1000000.00,3590
195.592,S1,2000.00,1000,500000.00,1000
196.069,S1,2000.00,1000,500000.00,900
196.302,S1,2000.00,1000,500000.00,800
196.492,S1,2000.00,1000,500000.00,700
196.662,S1,2000.00,1000,500000.00,600
196.823,S1,2000.00,1000,500000.00,500
196.995,S1,2000.00,1000,500000.00,400
197.188,S1,2000.00,1000,500000.00,300
197.359,S1,2000.00,1000,500000.00,200
197.540,S1,2000.00,1000,500000.00,100
197.732,S1,2000.00,1000,1000000.00,3590
197.915,S1,2000.00,1000,1000000.00,3490
198.098,S1,2000.00,1000,1000000.00,3390
198.280,S1,2000.00,1000,1000000.00,3290
198.504,S1,2000.00,1000,1000000.00,3190
198.870,S1,2000.00,1000,20000.00,10
198.991,S1,2000.00,990,20000.00,10
201.568,S1,2000.00,990,1000000.00,2200
201.680,S1,2500.00,100,1000000.00,2200
201.862,S1,2500.00,200,1000000.00,2200
202.428,S1,2500.00,300,1000000.00,2200
202.609,S1,2500.00,400,1000000.00,2200
202.659,S1,2500.00,400,1000000.00,1200
202.789,S1,2500.00,500,1000000.00,1200
202.930,S1,2500.00,600,1000000.00,1200
203.063,S1,2500.00,700,1000000.00,1200
203.215,S1,2500.00,800,1000000.00,1200
203.346,S1,2000.00,790,1000000.00,1200
203.366,S1,2500.00,100,1000000.00,1200
203.388,S1,2500.00,100,1000000.00,200
203.520,S1,2500.00,200,1000000.00,200
203.550,S1,2000.00,490,1000000.00,200
203.711,S1,2500.00,100,1000000.00,200
203.843,S1,2500.00,200,1000000.00,200
204.004,S1,2500.00,300,1000000.00,200
204.167,S1,2500.00,400,1000000.00,200
204.206,S1,2500.00,400,1000000.00,1200
204.459,S1,2500.00,400,15000.00,1000
205.239,S1,2500.00,400,15000.00,2000
205.735,S1,2500.00,400,15000.00,1000
207.548,S1,1600.00,1890,15000.00,1000
207.730,S1,2500.00,100,15000.00,1000
207.911,S1,2500.00,200,15000.00,1000
208.083,S1,2500.00,300,15000.00,1000
208.243,S1,2500.00,400,15000.00,1000
210.031,S1,3000.00,1000,15000.00,1000
210.474,S1,2500.00,400,15000.00,1000
210.674,S1,2500.00,390,15000.00,1000
214.081,S1,2500.00,390,100000.00,100
215.698,S1,3000.00,1000,100000.00,100
216.622,S1,3000.00,1000,15000.00,1000
217.169,S1,3000.00,1000,15000.00,2000
218.754,S1,3000.00,1000,5500.00,100
221.513,S1,3000.00,999,5500.00,100
222.971,S1,3000.00,999,5500.00,1100
224.044,S1,3600.00,1000,5500.00,1100
225.591,S1,3600.00,1000,5500.00,100
227.218,S1,3600.00,1000,15000.00,3100
228.651,S1,3600.00,1000,15000.00,2100
229.870,S1,3600.00,1000,15000.00,1100
232.771,S1,3600.00,999,15000.00,1100
237.374,S1,4000.00,1000,15000.00,1100
239.917,S1,4000.00,1000,13500.00,1000
240.284,S1,4000.00,1000,13500.00,995
247.239,S1,4000.00,900,13500.00,995
250.339,S1,3600.00,899,13500.00,995
252.739,S1,3000.00,2898,13500.00,995
254.268,S1,3000.00,2897,13500.00,995
254.420,S1,3000.00,2887,13500.00,995
256.961,S1,3000.00,2886,13500.00,995
258.669,S1,3000.00,2886,15000.00,1095
261.075,S1,3000.00,2876,15000.00,1095
261.869,S1,3000.00,2876,10000.00,500
262.608,S1,3000.00,2875,10000.00,500
262.874,S1,3000.00,2875,15000.00,845
267.603,S1,3000.00,2874,15000.00,845
267.754,S1,3000.00,2864,15000.00,845
268.026,S1,3000.00,2864,14000.00,1000
269.749,S1,5000.00,10,14000.00,1000
272.568,S1,5000.00,9,14000.00,1000
273.176,S1,5000.00,8,14000.00,1000
273.832,S1,3000.00,3064,14000.00,1000
275.354,S1,3000.00,3063,14000.00,1000
275.667,S1,3000.00,3062,14000.00,1000
276.007,S1,3000.00,3061,14000.00,1000
276.309,S1,3000.00,3060,14000.00,1000
276.541,S1,3000.00,3059,14000.00,1000
276.953,S1,3000.00,3058,14000.00,1000
277.185,S1,3000.00,3058,13000.00,10
277.296,S1,3000.00,3057,13000.00,10
277.691,S1,3000.00,3056,13000.00,10
278.026,S1,3000.00,3055,13000.00,10
278.363,S1,3000.00,3054,13000.00,10
281.313,S1,3000.00,3154,13000.00,10
283.236,S1,5000.00,10,13000.00,10
285.076,S1,3000.00,3154,13000.00,10
285.501,S1,3000.00,3144,13000.00,10
285.906,S1,3000.00,3134,13000.00,10
286.220,S1,3000.00,3124,13000.00,10
286.442,S1,3000.00,3114,13000.00,10
286.593,S1,3000.00,3114,14000.00,260
286.677,S1,3000.00,3104,14000.00,260
286.879,S1,3000.00,3094,14000.00,260
287.082,S1,3000.00,3084,14000.00,260
287.263,S1,3000.00,3074,14000.00,260
287.455,S1,3000.00,3064,14000.00,260
288.343,S1,3500.00,1000,14000.00,260
290.546,S1,3500.00,990,14000.00,260
290.861,S1,3500.00,990,10000.00,1000
290.929,S1,3500.00,980,10000.00,1000
291.344,S1,3500.00,970,10000.00,1000
291.645,S1,3500.00,960,10000.00,1000
291.913,S1,3500.00,950,10000.00,1000
292.409,S1,3650.00,250,10000.00,1000
292.811,S1,3650.00,240,10000.00,1000
293.230,S1,3650.00,230,10000.00,1000
293.982,S1,3650.00,220,10000.00,1000
294.604,S1,3650.00,210,10000.00,1000
295.147,S1,3650.00,200,10000.00,1000
295.838,S1,3650.00,190,10000.00,1000
296.383,S1,3650.00,180,10000.00,1000
298.046,S1,3650.00,170,10000.00,1000
299.427,S1,3650.00,120,10000.00,1000
299.579,S1,3700.00,1000,10000.00,1000
299.719,S1,3700.00,950,10000.00,1000
299.990,S1,3700.00,900,10000.00,1000
300.260,S1,3700.00,850,10000.00,1000
300.320,S1,3700.00,810,10000.00,1000
300.532,S1,3700.00,760,10000.00,1000
300.845,S1,3700.00,710,10000.00,1000
301.410,S1,3700.00,660,10000.00,1000
301.699,S1,3700.00,610,10000.00,1000
301.991,S1,3700.00,560,10000.00,1000
302.232,S1,3700.00,510,10000.00,1000
302.619,S1,3700.00,460,10000.00,1000
302.754,S1,3700.00,450,10000.00,1000
302.855,S1,3700.00,400,10000.00,1000
304.046,S1,3700.00,390,10000.00,1000
304.760,S1,3700.00,390,9999.00,1000
304.822,S1,3500.00,460,9999.00,1000
306.602,S1,3500.00,410,9999.00,1000
307.102,S1,3500.00,360,9999.00,1000
307.677,S1,3500.00,310,9999.00,1000
308.071,S1,3500.00,260,9999.00,1000
308.223,S1,3500.00,250,9999.00,1000
308.529,S1,3500.00,200,9999.00,1000
308.681,S1,3500.00,190,9999.00,1000
308.731,S1,3500.00,190,9000.00,1000
308.813,S1,3500.00,190,8000.00,1000
308.913,S1,3500.00,140,8000.00,1000
309.337,S1,3500.00,130,8000.00,1000
309.397,S1,3500.00,80,8000.00,1000
309.961,S1,3500.00,30,8000.00,1000
310.316,S1,3500.00,30,8000.00,1005
310.386,S1,3500.00,30,4000.00,1
311.288,S1,3000.00,2594,4000.00,1
311.600,S1,3000.00,2594,8000.00,906
312.321,S1,3200.00,1000,8000.00,906
312.381,S1,3200.00,950,8000.00,906
312.543,S1,3200.00,940,8000.00,906
312.714,S1,3200.00,890,8000.00,906
312.970,S1,3200.00,880,8000.00,906
313.001,S1,3200.00,840,8000.00,906
313.061,S1,3200.00,790,8000.00,906
313.234,S1,3200.00,780,8000.00,906
313.378,S1,3200.00,730,8000.00,906
313.580,S1,3200.00,720,8000.00,906
313.721,S1,3200.00,670,8000.00,906
313.822,S1,3200.00,660,8000.00,906
313.915,S1,3200.00,620,8000.00,906
314.057,S1,3200.00,610,8000.00,906
314.158,S1,3200.00,560,8000.00,906
314.248,S1,3200.00,550,8000.00,906
314.468,S1,3200.00,540,8000.00,906
314.507,S1,3200.00,490,8000.00,906
314.659,S1,3200.00,490,4000.00,1
314.668,S1,3200.00,480,4000.00,1
314.829,S1,3200.00,470,4000.00,1
315.011,S1,3200.00,460,4000.00,1
315.112,S1,3200.00,410,4000.00,1
315.205,S1,3200.00,400,4000.00,1
315.421,S1,3200.00,390,4000.00,1
315.714,S1,3200.00,380,4000.00,1
316.028,S1,3200.00,370,4000.00,1
316.430,S1,3200.00,360,4000.00,1
316.651,S1,3200.00,350,4000.00,1
317.463,S1,3200.00,300,4000.00,1
317.927,S1,3200.00,250,4000.00,1
318.367,S1,3200.00,200,4000.00,1
318.890,S1,3200.00,160,4000.00,1
319.213,S1,3200.00,110,4000.00,1
320.024,S1,3200.00,10,4000.00,1
320.045,S1,3050.00,510,4000.00,1
320.644,S1,3050.00,410,4000.00,1
320.990,S1,3050.00,310,4000.00,1
321.222,S1,3050.00,210,4000.00,1
321.476,S1,3050.00,160,4000.00,1
321.759,S1,3050.00,60,4000.00,1
322.364,S1,3000.00,2554,4000.00,1
322.571,S1,3000.00,2654,4000.00,1
322.591,S1,3000.00,2554,4000.00,1
322.601,S1,3200.00,1000,4000.00,1
322.785,S1,3200.00,950,4000.00,1
322.805,S1,3200.00,850,4000.00,1
323.038,S1,3200.00,750,4000.00,1
323.287,S1,3200.00,650,4000.00,1
323.388,S1,3200.00,600,4000.00,1
323.521,S1,3200.00,500,4000.00,1
323.805,S1,3200.00,450,4000.00,1
324.073,S1,3200.00,400,4000.00,1
324.437,S1,3200.00,350,4000.00,1
324.761,S1,3200.00,300,4000.00,1
325.204,S1,3200.00,250,4000.00,1
325.379,S1,3200.00,150,4000.00,1
325.571,S1,3200.00,50,4000.00,1
325.783,S1,3100.00,1950,4000.00,1
325.944,S1,3100.00,1900,4000.00,1
325.974,S1,3100.00,1800,4000.00,1
326.157,S1,3100.00,1760,4000.00,1
326.178,S1,3100.00,1660,4000.00,1
326.382,S1,3100.00,1560,4000.00,1
326.548,S1,3100.00,1510,4000.00,1
326.588,S1,3100.00,1410,4000.00,1
326.771,S1,3100.00,1310,4000.00,1
326.951,S1,3100.00,1210,4000.00,1
327.054,S1,3100.00,1160,4000.00,1
327.155,S1,3100.00,1060,4000.00,1
327.356,S1,3100.00,960,4000.00,1
327.565,S1,3100.00,860,4000.00,1
327.576,S1,3100.00,810,4000.00,1
327.781,S1,3100.00,710,4000.00,1
327.893,S1,3100.00,1710,4000.00,1
327.914,S1,3100.00,1660,4000.00,1
327.975,S1,3100.00,1560,4000.00,1
328.127,S1,3100.00,1510,4000.00,1
328.199,S1,3100.00,1410,4000.00,1
328.372,S1,3100.00,1360,4000.00,1
328.413,S1,3100.00,1260,4000.00,1
328.708,S1,3100.00,1160,4000.00,1
328.768,S1,3100.00,1110,4000.00,1
328.949,S1,3100.00,1010,4000.00,1
328.970,S1,3100.00,960,4000.00,1
329.142,S1,3100.00,860,4000.00,1
329.142,S1,3100.00,810,4000.00,1
329.313,S1,3100.00,760,4000.00,1
329.334,S1,3100.00,660,4000.00,1
329.566,S1,3100.00,560,4000.00,1
329.645,S1,3100.00,510,4000.00,1
329.758,S1,3100.00,410,4000.00,1
329.839,S1,3100.00,360,4000.00,1
329.900,S1,3100.00,1360,4000.00,1
329.941,S1,3100.00,1260,4000.00,1
330.044,S1,3100.00,1210,4000.00,1
330.144,S1,3100.00,1110,4000.00,1
330.245,S1,3100.00,1060,4000.00,1
330.275,S1,3100.00,60,4000.00,1
330.345,S1,3000.00,2514,4000.00,1
330.458,S1,3000.00,2464,4000.00,1
330.570,S1,3000.00,2364,4000.00,1
330.670,S1,3000.00,2314,4000.00,1
330.769,S1,3000.00,2214,4000.00,1
330.919,S1,3000.00,2314,4000.00,1
330.930,S1,3000.00,2264,4000.00,1
330.980,S1,3000.00,2164,4000.00,1
331.121,S1,3000.00,2264,4000.00,1
331.141,S1,3000.00,2214,4000.00,1
331.181,S1,3000.00,2114,4000.00,1
331.333,S1,3000.00,2214,4000.00,1
331.364,S1,3000.00,2164,4000.00,1
331.394,S1,3000.00,2064,4000.00,1
331.555,S1,3000.00,2014,4000.00,1
331.595,S1,3000.00,1914,4000.00,1
331.755,S1,3000.00,1864,4000.00,1
331.826,S1,3000.00,1764,4000.00,1
331.926,S1,3000.00,1724,4000.00,1
331.947,S1,3000.00,1674,4000.00,1
332.007,S1,3000.00,1574,4000.00,1
332.118,S1,3000.00,1574,3200.00,1
332.148,S1,3000.00,1524,3200.00,1
332.197,S1,3000.00,1424,3200.00,1
332.401,S1,3000.00,1324,3200.00,1
332.511,S1,3000.00,1274,3200.00,1
332.581,S1,3000.00,1174,3200.00,1
332.732,S1,3000.00,1124,3200.00,1
332.762,S1,3000.00,1024,3200.00,1
332.913,S1,3000.00,974,3200.00,1
332.974,S1,3000.00,874,3200.00,1
333.125,S1,3000.00,824,3200.00,1
333.166,S1,3000.00,724,3200.00,1
333.349,S1,3000.00,624,3200.00,1
333.531,S1,3000.00,524,3200.00,1
333.723,S1,3000.00,424,3200.00,1
333.915,S1,3000.00,324,3200.00,1
334.084,S1,3000.00,274,3200.00,1
334.105,S1,3000.00,174,3200.00,1
334.124,S1,3000.00,274,3200.00,1
334.266,S1,3000.00,374,3200.00,1
334.296,S1,3000.00,274,3200.00,1
334.296,S1,3000.00,224,3200.00,1
334.496,S1,3000.00,124,3200.00,1
334.596,S1,3000.00,224,3200.00,1
334.707,S1,3000.00,124,3200.00,1
334.829,S1,3000.00,74,3200.00,1
334.849,S1,3000.00,174,3200.00,1
334.909,S1,3000.00,74,3200.00,1
335.008,S1,3000.00,174,3200.00,1
335.090,S1,3000.00,74,3200.00,1
335.292,S1,2600.00,974,3200.00,1
335.494,S1,2600.00,874,3200.00,1
335.693,S1,2600.00,774,3200.00,1
335.886,S1,2600.00,674,3200.00,1
336.077,S1,2600.00,574,3200.00,1
336.198,S1,2600.00,1074,3200.00,1
336.289,S1,2600.00,974,3200.00,1
336.501,S1,2600.00,874,3200.00,1
336.611,S1,2600.00,874,3200.00,101
336.611,S1,2600.00,824,3200.00,101
336.712,S1,2600.00,724,3200.00,101
336.915,S1,2600.00,624,3200.00,101
336.935,S1,2600.00,584,3200.00,101
337.149,S1,2600.00,484,3200.00,101
337.261,S1,2600.00,434,3200.00,101
337.332,S1,2600.00,334,3200.00,101
337.516,S1,2600.00,234,3200.00,101
337.686,S1,2600.00,134,3200.00,101
337.860,S1,2600.00,34,3200.00,101
337.962,S1,2200.00,984,3200.00,101
338.067,S1,2200.00,884,3200.00,101
338.128,S1,2200.00,884,3000.00,1000
338.290,S1,2200.00,784,3000.00,1000
338.491,S1,2200.00,684,3000.00,1000
338.705,S1,2200.00,584,3000.00,1000
338.816,S1,2200.00,544,3000.00,1000
338.946,S1,2200.00,444,3000.00,1000
339.159,S1,2200.00,344,3000.00,1000
339.380,S1,2200.00,244,3000.00,1000
339.583,S1,2200.00,144,3000.00,1000
339.785,S1,2200.00,44,3000.00,1000
340.037,S1,2000.00,3344,3000.00,1000
340.238,S1,2000.00,3244,3000.00,1000
340.452,S1,2000.00,3144,3000.00,1000
340.452,S1,2000.00,3094,3000.00,1000
340.657,S1,2000.00,2994,3000.00,1000
340.811,S1,2000.00,2494,3000.00,1000
340.910,S1,2000.00,2394,3000.00,1000
341.072,S1,2000.00,2294,3000.00,1000
341.293,S1,2000.00,2194,3000.00,1000
341.333,S1,2000.00,2144,3000.00,1000
341.505,S1,2000.00,2044,3000.00,1000
341.665,S1,2000.00,1994,3000.00,1000
341.725,S1,2000.00,1894,3000.00,1000
341.906,S1,2000.00,1844,3000.00,1000
341.957,S1,2000.00,1744,3000.00,1000
342.190,S1,2000.00,1644,3000.00,1000
342.251,S1,2000.00,1594,3000.00,1000
342.394,S1,2000.00,1494,3000.00,1000
342.534,S1,2000.00,1444,3000.00,1000
342.606,S1,2000.00,1344,3000.00,1000
342.803,S1,2000.00,1244,3000.00,1000
342.813,S1,2000.00,1194,3000.00,1000
342.977,S1,2000.00,1094,3000.00,1000
343.140,S1,2000.00,994,3000.00,1000
343.281,S1,2000.00,944,3000.00,1000
343.674,S1,2000.00,894,3000.00,1000
344.110,S1,2000.00,844,3000.00,1000
344.409,S1,2000.00,794,3000.00,1000
344.691,S1,2000.00,744,3000.00,1000
344.925,S1,2000.00,694,3000.00,1000
345.177,S1,2000.00,644,3000.00,1000
345.469,S1,2000.00,594,3000.00,1000
345.732,S1,2000.00,544,3000.00,1000
345.923,S1,2100.00,1000,3000.00,1000
346.002,S1,2100.00,950,3000.00,1000
346.269,S1,2100.00,900,3000.00,1000
346.594,S1,2100.00,850,3000.00,1000
347.040,S1,2100.00,800,3000.00,1000
347.638,S1,2100.00,800,2750.00,1000
348.084,S1,2100.00,700,2750.00,1000
348.124,S1,2100.00,650,2750.00,1000
348.360,S1,2100.00,550,2750.00,1000
348.461,S1,2100.00,450,2750.00,1000
348.633,S1,2100.00,400,2750.00,1000
348.655,S1,2100.00,300,2750.00,1000
348.870,S1,2100.00,200,2750.00,1000
349.095,S1,2100.00,100,2750.00,1000
349.148,S1,2100.00,50,2750.00,1000
349.294,S1,2000.00,494,2750.00,1000
349.521,S1,2000.00,394,2750.00,1000
349.737,S1,2000.00,294,2750.00,1000
349.766,S1,2000.00,244,2750.00,1000
349.953,S1,2000.00,144,2750.00,1000
350.184,S1,2000.00,44,2750.00,1000
350.385,S1,1800.00,44,2750.00,1000
350.577,S1,1600.00,1834,2750.00,1000
350.783,S1,1600.00,1734,2750.00,1000
350.929,S1,1600.00,1684,2750.00,1000
350.960,S1,1600.00,1584,2750.00,1000
351.182,S1,1600.00,1484,2750.00,1000
351.381,S1,1600.00,1384,2750.00,1000
351.442,S1,1600.00,1334,2750.00,1000
351.585,S1,1600.00,1234,2750.00,1000
351.767,S1,1600.00,1134,2750.00,1000
351.970,S1,1600.00,1034,2750.00,1000
352.172,S1,1600.00,934,2750.00,1000
352.375,S1,1600.00,834,2750.00,1000
352.611,S1,1600.00,734,2750.00,1000
352.792,S1,1600.00,634,2750.00,1000
352.915,S1,1600.00,584,2750.00,1000
353.036,S1,1600.00,484,2750.00,1000
353.227,S1,1600.00,384,2750.00,1000
353.418,S1,1600.00,284,2750.00,1000
353.615,S1,1600.00,184,2750.00,1000
353.724,S1,1600.00,134,2750.00,1000
353.825,S1,1600.00,34,2750.00,1000
354.019,S1,1300.00,702,2750.00,1000
354.149,S1,1300.00,652,2750.00,1000
354.231,S1,1300.00,552,2750.00,1000
354.445,S1,1300.00,452,2750.00,1000
354.515,S1,1300.00,402,2750.00,1000
354.586,S1,1300.00,402,3000.00,1000
354.650,S1,1300.00,302,3000.00,1000
354.864,S1,1300.00,252,3000.00,1000
354.874,S1,1300.00,152,3000.00,1000
355.084,S1,1300.00,52,3000.00,1000
355.217,S1,1300.00,2,3000.00,1000
355.310,S1,1000.00,1902,3000.00,1000
355.504,S1,1000.00,1902,2500.00,250
355.514,S1,1000.00,1802,2500.00,250
355.574,S1,1000.00,1752,2500.00,250
355.705,S1,1000.00,1652,2500.00,250
355.915,S1,1000.00,1552,2500.00,250
355.925,S1,1000.00,1502,2500.00,250
356.122,S1,1000.00,1402,2500.00,250
356.274,S1,1000.00,1352,2500.00,250
356.601,S1,1000.00,1252,2500.00,250
356.630,S1,1000.00,1202,2500.00,250
356.943,S1,1000.00,1102,2500.00,250
356.943,S1,1000.00,1002,2500.00,250
356.983,S1,1000.00,952,2500.00,250
357.134,S1,1000.00,852,2500.00,250
357.364,S1,1000.00,802,2500.00,250
357.487,S1,1000.00,702,2500.00,250
357.548,S1,1000.00,602,2500.00,250
357.761,S1,1000.00,502,2500.00,250
357.914,S1,1000.00,452,2500.00,250
357.994,S1,1000.00,352,2500.00,250
358.254,S1,1000.00,252,2500.00,250
358.425,S1,1000.00,202,2500.00,250
358.475,S1,1000.00,102,2500.00,250
358.694,S1,1000.00,2,2500.00,250
358.918,S1,900.00,902,2500.00,250
358.979,S1,900.00,852,2500.00,250
359.120,S1,900.00,752,2500.00,250
359.334,S1,900.00,652,2500.00,250
359.558,S1,900.00,552,2500.00,250
359.681,S1,900.00,502,2500.00,250
359.781,S1,900.00,402,2500.00,250
359.992,S1,900.00,302,2500.00,250
360.193,S1,900.00,202,2500.00,250
360.386,S1,900.00,152,2500.00,250
360.406,S1,900.00,52,2500.00,250
360.618,S1,810.00,678,2500.00,250
360.810,S1,810.00,578,2500.00,250
360.830,S1,810.00,528,2500.00,250
361.013,S1,810.00,428,2500.00,250
361.215,S1,810.00,328,2500.00,250
361.479,S1,810.00,228,2500.00,250
361.748,S1,810.00,128,2500.00,250
362.097,S1,810.00,28,2500.00,250
362.138,S1,500.00,48,2500.00,250
362.568,S1,200.00,948,2500.00,250
362.568,S1,200.00,848,2500.00,250
363.133,S1,200.00,748,2500.00,250
363.133,S1,200.00,648,2500.00,250
363.708,S1,200.00,648,3000.00,250
363.849,S1,200.00,548,3000.00,250
364.851,S1,200.00,448,3000.00,250
364.851,S1,200.00,348,3000.00,250
364.851,S1,200.00,248,3000.00,250
364.881,S1,200.00,148,3000.00,250
364.890,S1,200.00,48,3000.00,250
364.890,S1,110.00,948,3000.00,250
366.817,S1,110.00,848,3000.00,250
367.159,S1,100.00,948,3000.00,250
367.818,S1,300.00,1000,3000.00,250
368.319,S1,300.00,2000,3000.00,250
368.694,S1,300.00,3000,3000.00,250
369.126,S1,300.00,4000,3000.00,250
369.534,S1,300.00,5000,3000.00,250
369.744,S1,300.00,6000,3000.00,250
370.030,S1,300.00,7000,3000.00,250
370.273,S1,300.00,8000,3000.00,250
370.364,S1,300.00,9000,3000.00,250
370.476,S1,300.00,9000,3000.00,150
370.842,S1,300.00,10000,3000.00,150
372.587,S1,300.00,10000,2750.00,1000
373.795,S1,350.00,1000,2750.00,1000
374.637,S1,350.00,950,2750.00,1000
374.881,S1,350.00,900,2750.00,1000
375.063,S1,350.00,850,2750.00,1000
375.325,S1,350.00,800,2750.00,1000
375.597,S1,350.00,750,2750.00,1000
375.812,S1,350.00,700,2750.00,1000
375.972,S1,350.00,700,2700.00,100
376.022,S1,350.00,650,2700.00,100
376.234,S1,350.00,600,2700.00,100
376.449,S1,350.00,550,2700.00,100
376.685,S1,350.00,500,2700.00,100
377.355,S1,350.00,450,2700.00,100
377.600,S1,350.00,400,2700.00,100
377.832,S1,350.00,350,2700.00,100
378.043,S1,350.00,300,2700.00,100
378.205,S1,500.00,1000,2700.00,100
378.275,S1,500.00,950,2700.00,100
378.377,S1,500.00,1950,2700.00,100
378.497,S1,500.00,1900,2700.00,100
378.507,S1,500.00,2900,2700.00,100
378.658,S1,500.00,3900,2700.00,100
378.720,S1,500.00,3850,2700.00,100
378.921,S1,500.00,3800,2700.00,100
379.150,S1,500.00,3750,2700.00,100
379.334,S1,500.00,4750,2700.00,100
379.365,S1,500.00,4700,2700.00,100
379.445,S1,700.00,100,2700.00,100
379.566,S1,700.00,50,2700.00,100
379.586,S1,700.00,50,2750.00,100
379.757,S1,500.00,4700,2750.00,100
380.819,S1,500.00,4700,2500.00,250
381.757,S1,500.00,4700,2500.00,150
381.910,S1,500.00,4700,2500.00,50
386.394,S1,500.00,4700,2499.99,1000
386.937,S1,500.00,4700,1500.00,1000
387.094,S1,500.00,4700,1500.00,2000
387.217,S1,500.00,4700,1500.00,3000
387.359,S1,500.00,4700,1500.00,4000
387.470,S1,500.00,4700,1500.00,5000
387.574,S1,500.00,4650,1500.00,5000
387.744,S1,500.00,4610,1500.00,5000
388.250,S1,500.00,4560,1500.00,5000
388.767,S1,500.00,4510,1500.00,5000
389.171,S1,500.00,4460,1500.00,5000
389.591,S1,500.00,4410,1500.00,5000
389.924,S1,500.00,4360,1500.00,5000
390.266,S1,500.00,4310,1500.00,5000
390.459,S1,500.00,4310,1500.00,4900
390.630,S1,500.00,4260,1500.00,4900
392.438,S1,500.00,4260,1500.00,4800
393.410,S1,500.00,4260,1500.00,4700
393.890,S1,500.00,4260,600.00,1
394.738,S1,500.00,4260,1500.00,4601
395.967,S1,500.00,4260,1500.00,4501
397.270,S1,500.00,4260,600.00,1
398.065,S1,500.00,4260,1500.00,4402
398.856,S1,500.00,4260,1500.00,4302
399.543,S1,500.00,4260,1500.00,4202
400.169,S1,500.00,4260,1500.00,4102
401.205,S1,500.00,4260,1500.00,4002
401.593,S1,550.00,500,1500.00,4002
402.250,S1,550.00,500,1500.00,3902
402.900,S1,550.00,500,1500.00,3802
403.878,S1,700.00,10,1500.00,3802
403.991,S1,700.00,10,1500.00,3702
404.042,S1,700.00,20,1500.00,3702
404.202,S1,700.00,30,1500.00,3702
404.366,S1,700.00,40,1500.00,3702
404.466,S1,700.00,40,1400.00,250
404.536,S1,700.00,50,1400.00,250
404.687,S1,700.00,60,1400.00,250
405.226,S1,700.00,70,1400.00,250
405.401,S1,700.00,80,1400.00,250
405.583,S1,700.00,90,1400.00,250
405.743,S1,700.00,100,1400.00,250
405.904,S1,700.00,110,1400.00,250
406.085,S1,700.00,120,1400.00,250
406.244,S1,700.00,130,1400.00,250
406.406,S1,700.00,140,1400.00,250
407.485,S1,700.00,90,1400.00,250
407.770,S1,700.00,90,1000.00,1000
408.387,S1,700.00,40,1000.00,1000
408.829,S1,550.00,490,1000.00,1000
409.220,S1,550.00,440,1000.00,1000
409.524,S1,550.00,440,1000.00,2000
409.625,S1,550.00,390,1000.00,2000
410.017,S1,550.00,340,1000.00,2000
410.374,S1,550.00,290,1000.00,2000
410.934,S1,550.00,240,1000.00,2000
410.974,S1,550.00,240,1000.00,1000
411.146,S1,550.00,190,1000.00,1000
411.652,S1,550.00,140,1000.00,1000
411.831,S1,550.00,90,1000.00,1000
412.044,S1,550.00,80,1000.00,1000
413.940,S1,560.00,500,1000.00,1000
414.497,S1,700.00,1000,1000.00,1000
416.067,S1,700.00,960,1000.00,1000
417.643,S1,700.00,960,1000.00,900
417.815,S1,700.00,960,1000.00,800
418.003,S1,700.00,960,1000.00,700
418.145,S1,700.00,960,1000.00,600
418.295,S1,700.00,960,1000.00,500
418.508,S1,700.00,960,1000.00,400
418.599,S1,700.00,960,1000.00,300
418.749,S1,700.00,960,1000.00,200
418.901,S1,700.00,960,1000.00,100
419.184,S1,700.00,960,1400.00,250
419.355,S1,700.00,960,1400.00,150
419.557,S1,700.00,960,1400.00,50
419.636,S1,700.00,960,1500.00,3652
419.759,S1,700.00,960,900.00,100
419.789,S1,700.00,960,1500.00,3652
419.930,S1,700.00,960,1500.00,3552
420.083,S1,700.00,960,1500.00,3452
420.225,S1,700.00,960,1500.00,3352
420.366,S1,700.00,960,1500.00,3252
423.227,S1,700.00,960,1000.00,10
423.870,S1,700.00,960,1500.00,3162
424.053,S1,700.00,920,1500.00,3162
424.153,S1,700.00,920,1500.00,3062
424.284,S1,700.00,920,1500.00,2962
424.422,S1,700.00,920,1500.00,2862
424.543,S1,700.00,920,1500.00,2762
424.684,S1,700.00,920,1500.00,2662
424.825,S1,700.00,920,1500.00,2562
424.945,S1,700.00,920,1500.00,2462
425.067,S1,700.00,920,1500.00,2362
425.322,S1,700.00,920,1500.00,2262
425.445,S1,700.00,920,1500.00,2162
425.578,S1,700.00,920,1500.00,2062
425.721,S1,700.00,920,1500.00,1962
425.851,S1,700.00,920,1500.00,1862
425.982,S1,700.00,920,1500.00,1762
426.113,S1,700.00,920,1500.00,1662
426.244,S1,700.00,920,1500.00,1562
426.285,S1,700.00,930,1500.00,1562
426.417,S1,700.00,940,1500.00,1562
426.508,S1,700.00,940,1500.00,1462
426.617,S1,700.00,950,1500.00,1462
426.628,S1,700.00,950,1500.00,1362
426.769,S1,700.00,950,1500.00,1262
426.800,S1,700.00,960,1500.00,1262
426.933,S1,700.00,970,1500.00,1262
426.993,S1,700.00,970,1500.00,1162
427.073,S1,700.00,980,1500.00,1162
427.122,S1,700.00,980,900.00,100
427.254,S1,700.00,990,900.00,100
427.409,S1,700.00,1000,900.00,100
427.581,S1,700.00,1010,900.00,100
427.754,S1,700.00,1020,900.00,100
427.917,S1,700.00,1030,900.00,100
428.088,S1,700.00,1040,900.00,100
428.258,S1,700.00,1050,900.00,100
428.422,S1,700.00,1060,900.00,100
428.603,S1,700.00,1070,900.00,100
428.774,S1,700.00,1080,900.00,100
428.957,S1,700.00,1090,900.00,100
429.140,S1,700.00,1100,900.00,100
429.321,S1,700.00,1110,900.00,100
429.483,S1,700.00,1120,900.00,100
429.512,S1,700.00,1119,900.00,100
429.644,S1,700.00,1129,900.00,100
429.814,S1,700.00,1139,900.00,100
429.996,S1,700.00,1149,900.00,100
430.177,S1,700.00,1159,900.00,100
430.387,S1,700.00,1169,900.00,100
430.608,S1,700.00,1179,900.00,100
431.653,S1,700.00,1139,900.00,100
431.864,S1,700.00,1149,900.00,100
432.046,S1,700.00,1159,900.00,100
432.209,S1,700.00,1169,900.00,100
432.424,S1,700.00,1179,900.00,100
433.421,S1,700.00,1189,900.00,100
435.896,S1,800.00,1000,900.00,100
439.188,S1,800.00,2000,900.00,100
439.674,S1,800.00,1960,900.00,100
442.016,S1,800.00,1960,1400.00,350
446.371,S1,800.00,1960,1300.00,100
446.606,S1,800.00,1860,1300.00,100
447.423,S1,800.00,1510,1300.00,100
447.866,S1,800.00,1510,1500.00,2112
450.515,S1,800.00,1160,1500.00,2112
451.172,S1,800.00,1060,1500.00,2112
451.243,S1,800.00,710,1500.00,2112
451.343,S1,800.00,710,1300.00,100
451.917,S1,900.00,1000,1300.00,100
454.530,S1,900.00,1000,1500.00,1212
455.892,S1,950.00,1000,1500.00,1212
456.075,S1,950.00,900,1500.00,1212
457.440,S1,950.00,800,1500.00,1212
457.742,S1,950.00,450,1500.00,1212
458.891,S1,950.00,450,1500.00,1112
459.084,S1,950.00,450,1300.00,100
459.885,S1,950.00,450,1500.00,1112
460.338,S1,950.00,450,1500.00,762
460.705,S1,950.00,450,1500.00,412
460.959,S1,950.00,450,1500.00,62
461.200,S1,950.00,450,1599.00,212
461.425,S1,950.00,450,1700.00,863
461.667,S1,950.00,450,1700.00,513
461.981,S1,950.00,450,1700.00,413
462.779,S1,950.00,450,1700.00,63
463.280,S1,950.00,450,2499.99,718
463.680,S1,950.00,450,1300.00,100
463.930,S1,950.00,450,2499.99,468
464.415,S1,950.00,450,2499.99,118
464.810,S1,950.00,410,2499.99,118
464.860,S1,1000.00,1000,2499.99,118
466.924,S1,1000.00,960,2499.99,118
468.797,S1,1000.00,960,1750.00,150
468.910,S1,1200.00,1000,1750.00,150
470.775,S1,1200.00,1000,2700.00,68
471.299,S1,1200.00,1000,3000.00,973
473.433,S1,1200.00,990,3000.00,973
474.602,S1,1200.00,980,3000.00,973
475.847,S1,1200.00,970,3000.00,973
477.347,S1,1200.00,960,3000.00,973
477.499,S1,1200.00,610,3000.00,973
478.141,S1,1220.00,1000,3000.00,973
478.837,S1,1500.00,1000,3000.00,973
479.808,S1,1500.00,650,3000.00,973
480.375,S1,1500.00,649,3000.00,973
480.375,S1,1500.00,1649,3000.00,973
480.508,S1,1500.00,1648,3000.00,973
480.709,S1,1500.00,1647,3000.00,973
480.791,S1,1500.00,1647,3000.00,1073
480.892,S1,1500.00,1646,3000.00,1073
480.992,S1,1500.00,1296,3000.00,1073
481.072,S1,1500.00,1295,3000.00,1073
481.235,S1,1500.00,1294,3000.00,1073
481.417,S1,1500.00,1293,3000.00,1073
481.567,S1,1500.00,1292,3000.00,1073
481.720,S1,1500.00,1291,3000.00,1073
481.942,S1,1500.00,1290,3000.00,1073
482.053,S1,1500.00,1289,3000.00,1073
482.220,S1,1500.00,1288,3000.00,1073
482.373,S1,1500.00,1287,3000.00,1073
482.535,S1,1500.00,1286,3000.00,1073
482.698,S1,1500.00,1285,3000.00,1073
482.860,S1,1500.00,1284,3000.00,1073
483.016,S1,1500.00,1283,3000.00,1073
483.170,S1,1500.00,1282,3000.00,1073
483.332,S1,1500.00,1281,3000.00,1073
483.513,S1,1500.00,1280,3000.00,1073
483.647,S1,1500.00,1279,3000.00,1073
483.811,S1,1500.00,1278,3000.00,1073
484.040,S1,1500.00,1277,3000.00,1073
484.134,S1,1500.00,1276,3000.00,1073
484.297,S1,1500.00,1275,3000.00,1073
484.512,S1,1500.00,1275,3000.00,1573
485.490,S1,1700.00,1000,3000.00,1573
488.957,S1,1700.00,1000,2500.00,1000
489.289,S1,1700.00,1000,2500.00,2000
489.805,S1,1700.00,999,2500.00,2000
489.987,S1,1700.00,998,2500.00,2000
490.181,S1,1700.00,997,2500.00,2000
490.333,S1,1700.00,996,2500.00,2000
490.517,S1,1700.00,995,2500.00,2000
490.669,S1,1700.00,994,2500.00,2000
491.019,S1,1700.00,993,2500.00,2000
491.219,S1,1700.00,992,2500.00,2000
491.381,S1,1700.00,991,2500.00,2000
491.542,S1,1700.00,990,2500.00,2000
491.714,S1,1700.00,989,2500.00,2000
491.907,S1,1700.00,988,2500.00,2000
492.059,S1,1700.00,987,2500.00,2000
492.089,S1,1700.00,987,2500.00,1650
492.210,S1,1700.00,986,2500.00,1650
492.432,S1,1700.00,985,2500.00,1650
492.554,S1,1700.00,984,2500.00,1650
492.728,S1,1700.00,983,2500.00,1650
492.960,S1,1700.00,982,2500.00,1650
493.422,S1,1700.00,982,2500.00,1300
494.000,S1,1700.00,982,2500.00,950
495.275,S1,1900.00,1000,2500.00,950
495.416,S1,1900.00,2000,2500.00,950
495.576,S1,1900.00,3000,2500.00,950
496.155,S1,1900.00,3000,2500.00,600
496.680,S1,1900.00,3000,2500.00,250
497.144,S1,1900.00,2999,2500.00,250
497.321,S1,1900.00,2998,2500.00,250
497.514,S1,1900.00,2997,2500.00,250
497.707,S1,1900.00,2996,2500.00,250
497.896,S1,1900.00,2995,2500.00,250
498.079,S1,1900.00,2994,2500.00,250
498.290,S1,1900.00,2993,2500.00,250
498.472,S1,1900.00,2992,2500.00,250
498.725,S1,1900.00,2991,2500.00,250
498.866,S1,1900.00,2990,2500.00,250
498.925,S1,1900.00,2990,2999.00,900
499.057,S1,1900.00,2989,2999.00,900
499.249,S1,1900.00,2988,2999.00,900
499.454,S1,1900.00,2987,2999.00,900
499.675,S1,1900.00,2986,2999.00,900
499.867,S1,1900.00,2985,2999.00,900
499.998,S1,1900.00,2985,2999.00,550
500.088,S1,1900.00,2984,2999.00,550
500.294,S1,1900.00,2983,2999.00,550
500.486,S1,1900.00,2982,2999.00,550
500.689,S1,1900.00,2981,2999.00,550
500.901,S1,1900.00,2980,2999.00,550
501.104,S1,1900.00,2979,2999.00,550
501.396,S1,1900.00,2978,2999.00,550
501.496,S1,1900.00,2978,2999.00,200
501.597,S1,1900.00,2977,2999.00,200
501.865,S1,1900.00,2976,2999.00,200
501.875,S1,1900.00,2976,3000.00,1448
502.007,S1,1900.00,2975,3000.00,1448
502.170,S1,1900.00,2975,3000.00,1098
502.220,S1,1900.00,2974,3000.00,1098
502.431,S1,1900.00,2973,3000.00,1098
502.633,S1,1900.00,2972,3000.00,1098
502.774,S1,1900.00,2972,3000.00,748
502.916,S1,1900.00,2971,3000.00,748
503.046,S1,1900.00,2970,3000.00,748
503.250,S1,1900.00,2969,3000.00,748
503.435,S1,1900.00,2968,3000.00,748
503.652,S1,1900.00,2967,3000.00,748
503.966,S1,1900.00,2966,3000.00,748
504.098,S1,1900.00,2965,3000.00,748
504.331,S1,1900.00,2964,3000.00,748
504.591,S1,1900.00,2963,3000.00,748
504.826,S1,1900.00,2962,3000.00,748
505.026,S1,1900.00,2961,3000.00,748
505.250,S1,1900.00,2960,3000.00,748
505.442,S1,1900.00,2959,3000.00,748
505.643,S1,1900.00,2958,3000.00,748
505.835,S1,1900.00,2957,3000.00,748
508.203,S1,1900.00,2607,3000.00,748
508.465,S1,1900.00,1647,3000.00,748
509.012,S1,1900.00,1297,3000.00,748
509.571,S1,1900.00,947,3000.00,748
510.134,S1,1900.00,597,3000.00,748
510.676,S1,1900.00,597,3000.00,625
510.767,S1,1900.00,247,3000.00,625
511.270,S1,1700.00,879,3000.00,625
511.726,S1,1700.00,529,3000.00,625
513.093,S1,1700.00,179,3000.00,625
513.707,S1,1700.00,179,2700.00,500
513.858,S1,1500.00,1754,2700.00,500
514.283,S1,1500.00,1404,2700.00,500
514.506,S1,1500.00,1054,2700.00,500
514.739,S1,1500.00,704,2700.00,500
515.327,S1,1500.00,354,2700.00,500
515.569,S1,1500.00,4,2700.00,500
515.790,S1,1300.00,654,2700.00,500
516.314,S1,1300.00,304,2700.00,500
521.576,S1,1400.00,1000,2700.00,500
527.044,S1,1400.00,100,2700.00,500
527.997,S1,1000.00,8529,2700.00,500
528.197,S1,1500.00,1000,2700.00,500
528.440,S1,1500.00,100,2700.00,500
528.949,S1,1000.00,7729,2700.00,500
529.362,S1,1000.00,6829,2700.00,500
530.109,S1,1000.00,5929,2700.00,500
530.396,S1,1000.00,5029,2700.00,500
530.591,S1,1000.00,4129,2700.00,500
530.938,S1,1000.00,3229,2700.00,500
531.109,S1,1000.00,2329,2700.00,500
531.433,S1,1000.00,1429,2700.00,500
531.616,S1,1000.00,529,2700.00,500
531.751,S1,1000.00,529,3000.00,1075
531.791,S1,900.00,1629,3000.00,1075
531.956,S1,900.00,729,3000.00,1075
532.137,S1,800.00,539,3000.00,1075
532.311,S1,700.00,808,3000.00,1075
532.491,S1,560.00,408,3000.00,1075
532.521,S1,560.00,408,3000.00,75
532.663,S1,500.00,5348,3000.00,75
532.803,S1,500.00,5348,2500.00,1000
532.834,S1,500.00,4448,2500.00,1000
532.864,S1,500.00,4448,2500.00,2000
532.976,S1,500.00,4448,2500.00,3000
533.007,S1,500.00,3548,2500.00,3000
533.119,S1,500.00,3548,2500.00,4000
533.191,S1,500.00,2648,2500.00,4000
533.318,S1,500.00,2648,2500.00,5000
533.369,S1,500.00,1748,2500.00,5000
533.379,S1,500.00,1748,2500.00,4000
533.389,S1,500.00,1748,2500.00,5000
533.531,S1,500.00,1748,2500.00,6000
533.570,S1,500.00,1748,2500.00,5900
533.570,S1,500.00,848,2500.00,5900
533.760,S1,350.00,2248,2500.00,5900
534.114,S1,350.00,1348,2500.00,5900
534.174,S1,350.00,1348,2500.00,6900
534.307,S1,350.00,448,2500.00,6900
534.377,S1,350.00,448,2500.00,7900
534.468,S1,350.00,448,2500.00,8900
534.508,S1,300.00,10548,2500.00,8900
534.793,S1,300.00,10547,2500.00,8900
537.086,S1,300.00,10547,2500.00,8850
538.247,S1,300.00,10546,2500.00,8850
539.605,S1,300.00,10545,2500.00,8850
540.473,S1,350.00,1000,2500.00,8850
540.654,S1,350.00,999,2500.00,8850
541.304,S1,350.00,1999,2500.00,8850
541.955,S1,350.00,2999,2500.00,8850
543.191,S1,350.00,3999,2500.00,8850
543.342,S1,350.00,4999,2500.00,8850
544.526,S1,400.00,100,2500.00,8850
544.547,S1,400.00,100,2400.00,1000
544.741,S1,400.00,200,2400.00,1000
544.922,S1,400.00,300,2400.00,1000
545.113,S1,400.00,400,2400.00,1000
545.316,S1,400.00,500,2400.00,1000
545.357,S1,400.00,500,2400.00,1100
545.560,S1,400.00,500,2400.00,2100
545.713,S1,400.00,600,2400.00,2100
546.145,S1,400.00,700,2400.00,2100
546.546,S1,400.00,800,2400.00,2100
546.930,S1,400.00,900,2400.00,2100
547.339,S1,400.00,900,2400.00,2000
547.470,S1,350.00,4899,2400.00,2000
547.804,S1,350.00,4899,2400.00,1950
547.904,S1,400.00,1000,2400.00,1950
547.944,S1,400.00,1000,2400.00,1850
547.954,S1,400.00,1000,2400.00,1750
547.996,S1,400.00,1000,2400.00,1650
548.249,S1,400.00,1000,2400.00,1550
548.580,S1,400.00,1100,2400.00,1550
548.680,S1,400.00,1100,2400.00,1450
548.690,S1,400.00,1100,2400.00,1350
548.741,S1,400.00,1200,2400.00,1350
548.917,S1,400.00,1300,2400.00,1350
549.080,S1,400.00,1400,2400.00,1350
549.231,S1,400.00,1500,2400.00,1350
549.372,S1,400.00,1600,2400.00,1350
549.534,S1,400.00,1700,2400.00,1350
549.716,S1,400.00,1800,2400.00,1350
549.858,S1,400.00,1900,2400.00,1350
550.019,S1,400.00,2000,2400.00,1350
550.090,S1,400.00,1999,2400.00,1350
551.217,S1,400.00,1998,2400.00,1350
551.298,S1,500.00,1000,2400.00,1350
551.743,S1,500.00,1000,2400.00,2350
552.564,S1,500.00,100,2400.00,2350
552.915,S1,500.00,99,2400.00,2350
553.672,S1,500.00,98,2400.00,2350
553.672,S1,400.00,1896,2400.00,2350
553.843,S1,400.00,1896,2400.00,2250
553.893,S1,400.00,1896,1000.00,1000
553.955,S1,400.00,1896,1000.00,900
554.137,S1,400.00,1896,1000.00,1900
554.430,S1,400.00,1896,1000.00,1800
554.440,S1,400.00,1896,1000.00,1700
554.440,S1,400.00,1895,1000.00,1700
554.480,S1,400.00,1895,1000.00,1600
554.662,S1,400.00,1895,1000.00,2600
555.217,S1,400.00,1894,1000.00,2600
555.296,S1,400.00,1894,1000.00,2500
555.307,S1,400.00,1894,1000.00,2400
555.356,S1,400.00,1894,1000.00,2300
555.657,S1,400.00,1893,1000.00,2300
555.761,S1,400.00,1993,1000.00,2300
555.936,S1,400.00,2093,1000.00,2300
555.985,S1,400.00,2092,1000.00,2300
556.148,S1,400.00,2192,1000.00,2300
556.249,S1,400.00,2191,1000.00,2300
556.465,S1,400.00,2190,1000.00,2300
556.641,S1,400.00,2189,1000.00,2300
556.641,S1,400.00,2289,1000.00,2300
556.761,S1,400.00,2289,1000.00,2200
556.761,S1,400.00,2289,1000.00,2100
556.772,S1,400.00,2289,1000.00,2000
556.832,S1,400.00,2289,1000.00,1900
556.913,S1,400.00,2288,1000.00,1900
557.033,S1,400.00,2287,1000.00,1900
557.084,S1,400.00,2387,1000.00,1900
557.197,S1,400.00,2386,1000.00,1900
557.217,S1,400.00,2486,1000.00,1900
557.371,S1,400.00,2586,1000.00,1900
557.432,S1,400.00,2585,1000.00,1900
557.570,S1,400.00,2584,1000.00,1900
557.580,S1,400.00,2684,1000.00,1900
557.734,S1,400.00,2784,1000.00,1900
557.767,S1,400.00,2783,1000.00,1900
557.920,S1,400.00,2883,1000.00,1900
558.808,S1,400.00,2983,1000.00,1900
558.902,S1,400.00,2982,1000.00,1900
559.236,S1,400.00,2981,1000.00,1900
559.437,S1,400.00,3081,1000.00,1900
559.529,S1,400.00,3080,1000.00,1900
559.661,S1,400.00,3079,1000.00,1900
559.862,S1,400.00,3078,1000.00,1900
559.911,S1,400.00,2178,1000.00,1900
560.065,S1,400.00,2177,1000.00,1900
560.258,S1,400.00,2176,1000.00,1900
560.473,S1,400.00,2175,1000.00,1900
560.746,S1,400.00,2174,1000.00,1900
560.956,S1,400.00,2173,1000.00,1900
561.148,S1,400.00,2172,1000.00,1900
561.261,S1,400.00,1272,1000.00,1900
561.351,S1,400.00,1271,1000.00,1900
561.634,S1,400.00,1270,1000.00,1900
561.764,S1,400.00,1269,1000.00,1900
561.966,S1,400.00,1268,1000.00,1900
562.158,S1,400.00,1267,1000.00,1900
562.361,S1,400.00,1266,1000.00,1900
562.496,S1,400.00,366,1000.00,1900
562.557,S1,400.00,365,1000.00,1900
562.750,S1,400.00,364,1000.00,1900
562.933,S1,400.00,363,1000.00,1900
563.135,S1,350.00,3963,1000.00,1900
563.206,S1,350.00,3962,1000.00,1900
563.296,S1,350.00,3962,1000.00,900
563.326,S1,350.00,3961,1000.00,900
563.500,S1,350.00,3960,1000.00,900
563.722,S1,350.00,3060,1000.00,900
563.733,S1,350.00,3059,1000.00,900
563.926,S1,350.00,3058,1000.00,900
564.088,S1,350.00,3057,1000.00,900
564.230,S1,350.00,2157,1000.00,900
564.280,S1,350.00,2156,1000.00,900
564.472,S1,350.00,2155,1000.00,900
564.522,S1,400.00,100,1000.00,900
564.612,S1,350.00,1355,1000.00,900
564.652,S1,350.00,1354,1000.00,900
564.774,S1,400.00,100,1000.00,900
564.835,S1,400.00,99,1000.00,900
564.926,S1,350.00,553,1000.00,900
565.016,S1,350.00,552,1000.00,900
565.096,S1,300.00,10197,1000.00,900
565.300,S1,300.00,10196,1000.00,900
565.402,S1,300.00,10195,1000.00,900
565.543,S1,400.00,100,1000.00,900
565.543,S1,400.00,100,1500.00,940
565.554,S1,300.00,9395,1500.00,940
565.565,S1,300.00,9394,1500.00,940
565.746,S1,400.00,100,1500.00,940
565.766,S1,300.00,8594,1500.00,940
565.827,S1,300.00,8593,1500.00,940
565.957,S1,400.00,100,1500.00,940
565.967,S1,300.00,7793,1500.00,940
566.159,S1,300.00,6893,1500.00,940
566.340,S1,300.00,5993,1500.00,940
568.796,S1,400.00,1000,1500.00,940
569.219,S1,400.00,1000,1200.00,1000
569.361,S1,400.00,1000,1200.00,2000
569.501,S1,400.00,1000,1200.00,3000
569.530,S1,400.00,2000,1200.00,3000
569.644,S1,400.00,2000,1200.00,4000
570.386,S1,400.00,2000,1200.00,4040
570.948,S1,400.00,2000,1200.00,5040
571.421,S1,400.00,2000,1200.00,6040
571.605,S1,400.00,2000,1200.00,7040
571.690,S1,400.00,2000,1200.00,8040
571.814,S1,400.00,2000,1200.00,9040
571.957,S1,400.00,2000,1200.00,10040
573.796,S1,400.00,2000,1200.00,9040
574.000,S1,400.00,2000,1200.00,8040
574.529,S1,400.00,2000,1200.00,7040
574.529,S1,400.00,2000,1200.00,6040
574.529,S1,400.00,2000,1200.00,5040
574.740,S1,400.00,1900,1200.00,5040
576.082,S1,450.00,500,1200.00,5040
576.182,S1,450.00,400,1200.00,5040
577.196,S1,450.00,400,1200.00,4040
578.105,S1,450.00,400,800.00,1000
579.356,S1,450.00,300,800.00,1000
580.509,S1,500.00,10,800.00,1000
581.977,S1,500.00,1010,800.00,1000
585.311,S1,500.00,1000,800.00,1000
585.763,S1,500.00,1000,800.00,100
586.358,S1,500.00,1000,1200.00,3240
586.709,S1,500.00,1000,1200.00,2340
586.943,S1,500.00,990,1200.00,2340
587.196,S1,500.00,990,1200.00,1440
587.865,S1,500.00,990,1200.00,540
588.610,S1,500.00,990,1500.00,620
589.234,S1,510.00,500,1500.00,620
589.752,S1,510.00,500,2000.00,820
590.216,S1,510.00,490,2000.00,820
590.879,S1,510.00,490,2400.00,2020
591.404,S1,510.00,490,2400.00,1120
591.769,S1,510.00,490,2400.00,220
592.040,S1,510.00,480,2400.00,220
592.201,S1,510.00,480,2500.00,8170
592.798,S1,510.00,480,2500.00,7270
593.109,S1,510.00,470,2500.00,7270
594.539,S1,510.00,470,1600.00,40
597.726,S1,510.00,470,2000.00,1190
598.068,S1,510.00,470,2000.00,290
598.270,S1,510.00,470,2500.00,6660
598.623,S1,510.00,470,2500.00,5760
598.845,S1,510.00,470,2500.00,4860
599.145,S1,510.00,470,2500.00,3960
599.388,S1,510.00,470,2500.00,3060
599.569,S1,510.00,470,2500.00,2160
599.772,S1,510.00,470,2500.00,1260
599.963,S1,510.00,470,2500.00,360
600.605,S1,510.00,470,2750.00,60
601.119,S1,510.00,470,2000.00,50
601.339,S1,510.00,470,3000.00,1040
601.589,S1,510.00,470,3000.00,140
601.750,S1,510.00,470,2500.00,1000
601.822,S1,510.00,470,2500.00,100
601.883,S1,510.00,470,1700.00,40
602.039,S1,510.00,470,3100.00,430
602.262,S1,510.00,470,5000.00,145
602.494,S1,510.00,470,8000.00,2251
602.780,S1,1000.00,1000,8000.00,2251
602.904,S1,1000.00,1000,8000.00,1351
603.059,S1,1000.00,2000,8000.00,1351
603.113,S1,1000.00,2000,8000.00,451
603.315,S1,1000.00,2000,9000.00,551
603.489,S1,1000.00,2000,9999.00,651
603.681,S1,1000.00,2000,10000.00,2756
603.852,S1,1000.00,2000,2000.00,500
603.882,S1,1000.00,2000,10000.00,2356
604.014,S1,1000.00,3000,10000.00,2356
604.074,S1,1000.00,3000,10000.00,1456
604.495,S1,1000.00,3000,10000.00,556
604.525,S1,1000.00,3000,2700.00,500
604.677,S1,1000.00,3000,10000.00,156
604.917,S1,1000.00,3000,20000.00,521
605.181,S1,1000.00,3000,25000.00,921
605.435,S1,1000.00,3000,2700.00,500
605.666,S1,1000.00,3000,25000.00,521
605.737,S1,1000.00,4000,25000.00,521
605.868,S1,1000.00,5000,25000.00,521
605.912,S1,1000.00,5000,50000.00,621
606.174,S1,1000.00,5000,400000.00,1721
606.423,S1,1000.00,5000,400000.00,821
606.620,S1,1000.00,4901,400000.00,821
606.692,S1,1000.00,4901,1000000.00,3181
606.814,S1,1000.00,4901,1800.00,40
607.097,S1,1000.00,4901,1000000.00,2321
607.650,S1,1000.00,4901,2700.00,500
609.003,S1,1000.00,3901,2700.00,500
610.772,S1,1000.00,3901,1800.00,40
617.980,S1,1000.00,3900,1800.00,40
619.840,S1,1000.00,3899,1800.00,40
620.063,S1,1050.00,10,1800.00,40
621.064,S1,1050.00,9,1800.00,40
621.481,S1,1050.00,8,1800.00,40
621.764,S1,1050.00,7,1800.00,40
622.019,S1,1050.00,6,1800.00,40
622.230,S1,1050.00,5,1800.00,40
622.512,S1,1050.00,5,25000.00,65
622.531,S1,1050.00,4,25000.00,65
623.007,S1,1050.00,3,25000.00,65
625.222,S1,1000.00,3402,25000.00,65
626.277,S1,1000.00,3392,25000.00,65
626.931,S1,1000.00,2892,25000.00,65
627.186,S1,1000.00,2892,1500.00,1000
632.852,S1,1000.00,2892,1500.00,1010
637.068,S1,1000.00,2892,1500.00,1000
640.403,S1,1000.00,2892,1900.00,40
644.203,S1,1000.00,2892,1400.00,10
653.122,S1,1000.00,2902,1400.00,10
656.355,S1,1300.00,1000,1400.00,10
658.763,S1,1300.00,1000,2500.00,50
663.623,S1,1300.00,2000,2500.00,50
666.067,S1,1300.00,1000,2500.00,50
666.786,S1,1300.00,1000,2000.00,40
668.657,S1,1300.00,900,2000.00,40
668.813,S1,1300.00,910,2000.00,40
670.979,S1,1300.00,810,2000.00,40
672.856,S1,1300.00,710,2000.00,40
673.666,S1,1300.00,610,2000.00,40
674.451,S1,1300.00,610,3000.00,1150
674.531,S1,1300.00,510,3000.00,1150
676.591,S1,1300.00,410,3000.00,1150
677.359,S1,1300.00,310,3000.00,1150
677.813,S1,1300.00,210,3000.00,1150
678.175,S1,1300.00,110,3000.00,1150
678.558,S1,1300.00,10,3000.00,1150
678.701,S1,1000.00,2812,3000.00,1150
678.881,S1,1000.00,2712,3000.00,1150
679.094,S1,1000.00,2612,3000.00,1150
679.255,S1,1000.00,2512,3000.00,1150
679.448,S1,1000.00,2412,3000.00,1150
679.631,S1,1000.00,2312,3000.00,1150
679.795,S1,1000.00,2212,3000.00,1150
679.996,S1,1000.00,2112,3000.00,1150
680.196,S1,1000.00,2012,3000.00,1150
680.389,S1,1000.00,1912,3000.00,1150
680.490,S1,1000.00,912,3000.00,1150
680.651,S1,1000.00,812,3000.00,1150
680.813,S1,1000.00,712,3000.00,1150
680.977,S1,1000.00,612,3000.00,1150
681.178,S1,1000.00,512,3000.00,1150
681.349,S1,1000.00,412,3000.00,1150
681.553,S1,1000.00,312,3000.00,1150
681.746,S1,1000.00,212,3000.00,1150
681.924,S1,1000.00,112,3000.00,1150
682.095,S1,1000.00,12,3000.00,1150
682.278,S1,550.00,1412,3000.00,1150
682.439,S1,550.00,1312,3000.00,1150
682.622,S1,550.00,1212,3000.00,1150
682.805,S1,550.00,1112,3000.00,1150
682.971,S1,550.00,1012,3000.00,1150
683.131,S1,550.00,1012,2900.00,10
683.152,S1,550.00,912,2900.00,10
683.340,S1,550.00,812,2900.00,10
683.513,S1,550.00,712,2900.00,10
683.704,S1,550.00,612,2900.00,10
683.879,S1,550.00,512,2900.00,10
684.072,S1,550.00,412,2900.00,10
684.329,S1,550.00,312,2900.00,10
684.440,S1,550.00,212,2900.00,10
684.460,S1,550.00,212,2100.00,40
684.621,S1,550.00,112,2100.00,40
684.853,S1,550.00,12,2100.00,40
684.965,S1,520.00,2912,2100.00,40
685.146,S1,520.00,2812,2100.00,40
685.377,S1,520.00,2712,2100.00,40
685.498,S1,520.00,2612,2100.00,40
685.678,S1,520.00,2512,2100.00,40
685.769,S1,520.00,1512,2100.00,40
685.899,S1,520.00,1412,2100.00,40
688.164,S1,520.00,1412,3000.00,2101
689.494,S1,520.00,1412,2000.00,1000
690.052,S1,520.00,1412,2000.00,2000
690.662,S1,520.00,1412,2000.00,3000
690.732,S1,520.00,1312,2000.00,3000
691.264,S1,520.00,1312,2000.00,4000
692.192,S1,520.00,1312,2000.00,5000
696.525,S1,520.00,1312,2000.00,4000
700.825,S1,600.00,10,2000.00,4000
701.948,S1,520.00,1222,2000.00,4000
702.160,S1,520.00,1222,1900.00,1000
702.760,S1,520.00,222,1900.00,1000
703.032,S1,530.00,200,1900.00,1000
704.266,S1,530.00,100,1900.00,1000
704.775,S1,550.00,1000,1900.00,1000
706.348,S1,550.00,1000,1900.00,1100
710.327,S1,600.00,1000,1900.00,1100
710.924,S1,600.00,2000,1900.00,1100
712.125,S1,600.00,3000,1900.00,1100
712.850,S1,600.00,4000,1900.00,1100
717.166,S1,600.00,4000,1900.00,1000
722.590,S1,600.00,4000,1900.00,2000
730.470,S1,1600.00,1000,1900.00,2000
732.580,S1,1600.00,900,1900.00,2000
735.054,S1,1600.00,860,1900.00,2000
740.934,S1,1600.00,820,1900.00,2000
741.076,S1,600.00,4000,1900.00,2000
745.763,S1,600.00,4000,1900.00,1528
745.833,S1,700.00,1000,1900.00,1528
746.704,S1,600.00,4000,1900.00,1528
746.845,S1,600.00,4000,1800.00,12
747.939,S1,600.00,4000,1600.00,1000
749.336,S1,700.00,1000,1600.00,1000
749.895,S1,700.00,2000,1600.00,1000
752.986,S1,700.00,2000,1200.00,65
760.449,S1,700.00,1180,1200.00,65
760.500,S1,700.00,1180,1100.00,1000
761.988,S1,700.00,1180,1200.00,65
763.206,S1,700.00,1180,1600.00,165
763.478,S1,700.00,1180,1350.00,150
763.710,S1,700.00,1180,1900.00,1355
764.034,S1,750.00,500,1900.00,1355
764.614,S1,750.00,500,1900.00,355
764.724,S1,750.00,500,1600.00,300
764.744,S1,750.00,400,1600.00,300
765.406,S1,750.00,400,1950.00,1655
766.632,S1,700.00,580,1950.00,1655
766.922,S1,700.00,580,1100.00,1000
770.700,S1,700.00,580,1900.00,40
772.560,S1,700.00,570,1900.00,40
774.832,S1,700.00,670,1900.00,40
775.735,S1,750.00,300,1900.00,40
776.136,S1,750.00,290,1900.00,40
776.651,S1,750.00,290,1600.00,300
777.303,S1,900.00,500,1600.00,300
778.523,S1,900.00,490,1600.00,300
778.604,S1,900.00,490,1600.00,800
779.493,S1,900.00,489,1600.00,800
780.300,S1,900.00,488,1600.00,800
780.391,S1,900.00,478,1600.00,800
781.055,S1,900.00,477,1600.00,800
781.833,S1,900.00,467,1600.00,800
784.225,S1,900.00,457,1600.00,800
784.911,S1,900.00,447,1600.00,800
786.157,S1,1000.00,300,1600.00,800
789.816,S1,750.00,190,1600.00,800
794.019,S1,750.00,190,1500.00,100
796.948,S1,750.00,189,1500.00,100
797.331,S1,1000.00,1000,1500.00,100
797.987,S1,1000.00,2000,1500.00,100
799.514,S1,1000.00,2000,1500.00,200
801.067,S1,1000.00,1990,1500.00,200
801.258,S1,1000.00,1990,1500.00,199
802.349,S1,1000.00,1990,1350.00,500
802.516,S1,1000.00,1990,1350.00,1000
802.667,S1,1000.00,1990,1350.00,1500
802.777,S1,1000.00,1980,1350.00,1500
802.837,S1,1000.00,1980,1350.00,2000
803.418,S1,1000.00,2980,1350.00,2000
803.683,S1,1000.00,2979,1350.00,2000
804.693,S1,1000.00,2979,1350.00,1999
805.603,S1,1000.00,2978,1350.00,1999
812.033,S1,1000.00,2968,1350.00,1999
814.723,S1,1000.00,2968,1350.00,1499
818.782,S1,1000.00,2968,1350.00,999
820.525,S1,1000.00,2958,1350.00,999
824.838,S1,1000.00,2958,1250.00,1000
825.384,S1,1000.00,2948,1250.00,1000
825.506,S1,1000.00,2938,1250.00,1000
825.658,S1,1000.00,2938,1250.00,2000
825.708,S1,1000.00,2928,1250.00,2000
825.847,S1,1000.00,2918,1250.00,2000
825.894,S1,1000.00,2918,1250.00,3000
826.105,S1,1000.00,2908,1250.00,3000
826.288,S1,1000.00,2898,1250.00,3000
826.495,S1,1000.00,2888,1250.00,3000
826.668,S1,1000.00,2878,1250.00,3000
826.838,S1,1000.00,2868,1250.00,3000
826.971,S1,1000.00,2858,1250.00,3000
827.103,S1,1000.00,2848,1250.00,3000
827.252,S1,1000.00,2838,1250.00,3000
827.375,S1,1000.00,2828,1250.00,3000
827.517,S1,1000.00,2818,1250.00,3000
827.558,S1,1000.00,2808,1250.00,3000
827.678,S1,1000.00,2798,1250.00,3000
827.839,S1,1000.00,2788,1250.00,3000
827.981,S1,1000.00,2778,1250.00,3000
828.130,S1,1000.00,2768,1250.00,3000
828.286,S1,1000.00,2758,1250.00,3000
828.457,S1,1000.00,2748,1250.00,3000
829.847,S1,1000.00,2738,1250.00,3000
831.400,S1,1000.00,1738,1250.00,3000
831.693,S1,1000.00,738,1250.00,3000
831.825,S1,750.00,427,1250.00,3000
831.947,S1,750.00,417,1250.00,3000
831.977,S1,650.00,57,1250.00,3000
832.117,S1,600.00,3057,1250.00,3000
832.301,S1,600.00,2057,1250.00,3000
832.436,S1,600.00,1057,1250.00,3000
832.606,S1,600.00,1047,1250.00,3000
833.241,S1,600.00,1037,1250.00,3000
833.784,S1,600.00,1027,1250.00,3000
834.319,S1,600.00,1017,1250.00,3000
834.788,S1,600.00,1007,1250.00,3000
835.245,S1,600.00,997,1250.00,3000
835.396,S1,600.00,897,1250.00,3000
835.852,S1,600.00,896,1250.00,3000
836.899,S1,600.00,895,1250.00,3000
837.611,S1,600.00,894,1250.00,3000
837.954,S1,600.00,894,1250.00,2000
838.475,S1,600.00,893,1250.00,2000
838.516,S1,700.00,1000,1250.00,2000
838.616,S1,700.00,990,1250.00,2000
839.011,S1,700.00,989,1250.00,2000
839.041,S1,700.00,979,1250.00,2000
839.224,S1,700.00,978,1250.00,2000
839.416,S1,700.00,1978,1250.00,2000
839.445,S1,700.00,1968,1250.00,2000
839.517,S1,700.00,1967,1250.00,2000
839.668,S1,700.00,1966,1250.00,2000
839.808,S1,700.00,1956,1250.00,2000
839.889,S1,700.00,1955,1250.00,2000
840.041,S1,700.00,2205,1250.00,2000
840.101,S1,700.00,2204,1250.00,2000
840.161,S1,700.00,2194,1250.00,2000
840.353,S1,700.00,2193,1250.00,2000
840.516,S1,700.00,2183,1250.00,2000
840.586,S1,700.00,2182,1250.00,2000
840.798,S1,700.00,3182,1250.00,2000
840.847,S1,700.00,3181,1250.00,2000
840.892,S1,700.00,3171,1250.00,2000
841.261,S1,700.00,3161,1250.00,2000
841.821,S1,700.00,3151,1250.00,2000
842.507,S1,700.00,3141,1250.00,2000
842.923,S1,700.00,3131,1250.00,2000
843.397,S1,700.00,3121,1250.00,2000
843.808,S1,700.00,3111,1250.00,2000
843.808,S1,700.00,2861,1250.00,2000
844.194,S1,700.00,2851,1250.00,2000
844.592,S1,700.00,2841,1250.00,2000
845.036,S1,700.00,2831,1250.00,2000
845.471,S1,700.00,2821,1250.00,2000
845.899,S1,700.00,2811,1250.00,2000
846.550,S1,700.00,2801,1250.00,2000
849.989,S1,700.00,2791,1250.00,2000
850.019,S1,700.00,2791,1250.00,1000
851.407,S1,700.00,2791,1150.00,500
851.416,S1,800.00,250,1150.00,500
854.361,S1,800.00,250,900.00,250
857.088,S1,800.00,250,1150.00,450
858.607,S1,800.00,250,1250.00,450
860.278,S1,800.00,250,1100.00,300
860.864,S1,800.00,250,1100.00,600
861.017,S1,800.00,249,1100.00,600
861.520,S1,800.00,249,1050.00,500
862.982,S1,800.00,249,1050.00,1000
867.200,S1,800.00,249,1050.00,960
867.350,S1,800.00,249,1100.00,560
868.671,S1,800.00,249,1000.00,100
868.895,S1,800.00,249,1100.00,20
869.119,S1,850.00,1000,1100.00,20
872.414,S1,850.00,1000,1100.00,320
872.496,S1,850.00,1000,1050.00,100
874.648,S1,850.00,1000,1000.00,1000
880.178,S1,850.00,1000,1000.00,1250
883.202,S1,850.00,990,1000.00,1250
884.301,S1,850.00,990,1000.00,250
886.028,S1,850.00,980,1000.00,250
887.232,S1,850.00,980,1000.00,210
890.390,S1,855.00,1000,1000.00,210
894.812,S1,855.00,950,1000.00,210
895.066,S1,855.00,940,1000.00,210
896.799,S1,860.00,101,1000.00,210
896.869,S1,860.00,91,1000.00,210
897.493,S1,860.00,81,1000.00,210
898.110,S1,860.00,71,1000.00,210
898.481,S1,860.00,71,1000.00,960
898.634,S1,860.00,61,1000.00,960
899.423,S1,860.00,51,1000.00,960
902.231,S1,865.00,40,1000.00,960
903.948,S1,865.00,30,1000.00,960
904.487,S1,865.00,20,1000.00,960
905.395,S1,865.00,10,1000.00,960
905.893,S1,860.00,51,1000.00,960
906.469,S1,860.00,41,1000.00,960
907.196,S1,860.00,31,1000.00,960
908.096,S1,860.00,21,1000.00,960
908.668,S1,860.00,11,1000.00,960
909.080,S1,860.00,1,1000.00,960
909.789,S1,855.00,931,1000.00,960
910.195,S1,855.00,921,1000.00,960
910.479,S1,855.00,911,1000.00,960
910.560,S1,855.00,911,865.00,500
910.877,S1,855.00,901,865.00,500
911.109,S1,855.00,891,865.00,500
911.219,S1,855.00,891,865.00,1000
911.300,S1,855.00,881,865.00,1000
911.902,S1,855.00,871,865.00,1000
912.054,S1,855.00,871,865.00,960
919.314,S1,855.00,871,900.00,960
920.597,S1,890.00,40,900.00,960
928.448,S1,890.00,40,950.00,60
932.320,S1,900.00,40,950.00,60
937.532,S1,890.00,40,950.00,60
960.725,S1,900.00,1000,950.00,60
968.172,S1,900.00,1000,1000.00,2121
970.624,S1,900.00,1000,1000.00,1121
971.550,S1,900.00,1000,1000.00,121
972.208,S1,900.00,1100,1000.00,121
972.956,S1,900.00,1100,1050.00,121
973.887,S1,900.00,1100,1349.00,291
980.052,S1,900.00,1100,1350.00,290
982.703,S1,901.00,101,1350.00,290
986.733,S1,900.00,201,1350.00,290
987.720,S1,910.00,100,1350.00,290
988.065,S1,950.00,1000,1350.00,290
991.435,S1,910.00,100,1350.00,290
992.986,S1,850.00,821,1350.00,290
994.307,S1,750.00,421,1350.00,290
994.954,S1,710.00,21,1350.00,290
996.168,S1,700.00,21,1350.00,290
996.705,S1,700.00,21,1250.00,300
997.012,S1,600.00,921,1250.00,300
997.158,S1,600.00,921,1250.00,600
997.327,S1,600.00,921,1250.00,900
998.398,S1,600.00,921,1250.00,1200
998.489,S1,560.00,921,1250.00,1200
998.970,S1,550.00,21,1250.00,1200
999.487,S1,510.00,313,1250.00,1200
999.950,S1,500.00,4303,1250.00,1200
1000.384,S1,500.00,3303,1250.00,1200
1000.799,S1,500.00,2303,1250.00,1200
1002.054,S1,600.00,1000,1250.00,1200
1002.096,S1,500.00,2303,1250.00,1200
1004.676,S1,600.00,500,1250.00,1200
1005.223,S1,600.00,500,1100.00,1000
1007.568,S1,600.00,490,1100.00,1000
1007.875,S1,600.00,1490,1100.00,1000
1010.269,S1,600.00,2490,1100.00,1000
1011.268,S1,600.00,2490,1000.00,1000
1011.472,S1,610.00,100,1000.00,1000
1015.506,S1,750.00,1000,1000.00,1000
1018.481,S1,870.00,40,1000.00,1000
1019.869,S1,870.00,40,900.00,100
1022.410,S1,870.00,40,1000.00,100
1029.710,S1,800.00,840,1000.00,100
1032.245,S1,800.00,840,970.00,500
1032.440,S1,800.00,840,970.00,1000
1036.298,S1,750.00,880,970.00,1000
1039.035,S1,750.00,880,900.00,300
1039.277,S1,750.00,880,900.00,600
1041.947,S1,750.00,880,900.00,900
1046.865,S1,800.00,40,900.00,900
1046.946,S1,800.00,40,900.00,899
1052.473,S1,800.00,40,900.00,898
1064.648,S1,790.00,100,900.00,898
1068.900,S1,800.00,1000,900.00,898
1071.036,S1,800.00,990,900.00,898
1072.921,S1,800.00,980,900.00,898
1073.339,S1,800.00,970,900.00,898
1073.756,S1,800.00,960,900.00,898
1074.027,S1,800.00,950,900.00,898
1074.459,S1,800.00,940,900.00,898
1074.661,S1,800.00,930,900.00,898
1074.871,S1,800.00,920,900.00,898
1075.066,S1,800.00,910,900.00,898
1075.462,S1,800.00,900,900.00,898
1076.542,S1,800.00,890,900.00,898
1076.562,S1,800.00,889,900.00,898
1077.574,S1,800.00,889,899.00,1000
1079.024,S1,800.00,889,850.00,300
1079.695,S1,800.00,889,850.00,600
1080.894,S1,801.00,1000,850.00,600
1082.702,S1,801.00,990,850.00,600
1082.916,S1,801.00,980,850.00,600
1083.128,S1,801.00,970,850.00,600
1083.300,S1,801.00,960,850.00,600
1083.667,S1,801.00,950,850.00,600
1083.857,S1,801.00,940,850.00,600
1084.045,S1,801.00,930,850.00,600
1084.757,S1,801.00,920,850.00,600
1084.980,S1,801.00,910,850.00,600
1085.153,S1,801.00,900,850.00,600
1090.269,S1,801.00,900,840.00,1000
1090.379,S1,802.00,100,840.00,1000
1090.610,S1,802.00,1100,840.00,1000
1090.831,S1,802.00,500,840.00,1000
1094.328,S1,801.00,800,840.00,1000
1094.504,S1,803.00,1000,840.00,1000
1095.385,S1,803.00,1000,850.00,600
1099.963,S1,803.00,400,850.00,600
1101.007,S1,803.00,400,835.00,1000
1110.815,S1,801.00,800,835.00,1000
1116.560,S1,801.00,800,820.00,1000
1120.029,S1,801.00,800,810.00,1000
1123.969,S1,802.00,1000,810.00,1000
1125.858,S1,802.00,1000,810.00,900
1128.301,S1,802.00,1000,820.00,900
1131.542,S1,800.00,2889,820.00,900
1133.126,S1,800.00,2889,820.00,800
1133.706,S1,810.00,200,820.00,800
1134.484,S1,810.00,200,820.00,700
1135.073,S1,810.00,200,820.00,600
1135.775,S1,810.00,200,820.00,500
1136.381,S1,810.00,200,820.00,400
1136.975,S1,810.00,200,820.00,300
1137.539,S1,810.00,200,820.00,200
1138.114,S1,810.00,200,820.00,100
1138.703,S1,810.00,200,835.00,1000
1146.684,S1,810.00,200,835.00,960
1149.132,S1,815.00,100,835.00,960
1150.439,S1,815.00,100,820.00,10
1154.486,S1,815.00,600,820.00,10
1157.512,S1,815.00,600,820.00,510
1159.208,S1,815.00,600,820.00,1010
1159.381,S1,815.00,600,820.00,1510
1159.964,S1,815.00,600,820.00,2010
1160.339,S1,815.00,600,820.00,2510
1165.812,S1,815.00,100,820.00,2510
1167.514,S1,815.00,100,817.50,500
1167.757,S1,800.00,2189,817.50,500
1172.031,S1,800.00,2089,817.50,500
1175.678,S1,800.00,1989,817.50,500
1180.181,S1,805.00,500,817.50,500
1180.564,S1,805.00,400,817.50,500
1181.169,S1,805.00,400,820.00,2110
1181.527,S1,805.00,300,820.00,2110
1190.536,S1,805.00,300,815.00,1000
1196.648,S1,805.00,200,815.00,1000
1197.330,S1,805.00,100,815.00,1000
1197.648,S1,800.00,1989,815.00,1000
1203.938,S1,800.00,1989,817.50,500
1205.614,S1,800.00,1989,817.50,400
1206.462,S1,800.00,1989,810.00,300
1207.594,S1,800.00,1989,810.00,200
1209.692,S1,800.00,1989,810.00,100
1210.576,S1,800.00,1989,817.50,400
1215.368,S1,801.00,200,817.50,400
1215.561,S1,801.00,200,815.00,1000
1218.849,S1,801.00,200,815.00,2000
1225.652,S1,801.00,200,810.00,1000
1229.751,S1,801.00,200,810.00,800
1237.773,S1,801.00,100,810.00,800
1253.392,S1,800.00,1989,810.00,800
1256.839,S1,800.00,1989,810.00,1800
1257.708,S1,800.00,1989,805.00,564
1259.222,S1,800.00,1889,805.00,564
1259.883,S1,800.00,1789,805.00,564
1260.276,S1,800.00,1689,805.00,564
1260.609,S1,800.00,1589,805.00,564
1268.571,S1,800.00,589,805.00,564
1272.981,S1,800.00,489,805.00,564
1273.577,S1,800.00,389,805.00,564
1273.836,S1,800.00,289,805.00,564
1274.242,S1,800.00,189,805.00,564
1274.417,S1,800.00,89,805.00,564
1274.641,S1,790.00,289,805.00,564
1274.852,S1,790.00,189,805.00,564
1275.036,S1,790.00,89,805.00,564
1275.217,S1,711.00,989,805.00,564
1275.589,S1,711.00,889,805.00,564
1275.771,S1,711.00,789,805.00,564
1275.982,S1,711.00,689,805.00,564
1276.073,S1,711.00,689,799.00,1000
1276.177,S1,711.00,589,799.00,1000
1276.361,S1,711.00,489,799.00,1000
1276.553,S1,711.00,389,799.00,1000
1276.734,S1,711.00,289,799.00,1000
1276.929,S1,711.00,189,799.00,1000
1277.129,S1,711.00,89,799.00,1000
1277.494,S1,710.00,89,799.00,1000
1277.686,S1,701.00,489,799.00,1000
1277.856,S1,701.00,389,799.00,1000
1278.057,S1,701.00,289,799.00,1000
1281.500,S1,701.00,39,799.00,1000
1284.895,S1,701.00,39,799.00,960
1288.842,S1,701.00,39,800.00,1110
1291.506,S1,650.00,100,800.00,1110
1301.718,S1,650.00,90,800.00,1110
1302.567,S1,600.00,1320,800.00,1110
1303.531,S1,600.00,1220,800.00,1110
1304.352,S1,600.00,1120,800.00,1110
1304.573,S1,600.00,1120,800.00,110
1307.666,S1,600.00,1080,800.00,110
1309.303,S1,610.00,500,800.00,110
1309.799,S1,610.00,500,700.00,1000
1314.718,S1,610.00,500,700.00,960
1316.475,S1,610.00,500,700.00,860
1321.088,S1,610.00,500,700.00,760
1321.788,S1,615.00,600,700.00,760
1330.189,S1,620.00,200,700.00,760
1332.660,S1,610.00,300,700.00,760
1336.638,S1,600.00,479,700.00,760
1336.778,S1,500.00,2019,700.00,760
1336.937,S1,500.00,1019,700.00,760
1337.098,S1,500.00,19,700.00,760
1337.248,S1,450.00,559,700.00,760
1337.935,S1,401.00,559,700.00,760
1338.106,S1,400.00,559,700.00,760
1338.236,S1,300.00,2659,700.00,760
1338.347,S1,300.00,1659,700.00,760
1338.510,S1,300.00,659,700.00,760
1338.561,S1,550.00,40,700.00,760
1338.723,S1,200.00,1099,700.00,760
1338.873,S1,200.00,99,700.00,760
1339.022,S1,120.00,1399,700.00,760
1339.184,S1,120.00,399,700.00,760
1339.345,S1,106.00,1399,700.00,760
1339.477,S1,106.00,399,700.00,760
1339.623,S1,105.00,499,700.00,760
1339.786,S1,95.00,5509,700.00,760
1340.761,S1,95.00,5509,750.00,260
1340.922,S1,95.00,5509,799.00,260
1341.063,S1,95.00,5509,805.00,434
1341.617,S1,95.00,5509,810.00,234
1342.923,S1,100.00,500,810.00,234
1343.053,S1,100.00,1000,810.00,234
1343.194,S1,100.00,1500,810.00,234
1343.376,S1,100.00,2000,810.00,234
1343.471,S1,401.00,1000,810.00,234
1343.844,S1,401.00,1000,820.00,1944
1343.996,S1,401.00,1000,820.00,944
1344.796,S1,401.00,1000,835.00,904
1344.958,S1,401.00,1000,850.00,514
1345.104,S1,401.00,1000,890.00,2514
1345.306,S1,401.00,1000,890.00,1514
1346.151,S1,100.00,2500,890.00,1514
1348.459,S1,100.00,3000,890.00,1514
1348.621,S1,100.00,3500,890.00,1514
1350.838,S1,120.00,200,890.00,1514
1352.041,S1,120.00,200,890.00,1414
1352.260,S1,120.00,200,890.00,1314
1352.565,S1,120.00,200,890.00,1214
1352.637,S1,120.00,200,890.00,214
1352.801,S1,120.00,200,898.00,214
1352.941,S1,120.00,200,898.00,114
1353.678,S1,120.00,200,900.00,3712
1354.098,S1,120.00,200,900.00,2712
1354.431,S1,130.00,600,900.00,2712
1356.080,S1,130.00,600,900.00,2612
1359.062,S1,130.00,600,900.00,2512
1359.112,S1,150.00,500,900.00,2512
1361.140,S1,150.00,800,900.00,2512
1361.596,S1,150.00,800,800.00,1000
1366.076,S1,150.00,800,900.00,2512
1366.368,S1,160.00,600,900.00,2512
1366.993,S1,160.00,600,900.00,1512
1367.476,S1,200.00,1000,900.00,1512
1371.445,S1,700.00,10,900.00,1512
1373.795,S1,700.00,10,900.00,2512
1375.544,S1,700.00,10,900.00,3512
1376.473,S1,700.00,10,890.00,1000
1376.926,S1,200.00,1000,890.00,1000
1377.027,S1,200.00,1000,750.00,500
1378.345,S1,200.00,900,750.00,500
1380.138,S1,200.00,900,700.00,1000
1381.904,S1,200.00,900,650.00,500
1382.327,S1,200.00,800,650.00,500
1385.836,S1,200.00,800,600.00,1000
1388.031,S1,200.00,800,600.00,2000
1388.382,S1,200.00,800,600.00,1000
1389.166,S1,160.00,600,600.00,1000
1390.899,S1,160.00,600,650.00,500
1394.217,S1,160.00,600,650.00,400
1394.510,S1,160.00,600,550.00,1000
1395.714,S1,160.00,1600,550.00,1000
1396.351,S1,170.00,200,550.00,1000
1397.107,S1,200.00,1000,550.00,1000
1397.783,S1,200.00,2000,550.00,1000
1398.276,S1,200.00,2000,550.00,2000
1400.390,S1,200.00,2500,550.00,2000
1405.014,S1,200.00,2500,500.00,500
1406.579,S1,200.00,2500,400.00,1000
1406.752,S1,220.00,1000,400.00,1000
1409.210,S1,220.00,1000,400.00,999
1409.797,S1,220.00,1000,350.00,1000
1410.949,S1,220.00,1000,350.00,2000
1412.009,S1,220.00,1000,350.00,3000
1412.150,S1,220.00,1000,350.00,4000
1412.310,S1,220.00,1000,350.00,5000
1412.513,S1,220.00,1000,350.00,6000
1412.703,S1,220.00,1000,350.00,7000
1412.883,S1,220.00,1000,350.00,8000
1413.064,S1,220.00,1000,350.00,9000
1413.256,S1,220.00,1000,350.00,10000
1413.445,S1,220.00,1000,350.00,11000
1414.089,S1,250.00,1000,350.00,11000
1414.670,S1,250.00,2000,350.00,11000
1415.879,S1,250.00,2300,350.00,11000
1418.583,S1,250.00,2300,350.00,10000
1420.333,S1,300.00,200,350.00,10000
1420.934,S1,300.00,200,349.00,1000
1421.381,S1,300.00,200,350.00,10000
1422.297,S1,300.00,200,350.00,9000
1423.198,S1,300.00,200,350.00,8000
1424.924,S1,300.00,200,350.00,7000
1425.096,S1,300.00,200,349.00,1000
1426.994,S1,300.00,200,350.00,7000
1427.136,S1,300.00,200,350.00,6900
1427.307,S1,300.00,200,350.00,6800
1427.500,S1,300.00,200,350.00,6700
1427.670,S1,300.00,200,350.00,6600
1427.851,S1,300.00,200,350.00,6500
1428.012,S1,300.00,200,350.00,6400
1428.194,S1,300.00,200,350.00,6300
1428.386,S1,300.00,200,350.00,6200
1428.572,S1,300.00,200,350.00,6100
1428.752,S1,300.00,200,350.00,6000
1428.924,S1,300.00,200,350.00,5900
1429.097,S1,300.00,200,350.00,5800
1429.270,S1,300.00,200,350.00,5700
1429.453,S1,300.00,200,350.00,5600
1430.000,S1,300.00,200,348.00,1000
1430.160,S1,300.00,200,348.00,2000
1430.403,S1,300.00,200,348.00,3000
1430.654,S1,300.00,200,348.00,4000
1431.152,S1,300.00,200,348.00,5000
1431.336,S1,300.00,200,348.00,6000
1431.513,S1,300.00,200,348.00,7000
1431.695,S1,300.00,200,348.00,8000
1431.878,S1,300.00,200,348.00,9000
1432.464,S1,300.00,200,348.00,10000
1432.666,S1,300.00,200,348.00,11000
1432.847,S1,300.00,200,348.00,12000
1433.053,S1,300.00,200,348.00,13000
1433.459,S1,300.00,200,310.00,1000
1433.610,S1,300.00,200,310.00,2000
1437.918,S1,309.00,1000,310.00,2000
1438.463,S1,309.00,2000,310.00,2000
1440.768,S1,309.00,2000,310.00,1000
1440.989,S1,309.00,2000,335.00,1000
1441.190,S1,309.00,2000,348.00,13000
1441.474,S1,309.00,2000,348.00,12000
1441.782,S1,309.00,2000,348.00,11000
1448.438,S1,309.00,1500,348.00,11000
1448.620,S1,309.00,1500,348.00,10990
1448.712,S1,309.00,1500,348.00,10980
1449.014,S1,309.00,1500,348.00,10970
1449.136,S1,309.00,1500,348.00,10960
1449.287,S1,309.00,1500,348.00,10950
1449.417,S1,309.00,1500,348.00,10940
1449.574,S1,309.00,1500,348.00,10930
1449.735,S1,309.00,1500,348.00,10920
1449.866,S1,309.00,1500,348.00,10910
1450.006,S1,309.00,1500,348.00,10900
1450.157,S1,309.00,1500,348.00,10890
1450.309,S1,309.00,1500,348.00,10880
1450.788,S1,309.00,1500,348.00,10870
1450.838,S1,309.00,1500,348.00,10860
1451.121,S1,309.00,1500,348.00,10850
1451.191,S1,309.00,1500,348.00,10840
1451.322,S1,309.00,1500,348.00,10830
1451.676,S1,309.00,1500,348.00,10820
1451.755,S1,309.00,1500,348.00,10810
1451.828,S1,309.00,1500,348.00,10800
1452.158,S1,309.00,1500,348.00,10790
1452.261,S1,309.00,1500,348.00,10780
1452.343,S1,309.00,1500,348.00,10770
1452.453,S1,309.00,1500,348.00,10760
1452.526,S1,309.00,1500,348.00,10750
1452.627,S1,309.00,1500,348.00,10740
1452.707,S1,309.00,1500,348.00,10730
1452.807,S1,309.00,1500,348.00,10720
1452.888,S1,309.00,1500,348.00,10710
1453.010,S1,309.00,1500,348.00,10700
1454.582,S1,309.00,1500,348.00,10690
1454.869,S1,309.00,1500,348.00,10680
1454.990,S1,309.00,1500,348.00,10670
1455.039,S1,309.00,1500,348.00,10660
1455.382,S1,309.00,1500,348.00,10650
1455.443,S1,309.00,1500,348.00,10640
1455.585,S1,309.00,1500,348.00,10630
1455.654,S1,309.00,1500,348.00,10620
1455.775,S1,309.00,1500,348.00,10610
1455.841,S1,309.00,1500,348.00,10600
1455.960,S1,309.00,1500,348.00,10590
1456.022,S1,309.00,1500,348.00,10580
1456.242,S1,309.00,1500,348.00,10570
1456.322,S1,309.00,1500,348.00,10670
1456.371,S1,309.00,1500,348.00,10660
1456.443,S1,309.00,1500,348.00,10650
1456.644,S1,309.00,1500,348.00,10640
1456.787,S1,309.00,1500,348.00,10630
1457.144,S1,309.00,1500,348.00,10620
1457.307,S1,309.00,1500,348.00,10610
1457.461,S1,309.00,1500,348.00,10600
1457.592,S1,309.00,1500,348.00,10590
1457.672,S1,309.00,1500,348.00,10580
1457.773,S1,309.00,1500,348.00,10570
1457.858,S1,309.00,1500,348.00,10560
1457.958,S1,309.00,1500,348.00,10550
1458.038,S1,309.00,1500,348.00,10540
1458.152,S1,309.00,1500,348.00,10530
1458.353,S1,309.00,1500,348.00,10520
1458.539,S1,309.00,1500,348.00,10510
1458.820,S1,309.00,1500,348.00,10500
1459.024,S1,309.00,1500,348.00,10490
1459.257,S1,309.00,1500,348.00,10480
1459.329,S1,309.00,1500,348.00,10470
1459.673,S1,309.00,1500,348.00,10460
1459.716,S1,309.00,1500,348.00,10450
1459.907,S1,309.00,1500,348.00,10440
1460.209,S1,309.00,1500,348.00,10430
1460.422,S1,309.00,1500,348.00,10420
1460.562,S1,309.00,1500,348.00,10410
1463.232,S1,309.00,1500,320.00,500
1464.791,S1,309.00,1500,348.00,9910
1464.953,S1,309.00,1500,348.00,8910
1465.103,S1,309.00,1500,348.00,7910
1465.276,S1,309.00,1500,348.00,6910
1465.436,S1,309.00,1500,348.00,5910
1465.587,S1,309.00,1500,348.00,4910
1465.770,S1,309.00,1500,348.00,3910
1465.911,S1,309.00,1500,348.00,2910
1466.072,S1,309.00,1500,348.00,1910
1466.153,S1,309.00,500,348.00,1910
1466.253,S1,309.00,500,348.00,910
1466.384,S1,309.00,500,350.00,5520
1466.536,S1,309.00,500,350.00,4520
1466.616,S1,330.00,700,350.00,4520
1466.666,S1,330.00,700,350.00,3520
1466.809,S1,330.00,700,350.00,3510
1467.841,S1,330.00,700,350.00,3500
1468.440,S1,330.00,700,350.00,3490
1468.582,S1,330.00,700,350.00,2490
1469.109,S1,330.00,700,350.00,2480
1470.304,S1,330.00,700,350.00,2470
1470.591,S1,330.00,700,350.00,2460
1470.693,S1,330.00,700,350.00,1460
1470.884,S1,330.00,700,350.00,460
1471.107,S1,330.00,700,500.00,260
1471.308,S1,330.00,700,550.00,1260
1472.289,S1,330.00,700,550.00,1250
1472.795,S1,330.00,700,550.00,250
1472.936,S1,330.00,700,600.00,1250
1473.056,S1,330.00,700,600.00,1240
1477.193,S1,330.00,700,340.00,50
1482.083,S1,330.00,700,340.00,40
1484.294,S1,330.00,700,340.00,30
1485.214,S1,330.00,700,340.00,20
1487.095,S1,330.00,700,600.00,270
1492.100,S1,330.00,700,340.00,50
1495.285,S1,330.00,690,340.00,50
1498.069,S1,330.00,690,500.00,50
1498.789,S1,330.00,690,700.00,750
1499.918,S1,330.00,690,800.00,1450
1500.821,S1,400.00,1000,800.00,1450
1502.157,S1,400.00,1000,700.00,100
1505.794,S1,400.00,1000,690.00,10
1510.316,S1,500.00,1000,690.00,10
1510.378,S1,500.00,1000,650.00,1000
1513.585,S1,500.00,1000,600.00,500
1515.717,S1,500.00,2000,600.00,500
1516.688,S1,500.00,2000,590.00,10
1517.372,S1,500.00,3000,590.00,10
1517.940,S1,500.00,4000,590.00,10
1518.904,S1,510.00,500,590.00,10
1523.579,S1,500.00,5500,590.00,10
1524.267,S1,500.00,6500,590.00,10
1525.195,S1,500.00,7500,590.00,10
1527.199,S1,500.00,6500,590.00,10
1527.494,S1,500.00,6500,550.00,1000
1527.972,S1,500.00,6500,550.00,990
1528.576,S1,500.00,5500,550.00,990
1531.865,S1,500.00,6500,550.00,990
1532.203,S1,500.00,7500,550.00,990
1532.664,S1,500.00,8500,550.00,990
1533.036,S1,500.00,9500,550.00,990
1533.461,S1,500.00,10500,550.00,990
1533.776,S1,500.00,11500,550.00,990
1534.069,S1,500.00,12500,550.00,990
1534.334,S1,500.00,13500,550.00,990
1534.605,S1,500.00,14500,550.00,990
1534.929,S1,500.00,15500,550.00,990
1535.220,S1,500.00,16500,550.00,990
1535.460,S1,500.00,17500,550.00,990
1536.228,S1,500.00,17500,590.00,110
1536.837,S1,500.00,18500,590.00,110
1537.210,S1,500.00,19500,590.00,110
1537.415,S1,500.00,20500,590.00,110
1537.601,S1,500.00,21500,590.00,110
1537.772,S1,500.00,22500,590.00,110
1537.892,S1,515.00,500,590.00,110
1539.467,S1,515.00,250,590.00,110
1541.467,S1,520.00,1000,590.00,110
1544.025,S1,520.00,750,590.00,110
1544.188,S1,520.00,750,580.00,550
1547.337,S1,515.00,250,580.00,550
1553.234,S1,515.00,250,570.00,100
1554.137,S1,515.00,1000,570.00,100
1554.729,S1,515.00,1750,570.00,100
1555.589,S1,515.00,2500,570.00,100
1563.057,S1,515.00,2500,550.00,270
1563.811,S1,520.00,200,550.00,270
1571.457,S1,540.00,1000,550.00,270
1577.831,S1,540.00,1000,550.00,70
1587.182,S1,540.00,1000,570.00,91
1587.667,S1,540.00,1000,580.00,391
1589.909,S1,515.00,2500,580.00,391
1593.514,S1,515.00,2500,600.00,2251
1595.445,S1,515.00,2250,600.00,2251
1600.173,S1,515.00,2250,600.00,1501
1601.882,S1,515.00,1250,600.00,1501
1601.964,S1,520.00,1000,600.00,1501
1603.395,S1,520.00,1000,600.00,751
1605.036,S1,520.00,1000,600.00,1
1605.530,S1,520.00,1000,590.00,1000
1605.661,S1,520.00,1000,590.00,250
1605.863,S1,520.00,1000,700.00,1511
1606.033,S1,520.00,1000,700.00,761
1606.215,S1,520.00,1000,700.00,11
1606.377,S1,520.00,1000,800.00,1236
1610.387,S1,520.00,1000,800.00,486
1610.567,S1,520.00,1000,890.00,736
1610.618,S1,515.00,1250,890.00,736
1610.770,S1,515.00,1250,900.00,3898
1610.942,S1,515.00,1250,900.00,3148
1611.298,S1,515.00,1250,900.00,2398
1611.539,S1,515.00,1250,900.00,1648
1611.781,S1,515.00,1250,900.00,898
1611.952,S1,525.00,1000,900.00,898
1612.350,S1,550.00,1000,900.00,898
1616.345,S1,550.00,1000,900.00,1898
1616.545,S1,550.00,1000,800.00,1000
1616.867,S1,550.00,1000,800.00,1600
1622.090,S1,550.00,999,800.00,1600
1625.211,S1,550.00,999,800.00,1000
1625.544,S1,525.00,999,800.00,1000
1625.979,S1,525.00,999,800.00,2000
1626.355,S1,515.00,1249,800.00,2000
1627.179,S1,515.00,249,800.00,2000
1627.792,S1,500.00,23499,800.00,2000
1630.756,S1,500.00,23499,800.00,1000
1631.241,S1,500.00,22499,800.00,1000
1631.818,S1,500.00,21499,800.00,1000
1632.494,S1,600.00,1000,800.00,1000
1632.505,S1,500.00,21499,800.00,1000
1644.332,S1,600.00,100,800.00,1000
1650.101,S1,500.00,21499,800.00,1000
1655.580,S1,510.00,1000,800.00,1000
1656.115,S1,510.00,1000,700.00,500
1660.748,S1,550.00,100,700.00,500
1667.595,S1,550.00,100,600.00,200
1675.288,S1,550.00,100,700.00,500
1679.643,S1,550.00,100,650.00,200
1680.188,S1,500.00,20599,650.00,200
1681.612,S1,560.00,1000,650.00,200
1684.465,S1,550.00,100,650.00,200
1686.630,S1,560.00,1000,650.00,200
1697.091,S1,560.00,1000,649.00,1000
1707.111,S1,600.00,500,649.00,1000
1717.113,S1,600.00,500,640.00,1000
1717.285,S1,600.00,500,640.00,2000
1726.192,S1,600.00,500,620.00,200
1732.645,S1,600.00,400,620.00,200
1733.196,S1,600.00,300,620.00,200
1733.804,S1,600.00,200,620.00,200
1739.765,S1,600.00,200,620.00,1200
1751.897,S1,600.00,100,620.00,1200
1752.568,S1,572.00,600,620.00,1200
1752.722,S1,572.00,500,620.00,1200
1752.753,S1,561.00,500,620.00,1200
1752.927,S1,560.00,500,620.00,1200
1753.069,S1,559.00,500,620.00,1200
1753.250,S1,400.00,600,620.00,1200
1753.584,S1,550.00,100,620.00,1200
1753.604,S1,350.00,700,620.00,1200
1753.789,S1,330.00,390,620.00,1200
1753.931,S1,600.00,250,620.00,1200
1753.972,S1,300.00,8840,620.00,1200
1754.159,S1,300.00,7840,620.00,1200
1754.391,S1,300.00,6840,620.00,1200
1754.593,S1,300.00,5840,620.00,1200
1754.786,S1,300.00,4840,620.00,1200
1755.128,S1,300.00,3840,620.00,1200
1755.700,S1,300.00,3840,600.00,9
1759.014,S1,400.00,1000,600.00,9
1759.114,S1,300.00,3840,600.00,9
1759.246,S1,300.00,3840,600.00,259
1759.458,S1,300.00,3840,600.00,509
1759.612,S1,350.00,600,600.00,509
1759.641,S1,350.00,600,600.00,759
1759.722,S1,300.00,3440,600.00,759
1760.078,S1,300.00,3440,600.00,1009
1760.188,S1,300.00,3440,600.00,1259
1760.330,S1,300.00,2440,600.00,1259
1760.481,S1,300.00,2440,600.00,1509
1760.481,S1,300.00,2440,600.00,1759
1760.683,S1,300.00,2440,600.00,2009
1760.906,S1,300.00,1440,600.00,2009
1761.469,S1,300.00,440,600.00,2009
1761.501,S1,300.00,440,600.00,2259
1762.021,S1,250.00,240,600.00,2259
1762.600,S1,250.00,340,600.00,2259
1762.641,S1,301.00,1000,600.00,2259
1762.848,S1,301.00,1000,600.00,3259
1763.981,S1,301.00,1000,600.00,4259
1764.271,S1,301.00,1000,600.00,3809
1764.281,S1,301.00,1000,600.00,3559
1765.299,S1,301.00,1000,600.00,3309
1765.967,S1,301.00,1000,600.00,4309
1765.998,S1,320.00,600,600.00,4309
1766.343,S1,320.00,600,600.00,4559
1767.953,S1,320.00,1200,600.00,4559
1768.573,S1,320.00,1200,599.00,1000
1769.643,S1,320.00,1200,599.00,710
1773.815,S1,320.00,1200,590.00,250
1775.594,S1,320.00,1200,600.00,1519
1778.053,S1,330.00,500,600.00,1519
1778.285,S1,400.00,1000,600.00,1519
1779.999,S1,400.00,1000,600.00,2519
1780.344,S1,400.00,1000,580.00,1000
1780.465,S1,400.00,1000,580.00,550
1780.820,S1,400.00,1000,580.00,1550
1780.973,S1,400.00,1000,580.00,2550
1783.380,S1,400.00,1000,500.00,1000
1784.402,S1,400.00,1000,500.00,2000
1787.246,S1,400.00,1000,500.00,3000
1790.691,S1,400.00,1000,500.00,2710
1791.548,S1,401.00,600,500.00,2710
1792.001,S1,401.00,600,500.00,1710
1792.849,S1,401.00,1200,500.00,1710
1797.012,S1,401.00,1200,490.00,1000
1797.810,S1,401.00,1200,490.00,2000
1799.412,S1,401.00,1200,490.00,1710
1803.421,S1,402.00,1000,490.00,1710
1806.930,S1,450.00,1000,490.00,1710
1807.637,S1,450.00,2000,490.00,1710
1808.217,S1,450.00,3000,490.00,1710
1810.024,S1,450.00,4000,490.00,1710
1813.382,S1,450.00,4000,490.00,1610
1821.978,S1,460.00,500,490.00,1610
1823.286,S1,460.00,500,470.00,1000
1823.987,S1,460.00,500,470.00,2000
1829.561,S1,460.00,300,470.00,2000
1830.656,S1,460.00,100,470.00,2000
1849.238,S1,460.00,1100,470.00,2000
1852.913,S1,460.00,1100,465.00,1000
1853.809,S1,460.00,900,465.00,1000
1854.389,S1,460.00,700,465.00,1000
1854.904,S1,460.00,500,465.00,1000
1855.489,S1,460.00,300,465.00,1000
1856.154,S1,460.00,100,465.00,1000
1859.454,S1,460.00,100,465.00,2000
1859.738,S1,460.00,100,465.00,3000
1859.929,S1,460.00,100,465.00,4000
1860.350,S1,460.00,100,465.00,5000
1864.470,S1,460.00,100,465.00,5250
1869.260,S1,460.00,100,465.00,4750
1870.783,S1,460.00,100,461.00,1000
1871.391,S1,450.00,3850,461.00,1000
1874.249,S1,450.00,3270,461.00,1000
1875.799,S1,450.00,3020,461.00,1000
1877.158,S1,450.00,3020,461.00,2000
1877.675,S1,450.00,2770,461.00,2000
1877.880,S1,450.00,2770,461.00,3000
1878.046,S1,450.00,2770,461.00,4000
1878.563,S1,450.00,2770,461.00,5000
1879.090,S1,450.00,2520,461.00,5000
1881.577,S1,450.00,2270,461.00,5000
1882.764,S1,450.00,1270,461.00,5000
1883.748,S1,450.00,270,461.00,5000
1884.799,S1,380.00,20,461.00,5000
1885.908,S1,380.00,20,450.00,1000
1888.310,S1,350.00,120,450.00,1000
1889.088,S1,320.00,320,450.00,1000
1894.462,S1,320.00,320,440.00,1000
1898.622,S1,320.00,320,400.00,1000
1899.570,S1,320.00,320,400.00,2000
1899.733,S1,320.00,320,400.00,3000
1906.853,S1,350.00,200,400.00,3000
1909.073,S1,350.00,200,400.00,3250
1912.048,S1,350.00,200,370.00,1000
1923.114,S1,350.00,200,400.00,3250
1929.023,S1,350.00,200,360.00,1000
1936.570,S1,350.00,200,355.00,1000
1940.358,S1,330.00,150,355.00,1000
1944.089,S1,330.00,150,340.00,1000
1944.544,S1,330.00,150,340.00,2000
1945.063,S1,330.00,150,340.00,3000
1945.692,S1,330.00,150,340.00,4000
1946.333,S1,330.00,150,340.00,5000
1949.646,S1,330.00,150,335.00,1000
1954.607,S1,330.00,150,335.00,900
1957.342,S1,330.00,100,335.00,900
1959.957,S1,330.00,50,335.00,900
1965.121,S1,330.00,50,335.00,700
1970.162,S1,250.00,110,335.00,700
1972.359,S1,210.00,110,335.00,700
1973.213,S1,200.00,2710,335.00,700
1974.231,S1,200.00,1710,335.00,700
1975.332,S1,200.00,710,335.00,700
1975.694,S1,200.00,710,300.00,1000
1975.755,S1,200.00,710,300.00,2000
1975.896,S1,200.00,710,300.00,3000
1976.020,S1,200.00,710,300.00,4000
1976.734,S1,200.00,710,300.00,5000
1977.035,S1,200.00,610,300.00,5000
1979.041,S1,160.00,810,300.00,5000
1982.741,S1,160.00,810,300.00,4000
1982.934,S1,160.00,810,300.00,3000
1983.085,S1,160.00,810,300.00,2420
1983.463,S1,160.00,810,300.00,1420
1983.473,S1,160.00,810,300.00,420
1983.522,S1,160.00,810,330.00,420
1984.573,S1,160.00,810,335.00,120
1984.582,S1,160.00,810,340.00,4620
1984.582,S1,160.00,810,340.00,3620
1984.582,S1,160.00,810,340.00,2620
1984.582,S1,160.00,810,340.00,1620
1984.582,S1,160.00,810,340.00,620
1984.582,S1,160.00,810,360.00,620
1985.236,S1,170.00,600,360.00,620
1986.202,S1,300.00,1000,360.00,620
1992.565,S1,300.00,1000,400.00,4020
1992.980,S1,300.00,1000,399.00,1000
1997.700,S1,300.00,1000,400.00,4020
2000.683,S1,300.00,1000,400.00,3020
2003.018,S1,300.00,1000,400.00,2020
2005.045,S1,300.00,1000,400.00,1020
2007.182,S1,370.00,1000,400.00,1020
2008.395,S1,370.00,1000,400.00,2020
2012.788,S1,370.00,1000,390.00,60
2014.670,S1,370.00,750,390.00,60
2020.195,S1,370.00,750,400.00,3080
2022.130,S1,370.00,750,400.00,2080
2023.153,S1,370.00,500,400.00,2080
2023.307,S1,370.00,500,400.00,1080
2025.642,S1,370.00,250,400.00,1080
2026.116,S1,370.00,250,390.00,1000
2027.708,S1,370.00,250,400.00,1080
2028.273,S1,350.00,1000,400.00,1080
2028.910,S1,350.00,1000,390.00,1000
2030.729,S1,380.00,1000,390.00,1000
2031.533,S1,380.00,750,390.00,1000
2032.802,S1,380.00,500,390.00,1000
2032.972,S1,380.00,250,390.00,1000
2033.150,S1,350.00,1000,390.00,1000
2033.732,S1,350.00,500,390.00,1000
2035.023,S1,350.00,500,400.00,1080
2037.160,S1,350.00,500,390.00,1000
2041.113,S1,350.00,500,430.00,200
2043.944,S1,350.00,500,440.00,200
2044.105,S1,381.00,1000,440.00,200
2049.609,S1,381.00,1000,430.00,1000
2053.014,S1,400.00,1000,430.00,1000
2056.189,S1,400.00,1000,430.00,1500
2058.524,S1,400.00,750,430.00,1500
2058.994,S1,400.00,500,430.00,1500
2059.704,S1,400.00,250,430.00,1500
2060.916,S1,400.00,250,420.00,200
2060.936,S1,381.00,1000,420.00,200
2063.211,S1,350.00,500,420.00,200
2064.975,S1,350.00,500,400.00,400
2066.728,S1,350.00,500,400.00,1400
2076.989,S1,350.00,500,400.00,2400
2077.525,S1,350.00,500,400.00,3400
2077.920,S1,350.00,500,400.00,4400
2078.866,S1,350.00,500,390.00,400
2095.259,S1,250.00,100,390.00,400
2095.937,S1,250.00,100,351.00,1
2103.057,S1,250.00,100,400.00,4301
2104.294,S1,300.00,500,400.00,4301
2111.277,S1,300.00,500,301.00,1
2121.847,S1,300.00,400,301.00,1
2125.720,S1,300.00,400,390.00,51
2128.809,S1,301.00,1,390.00,51
2129.133,S1,301.00,1,399.00,451
2130.751,S1,301.00,1,399.00,351
2132.448,S1,301.00,1,399.00,251
2133.301,S1,301.00,1,399.00,151
2135.452,S1,301.00,1,399.00,51
2137.175,S1,301.00,1,399.00,551
2137.882,S1,301.00,1,399.00,451
2139.385,S1,301.00,1,399.00,351
2140.316,S1,301.00,1,399.00,251
2140.833,S1,301.00,1,399.00,151
2141.417,S1,301.00,1,399.00,51
2141.745,S1,398.00,1,399.00,51
2143.367,S1,398.00,1,400.00,5252
2145.685,S1,398.00,1,400.00,5152
2145.979,S1,398.00,1,400.00,5052
2146.192,S1,398.00,1,400.00,4952
2146.606,S1,398.00,1,400.00,4852
2146.709,S1,398.00,1,399.99,800
2146.830,S1,398.00,1,399.99,700
2149.500,S1,398.00,1,399.99,600
2149.936,S1,398.00,1,399.99,500
2150.147,S1,398.00,1,399.99,400
2150.327,S1,398.00,1,399.99,300
2150.529,S1,398.00,1,399.99,200
2151.317,S1,398.00,1,399.99,100
2151.733,S1,398.00,1,400.00,4852
2158.351,S1,398.00,1,400.00,4752
2159.026,S1,398.00,1,400.00,4652
2160.288,S1,398.00,1,400.00,4552
2161.029,S1,398.00,1,400.00,4452
2161.804,S1,398.00,1,400.00,4352
2162.423,S1,398.00,1,400.00,4252
2163.030,S1,398.00,1,400.00,4152
2163.716,S1,398.00,1,400.00,4052
2163.966,S1,315.00,250,400.00,4052
2164.121,S1,315.00,250,399.00,200
2164.241,S1,315.00,250,399.00,100
2164.648,S1,315.00,250,400.00,4052
2165.388,S1,315.00,250,400.00,3952
2166.000,S1,315.00,250,400.00,3852
2166.544,S1,315.00,250,400.00,3752
2167.112,S1,315.00,250,400.00,3652
2167.487,S1,315.00,250,399.00,200
2167.722,S1,315.00,250,399.00,100
2168.620,S1,315.00,250,400.00,3652
2169.291,S1,315.00,250,400.00,3552
2169.860,S1,315.00,250,400.00,3452
2170.057,S1,315.00,250,400.00,3352
2170.281,S1,315.00,250,400.00,3252
2170.527,S1,315.00,250,400.00,3152
2170.831,S1,315.00,250,400.00,3052
2170.831,S1,315.00,250,399.00,1000
2171.472,S1,315.00,250,399.00,900
2171.961,S1,315.00,250,399.00,800
2172.142,S1,315.00,250,399.00,700
2172.365,S1,315.00,250,399.00,600
2172.579,S1,315.00,250,399.00,500
2172.899,S1,315.00,250,399.00,400
2174.012,S1,315.00,250,399.00,300
2174.316,S1,315.00,250,380.00,250
2174.387,S1,315.00,250,380.00,150
2174.659,S1,315.00,250,380.00,50
2175.103,S1,315.00,250,399.00,250
2175.368,S1,315.00,250,380.00,250
2175.717,S1,315.00,250,380.00,150
2176.093,S1,315.00,250,380.00,50
2176.266,S1,315.00,250,380.00,300
2176.467,S1,315.00,250,380.00,550
2176.561,S1,315.00,250,380.00,450
2176.833,S1,315.00,250,380.00,350
2177.125,S1,315.00,250,380.00,600
2177.197,S1,315.00,250,380.00,500
2177.592,S1,315.00,250,380.00,400
2178.368,S1,315.00,250,380.00,300
2178.909,S1,315.00,250,380.00,200
2179.336,S1,315.00,250,380.00,100
2179.893,S1,315.00,250,399.00,1250
2180.247,S1,315.00,250,399.00,1150
2180.711,S1,315.00,250,399.00,1050
2180.720,S1,315.00,250,380.00,250
2180.913,S1,315.00,250,380.00,500
2181.227,S1,315.00,250,380.00,400
2181.891,S1,315.00,250,380.00,650
2182.255,S1,315.00,250,380.00,550
2183.128,S1,315.00,250,380.00,450
2183.838,S1,315.00,250,380.00,350
2184.363,S1,315.00,250,380.00,250
2184.950,S1,315.00,250,380.00,150
2185.394,S1,315.00,250,380.00,50
2185.596,S1,315.00,250,399.00,1000
2185.809,S1,315.00,250,399.00,900
2186.044,S1,315.00,250,399.00,800
2186.562,S1,315.00,250,399.00,700
2187.091,S1,315.00,250,399.00,600
2187.253,S1,315.00,250,399.00,500
2187.285,S1,315.00,250,395.00,250
2187.447,S1,320.00,200,395.00,250
2187.498,S1,320.00,200,395.00,150
2187.590,S1,320.00,200,395.00,50
2187.677,S1,320.00,200,395.00,300
2188.329,S1,320.00,200,395.00,200
2188.544,S1,320.00,200,395.00,100
2189.045,S1,320.00,200,395.00,350
2189.066,S1,320.00,200,395.00,250
2193.961,S1,320.00,200,395.00,150
2194.844,S1,320.00,200,395.00,50
2195.364,S1,320.00,200,399.00,450
2195.942,S1,334.00,300,399.00,450
2196.603,S1,334.00,300,399.00,350
2196.758,S1,334.00,300,399.00,250
2196.931,S1,334.00,300,399.00,150
2197.230,S1,334.00,300,399.00,50
2197.462,S1,334.00,300,399.99,750
2197.985,S1,334.00,300,399.99,650
2198.509,S1,334.00,300,399.99,550
2198.713,S1,334.00,300,399.99,450
2198.874,S1,334.00,300,399.99,350
2199.074,S1,334.00,300,399.99,250
2199.275,S1,334.00,300,399.99,150
2199.498,S1,334.00,300,399.00,1000
2199.558,S1,334.00,300,399.00,900
2199.926,S1,334.00,300,399.00,800
2200.669,S1,334.00,300,399.00,700
2200.912,S1,334.00,300,399.00,600
2201.143,S1,334.00,300,399.00,500
2201.365,S1,334.00,300,399.00,400
2201.710,S1,334.00,300,399.00,300
2202.178,S1,334.00,300,399.00,200
2202.885,S1,334.00,300,399.00,300
2203.417,S1,334.00,300,399.00,1300
2204.351,S1,334.00,300,399.00,1200
2204.876,S1,334.00,300,399.00,1100
2205.128,S1,334.00,300,399.00,1000
2205.331,S1,334.00,300,399.00,900
2205.559,S1,334.00,300,399.00,800
2205.850,S1,334.00,300,399.00,700
2206.012,S1,334.00,300,399.00,600
2206.145,S1,334.00,300,395.00,250
2206.247,S1,334.00,300,395.00,150
2206.460,S1,334.00,300,395.00,50
2206.712,S1,334.00,300,399.00,550
2207.351,S1,334.00,300,395.00,250
2207.556,S1,334.00,300,395.00,150
2207.718,S1,334.00,300,395.00,50
2207.942,S1,334.00,300,399.00,500
2208.075,S1,334.00,300,399.00,400
2208.239,S1,334.00,300,399.00,300
2208.329,S1,334.00,300,399.00,400
2208.519,S1,334.00,300,395.00,250
2208.639,S1,334.00,300,395.00,150
2208.829,S1,334.00,300,395.00,50
2208.992,S1,334.00,300,399.00,350
2209.164,S1,334.00,300,399.00,250
2209.236,S1,334.00,300,395.00,250
2209.326,S1,334.00,300,395.00,150
2209.645,S1,334.00,300,395.00,50
2209.806,S1,334.00,300,399.00,200
2210.042,S1,334.00,300,399.00,100
2210.180,S1,334.00,300,399.99,650
2210.330,S1,334.00,300,399.99,550
2210.401,S1,334.00,300,395.00,250
2210.472,S1,334.00,300,395.00,150
2210.633,S1,334.00,300,395.00,50
2210.777,S1,334.00,300,399.99,500
2210.950,S1,334.00,300,399.99,400
2211.142,S1,334.00,300,399.99,300
2211.282,S1,334.00,300,399.99,200
2211.368,S1,334.00,300,399.00,1000
2211.438,S1,334.00,300,399.00,900
2211.658,S1,334.00,300,399.00,800
2211.810,S1,334.00,300,399.00,700
2211.952,S1,334.00,300,395.00,250
2211.981,S1,334.00,300,395.00,150
2212.193,S1,334.00,300,395.00,50
2212.326,S1,334.00,300,399.00,650
2212.366,S1,334.00,300,399.00,1650
2212.366,S1,334.00,300,399.00,2650
2212.366,S1,334.00,300,399.00,3650
2212.426,S1,334.00,300,399.00,3550
2212.576,S1,334.00,300,399.00,4550
2212.657,S1,334.00,300,399.00,4450
2212.707,S1,334.00,300,399.00,4350
2212.746,S1,334.00,300,395.00,250
2212.857,S1,334.00,300,395.00,150
2212.963,S1,334.00,300,395.00,400
2213.005,S1,334.00,300,395.00,300
2213.287,S1,334.00,300,395.00,550
2213.612,S1,334.00,300,395.00,800
2213.793,S1,334.00,300,395.00,700
2213.934,S1,334.00,300,395.00,950
2213.964,S1,334.00,300,395.00,850
2214.075,S1,334.00,300,395.00,1100
2214.126,S1,334.00,300,395.00,1000
2214.216,S1,334.00,300,395.00,1250
2214.295,S1,334.00,300,395.00,1150
2214.368,S1,334.00,300,395.00,1400
2214.448,S1,334.00,300,395.00,1300
2214.597,S1,334.00,300,395.00,1200
2214.759,S1,334.00,300,395.00,1100
2214.788,S1,334.00,300,395.00,1350
2214.901,S1,334.00,300,395.00,1250
2215.033,S1,334.00,300,395.00,1500
2215.052,S1,334.00,300,395.00,1400
2215.194,S1,334.00,300,395.00,1650
2215.194,S1,334.00,300,395.00,1550
2215.337,S1,334.00,300,395.00,1800
2215.346,S1,334.00,300,395.00,1700
2215.489,S1,334.00,300,395.00,1950
2215.651,S1,334.00,300,395.00,2200
2215.681,S1,334.00,300,395.00,2100
2215.873,S1,334.00,300,395.00,2000
2215.995,S1,334.00,300,395.00,1900
2216.407,S1,334.00,300,395.00,1800
2216.477,S1,334.00,300,395.00,1700
2216.568,S1,334.00,300,395.00,1950
2216.598,S1,334.00,300,395.00,1850
2216.658,S1,334.00,300,395.00,1750
2216.853,S1,334.00,300,395.00,1650
2216.853,S1,334.00,300,395.00,1550
2216.924,S1,334.00,300,395.00,1450
2217.005,S1,334.00,300,395.00,1350
2217.146,S1,334.00,300,395.00,1250
2217.196,S1,334.00,300,395.00,1150
2217.379,S1,334.00,300,395.00,1050
2217.379,S1,334.00,300,395.00,950
2217.500,S1,334.00,300,395.00,850
2217.519,S1,334.00,300,395.00,1100
2217.680,S1,334.00,300,395.00,1000
2217.904,S1,334.00,300,395.00,900
2218.045,S1,334.00,300,395.00,800
2226.194,S1,334.00,300,395.00,700
2226.844,S1,334.00,300,395.00,600
2226.894,S1,334.00,300,395.00,500
2226.894,S1,334.00,300,395.00,250
2226.894,S1,334.00,300,399.00,4350
2227.401,S1,334.00,300,399.00,4250
2228.537,S1,334.00,300,399.00,4150
2229.077,S1,334.00,300,399.00,4050
2229.491,S1,334.00,300,399.00,3950
2229.780,S1,334.00,300,399.00,3850
2230.106,S1,334.00,300,399.00,3750
2230.747,S1,334.00,300,399.00,3650
2231.199,S1,334.00,300,380.00,1000
2231.399,S1,334.00,300,380.00,900
2231.653,S1,340.00,400,380.00,900
2232.058,S1,340.00,400,380.00,800
2232.491,S1,340.00,400,380.00,700
2233.106,S1,340.00,400,380.00,600
2233.509,S1,340.00,400,380.00,500
2233.888,S1,340.00,400,380.00,1500
2234.009,S1,340.00,400,380.00,1400
2234.566,S1,340.00,400,380.00,1300
2234.587,S1,350.00,1000,380.00,1300
2235.115,S1,350.00,1000,380.00,1200
2235.763,S1,350.00,1000,380.00,1100
2236.301,S1,350.00,1000,380.00,1000
2241.789,S1,350.00,1000,375.00,500
2243.068,S1,350.00,1000,370.00,400
2253.044,S1,350.00,1000,380.00,400
2253.628,S1,350.00,1000,365.00,500
2255.695,S1,350.00,800,365.00,500
2256.078,S1,350.00,800,360.00,600
2256.439,S1,350.00,600,360.00,600
2260.140,S1,340.00,400,360.00,600
2260.150,S1,340.00,400,360.00,500
2260.568,S1,340.00,400,360.00,1500
2263.434,S1,340.00,400,360.00,1400
2263.697,S1,350.00,300,360.00,1400
2264.241,S1,350.00,300,360.00,1300
2264.832,S1,350.00,300,360.00,1200
2265.281,S1,350.00,300,360.00,1100
2266.465,S1,350.00,300,360.00,1000
2267.025,S1,350.00,300,360.00,900
2267.207,S1,340.00,300,360.00,900
2267.347,S1,340.00,300,360.00,800
2267.719,S1,340.00,300,360.00,700
2267.913,S1,340.00,300,360.00,600
2268.307,S1,340.00,300,360.00,500
2268.571,S1,340.00,300,360.00,400
2268.876,S1,340.00,300,360.00,300
2269.299,S1,340.00,300,360.00,200
2269.562,S1,340.00,300,360.00,100
2269.975,S1,340.00,300,365.00,500
2270.243,S1,340.00,300,365.00,400
2272.914,S1,340.00,300,360.00,1000
2273.197,S1,340.00,300,350.00,580
2273.631,S1,340.00,200,350.00,580
2274.542,S1,340.00,200,350.00,480
2275.434,S1,340.00,200,350.00,380
2276.381,S1,340.00,200,350.00,280
2278.211,S1,340.00,200,350.00,180
2278.644,S1,340.00,200,350.00,80
2278.979,S1,340.00,200,360.00,980
2279.534,S1,340.00,200,360.00,880
2279.868,S1,340.00,200,360.00,780
2280.163,S1,340.00,200,360.00,680
2280.496,S1,340.00,200,360.00,580
2280.729,S1,340.00,200,360.00,480
2281.062,S1,340.00,200,360.00,380
2281.395,S1,340.00,200,360.00,280
2281.659,S1,340.00,200,360.00,180
2281.913,S1,340.00,200,360.00,80
2282.176,S1,340.00,200,365.00,380
2282.418,S1,340.00,200,365.00,280
2282.663,S1,340.00,200,365.00,180
2282.929,S1,340.00,200,365.00,80
2283.062,S1,340.00,200,370.00,380
2283.211,S1,340.00,200,370.00,280
2283.451,S1,340.00,200,370.00,180
2283.503,S1,340.00,200,400.00,8930
2283.543,S1,340.00,200,400.00,8830
2283.689,S1,350.00,10,400.00,8830
2283.730,S1,350.00,10,400.00,8730
2283.863,S1,350.00,20,400.00,8730
2283.892,S1,350.00,20,360.00,1000
2283.974,S1,350.00,20,360.00,900
2284.035,S1,350.00,30,360.00,900
2284.056,S1,350.00,30,360.00,800
2284.192,S1,350.00,40,360.00,800
2284.222,S1,350.00,40,360.00,700
2284.346,S1,350.00,50,360.00,700
2284.389,S1,350.00,50,360.00,600
2284.531,S1,350.00,60,360.00,600
2284.572,S1,350.00,60,360.00,500
2284.694,S1,350.00,70,360.00,500
2284.714,S1,350.00,70,360.00,400
2284.868,S1,350.00,80,360.00,400
2284.878,S1,350.00,80,360.00,300
2285.022,S1,350.00,80,360.00,200
2285.075,S1,350.00,80,360.00,100
2285.209,S1,350.00,80,400.00,8730
2285.584,S1,350.00,80,400.00,8630
2285.828,S1,350.00,80,400.00,8530
2286.067,S1,350.00,80,400.00,8430
2286.228,S1,350.00,80,400.00,8330
2286.278,S1,350.00,90,400.00,8330
2286.427,S1,350.00,90,400.00,8230
2286.631,S1,350.00,100,400.00,8230
2286.650,S1,350.00,100,400.00,8130
2286.815,S1,350.00,110,400.00,8130
2286.856,S1,350.00,110,400.00,8030
2287.248,S1,350.00,110,400.00,7930
2287.473,S1,350.00,110,400.00,7830
2287.698,S1,350.00,110,400.00,7730
2288.001,S1,350.00,110,400.00,7630
2288.275,S1,350.00,110,400.00,7530
2288.466,S1,350.00,120,400.00,7530
2288.476,S1,350.00,120,400.00,7430
2288.724,S1,350.00,120,400.00,7330
2288.945,S1,350.00,120,400.00,7230
2289.026,S1,350.00,120,400.00,6230
2289.218,S1,350.00,120,400.00,6130
2289.290,S1,350.00,130,400.00,6130
2289.395,S1,350.00,130,400.00,6030
2289.548,S1,350.00,140,400.00,6030
2289.647,S1,350.00,140,400.00,5930
2289.899,S1,350.00,140,400.00,5830
2290.111,S1,350.00,140,400.00,5730
2290.251,S1,350.00,140,399.99,800
2290.332,S1,350.00,140,400.00,5530
2290.386,S1,350.00,140,400.00,5430
2290.608,S1,350.00,140,400.00,5330
2290.873,S1,350.00,140,400.00,5230
2291.128,S1,350.00,140,400.00,5130
2291.385,S1,350.00,140,400.00,5030
2291.607,S1,350.00,140,400.00,4930
2291.892,S1,350.00,140,400.00,4830
2292.177,S1,350.00,140,400.00,4730
2292.463,S1,350.00,140,400.00,4630
2292.796,S1,350.00,140,400.00,4530
2292.888,S1,350.00,140,390.00,1000
2293.534,S1,350.00,140,390.00,900
2293.636,S1,350.00,130,390.00,900
2293.775,S1,350.00,130,390.00,800
2293.847,S1,350.00,120,390.00,800
2293.998,S1,350.00,120,390.00,700
2294.068,S1,350.00,110,390.00,700
2294.278,S1,350.00,110,390.00,600
2294.461,S1,350.00,110,390.00,500
2294.642,S1,350.00,110,390.00,400
2294.805,S1,350.00,110,390.00,300
2294.997,S1,350.00,110,390.00,200
2295.017,S1,350.00,100,390.00,200
2295.180,S1,350.00,100,390.00,100
2295.564,S1,350.00,100,399.00,100
2295.744,S1,350.00,100,400.00,3530
2295.925,S1,350.00,100,400.00,3430
2296.106,S1,350.00,100,400.00,3330
2296.340,S1,350.00,100,400.00,3230
2296.432,S1,350.00,100,390.00,200
2296.562,S1,350.00,100,390.00,100
2296.693,S1,350.00,100,390.00,1100
2296.854,S1,350.00,100,390.00,100
2296.995,S1,350.00,100,399.00,100
2297.227,S1,350.00,100,400.00,3230
2297.460,S1,350.00,100,400.00,3130
2297.653,S1,350.00,100,400.00,2130
2297.744,S1,350.00,100,400.00,2030
2297.958,S1,350.00,100,400.00,1930
2298.181,S1,350.00,100,400.00,1830
2298.373,S1,350.00,100,400.00,1730
2298.424,S1,350.00,100,390.00,1000
2298.656,S1,350.00,100,390.00,900
2299.179,S1,350.00,100,390.00,800
2299.492,S1,350.00,100,390.00,700
2299.703,S1,350.00,100,390.00,600
2300.049,S1,350.00,100,390.00,500
2300.288,S1,350.00,100,390.00,400
2300.530,S1,350.00,100,390.00,300
2300.711,S1,350.00,200,390.00,300
2300.994,S1,350.00,200,390.00,200
2301.516,S1,350.00,200,390.00,100
2301.796,S1,350.00,200,390.00,300
2301.796,S1,350.00,200,390.00,200
2302.232,S1,350.00,200,390.00,100
2302.514,S1,350.00,200,390.00,1100
2302.646,S1,350.00,200,390.00,1300
2302.862,S1,350.00,200,390.00,1200
2303.112,S1,350.00,200,390.00,1100
2303.377,S1,350.00,200,390.00,1000
2303.578,S1,350.00,200,390.00,900
2303.900,S1,350.00,200,390.00,800
2304.197,S1,350.00,200,390.00,700
2304.418,S1,350.00,200,390.00,600
2304.621,S1,350.00,200,390.00,500
2304.806,S1,350.00,200,390.00,400
2304.958,S1,350.00,200,390.00,300
2305.099,S1,350.00,210,390.00,300
2305.161,S1,350.00,210,390.00,200
2305.333,S1,350.00,10,390.00,200
2305.344,S1,350.00,10,390.00,100
2305.527,S1,350.00,10,399.00,100
2305.697,S1,350.00,10,400.00,1930
2305.746,S1,350.00,20,400.00,1930
2305.878,S1,350.00,20,400.00,1830
2305.949,S1,350.00,30,400.00,1830
2306.040,S1,350.00,30,400.00,1730
2306.141,S1,350.00,40,400.00,1730
2306.205,S1,350.00,40,400.00,1630
2306.276,S1,350.00,50,400.00,1630
2306.378,S1,350.00,50,400.00,1530
2306.448,S1,350.00,60,400.00,1530
2306.518,S1,350.00,60,390.00,1000
2306.579,S1,350.00,60,390.00,900
2306.599,S1,350.00,70,390.00,900
2306.759,S1,350.00,80,390.00,900
2306.961,S1,350.00,90,390.00,900
2307.042,S1,350.00,90,390.00,800
2308.715,S1,350.00,90,390.00,700
2309.339,S1,350.00,90,390.00,600
2309.842,S1,350.00,90,390.00,500
2310.294,S1,350.00,90,390.00,400
2310.444,S1,350.00,90,390.00,300
2310.717,S1,350.00,90,390.00,200
2310.789,S1,350.00,90,390.00,100
2310.940,S1,350.00,90,400.00,1530
2311.113,S1,350.00,90,400.00,1430
2311.514,S1,350.00,100,400.00,1430
2312.067,S1,350.00,100,390.00,1000
2312.214,S1,350.00,110,390.00,1000
2312.407,S1,350.00,120,390.00,1000
2312.580,S1,350.00,130,390.00,1000
2312.754,S1,350.00,140,390.00,1000
2312.845,S1,350.00,140,390.00,900
2312.966,S1,350.00,150,390.00,900
2313.089,S1,350.00,150,390.00,800
2313.120,S1,350.00,160,390.00,800
2313.342,S1,350.00,160,390.00,700
2313.423,S1,350.00,170,390.00,700
2313.523,S1,350.00,170,390.00,600
2313.695,S1,350.00,170,390.00,500
2313.858,S1,350.00,170,390.00,400
2313.868,S1,350.00,180,390.00,400
2314.028,S1,350.00,180,390.00,300
2314.188,S1,350.00,180,390.00,200
2314.359,S1,350.00,190,390.00,200
2314.379,S1,350.00,190,390.00,100
2314.574,S1,350.00,190,400.00,1430
2314.585,S1,350.00,200,400.00,1430
2314.726,S1,350.00,200,400.00,1330
2316.520,S1,350.00,210,400.00,1330
2316.716,S1,350.00,220,400.00,1330
2316.716,S1,350.00,20,400.00,1330
2316.897,S1,350.00,30,400.00,1330
2317.037,S1,350.00,40,400.00,1330
2317.228,S1,350.00,50,400.00,1330
2317.479,S1,350.00,60,400.00,1330
2317.661,S1,350.00,70,400.00,1330
2317.814,S1,350.00,80,400.00,1330
2317.987,S1,350.00,90,400.00,1330
2318.167,S1,350.00,100,400.00,1330
2318.330,S1,350.00,110,400.00,1330
2318.510,S1,350.00,120,400.00,1330
2318.700,S1,350.00,130,400.00,1330
2318.855,S1,350.00,140,400.00,1330
2318.935,S1,350.00,140,399.00,200
2319.068,S1,350.00,150,399.00,200
2319.280,S1,350.00,160,399.00,200
2319.462,S1,350.00,170,399.00,200
2319.655,S1,350.00,180,399.00,200
2319.850,S1,350.00,190,399.00,200
2320.031,S1,350.00,200,399.00,200
2320.193,S1,350.00,210,399.00,200
2320.366,S1,350.00,220,399.00,200
2320.528,S1,350.00,230,399.00,200
2320.689,S1,350.00,230,399.00,100
2320.710,S1,350.00,240,399.00,100
2320.902,S1,350.00,250,399.00,100
2321.124,S1,350.00,260,399.00,100
2321.321,S1,350.00,270,399.00,100
2321.351,S1,350.00,270,399.99,500
2321.510,S1,350.00,280,399.99,500
2322.915,S1,350.00,290,399.99,500
2323.088,S1,350.00,300,399.99,500
2323.249,S1,350.00,310,399.99,500
2323.420,S1,350.00,320,399.99,500
2323.582,S1,350.00,330,399.99,500
2323.763,S1,350.00,340,399.99,500
2323.945,S1,350.00,350,399.99,500
2324.116,S1,350.00,360,399.99,500
2324.445,S1,350.00,370,399.99,500
2324.505,S1,350.00,370,399.00,200
2324.841,S1,350.00,380,399.00,200
2325.033,S1,350.00,390,399.00,200
2325.204,S1,350.00,400,399.00,200
2325.395,S1,350.00,410,399.00,200
2325.575,S1,350.00,420,399.00,200
2325.584,S1,350.00,420,395.00,300
2325.757,S1,350.00,430,395.00,300
2325.919,S1,350.00,430,395.00,200
2325.939,S1,350.00,440,395.00,200
2326.071,S1,350.00,440,395.00,100
2326.121,S1,350.00,450,395.00,100
2326.283,S1,350.00,450,399.00,200
2326.303,S1,350.00,460,399.00,200
2326.469,S1,350.00,470,399.00,200
2326.651,S1,350.00,480,399.00,200
2326.968,S1,350.00,480,399.00,100
2327.499,S1,350.00,480,399.98,100
2328.923,S1,350.00,480,399.99,500
2329.735,S1,350.00,480,399.00,200
2330.644,S1,350.00,480,399.00,100
2330.938,S1,350.00,1480,399.00,100
2330.979,S1,350.00,1480,399.99,500
2333.292,S1,350.00,1480,399.00,200
2334.370,S1,350.00,1480,399.00,100
2334.943,S1,350.00,1480,399.99,500
2335.116,S1,350.00,1470,399.99,500
2335.299,S1,350.00,1460,399.99,500
2335.464,S1,350.00,1450,399.99,500
2335.647,S1,350.00,1450,399.00,100
2335.657,S1,350.00,1440,399.00,100
2335.838,S1,350.00,1430,399.00,100
2336.021,S1,350.00,1420,399.00,100
2336.192,S1,350.00,1410,399.00,100
2336.383,S1,350.00,1400,399.00,100
2336.543,S1,350.00,1390,399.00,100
2336.734,S1,350.00,1380,399.00,100
2336.917,S1,350.00,1370,399.00,100
2337.302,S1,350.00,1360,399.00,100
2337.503,S1,350.00,1350,399.00,100
2337.625,S1,350.00,1350,399.00,300
2337.709,S1,350.00,1340,399.00,300
2338.032,S1,350.00,1330,399.00,300
2338.223,S1,350.00,1320,399.00,300
2338.429,S1,350.00,1310,399.00,300
2338.612,S1,350.00,1300,399.00,300
2338.724,S1,350.00,1300,399.00,500
2338.796,S1,350.00,1290,399.00,500
2339.009,S1,350.00,1280,399.00,500
2339.191,S1,350.00,1270,399.00,500
2339.383,S1,350.00,1260,399.00,500
2339.575,S1,350.00,1250,399.00,500
2339.696,S1,351.00,100,399.00,500
2342.157,S1,351.00,100,399.00,400
2342.464,S1,350.00,1190,399.00,400
2342.964,S1,350.00,1190,399.00,300
2343.289,S1,352.00,1000,399.00,300
2343.432,S1,352.00,1000,399.00,200
2343.858,S1,352.00,1000,399.00,100
2344.088,S1,352.00,1000,399.99,500
2345.033,S1,352.00,1000,399.99,400
2345.317,S1,352.00,1000,399.99,300
2345.529,S1,352.00,1000,399.99,200
2345.741,S1,352.00,1000,399.99,100
2346.044,S1,352.00,1000,400.00,1130
2346.672,S1,352.00,1000,399.00,200
2346.692,S1,352.00,1000,399.00,100
2347.667,S1,352.00,1000,400.00,1130
2348.565,S1,352.00,1000,399.00,200
2348.899,S1,352.00,1000,399.00,400
2349.110,S1,352.00,1000,399.00,600
2349.330,S1,352.00,1000,399.00,800
2349.727,S1,352.00,1000,399.00,700
2350.041,S1,352.00,1000,399.00,600
2350.203,S1,352.00,1000,399.00,500
2350.363,S1,352.00,1000,399.00,400
2350.564,S1,352.00,1000,399.00,300
2350.707,S1,352.00,1000,399.00,200
2351.143,S1,352.00,1000,399.00,100
2351.611,S1,352.00,1000,399.98,200
2351.854,S1,352.00,1000,399.98,100
2352.735,S1,352.00,1000,400.00,130
2353.559,S1,352.00,1000,400.00,30
2355.504,S1,352.00,1000,410.00,1000
2356.848,S1,352.00,1000,399.99,500
2357.235,S1,352.00,1000,399.99,1000
2358.734,S1,352.00,1000,399.99,900
2358.925,S1,353.00,100,399.99,900
2358.954,S1,353.00,100,399.99,800
2359.176,S1,353.00,100,399.99,700
2359.379,S1,353.00,100,399.99,600
2359.541,S1,353.00,100,399.99,500
2359.723,S1,353.00,100,399.99,400
2359.909,S1,353.00,100,399.99,300
2360.090,S1,353.00,100,399.99,200
2360.254,S1,353.00,100,399.99,100
2360.526,S1,353.00,100,410.00,1000
2364.348,S1,360.00,1000,410.00,1000
2364.512,S1,360.00,2000,410.00,1000
2365.971,S1,360.00,3000,410.00,1000
2368.512,S1,360.00,3000,405.00,1000
2369.498,S1,360.00,3000,405.00,900
2369.865,S1,360.00,3000,405.00,400
2370.851,S1,360.00,3000,399.99,500
2372.576,S1,360.00,3000,399.99,400
2372.759,S1,360.00,3000,399.99,300
2373.494,S1,360.00,3000,399.99,200
2374.156,S1,360.00,3000,399.99,100
2374.678,S1,360.00,3000,405.00,400
2376.482,S1,363.00,300,405.00,400
2376.875,S1,363.00,200,405.00,400
2377.209,S1,363.00,200,409.00,251
2380.455,S1,363.00,200,399.97,100
2381.309,S1,363.00,200,409.00,251
2382.631,S1,363.00,200,410.00,751
2383.630,S1,363.00,200,400.00,50
2383.781,S1,363.00,200,410.00,701
2384.312,S1,363.00,200,410.00,601
2386.685,S1,363.00,200,400.00,1000
2387.598,S1,363.00,200,400.00,900
2388.115,S1,370.00,100,400.00,900
2388.316,S1,370.00,100,400.00,800
2388.388,S1,370.00,100,400.00,900
2388.941,S1,370.00,100,400.00,800
2389.511,S1,370.00,100,400.00,700
2390.295,S1,370.00,100,400.00,600
2390.931,S1,370.00,100,400.00,500
2391.356,S1,370.00,100,400.00,400
2391.811,S1,370.00,100,400.00,300
2392.298,S1,370.00,100,400.00,200
2392.746,S1,370.00,100,400.00,100
2393.144,S1,370.00,100,410.00,601
2395.140,S1,370.00,100,399.00,100
2398.034,S1,363.00,200,399.00,100
2398.168,S1,363.00,200,400.00,1250
2399.111,S1,380.00,1000,400.00,1250
2401.158,S1,380.00,900,400.00,1250
2401.422,S1,380.00,800,400.00,1250
2401.666,S1,380.00,700,400.00,1250
2401.949,S1,380.00,600,400.00,1250
2402.090,S1,380.00,500,400.00,1250
2402.236,S1,380.00,400,400.00,1250
2407.014,S1,380.00,400,398.00,100
2407.393,S1,380.00,400,400.00,1250
2409.631,S1,380.00,400,400.00,1150
2414.427,S1,391.00,100,400.00,1150
2416.890,S1,391.00,100,400.00,1050
2416.961,S1,391.00,100,400.00,950
2417.331,S1,391.00,100,400.00,850
2417.471,S1,391.00,100,400.00,750
2417.674,S1,391.00,100,400.00,650
2417.805,S1,391.00,100,400.00,550
2417.957,S1,391.00,100,400.00,450
2418.098,S1,391.00,200,400.00,450
2418.200,S1,391.00,200,400.00,350
2418.259,S1,391.00,200,400.00,250
2418.423,S1,391.00,200,400.00,150
2418.579,S1,391.00,200,400.00,50
2419.077,S1,391.00,200,410.00,551
2419.126,S1,391.00,100,410.00,551
2419.548,S1,391.00,100,410.00,451
2420.159,S1,391.00,100,410.00,351
2420.374,S1,391.00,100,410.00,251
2420.557,S1,391.00,100,410.00,151
2420.820,S1,391.00,100,410.00,51
2420.963,S1,380.00,400,410.00,51
2421.013,S1,380.00,400,419.00,451
2421.175,S1,380.00,400,419.00,351
2421.406,S1,380.00,400,419.00,251
2421.627,S1,380.00,400,419.00,151
2421.924,S1,380.00,400,419.00,51
2422.096,S1,380.00,400,420.00,251
2422.277,S1,380.00,400,420.00,151
2422.449,S1,380.00,400,420.00,51
2422.696,S1,380.00,400,430.00,451
2422.918,S1,380.00,400,430.00,351
2423.028,S1,380.00,400,430.00,251
2423.191,S1,380.00,400,430.00,151
2423.439,S1,380.00,400,430.00,51
2423.521,S1,380.00,400,440.00,351
2423.692,S1,380.00,400,440.00,251
2423.855,S1,380.00,400,440.00,151
2424.028,S1,380.00,400,440.00,51
2424.229,S1,380.00,400,450.00,3701
2424.392,S1,380.00,400,450.00,3601
2424.575,S1,380.00,400,450.00,3501
2424.655,S1,380.00,400,400.00,1000
2426.060,S1,380.00,400,400.00,900
2426.130,S1,380.00,400,400.00,800
2426.233,S1,380.00,400,400.00,1800
2426.293,S1,380.00,400,400.00,1700
2426.455,S1,380.00,400,400.00,1600
2426.648,S1,380.00,400,400.00,1500
2426.709,S1,380.00,400,400.00,2500
2426.791,S1,380.00,400,400.00,2400
2426.942,S1,380.00,400,400.00,2300
2427.004,S1,380.00,400,400.00,3300
2427.105,S1,380.00,400,400.00,3200
2427.258,S1,380.00,400,400.00,3100
2427.409,S1,380.00,400,400.00,3000
2427.639,S1,380.00,400,400.00,2900
2427.679,S1,380.00,400,400.00,3900
2427.710,S1,380.00,400,400.00,3800
2427.876,S1,380.00,400,400.00,3700
2428.048,S1,380.00,400,400.00,3600
2428.208,S1,380.00,400,400.00,3500
2428.391,S1,380.00,400,400.00,3400
2428.695,S1,380.00,400,400.00,3300
2428.909,S1,380.00,400,400.00,3200
2429.104,S1,380.00,400,400.00,3100
2429.303,S1,380.00,400,400.00,3000
2429.496,S1,380.00,400,400.00,2900
2429.729,S1,380.00,400,400.00,2800
2429.892,S1,380.00,400,400.00,2700
2430.062,S1,380.00,400,400.00,2600
2430.254,S1,380.00,400,400.00,2500
2430.437,S1,380.00,400,400.00,2400
2430.629,S1,380.00,400,400.00,2300
2430.804,S1,380.00,400,400.00,2200
2430.976,S1,380.00,400,400.00,2100
2430.996,S1,380.00,400,400.00,3100
2431.138,S1,380.00,400,400.00,3000
2431.209,S1,380.00,400,400.00,4000
2431.309,S1,380.00,400,400.00,3900
2431.398,S1,380.00,400,400.00,4900
2431.458,S1,380.00,400,400.00,4800
2431.580,S1,380.00,400,400.00,5800
2431.631,S1,380.00,400,400.00,5700
2431.831,S1,380.00,400,400.00,5600
2431.961,S1,380.00,400,400.00,5500
2432.123,S1,380.00,400,400.00,5400
2432.235,S1,380.00,400,400.00,6400
2432.356,S1,380.00,400,400.00,6300
2432.427,S1,390.00,600,400.00,6300
2432.497,S1,390.00,600,400.00,6200
2432.638,S1,390.00,600,400.00,7200
2432.647,S1,390.00,600,400.00,7100
2432.873,S1,390.00,600,400.00,7000
2432.985,S1,390.00,600,400.00,8000
2432.994,S1,390.00,600,400.00,7900
2433.157,S1,390.00,600,400.00,7800
2433.296,S1,390.00,600,400.00,7700
2433.306,S1,390.00,600,400.00,8700
2433.478,S1,390.00,600,400.00,8600
2433.629,S1,390.00,600,400.00,8500
2433.806,S1,390.00,600,400.00,8400
2433.978,S1,390.00,600,400.00,8300
2434.138,S1,390.00,600,400.00,8200
2434.311,S1,390.00,600,400.00,8100
2434.512,S1,390.00,600,400.00,8000
2434.646,S1,390.00,600,400.00,7900
2434.826,S1,390.00,600,400.00,7800
2435.028,S1,390.00,600,400.00,7700
2435.170,S1,390.00,600,400.00,7600
2435.377,S1,390.00,600,400.00,7500
2435.558,S1,390.00,600,400.00,7400
2435.688,S1,390.00,600,400.00,8400
2435.727,S1,390.00,600,400.00,8300
2435.891,S1,390.00,600,400.00,8200
2436.073,S1,390.00,600,400.00,8100
2436.255,S1,390.00,600,400.00,8000
2436.438,S1,390.00,600,400.00,7900
2436.610,S1,390.00,600,400.00,7800
2436.794,S1,390.00,600,400.00,7700
2436.980,S1,390.00,600,400.00,7600
2437.153,S1,390.00,600,400.00,7500
2437.320,S1,390.00,600,400.00,7400
2437.592,S1,390.00,600,400.00,7300
2437.696,S1,390.00,600,400.00,7200
2438.027,S1,390.00,600,400.00,7100
2438.434,S1,390.00,600,400.00,7000
2438.728,S1,390.00,600,400.00,6900
2439.210,S1,390.00,600,400.00,6800
2439.878,S1,390.00,600,400.00,6700
2440.244,S1,390.00,600,400.00,6600
2440.526,S1,390.00,600,400.00,6500
2440.738,S1,390.00,600,400.00,6400
2440.973,S1,390.00,600,400.00,6300
2441.013,S1,391.00,100,400.00,6300
2441.266,S1,391.00,100,400.00,6200
2441.418,S1,391.00,100,400.00,6100
2441.641,S1,391.00,100,400.00,6000
2441.843,S1,391.00,100,400.00,5900
2442.056,S1,391.00,100,400.00,5800
2442.309,S1,391.00,100,400.00,5700
2442.463,S1,391.00,100,400.00,5600
2442.636,S1,391.00,100,400.00,5500
2442.841,S1,391.00,100,400.00,5400
2442.973,S1,391.00,100,400.00,5300
2443.152,S1,391.00,100,400.00,5200
2443.364,S1,391.00,100,400.00,5100
2443.506,S1,391.00,100,400.00,5000
2443.537,S1,390.00,600,400.00,5000
2443.686,S1,390.00,600,400.00,4900
2443.889,S1,390.00,600,400.00,4800
2444.042,S1,390.00,600,400.00,4700
2444.214,S1,390.00,600,400.00,4600
2444.408,S1,390.00,600,400.00,4500
2444.579,S1,390.00,600,400.00,4400
2444.729,S1,390.00,600,400.00,4300
2444.934,S1,390.00,600,400.00,4200
2445.075,S1,390.00,600,400.00,4100
2445.255,S1,390.00,600,400.00,4000
2445.457,S1,390.00,600,400.00,3900
2445.628,S1,390.00,600,400.00,3800
2445.801,S1,390.00,600,399.99,750
2445.830,S1,390.00,600,399.99,650
2446.044,S1,390.00,600,399.99,550
2446.205,S1,390.00,600,399.99,450
2446.408,S1,390.00,600,399.99,350
2446.580,S1,390.00,600,399.99,250
2446.774,S1,390.00,600,399.99,150
2447.017,S1,390.00,600,397.00,100
2447.259,S1,390.00,600,399.99,150
2447.896,S1,390.00,600,399.99,50
2448.206,S1,390.00,600,400.00,3750
2448.458,S1,390.00,600,400.00,3650
2448.840,S1,390.00,600,400.00,3550
2449.172,S1,390.00,600,400.00,3450
2449.374,S1,390.00,600,400.00,3350
2449.657,S1,390.00,600,400.00,3250
2449.789,S1,390.00,600,400.00,3150
2449.970,S1,390.00,600,400.00,3050
2450.173,S1,390.00,600,400.00,2950
2450.355,S1,390.00,600,400.00,2850
2450.537,S1,390.00,600,400.00,2750
2450.708,S1,390.00,600,400.00,2650
2450.890,S1,390.00,600,400.00,2550
2451.062,S1,390.00,600,400.00,2450
2451.294,S1,390.00,600,400.00,2350
2451.456,S1,390.00,600,400.00,2250
2451.658,S1,390.00,600,400.00,2150
2451.843,S1,390.00,600,400.00,2050
2452.023,S1,390.00,600,400.00,1950
2452.274,S1,390.00,600,400.00,1850
2452.406,S1,390.00,600,400.00,1750
2452.589,S1,390.00,600,400.00,1650
2452.804,S1,390.00,600,400.00,1550
2453.039,S1,390.00,600,400.00,1450
2453.321,S1,390.00,600,400.00,1350
2454.050,S1,390.00,600,400.00,1250
2454.370,S1,390.00,600,400.00,1150
2454.521,S1,390.00,600,400.00,1050
2454.893,S1,390.00,600,400.00,950
2455.053,S1,390.00,600,400.00,850
2455.256,S1,390.00,600,400.00,750
2455.489,S1,390.00,600,400.00,650
2455.712,S1,390.00,600,400.00,550
2455.947,S1,390.00,600,400.00,450
2456.109,S1,390.00,600,400.00,350
2456.323,S1,390.00,600,400.00,250
2456.536,S1,390.00,600,400.00,150
2456.739,S1,390.00,600,400.00,50
2457.194,S1,390.00,600,450.00,4179
2457.670,S1,390.00,600,400.00,100
2459.109,S1,390.00,600,450.00,4179
2459.294,S1,390.00,600,450.00,4079
2459.477,S1,390.00,600,450.00,3979
2459.628,S1,390.00,600,450.00,2979
2465.878,S1,390.00,600,450.00,3979
2466.507,S1,390.00,600,450.00,2979
2466.956,S1,390.00,600,440.00,1000
2466.997,S1,392.00,100,440.00,1000
2467.323,S1,392.00,100,450.00,2979
2467.458,S1,392.00,100,450.00,3079
2468.116,S1,392.00,100,450.00,2079
2468.576,S1,392.00,100,450.00,1079
2469.209,S1,400.00,800,450.00,1079
2469.269,S1,400.00,800,450.00,79
2471.636,S1,400.00,800,430.00,100
2473.248,S1,400.00,800,440.00,100
2475.976,S1,400.00,800,420.00,100
2481.259,S1,390.00,500,420.00,100
2483.253,S1,381.00,200,420.00,100
2483.752,S1,381.00,200,410.00,1000
2486.061,S1,381.00,200,410.00,900
2486.992,S1,381.00,200,410.00,800
2487.243,S1,381.00,200,410.00,700
2487.439,S1,381.00,200,410.00,600
2487.622,S1,381.00,200,410.00,500
2487.925,S1,381.00,200,410.00,400
2488.066,S1,381.00,200,410.00,300
2488.228,S1,381.00,200,410.00,200
2488.452,S1,381.00,200,410.00,100
2488.637,S1,381.00,200,420.00,100
2489.039,S1,381.00,200,440.00,100
2490.575,S1,381.00,200,445.00,100
2495.709,S1,391.00,100,445.00,100
2498.417,S1,391.00,100,435.00,700
2511.960,S1,391.00,100,429.00,200
2513.618,S1,391.00,100,429.00,100
2514.696,S1,391.00,100,435.00,700
2516.991,S1,400.00,1000,435.00,700
2517.884,S1,400.00,900,435.00,700
2518.336,S1,400.00,800,435.00,700
2519.487,S1,400.00,700,435.00,700
2520.974,S1,400.00,600,435.00,700
2522.734,S1,401.00,200,435.00,700
2523.599,S1,401.00,200,435.00,600
2523.781,S1,401.00,200,435.00,500
2523.955,S1,401.00,200,435.00,400
2524.191,S1,401.00,200,435.00,300
2524.631,S1,401.00,200,435.00,200
2524.812,S1,401.00,200,435.00,100
2524.974,S1,401.00,200,440.00,1000
2525.157,S1,401.00,100,440.00,1000
2525.417,S1,401.00,100,440.00,900
2526.784,S1,401.00,300,440.00,900
2527.971,S1,401.00,300,440.00,950
2533.037,S1,401.00,300,430.00,100
2533.467,S1,405.00,200,430.00,100
2536.426,S1,405.00,200,440.00,950
2536.782,S1,410.00,1000,440.00,950
2538.156,S1,410.00,1500,440.00,950
2542.084,S1,410.00,1500,435.00,100
2543.555,S1,410.00,1400,435.00,100
2546.703,S1,415.00,200,435.00,100
2547.420,S1,415.00,200,435.00,190
2549.565,S1,415.00,200,435.00,290
2551.365,S1,415.00,100,435.00,290
2560.655,S1,415.00,100,435.00,90
2564.987,S1,415.00,100,430.00,100
2569.937,S1,420.00,400,430.00,100
2571.813,S1,420.00,300,430.00,100
2572.207,S1,420.00,200,430.00,100
2572.871,S1,420.00,100,430.00,100
2593.666,S1,420.00,600,430.00,100
2600.477,S1,420.00,600,435.00,90
2617.414,S1,420.00,600,435.00,89
2626.690,S1,420.00,210,435.00,89
2629.970,S1,420.00,210,430.00,50
2641.448,S1,420.00,110,430.00,50
2651.785,S1,420.00,310,430.00,50
2665.596,S1,420.00,310,435.00,39
2668.108,S1,420.00,510,435.00,39
2681.175,S1,420.00,510,430.00,500
2685.327,S1,420.00,510,429.00,489
2686.116,S1,420.00,410,429.00,489
2688.213,S1,410.00,1410,429.00,489
2697.604,S1,410.00,1410,420.00,1000
2698.262,S1,410.00,1410,420.00,2000
2702.594,S1,415.00,500,420.00,2000
2722.288,S1,415.00,500,420.00,3000
2723.607,S1,415.00,500,420.00,3100
2730.387,S1,415.00,500,419.99,100
2736.334,S1,415.00,400,419.99,100
2744.459,S1,415.00,400,419.98,1000
2749.418,S1,415.00,400,419.97,100
2756.850,S1,415.00,400,419.95,1000
2767.709,S1,415.00,235,419.95,1000
2769.637,S1,410.00,1106,419.95,1000
2773.970,S1,410.00,1106,417.50,1000
2779.988,S1,410.00,606,417.50,1000
2791.764,S1,410.00,106,417.50,1000
2797.343,S1,390.00,200,417.50,1000
2799.224,S1,390.00,200,410.00,50
2805.827,S1,400.00,500,410.00,50
2810.956,S1,400.00,450,410.00,50
2811.705,S1,400.00,400,410.00,50
2811.963,S1,400.00,900,410.00,50
2812.804,S1,400.00,850,410.00,50
2813.268,S1,400.00,800,410.00,50
2816.551,S1,380.00,400,410.00,50
2823.007,S1,380.00,1400,410.00,50
2827.196,S1,380.00,1400,409.00,500
2829.582,S1,381.00,200,409.00,500
2833.258,S1,381.00,200,409.00,1000
2835.571,S1,381.00,200,407.00,200
2837.951,S1,381.00,200,400.00,40
2848.842,S1,380.00,600,400.00,40
2855.820,S1,380.00,600,399.00,200
2867.131,S1,385.00,665,399.00,200
2874.075,S1,380.00,265,399.00,200
2875.504,S1,380.00,265,396.00,200
2879.371,S1,376.00,265,396.00,200
2882.253,S1,376.00,265,380.00,50
2887.583,S1,376.00,215,380.00,50
2890.696,S1,376.00,165,380.00,50
2890.888,S1,376.00,165,380.00,90
2891.514,S1,376.00,165,380.00,1090
2894.505,S1,376.00,165,380.00,2090
2903.509,S1,375.00,165,380.00,2090
2912.268,S1,376.00,300,380.00,2090
2921.049,S1,376.00,250,380.00,2090
2939.782,S1,376.00,50,380.00,2090
2943.222,S1,375.00,15,380.00,2090
2943.231,S1,375.00,15,380.00,2130
2944.268,S1,375.00,15,380.00,2090
2953.171,S1,375.00,15,380.00,2040
2954.915,S1,375.00,15,380.00,2240
2955.216,S1,315.00,95,380.00,2240
2956.602,S1,250.00,1295,380.00,2240
2957.409,S1,250.00,1295,370.00,50
2958.204,S1,250.00,1295,350.00,50
2966.278,S1,250.00,1295,350.00,550
2971.243,S1,250.00,295,350.00,550
2976.553,S1,250.00,295,377.00,329
2978.459,S1,260.00,500,377.00,329
2981.091,S1,260.00,500,295.00,70
2982.622,S1,260.00,500,270.00,1000
2983.701,S1,260.00,500,270.00,2000
2984.237,S1,260.00,500,270.00,3000
2990.233,S1,260.00,430,270.00,3000
3000.412,S1,260.00,380,270.00,3000
3000.482,S1,260.00,380,270.00,2500
3000.724,S1,200.00,400,270.00,2500
3001.774,S1,200.00,400,270.00,2000
3002.072,S1,200.00,350,270.00,2000
3003.426,S1,200.00,300,270.00,2000
3003.566,S1,200.00,250,270.00,2000
3003.717,S1,200.00,200,270.00,2000
3003.851,S1,200.00,150,270.00,2000
3004.415,S1,200.00,1150,270.00,2000
3007.181,S1,200.00,2150,270.00,2000
3009.995,S1,200.00,2150,270.00,1950
3010.717,S1,200.00,2150,270.00,1900
3011.193,S1,200.00,2150,270.00,1850
3011.598,S1,200.00,2150,270.00,1800
3013.467,S1,200.00,2150,250.00,120
3015.146,S1,200.00,2000,250.00,120
3021.425,S1,200.00,2000,245.00,180
3021.819,S1,200.00,1750,245.00,180
3022.291,S1,200.00,1000,245.00,180
3022.291,S1,100.00,2000,245.00,180
3028.586,S1,100.00,1000,245.00,180
3035.125,S1,101.00,222,245.00,180
3035.349,S1,101.00,222,240.00,100
3037.853,S1,101.00,222,225.00,120
3038.514,S1,101.00,222,300.00,300
3039.379,S1,101.00,222,230.00,250
3039.480,S1,101.00,212,230.00,250
3039.632,S1,101.00,202,230.00,250
3039.815,S1,101.00,192,230.00,250
3039.966,S1,101.00,182,230.00,250
3040.147,S1,101.00,172,230.00,250
3040.297,S1,101.00,162,230.00,250
3040.481,S1,101.00,152,230.00,250
3040.616,S1,101.00,152,230.00,500
3040.655,S1,101.00,142,230.00,500
3041.733,S1,100.00,892,230.00,500
3045.281,S1,100.00,892,105.00,500
3047.382,S1,100.00,792,105.00,500
3050.859,S1,100.00,792,230.00,500
3057.519,S1,100.00,792,220.00,100
3060.293,S1,100.00,692,220.00,100
3060.353,S1,100.00,692,225.00,850
3060.556,S1,118.00,100,225.00,850
3061.365,S1,118.00,100,215.00,1000
3061.998,S1,118.00,100,215.00,2000
3062.401,S1,118.00,100,215.00,3000
3062.850,S1,118.00,100,215.00,4000
3063.286,S1,118.00,100,215.00,5000
3063.686,S1,118.00,100,215.00,6000
3064.030,S1,118.00,100,215.00,7000
3064.343,S1,118.00,100,215.00,8000
3064.624,S1,118.00,100,215.00,9000
3064.914,S1,118.00,100,215.00,10000
3065.198,S1,118.00,100,215.00,11000
3065.552,S1,118.00,100,215.00,12000
3066.259,S1,118.00,100,215.00,13000
3066.671,S1,118.00,100,215.00,14000
3067.090,S1,118.00,100,215.00,15000
3067.310,S1,119.00,100,215.00,15000
3067.502,S1,119.00,100,215.00,14960
3073.301,S1,120.00,890,215.00,14960
3073.504,S1,120.00,1780,215.00,14960
3073.635,S1,120.00,2670,215.00,14960
3073.816,S1,120.00,3560,215.00,14960
3073.967,S1,120.00,4450,215.00,14960
3074.119,S1,120.00,5340,215.00,14960
3074.282,S1,120.00,6230,215.00,14960
3074.441,S1,120.00,7120,215.00,14960
3074.602,S1,120.00,8010,215.00,14960
3074.763,S1,120.00,8900,215.00,14960
3074.917,S1,120.00,9790,215.00,14960
3075.117,S1,120.00,10680,215.00,14960
3075.725,S1,120.00,10180,215.00,14960
3076.965,S1,120.00,10180,190.00,1000
3077.672,S1,120.00,10180,190.00,2000
3079.263,S1,120.00,10180,190.00,1000
3079.396,S1,120.00,10180,199.98,100
3079.571,S1,120.00,10180,215.00,14060
3079.734,S1,120.00,10180,215.00,13060
3079.886,S1,120.00,10180,215.00,12060
3080.047,S1,120.00,10180,215.00,11060
3080.188,S1,120.00,10180,215.00,10060
3080.350,S1,120.00,10180,215.00,9060
3080.516,S1,120.00,10180,215.00,8060
3080.667,S1,120.00,10180,215.00,7060
3080.837,S1,120.00,10180,215.00,6060
3081.361,S1,120.00,9790,215.00,6060
3081.361,S1,120.00,8900,215.00,6060
3081.361,S1,120.00,8010,215.00,6060
3081.361,S1,120.00,7120,215.00,6060
3081.361,S1,120.00,6230,215.00,6060
3081.361,S1,120.00,5340,215.00,6060
3081.361,S1,120.00,4450,215.00,6060
3081.361,S1,120.00,3560,215.00,6060
3081.361,S1,120.00,2670,215.00,6060
3081.361,S1,120.00,1780,215.00,6060
3081.361,S1,120.00,890,215.00,6060
3081.361,S1,119.00,100,215.00,6060
3081.969,S1,119.00,100,215.00,5060
3082.119,S1,119.00,100,215.00,4060
3082.320,S1,119.00,100,215.00,3060
3082.503,S1,119.00,100,215.00,2060
3082.686,S1,119.00,100,215.00,1060
3082.849,S1,119.00,100,215.00,60
3083.021,S1,119.00,100,225.00,130
3083.213,S1,119.00,100,300.00,230
3084.054,S1,119.00,100,395.00,259
3084.287,S1,119.00,100,400.00,1509
3085.397,S1,119.00,100,400.00,509
3085.620,S1,119.00,100,409.00,509
3085.822,S1,119.00,100,439.00,59
3086.706,S1,119.00,100,550.00,119
3089.805,S1,91.00,14,550.00,119
3093.017,S1,91.00,14,490.00,1000
3093.209,S1,91.00,14,490.00,2000
3093.836,S1,91.00,14,490.00,3000
3093.861,S1,90.00,914,490.00,3000
3093.922,S1,100.00,40,490.00,3000
3094.217,S1,100.00,40,490.00,4000
3097.005,S1,100.00,40,490.00,3000
3097.157,S1,100.00,40,400.00,1000
3097.875,S1,201.00,100,400.00,1000
3101.236,S1,201.00,100,300.00,100
3102.796,S1,90.00,54,300.00,100
3103.551,S1,95.00,550,300.00,100
3110.537,S1,110.00,1000,300.00,100
3112.175,S1,110.00,1000,290.00,1000
3112.405,S1,110.00,1000,300.00,100
3112.414,S1,110.00,1000,290.00,1000
3112.576,S1,110.00,1000,290.00,2000
3113.242,S1,110.00,1000,290.00,1000
3113.430,S1,110.00,1000,300.00,100
3114.155,S1,110.00,1000,400.00,400
3114.337,S1,110.00,1000,403.00,3400
3114.502,S1,110.00,1000,403.00,2400
3114.682,S1,110.00,1000,403.00,1400
3114.834,S1,110.00,1000,403.00,400
3114.989,S1,110.00,1000,450.00,1318
3115.060,S1,110.00,1000,250.00,250
3115.130,S1,110.00,1000,450.00,568
3115.281,S1,110.00,1000,500.00,1818
3115.435,S1,110.00,1000,500.00,818
3115.718,S1,110.00,1000,555.00,218
3116.034,S1,110.00,1000,600.00,418
3116.189,S1,110.00,1000,800.00,1618
3116.339,S1,110.00,1000,800.00,618
3116.515,S1,110.00,1000,870.00,2618
3117.252,S1,110.00,900,870.00,2618
3117.584,S1,110.00,900,870.00,1618
3118.532,S1,110.00,900,403.00,200
3118.675,S1,110.00,900,403.00,400
3118.795,S1,110.00,900,403.00,600
3118.889,S1,110.00,900,870.00,1218
3119.304,S1,110.00,900,870.00,218
3120.214,S1,110.00,900,403.00,200
3120.315,S1,110.00,900,900.00,3128
3120.376,S1,110.00,900,403.00,200
3120.450,S1,150.00,200,403.00,200
3120.928,S1,150.00,200,900.00,2328
3121.130,S1,150.00,200,403.00,200
3121.524,S1,150.00,200,600.00,118
3121.846,S1,150.00,100,600.00,118
3123.622,S1,150.00,100,900.00,1446
3123.826,S1,110.00,900,900.00,1446
3124.115,S1,110.00,900,900.00,446
3126.154,S1,110.00,900,1000.00,3146
3129.063,S1,110.00,900,1000.00,3346
3129.229,S1,110.00,900,1000.00,3546
3129.355,S1,110.00,900,1000.00,3746
3129.507,S1,110.00,900,1000.00,3946
3129.643,S1,110.00,900,1000.00,4146
3129.795,S1,110.00,900,1000.00,4346
3129.836,S1,110.00,900,1000.00,4246
3130.005,S1,110.00,900,1000.00,4446
3130.066,S1,200.00,1000,1000.00,4446
3130.137,S1,200.00,1000,1000.00,4646
3130.307,S1,200.00,1000,1000.00,4846
3130.487,S1,200.00,1000,1000.00,5046
3130.671,S1,200.00,1000,1000.00,5246
3130.844,S1,200.00,1000,1000.00,5446
3130.989,S1,200.00,1000,1000.00,5646
3131.152,S1,200.00,1000,1000.00,5846
3131.305,S1,200.00,1000,1000.00,5946
3131.357,S1,200.00,1000,1000.00,6146
3131.516,S1,200.00,1000,1000.00,6346
3131.863,S1,200.00,1000,900.00,318
3132.308,S1,200.00,1000,900.00,218
3132.775,S1,200.00,1000,900.00,318
3133.366,S1,200.00,900,900.00,318
3133.529,S1,200.00,800,900.00,318
3135.188,S1,200.00,700,900.00,318
3135.359,S1,200.00,600,900.00,318
3135.511,S1,200.00,500,900.00,318
3135.735,S1,200.00,400,900.00,318
3135.890,S1,200.00,300,900.00,318
3136.563,S1,200.00,300,900.00,218
3136.743,S1,200.00,200,900.00,218
3138.934,S1,300.00,500,900.00,218
3139.562,S1,300.00,500,900.00,118
3140.278,S1,300.00,400,900.00,118
3142.107,S1,300.00,400,800.00,200
3142.259,S1,300.00,400,800.00,400
3142.442,S1,300.00,400,800.00,600
3142.605,S1,300.00,400,800.00,800
3142.748,S1,300.00,400,800.00,1000
3142.941,S1,300.00,400,700.00,100
3144.805,S1,300.00,400,800.00,100
3145.941,S1,500.00,1000,800.00,100
3145.972,S1,500.00,1000,1000.00,5938
3146.483,S1,500.00,2000,1000.00,5938
3147.028,S1,500.00,3000,1000.00,5938
3147.525,S1,500.00,3000,1000.00,6038
3147.595,S1,500.00,4000,1000.00,6038
3148.076,S1,500.00,5000,1000.00,6038
3148.657,S1,500.00,6000,1000.00,6038
3149.261,S1,500.00,7000,1000.00,6038
3149.796,S1,500.00,8000,1000.00,6038
3150.182,S1,500.00,7500,1000.00,6038
3150.323,S1,500.00,8500,1000.00,6038
3150.821,S1,500.00,9500,1000.00,6038
3151.516,S1,500.00,9491,1000.00,6038
3152.001,S1,500.00,9461,1000.00,6038
3152.283,S1,500.00,9461,1000.00,6158
3152.504,S1,500.00,9461,1000.00,6058
3152.850,S1,500.00,9461,1000.00,5958
3155.236,S1,500.00,9461,800.00,200
3155.394,S1,500.00,9461,800.00,400
3155.554,S1,500.00,9461,800.00,600
3155.696,S1,500.00,9461,800.00,800
3155.859,S1,500.00,9461,800.00,1000
3155.950,S1,500.00,9461,800.00,900
3156.050,S1,500.00,9461,800.00,1100
3156.753,S1,500.00,9461,800.00,1300
3156.814,S1,500.00,9461,800.00,1500
3157.823,S1,500.00,9461,800.00,500
3157.922,S1,500.00,8961,800.00,500
3158.363,S1,500.00,8461,800.00,500
3158.505,S1,500.00,8461,1000.00,5458
3158.534,S1,500.00,8461,1000.00,5258
3158.976,S1,500.00,7961,1000.00,5258
3163.065,S1,500.00,7961,1000.00,5378
3163.481,S1,500.00,8961,1000.00,5378
3163.987,S1,500.00,9961,1000.00,5378
3164.541,S1,500.00,10961,1000.00,5378
3165.088,S1,500.00,11961,1000.00,5378
3167.186,S1,500.00,12961,1000.00,5378
3167.863,S1,510.00,550,1000.00,5378
3170.449,S1,510.00,430,1000.00,5378
3171.250,S1,510.00,430,900.00,100
3174.698,S1,510.00,430,700.00,100
3174.886,S1,520.00,200,700.00,100
3175.962,S1,520.00,200,1000.00,4578
3176.054,S1,500.00,13591,1000.00,4578
3176.777,S1,500.00,13591,900.00,1000
3179.258,S1,500.00,12591,900.00,1000
3181.330,S1,500.00,11591,900.00,1000
3181.803,S1,500.00,11591,900.00,900
3182.067,S1,500.00,10591,900.00,900
3182.369,S1,500.00,9591,900.00,900
3182.546,S1,500.00,8591,900.00,900
3182.727,S1,500.00,7591,900.00,900
3182.889,S1,500.00,6591,900.00,900
3183.116,S1,500.00,5591,900.00,900
3183.220,S1,500.00,4591,900.00,900
3183.423,S1,500.00,3591,900.00,900
3183.626,S1,500.00,2591,900.00,900
3183.807,S1,500.00,1591,900.00,900
3184.033,S1,500.00,591,900.00,900
3184.224,S1,200.00,91,900.00,900
3184.447,S1,110.00,92,900.00,900
3184.918,S1,110.00,92,890.00,200
3184.978,S1,90.00,196,890.00,200
3185.824,S1,90.00,196,900.00,100
3186.658,S1,90.00,196,1000.00,3368
3187.255,S1,81.00,196,1000.00,3368
3193.204,S1,100.00,1000,1000.00,3368
3193.599,S1,100.00,1200,1000.00,3368
3193.802,S1,100.00,1200,1000.00,3268
3193.904,S1,100.00,1200,999.00,100
3199.245,S1,101.00,1000,999.00,100
3200.082,S1,101.00,880,999.00,100
3201.665,S1,101.00,760,999.00,100
3201.766,S1,101.00,760,1000.00,7370
3201.953,S1,101.00,760,1000.00,8370
3202.154,S1,101.00,760,1000.00,9370
3202.346,S1,101.00,760,1000.00,10370
3202.367,S1,101.00,760,1000.00,9370
3202.951,S1,101.00,640,1000.00,9370
3203.060,S1,101.00,640,998.00,100
3203.620,S1,101.00,640,1000.00,8470
3203.681,S1,102.00,580,1000.00,8470
3203.811,S1,102.00,580,1000.00,7470
3204.043,S1,102.00,580,1000.00,6470
3204.236,S1,102.00,580,1000.00,5470
3204.306,S1,102.00,580,950.00,200
3204.369,S1,102.00,580,1000.00,4670
3204.400,S1,102.00,460,1000.00,4670
3204.520,S1,102.00,460,1000.00,3670
3204.661,S1,102.00,460,1000.00,2670
3204.844,S1,102.00,460,1000.00,1670
3205.069,S1,102.00,460,1000.00,670
3205.466,S1,102.00,340,1000.00,670
3205.516,S1,102.00,340,1100.00,670
3206.263,S1,102.00,220,1100.00,670
3207.291,S1,102.00,100,1100.00,670
3207.484,S1,102.00,100,1300.00,670
3208.187,S1,102.00,680,1300.00,670
3208.268,S1,102.00,560,1300.00,670
3208.986,S1,102.00,560,1500.00,2670
3209.546,S1,102.00,560,1000.00,200
3209.786,S1,102.00,560,900.00,252
3210.818,S1,200.00,200,900.00,252
3211.939,S1,400.00,1000,900.00,252
3212.172,S1,400.00,2000,900.00,252
3212.333,S1,400.00,3000,900.00,252
3212.495,S1,400.00,4000,900.00,252
3212.656,S1,400.00,3880,900.00,252
3212.667,S1,400.00,4880,900.00,252
3212.828,S1,400.00,5880,900.00,252
3212.979,S1,400.00,6880,900.00,252
3213.029,S1,400.00,6760,900.00,252
3213.421,S1,400.00,6640,900.00,252
3213.786,S1,400.00,6520,900.00,252
3214.008,S1,400.00,6520,800.00,360
3214.220,S1,400.00,6400,800.00,360
3215.283,S1,400.00,6280,800.00,360
3216.046,S1,400.00,6160,800.00,360
3216.206,S1,500.00,100,800.00,360
3216.933,S1,400.00,6140,800.00,360
3217.795,S1,400.00,6020,800.00,360
3218.414,S1,400.00,5900,800.00,360
3218.618,S1,400.00,5780,800.00,360
3218.779,S1,400.00,5660,800.00,360
3218.947,S1,400.00,5540,800.00,360
3219.129,S1,400.00,5420,800.00,360
3219.299,S1,400.00,5300,800.00,360
3219.469,S1,400.00,5180,800.00,360
3219.644,S1,400.00,5060,800.00,360
3219.785,S1,400.00,4940,800.00,360
3219.950,S1,400.00,4820,800.00,360
3220.536,S1,500.00,200,800.00,360
3221.288,S1,500.00,200,1500.00,2482
3221.297,S1,500.00,80,1500.00,2482
3221.488,S1,400.00,4780,1500.00,2482
3221.643,S1,400.00,4660,1500.00,2482
3221.782,S1,400.00,4540,1500.00,2482
3222.032,S1,400.00,4540,1500.00,1482
3222.085,S1,400.00,4420,1500.00,1482
3222.245,S1,400.00,4300,1500.00,1482
3222.411,S1,400.00,4180,1500.00,1482
3222.611,S1,400.00,4060,1500.00,1482
3222.801,S1,400.00,3940,1500.00,1482
3223.013,S1,400.00,3820,1500.00,1482
3223.024,S1,400.00,4820,1500.00,1482
3223.176,S1,400.00,4700,1500.00,1482
3223.387,S1,400.00,4580,1500.00,1482
3223.587,S1,400.00,4460,1500.00,1482
3223.777,S1,400.00,4340,1500.00,1482
3224.011,S1,400.00,4220,1500.00,1482
3224.211,S1,400.00,4100,1500.00,1482
3225.335,S1,500.00,200,1500.00,1482
3225.802,S1,500.00,200,1500.00,482
3225.962,S1,500.00,200,2000.00,1882
3226.115,S1,500.00,200,2000.00,882
3226.265,S1,500.00,80,2000.00,882
3226.265,S1,500.00,80,2999.00,882
3226.427,S1,500.00,80,3000.00,882
3226.448,S1,400.00,6060,3000.00,882
3226.601,S1,400.00,6060,3200.00,382
3226.621,S1,400.00,5940,3200.00,382
3226.640,S1,400.00,5940,1200.00,1000
3226.816,S1,400.00,5820,1200.00,1000
3226.887,S1,400.00,5820,3200.00,382
3226.917,S1,400.00,4820,3200.00,382
3227.036,S1,400.00,4700,3200.00,382
3227.220,S1,400.00,4580,3200.00,382
3227.372,S1,400.00,4580,1300.00,200
3227.403,S1,400.00,4460,1300.00,200
3227.596,S1,400.00,4340,1300.00,200
3227.787,S1,400.00,4220,1300.00,200
3227.980,S1,400.00,4100,1300.00,200
3228.181,S1,400.00,3980,1300.00,200
3229.289,S1,400.00,3860,1300.00,200
3229.483,S1,400.00,3740,1300.00,200
3229.644,S1,400.00,3620,1300.00,200
3229.664,S1,401.00,580,1300.00,200
3229.845,S1,401.00,460,1300.00,200
3230.016,S1,401.00,340,1300.00,200
3230.037,S1,401.00,920,1300.00,200
3230.166,S1,401.00,800,1300.00,200
3230.349,S1,401.00,680,1300.00,200
3230.573,S1,401.00,680,1200.00,1000
3230.827,S1,401.00,560,1200.00,1000
3231.038,S1,401.00,440,1200.00,1000
3231.231,S1,401.00,320,1200.00,1000
3231.414,S1,401.00,200,1200.00,1000
3232.012,S1,401.00,80,1200.00,1000
3232.215,S1,400.00,4580,1200.00,1000
3232.402,S1,400.00,4460,1200.00,1000
3232.769,S1,400.00,4340,1200.00,1000
3232.965,S1,400.00,4220,1200.00,1000
3233.145,S1,400.00,4100,1200.00,1000
3233.328,S1,400.00,3980,1200.00,1000
3233.516,S1,400.00,3860,1200.00,1000
3233.698,S1,400.00,3740,1200.00,1000
3233.915,S1,400.00,3620,1200.00,1000
3234.086,S1,400.00,3500,1200.00,1000
3234.287,S1,400.00,3380,1200.00,1000
3234.480,S1,400.00,3260,1200.00,1000
3235.897,S1,400.00,3260,1300.00,200
3236.234,S1,400.00,3140,1300.00,200
3236.914,S1,400.00,3020,1300.00,200
3237.155,S1,400.00,3020,1200.00,1000
3237.602,S1,400.00,2900,1200.00,1000
3237.995,S1,401.00,458,1200.00,1000
3238.869,S1,401.00,458,1300.00,200
3239.940,S1,500.00,1000,1300.00,200
3241.704,S1,500.00,1000,1200.00,1000
3245.066,S1,500.00,880,1200.00,1000
3245.197,S1,500.00,880,1300.00,200
3245.719,S1,500.00,880,1100.00,500
3248.358,S1,500.00,880,1300.00,350
3248.971,S1,500.00,880,1300.00,1350
3249.487,S1,501.00,1000,1300.00,1350
3251.150,S1,501.00,672,1300.00,1350
3251.180,S1,501.00,672,1300.00,350
3251.609,S1,501.00,552,1300.00,350
3251.670,S1,501.00,552,1000.00,100
3251.861,S1,600.00,500,1000.00,100
3252.204,S1,600.00,500,1000.00,1100
3252.556,S1,600.00,500,1000.00,100
3253.641,S1,800.00,500,1000.00,100
3257.206,S1,800.00,500,1500.00,8
3259.620,S1,900.00,500,1500.00,8
3263.489,S1,900.00,500,2000.00,998
3264.199,S1,900.00,500,3200.00,380
3268.721,S1,900.00,500,3000.00,18
3269.066,S1,900.00,500,3000.00,418
3269.146,S1,901.00,100,3000.00,418
3271.051,S1,901.00,200,3000.00,418
3271.627,S1,901.00,200,3000.00,518
3271.817,S1,901.00,200,3000.00,618
3272.272,S1,901.00,200,5000.00,1098
3272.858,S1,901.00,200,3000.00,100
3273.282,S1,901.00,200,3000.00,200
3273.453,S1,901.00,200,3000.00,300
3274.857,S1,950.00,500,3000.00,300
3274.947,S1,950.00,500,3000.00,1000
3275.870,S1,950.00,500,3000.00,1400
3276.556,S1,950.00,500,2500.00,1000
3276.668,S1,1000.00,500,2500.00,1000
3283.318,S1,901.00,200,2500.00,1000
3283.902,S1,901.00,200,2500.00,2000
3285.712,S1,901.00,200,2500.00,3000
3286.348,S1,902.00,918,2500.00,3000
3286.652,S1,902.00,918,2500.00,4000
3287.044,S1,902.00,918,2500.00,3999
3290.784,S1,903.00,100,2500.00,3999
3290.925,S1,903.00,200,2500.00,3999
3292.448,S1,1000.00,1000,2500.00,3999
3292.581,S1,903.00,200,2500.00,3999
3293.426,S1,950.00,880,2500.00,3999
3294.294,S1,1000.00,1000,2500.00,3999
3294.890,S1,1000.00,1000,2400.00,1000
3294.984,S1,950.00,880,2400.00,1000
3295.336,S1,1000.00,1000,2400.00,1000
3295.445,S1,1000.00,1000,2400.00,2000
3296.070,S1,950.00,880,2400.00,2000
3296.436,S1,950.00,880,2400.00,3000
3297.640,S1,1000.00,1000,2400.00,3000
3298.371,S1,950.00,880,2400.00,3000
3299.609,S1,1000.00,1000,2400.00,3000
3300.384,S1,950.00,880,2400.00,3000
3301.965,S1,1952.00,500,2400.00,3000
3302.875,S1,950.00,380,2400.00,3000
3304.260,S1,1000.00,900,2400.00,3000
3305.002,S1,950.00,280,2400.00,3000
3306.324,S1,1200.00,100,2400.00,3000
3306.475,S1,1200.00,200,2400.00,3000
3307.807,S1,902.00,598,2400.00,3000
3311.162,S1,902.00,598,2400.00,4000
3312.571,S1,902.00,598,2400.00,5000
3313.420,S1,902.00,598,2300.00,100
3313.794,S1,902.00,598,2300.00,200
3316.960,S1,930.00,836,2300.00,200
3317.395,S1,930.00,836,2300.00,700
3317.855,S1,930.00,836,2000.00,800
3319.031,S1,1000.00,1000,2000.00,800
3320.240,S1,930.00,836,2000.00,800
3320.355,S1,930.00,836,2000.00,700
3321.474,S1,1000.00,1000,2000.00,700
3322.098,S1,1000.00,1000,1999.00,100
3322.210,S1,1000.00,1000,2000.00,700
3322.239,S1,1000.00,1000,1999.00,100
3322.464,S1,930.00,836,1999.00,100
3323.538,S1,930.00,736,1999.00,100
3325.119,S1,1000.00,1000,1999.00,100
3325.884,S1,1000.00,900,1999.00,100
3326.160,S1,930.00,636,1999.00,100
3326.578,S1,930.00,536,1999.00,100
3326.841,S1,930.00,536,1500.00,1000
3327.012,S1,930.00,436,1500.00,1000
3327.463,S1,930.00,336,1500.00,1000
3327.666,S1,930.00,236,1500.00,1000
3327.861,S1,930.00,136,1500.00,1000
3328.039,S1,930.00,36,1500.00,1000
3328.221,S1,902.00,534,1500.00,1000
3328.394,S1,902.00,434,1500.00,1000
3328.556,S1,902.00,334,1500.00,1000
3328.718,S1,902.00,234,1500.00,1000
3328.879,S1,902.00,134,1500.00,1000
3329.029,S1,902.00,34,1500.00,1000
3329.231,S1,901.00,134,1500.00,1000
3330.658,S1,901.00,134,1499.00,1000
3331.777,S1,901.00,134,1499.00,2000
3332.761,S1,901.00,134,1499.00,3000
3333.163,S1,901.00,134,1200.00,1000
3333.476,S1,901.00,134,1200.00,2000
3333.640,S1,901.00,134,1200.00,3000
3333.782,S1,901.00,134,1200.00,4000
3333.941,S1,901.00,134,1200.00,5000
3334.082,S1,901.00,134,1200.00,6000
3334.695,S1,901.00,134,1200.00,7000
3334.858,S1,901.00,134,1200.00,8000
3335.041,S1,901.00,134,1200.00,9000
3335.825,S1,901.00,134,1200.00,10000
3336.008,S1,901.00,134,1200.00,10400
3336.411,S1,901.00,134,1200.00,11400
3336.844,S1,901.00,134,1200.00,11399
3337.343,S1,901.00,134,1200.00,12399
3337.617,S1,200.00,192,1200.00,12399
3337.769,S1,200.00,192,1200.00,13399
3338.196,S1,200.00,191,1200.00,13399
3338.510,S1,200.00,191,1200.00,14399
3338.744,S1,200.00,190,1200.00,14399
3340.084,S1,200.00,190,1200.00,13399
3341.129,S1,200.00,190,1100.00,1000
3347.440,S1,200.00,190,1099.00,1000
3347.805,S1,200.00,190,1099.00,2000
3348.005,S1,200.00,190,1099.00,3000
3348.156,S1,200.00,190,1099.00,4000
3348.876,S1,200.00,190,800.00,400
3352.136,S1,200.00,190,1099.00,3400
3353.473,S1,200.00,190,1069.00,1000
3353.936,S1,200.00,190,1099.00,3400
3354.229,S1,200.00,190,1099.00,2400
3354.372,S1,200.00,190,1099.00,1900
3354.382,S1,200.00,190,1099.00,900
3354.554,S1,200.00,190,1100.00,900
3354.757,S1,200.00,190,1200.00,13299
3354.893,S1,200.00,190,1200.00,12299
3355.037,S1,200.00,190,1200.00,13299
3355.157,S1,200.00,190,1200.00,12299
3360.519,S1,250.00,500,1200.00,12299
3362.626,S1,250.00,500,1200.00,12300
3367.101,S1,250.00,500,1199.00,578
3367.470,S1,300.00,1000,1199.00,578
3372.151,S1,320.00,500,1199.00,578
3373.489,S1,320.00,500,1150.00,274
3375.509,S1,350.00,1000,1150.00,274
3375.559,S1,350.00,1000,1100.00,1
3375.771,S1,350.00,1000,1100.00,1001
3375.966,S1,350.00,1000,1100.00,2001
3376.136,S1,350.00,1000,1100.00,3001
3376.310,S1,350.00,1000,1100.00,4001
3376.471,S1,350.00,1000,1100.00,5001
3376.631,S1,350.00,1000,1100.00,6001
3376.793,S1,350.00,1000,1100.00,7001
3376.954,S1,350.00,1000,1100.00,8001
3377.124,S1,350.00,1000,1100.00,9001
3377.307,S1,350.00,1000,1100.00,10001
3377.470,S1,350.00,1000,1100.00,11001
3377.641,S1,350.00,1000,1100.00,12001
3377.834,S1,350.00,1000,1100.00,13001
3378.014,S1,350.00,1000,1100.00,14001
3378.177,S1,350.00,1000,1100.00,15001
3378.368,S1,350.00,1000,1100.00,16001
3378.550,S1,350.00,1000,1100.00,17001
3378.732,S1,350.00,1000,1100.00,18001
3378.843,S1,350.00,1000,1100.00,19001
3381.241,S1,350.00,1000,1100.00,20001
3383.537,S1,350.00,1000,1100.00,20000
3384.403,S1,350.00,1000,1050.00,274
3397.294,S1,350.00,1000,1000.00,1000
3397.555,S1,350.00,1000,1000.00,1578
3400.162,S1,350.00,1000,1000.00,1978
3400.961,S1,500.00,1000,1000.00,1978
3401.662,S1,500.00,2000,1000.00,1978
3402.246,S1,500.00,3000,1000.00,1978
3406.952,S1,500.00,3000,999.00,1000
3407.124,S1,500.00,3000,999.00,2000
3407.295,S1,500.00,3000,999.00,3000
3407.444,S1,500.00,3000,999.00,4000
3407.755,S1,500.00,3000,999.00,5000
3407.928,S1,500.00,3000,999.00,6000
3408.112,S1,500.00,3000,999.00,7000
3408.623,S1,500.00,3000,999.00,8000
3408.805,S1,500.00,3000,999.00,9000
3408.974,S1,500.00,3000,999.00,10000
3409.144,S1,500.00,3000,999.00,11000
3409.487,S1,500.00,3000,999.00,12000
3409.679,S1,500.00,3000,999.00,13000
3409.875,S1,500.00,3000,999.00,14000
3410.055,S1,500.00,3000,999.00,15000
3410.225,S1,550.00,1000,999.00,15000
3410.235,S1,550.00,1000,999.00,16000
3410.405,S1,550.00,1000,999.00,17000
3410.578,S1,550.00,1000,999.00,18000
3410.741,S1,550.00,1000,999.00,19000
3410.904,S1,550.00,1000,999.00,20000
3411.096,S1,550.00,1000,998.00,578
3412.146,S1,550.00,1000,999.00,23578
3412.963,S1,600.00,100,999.00,23578
3414.014,S1,600.00,100,980.00,274
3414.660,S1,900.00,100,980.00,274
3417.502,S1,900.00,100,999.00,22852
3421.927,S1,900.00,100,999.00,21852
3422.413,S1,900.00,100,999.00,20852
3422.748,S1,900.00,100,999.00,19852
3423.089,S1,900.00,100,999.00,18852
3423.422,S1,900.00,100,999.00,17852
3423.778,S1,900.00,100,999.00,16852
3424.293,S1,900.00,100,999.00,15852
3427.240,S1,600.00,100,999.00,15852
3428.362,S1,600.00,100,999.00,14852
3432.089,S1,600.00,100,998.00,1000
3433.226,S1,500.00,2600,998.00,1000
3434.778,S1,500.00,2100,998.00,1000
3435.679,S1,500.00,2100,999.00,14852
3436.331,S1,500.00,1600,999.00,14852
3436.587,S1,500.00,1600,999.00,13852
3438.722,S1,500.00,1600,999.00,12852
3438.805,S1,500.00,1600,600.00,500
3439.730,S1,500.00,1600,999.00,12352
3442.785,S1,500.00,1600,750.00,100
3443.893,S1,500.00,1600,750.00,90
3444.793,S1,500.00,1600,600.00,500
3446.271,S1,500.00,1600,998.00,590
3446.619,S1,600.00,1000,998.00,590
3447.820,S1,600.00,2000,998.00,590
3449.059,S1,600.00,3000,998.00,590
3450.216,S1,600.00,3000,999.00,11942
3453.101,S1,600.00,3000,999.00,10942
3454.050,S1,600.00,3000,999.00,9942
3456.452,S1,614.00,100,999.00,9942
3459.323,S1,614.00,100,750.00,600
3472.758,S1,615.00,1000,750.00,600
3477.241,S1,615.00,1000,749.00,1000
3479.225,S1,615.00,1000,750.00,600
3481.155,S1,615.00,1000,750.00,100
3484.714,S1,615.00,1000,650.00,1000
3485.002,S1,615.00,1000,650.00,2000
3485.113,S1,615.00,1000,650.00,3000
3485.285,S1,615.00,1000,650.00,4000
3486.285,S1,615.00,1000,650.00,3400
3486.629,S1,614.00,100,650.00,3400
3489.194,S1,614.00,100,650.00,2400
3491.120,S1,614.00,100,650.00,2399
3491.282,S1,614.00,100,650.00,3399
3493.532,S1,614.00,100,650.00,4399
3494.547,S1,614.00,100,650.00,5399
3498.443,S1,614.00,100,650.00,6399
3499.039,S1,614.00,100,650.00,7399
3513.468,S1,600.00,2100,650.00,7399
3515.322,S1,600.00,2100,645.00,1000
3516.401,S1,600.00,1100,645.00,1000
3517.765,S1,600.00,100,645.00,1000
3520.544,S1,500.00,700,645.00,1000
3520.966,S1,601.00,1000,645.00,1000
3521.220,S1,500.00,700,645.00,1000
3522.847,S1,445.00,700,645.00,1000
3523.442,S1,445.00,700,645.00,2000
3524.830,S1,445.00,700,644.00,1000
3525.235,S1,300.00,2850,644.00,1000
3526.112,S1,300.00,1850,644.00,1000
3527.340,S1,300.00,850,644.00,1000
3528.706,S1,300.00,596,644.00,1000
3529.910,S1,400.00,50,644.00,1000
3530.432,S1,250.00,1146,644.00,1000
3530.508,S1,250.00,146,644.00,1000
3530.620,S1,200.00,156,644.00,1000
3530.680,S1,100.00,1566,644.00,1000
3530.750,S1,100.00,566,644.00,1000
3530.961,S1,80.00,566,644.00,1000
3531.011,S1,70.00,416,644.00,1000
3531.101,S1,59.00,9416,644.00,1000
3531.191,S1,59.00,8416,644.00,1000
3531.261,S1,59.00,7416,644.00,1000
3531.441,S1,59.00,6416,644.00,1000
3531.441,S1,59.00,5416,644.00,1000
3531.451,S1,59.00,4416,644.00,1000
3531.542,S1,59.00,3416,644.00,1000
3531.644,S1,59.00,2416,644.00,1000
3531.724,S1,59.00,1416,644.00,1000
3531.854,S1,59.00,416,644.00,1000
3531.914,S1,51.00,8416,644.00,1000
3533.880,S1,51.00,7416,644.00,1000
3534.067,S1,59.00,1000,644.00,1000
3534.219,S1,59.00,2000,644.00,1000
3534.379,S1,59.00,3000,644.00,1000
3534.540,S1,59.00,4000,644.00,1000
3534.701,S1,59.00,5000,644.00,1000
3534.855,S1,59.00,6000,644.00,1000
3535.010,S1,59.00,7000,644.00,1000
3535.161,S1,59.00,8000,644.00,1000
3535.342,S1,59.00,9000,644.00,1000
3535.513,S1,59.00,10000,644.00,1000
3535.864,S1,59.00,11000,644.00,1000
3536.026,S1,59.00,12000,644.00,1000
3536.186,S1,59.00,13000,644.00,1000
3536.358,S1,59.00,14000,644.00,1000
3539.820,S1,59.00,13659,644.00,1000
3543.953,S1,59.00,13659,644.00,880
3544.115,S1,59.00,13659,644.00,760
3544.289,S1,59.00,13659,644.00,640
3544.461,S1,59.00,13659,644.00,520
3544.564,S1,59.00,13659,644.00,400
3544.727,S1,59.00,13659,644.00,280
3544.889,S1,59.00,13659,644.00,160
3545.063,S1,59.00,13659,644.00,40
3545.256,S1,59.00,13659,645.00,1920
3545.397,S1,59.00,13659,645.00,1800
3545.559,S1,59.00,13659,645.00,1680
3545.661,S1,59.00,13659,645.00,1560
3545.833,S1,59.00,13659,645.00,1440
3545.863,S1,59.00,13659,100.00,1000
3545.964,S1,60.00,1000,100.00,1000
3546.033,S1,60.00,1000,100.00,880
3546.266,S1,60.00,1000,100.00,1880
3547.491,S1,65.00,100,100.00,1880
3547.623,S1,65.00,200,100.00,1880
3547.768,S1,65.00,300,100.00,1880
3547.768,S1,65.00,300,100.00,2880
3547.920,S1,65.00,400,100.00,2880
3548.628,S1,65.00,500,100.00,2880
3548.780,S1,65.00,600,100.00,2880
3549.003,S1,65.00,700,100.00,2880
3551.105,S1,65.00,600,100.00,2880
3551.105,S1,65.00,500,100.00,2880
3551.105,S1,65.00,400,100.00,2880
3551.105,S1,65.00,300,100.00,2880
3551.105,S1,65.00,200,100.00,2880
3551.105,S1,65.00,100,100.00,2880
3551.105,S1,60.00,1000,100.00,2880
3552.351,S1,60.00,1000,100.00,1880
3552.885,S1,60.00,1000,100.00,880
3553.107,S1,60.00,1000,400.00,11880
3553.534,S1,60.00,1000,400.00,10880
3553.797,S1,60.00,1000,400.00,9880
3553.877,S1,60.00,1000,400.00,8880
3554.097,S1,60.00,1000,400.00,7880
3554.300,S1,60.00,1000,400.00,6880
3554.492,S1,60.00,1000,400.00,5880
3554.685,S1,60.00,1000,400.00,4880
3554.937,S1,60.00,1000,400.00,3880
3555.048,S1,60.00,1000,400.00,2880
3555.179,S1,60.00,1000,400.00,1880
3555.371,S1,60.00,1000,400.00,880
3555.563,S1,60.00,1000,645.00,1320
3558.590,S1,60.00,1000,645.00,320
3558.740,S1,60.00,1000,1000.00,2015
3559.048,S1,60.00,1000,1000.00,1015
3560.115,S1,60.00,2000,1000.00,1015
3560.329,S1,60.00,3000,1000.00,1015
3561.295,S1,60.00,3000,1000.00,15
3561.448,S1,60.00,3000,1200.00,12313
3561.578,S1,60.00,4000,1200.00,12313
3561.608,S1,60.00,4000,1200.00,11313
3561.773,S1,60.00,4000,1200.00,10313
3561.924,S1,60.00,4000,1200.00,9313
3562.116,S1,60.00,5000,1200.00,9313
3562.216,S1,60.00,5000,1200.00,8313
3562.378,S1,60.00,5000,500.00,1000
3562.378,S1,60.00,5000,1200.00,8313
3562.935,S1,60.00,5000,1000.00,50
3568.330,S1,60.00,4000,1000.00,50
3568.453,S1,60.00,4000,900.00,1000
3568.503,S1,60.00,3000,900.00,1000
3568.594,S1,60.00,3000,900.00,2000
3568.745,S1,60.00,3000,900.00,3000
3570.091,S1,60.00,3000,900.00,4000
3570.292,S1,60.00,3000,900.00,5000
3571.027,S1,60.00,2900,900.00,5000
3571.238,S1,60.00,2800,900.00,5000
3571.440,S1,60.00,2700,900.00,5000
3571.611,S1,60.00,2600,900.00,5000
3571.782,S1,60.00,2500,900.00,5000
3571.964,S1,60.00,2400,900.00,5000
3572.575,S1,60.00,2300,900.00,5000
3572.899,S1,60.00,2200,900.00,5000
3572.980,S1,60.00,2200,900.00,6000
3573.131,S1,60.00,2100,900.00,6000
3573.624,S1,60.00,2000,900.00,6000
3573.956,S1,60.00,2000,900.00,5000
3574.086,S1,60.00,2000,900.00,4000
3574.237,S1,60.00,2000,900.00,3000
3574.398,S1,60.00,2000,900.00,2000
3574.562,S1,60.00,2000,900.00,1000
3574.806,S1,60.00,2000,600.00,1000
3575.717,S1,60.00,1000,600.00,1000
3575.837,S1,60.00,300,600.00,1000
3576.159,S1,59.00,17959,600.00,1000
3576.483,S1,59.00,16959,600.00,1000
3576.524,S1,59.00,15959,600.00,1000
3576.748,S1,59.00,14959,600.00,1000
3576.839,S1,59.00,13959,600.00,1000
3577.136,S1,59.00,12959,600.00,1000
3577.250,S1,59.00,11959,600.00,1000
3577.470,S1,59.00,10959,600.00,1000
3577.531,S1,59.00,9959,600.00,1000
3577.633,S1,59.00,8959,600.00,1000
3577.785,S1,59.00,7959,600.00,1000
3577.916,S1,70.00,300,600.00,1000
3577.936,S1,59.00,7259,600.00,1000
3578.148,S1,59.00,6259,600.00,1000
3578.371,S1,59.00,5259,600.00,1000
3579.159,S1,59.00,4259,600.00,1000
3579.676,S1,59.00,3259,600.00,1000
3579.917,S1,59.00,3259,900.00,9000
3580.051,S1,59.00,3259,900.00,10000
3580.121,S1,59.00,3259,900.00,9000
3580.141,S1,59.00,2259,900.00,9000
3580.190,S1,59.00,2259,900.00,10000
3580.347,S1,59.00,2259,900.00,11000
3580.397,S1,59.00,2259,900.00,10000
3580.487,S1,59.00,2259,500.00,800
3580.517,S1,59.00,1259,500.00,800
3580.820,S1,59.00,1259,900.00,10800
3581.048,S1,59.00,259,900.00,10800
3581.468,S1,57.00,59,900.00,10800
3581.903,S1,56.00,2059,900.00,10800
3581.922,S1,56.00,3059,900.00,10800
3582.033,S1,56.00,4059,900.00,10800
3582.083,S1,56.00,4059,900.00,11800
3582.113,S1,56.00,4059,60.00,50
3582.173,S1,56.00,3359,60.00,50
3582.234,S1,56.00,2359,60.00,50
3582.334,S1,56.00,3359,60.00,50
3582.364,S1,56.00,4359,60.00,50
3582.740,S1,56.00,5359,60.00,50
3582.740,S1,56.00,6359,60.00,50
3582.860,S1,56.00,7359,60.00,50
3583.046,S1,56.00,8359,60.00,50
3583.298,S1,56.00,7359,60.00,50
3583.674,S1,51.00,6416,60.00,50
3584.190,S1,51.00,5416,60.00,50
3584.250,S1,51.00,4416,60.00,50
3584.772,S1,51.00,3416,60.00,50
3585.095,S1,56.00,1000,60.00,50
3585.264,S1,56.00,2000,60.00,50
3585.427,S1,56.00,3000,60.00,50
3585.548,S1,56.00,2000,60.00,50
3585.600,S1,56.00,3000,60.00,50
3585.801,S1,56.00,4000,60.00,50
3586.010,S1,56.00,5000,60.00,50
3586.041,S1,56.00,4000,60.00,50
3586.152,S1,56.00,5000,60.00,50
3586.383,S1,56.00,4000,60.00,50
3586.423,S1,56.00,5000,60.00,50
3586.454,S1,56.00,6000,60.00,50
3586.648,S1,56.00,7000,60.00,50
3586.891,S1,56.00,8000,60.00,50
3586.931,S1,56.00,7000,60.00,50
3586.952,S1,56.00,6000,60.00,50
3587.133,S1,56.00,5000,60.00,50
3587.334,S1,56.00,6000,60.00,50
3587.364,S1,56.00,7000,60.00,50
3587.798,S1,56.00,8000,60.00,50
3587.808,S1,56.00,9000,60.00,50
3587.937,S1,56.00,10000,60.00,50
3588.158,S1,56.00,11000,60.00,50
3588.359,S1,56.00,12000,60.00,50
3588.513,S1,56.00,13000,60.00,50
3588.695,S1,56.00,14000,60.00,50
3588.736,S1,56.00,13000,60.00,50
3589.607,S1,56.00,12000,60.00,50
3590.746,S1,56.00,11000,60.00,50
3591.242,S1,56.00,10000,60.00,50
3591.903,S1,56.00,9000,60.00,50
3594.543,S1,55.00,1000,60.00,50
3595.122,S1,51.00,3416,60.00,50
3595.706,S1,51.00,3416,400.00,1350
3595.818,S1,55.00,1000,400.00,1350
3597.933,S1,55.00,180,400.00,1350
3598.231,S1,55.00,180,400.00,1332
3598.392,S1,55.00,180,400.00,1314
3599.028,S1,55.00,180,400.00,1296
3599.037,S1,55.00,180,400.00,1278
3600.003,S1,,,,
