id,t_sec,symbol,price,qty,taker_side,buyer,seller,bid,ask
1,9.544,S1,110.00,10,buy,T-014,T-034,11.00,110.00
2,14.534,S1,11.00,10,sell,T-034,T-013,11.00,110.00
3,15.012,S1,110.00,990,buy,T-023,T-034,11.00,110.00
4,15.012,S1,110.00,10,buy,T-023,T-003,11.00,110.00
5,19.816,S1,100000.00,10,buy,T-030,T-020,95.00,100000.00
6,19.927,S1,100000.00,10,buy,T-029,T-020,95.00,100000.00
7,21.714,S1,100000.00,10,buy,T-014,T-020,95.00,100000.00
8,26.089,S1,100000.00,10,buy,T-007,T-020,95.00,100000.00
9,32.919,S1,100.00,10,sell,T-015,T-033,100.00,90000.00
10,36.606,S1,90000.00,10,buy,T-030,T-039,100.00,90000.00
11,37.249,S1,90000.00,10,buy,T-030,T-039,100.00,90000.00
12,37.819,S1,90000.00,10,buy,T-030,T-039,100.00,90000.00
13,37.870,S1,90000.00,10,buy,T-041,T-039,100.00,90000.00
14,38.389,S1,90000.00,10,buy,T-030,T-039,100.00,90000.00
15,38.927,S1,90000.00,10,buy,T-030,T-039,100.00,90000.00
16,39.899,S1,90000.00,10,buy,T-007,T-039,100.00,90000.00
17,45.854,S1,125.00,10,buy,T-030,T-003,100.00,125.00
18,46.339,S1,80000.00,10,buy,T-030,T-020,100.00,80000.00
19,46.719,S1,80000.00,10,buy,T-030,T-020,100.00,80000.00
20,47.235,S1,80000.00,10,buy,T-030,T-020,100.00,80000.00
21,47.588,S1,80000.00,10,buy,T-030,T-020,100.00,80000.00
22,47.933,S1,80000.00,10,buy,T-030,T-020,100.00,80000.00
23,48.786,S1,80000.00,5,buy,T-014,T-020,100.00,80000.00
24,57.316,S1,80000.00,10,buy,T-031,T-020,100.00,80000.00
25,59.892,S1,105.00,10,sell,T-026,T-029,105.00,10000.00
26,67.759,S1,110.00,10,sell,T-012,T-013,110.00,5000.00
27,68.510,S1,5000.00,10,buy,T-030,T-003,110.00,5000.00
28,68.800,S1,5000.00,990,buy,T-025,T-003,110.00,5000.00
29,68.800,S1,8500.00,10,buy,T-025,T-010,110.00,5000.00
30,69.013,S1,8500.00,10,buy,T-030,T-010,110.00,8500.00
31,69.358,S1,8500.00,10,buy,T-030,T-010,110.00,8500.00
32,69.677,S1,8500.00,10,buy,T-030,T-010,110.00,8500.00
33,70.008,S1,8500.00,10,buy,T-030,T-010,110.00,8500.00
34,70.351,S1,8500.00,10,buy,T-030,T-010,110.00,8500.00
35,70.657,S1,8500.00,10,buy,T-030,T-010,110.00,8500.00
36,70.910,S1,8500.00,10,buy,T-030,T-010,110.00,8500.00
37,71.123,S1,8500.00,10,buy,T-030,T-010,110.00,8500.00
38,71.334,S1,8500.00,10,buy,T-030,T-010,110.00,8500.00
39,71.526,S1,8500.00,10,buy,T-030,T-010,110.00,8500.00
40,71.726,S1,8500.00,10,buy,T-030,T-010,110.00,8500.00
41,71.909,S1,8500.00,10,buy,T-030,T-010,110.00,8500.00
42,72.081,S1,8500.00,10,buy,T-030,T-010,110.00,8500.00
43,72.273,S1,8500.00,10,buy,T-030,T-010,110.00,8500.00
44,72.494,S1,8500.00,10,buy,T-030,T-010,110.00,8500.00
45,72.677,S1,8500.00,10,buy,T-030,T-010,110.00,8500.00
46,72.892,S1,8500.00,10,buy,T-030,T-010,110.00,8500.00
47,73.347,S1,8500.00,820,buy,T-023,T-010,110.00,8500.00
48,73.347,S1,10000.00,100,buy,T-023,T-039,110.00,8500.00
49,73.347,S1,80000.00,80,buy,T-023,T-020,110.00,8500.00
50,75.728,S1,200.00,5,sell,T-015,T-014,200.00,1000.00
51,80.519,S1,1000.00,10,buy,T-007,T-034,200.00,1000.00
52,81.537,S1,1000.00,10,buy,T-007,T-034,200.00,1000.00
53,83.069,S1,1000.00,10,buy,T-030,T-034,210.00,1000.00
54,83.604,S1,1000.00,10,buy,T-030,T-034,210.00,1000.00
55,87.159,S1,900.00,1000,buy,T-025,T-003,210.00,900.00
56,88.500,S1,1000.00,10,buy,T-030,T-034,210.00,1000.00
57,89.039,S1,1000.00,10,buy,T-030,T-034,210.00,1000.00
58,92.117,S1,1000.00,10,buy,T-007,T-034,210.00,1000.00
59,93.276,S1,800.00,100,buy,T-030,T-034,210.00,800.00
60,95.727,S1,800.00,10,buy,T-007,T-034,210.00,800.00
61,95.928,S1,800.00,100,buy,T-030,T-034,210.00,800.00
62,96.101,S1,800.00,10,buy,T-031,T-034,210.00,800.00
63,96.313,S1,800.00,100,buy,T-030,T-034,210.00,800.00
64,96.686,S1,800.00,100,buy,T-030,T-034,210.00,800.00
65,97.030,S1,800.00,100,buy,T-030,T-034,210.00,800.00
66,97.364,S1,800.00,10,buy,T-031,T-034,210.00,800.00
67,97.385,S1,800.00,100,buy,T-030,T-034,210.00,800.00
68,97.538,S1,800.00,10,buy,T-007,T-034,210.00,800.00
69,97.709,S1,800.00,100,buy,T-030,T-034,210.00,800.00
70,97.913,S1,800.00,10,buy,T-031,T-034,210.00,800.00
71,98.054,S1,800.00,100,buy,T-030,T-034,210.50,800.00
72,98.336,S1,800.00,100,buy,T-030,T-034,210.50,800.00
73,98.336,S1,800.00,10,buy,T-007,T-034,210.50,800.00
74,98.630,S1,800.00,40,buy,T-030,T-034,210.50,800.00
75,98.630,S1,1000.00,60,buy,T-030,T-034,210.50,800.00
76,98.922,S1,1000.00,100,buy,T-030,T-034,210.50,1000.00
77,99.275,S1,1000.00,100,buy,T-030,T-034,210.50,1000.00
78,99.632,S1,800.00,100,buy,T-030,T-034,210.50,800.00
79,99.976,S1,800.00,100,buy,T-030,T-034,210.50,800.00
80,100.277,S1,800.00,100,buy,T-030,T-034,210.50,800.00
81,100.537,S1,800.00,100,buy,T-030,T-034,210.50,800.00
82,100.791,S1,800.00,100,buy,T-030,T-034,210.50,800.00
83,101.045,S1,800.00,100,buy,T-030,T-034,210.50,800.00
84,101.065,S1,800.00,10,buy,T-031,T-034,210.50,800.00
85,101.289,S1,800.00,100,buy,T-030,T-034,210.50,800.00
86,101.551,S1,800.00,100,buy,T-030,T-034,210.50,800.00
87,101.774,S1,800.00,100,buy,T-030,T-034,210.50,800.00
88,101.945,S1,800.00,10,buy,T-031,T-034,210.50,800.00
89,101.986,S1,800.00,80,buy,T-030,T-034,210.50,800.00
90,101.986,S1,800.00,20,buy,T-030,T-034,210.50,800.00
91,102.167,S1,800.00,100,buy,T-030,T-034,210.50,800.00
92,102.308,S1,800.00,10,buy,T-031,T-034,210.50,800.00
93,102.379,S1,800.00,100,buy,T-030,T-034,210.50,800.00
94,102.509,S1,800.00,10,buy,T-031,T-034,210.50,800.00
95,102.559,S1,800.00,100,buy,T-030,T-034,210.50,800.00
96,102.662,S1,800.00,10,buy,T-031,T-034,210.50,800.00
97,102.756,S1,800.00,100,buy,T-030,T-034,210.50,800.00
98,102.867,S1,800.00,10,buy,T-031,T-034,210.50,800.00
99,102.937,S1,800.00,100,buy,T-030,T-034,210.50,800.00
100,103.111,S1,800.00,100,buy,T-030,T-034,210.50,800.00
101,103.293,S1,800.00,100,buy,T-030,T-034,210.50,800.00
102,103.677,S1,800.00,100,buy,T-030,T-034,210.50,800.00
103,104.494,S1,800.00,140,buy,T-041,T-034,210.50,800.00
104,104.494,S1,800.00,860,buy,T-041,T-034,210.50,800.00
105,106.969,S1,800.00,100,buy,T-030,T-034,210.50,800.00
106,107.190,S1,800.00,40,buy,T-030,T-034,210.50,800.00
107,107.190,S1,800.00,60,buy,T-030,T-034,210.50,800.00
108,107.421,S1,800.00,100,buy,T-030,T-034,210.50,800.00
109,107.604,S1,800.00,100,buy,T-030,T-034,210.50,800.00
110,107.794,S1,800.00,100,buy,T-030,T-034,210.50,800.00
111,107.966,S1,800.00,100,buy,T-030,T-034,210.50,800.00
112,108.139,S1,800.00,100,buy,T-030,T-034,210.50,800.00
113,108.320,S1,800.00,100,buy,T-030,T-034,210.50,800.00
114,108.502,S1,800.00,100,buy,T-030,T-034,210.50,800.00
115,108.682,S1,800.00,100,buy,T-030,T-034,210.50,800.00
116,108.876,S1,800.00,100,buy,T-030,T-034,210.50,800.00
117,109.046,S1,800.00,40,buy,T-030,T-034,210.50,800.00
118,109.046,S1,800.00,60,buy,T-030,T-034,210.50,800.00
119,109.238,S1,800.00,100,buy,T-030,T-034,210.50,800.00
120,109.429,S1,800.00,100,buy,T-030,T-034,210.50,800.00
121,110.475,S1,800.00,740,buy,T-023,T-034,210.50,800.00
122,110.475,S1,800.00,260,buy,T-023,T-034,210.50,800.00
123,112.792,S1,800.00,100,buy,T-030,T-034,300.00,800.00
124,112.993,S1,800.00,100,buy,T-030,T-034,300.00,800.00
125,113.185,S1,800.00,100,buy,T-030,T-034,300.00,800.00
126,114.328,S1,800.00,440,buy,T-023,T-034,300.00,800.00
127,114.328,S1,800.00,560,buy,T-023,T-034,300.00,800.00
128,116.105,S1,800.00,440,buy,T-023,T-034,350.00,800.00
129,116.105,S1,800.00,560,buy,T-023,T-034,350.00,800.00
130,117.453,S1,800.00,440,buy,T-023,T-034,350.00,800.00
131,117.453,S1,1000.00,560,buy,T-023,T-034,350.00,800.00
132,119.131,S1,800.00,1000,buy,T-041,T-034,350.00,800.00
133,119.556,S1,1000.00,110,buy,T-023,T-034,350.00,1000.00
134,119.556,S1,1000.00,890,buy,T-023,T-034,350.00,1000.00
135,120.555,S1,1000.00,110,buy,T-023,T-034,350.00,1000.00
136,120.555,S1,1000.00,890,buy,T-023,T-034,350.00,1000.00
137,121.395,S1,800.00,1000,buy,T-041,T-034,350.00,800.00
138,121.466,S1,1000.00,110,buy,T-023,T-034,350.00,1000.00
139,121.466,S1,5000.00,890,buy,T-023,T-036,350.00,1000.00
140,121.773,S1,5000.00,110,buy,T-041,T-036,350.00,5000.00
141,121.773,S1,8900.00,10,buy,T-041,T-033,350.00,5000.00
142,121.773,S1,79000.00,880,buy,T-041,T-023,350.00,5000.00
143,121.962,S1,79000.00,120,buy,T-041,T-023,350.00,79000.00
144,121.962,S1,80000.00,855,buy,T-041,T-020,350.00,79000.00
145,121.962,S1,88000.00,10,buy,T-041,T-033,350.00,79000.00
146,121.962,S1,100000.00,15,buy,T-041,T-020,350.00,79000.00
147,122.284,S1,800.00,1000,buy,T-041,T-034,350.00,800.00
148,122.305,S1,100000.00,945,buy,T-041,T-020,350.00,100000.00
149,122.305,S1,100000.00,55,buy,T-041,T-020,350.00,100000.00
150,122.478,S1,100000.00,945,buy,T-041,T-020,350.00,100000.00
151,122.478,S1,130000.00,10,buy,T-041,T-033,350.00,100000.00
152,122.810,S1,800.00,100,buy,T-041,T-040,350.00,800.00
153,123.458,S1,800.00,1000,buy,T-041,T-034,350.00,800.00
154,125.280,S1,800.00,1000,buy,T-041,T-034,350.00,800.00
155,127.279,S1,800000.00,10,buy,T-029,T-034,700.00,800000.00
156,127.929,S1,800000.00,10,buy,T-029,T-034,700.00,800000.00
157,128.777,S1,800000.00,10,buy,T-029,T-034,700.00,800000.00
158,129.413,S1,5000.00,10,buy,T-029,T-036,700.00,5000.00
159,130.055,S1,5000.00,10,buy,T-029,T-036,700.00,5000.00
160,130.075,S1,700.00,10,sell,T-039,T-031,700.00,5000.00
161,130.527,S1,5000.00,100,buy,T-007,T-036,700.00,5000.00
162,130.690,S1,5000.00,10,buy,T-029,T-036,700.00,5000.00
163,131.055,S1,800.00,10,buy,T-029,T-009,700.00,800.00
164,131.450,S1,800.00,10,buy,T-029,T-009,700.00,800.00
165,131.723,S1,800.00,10,buy,T-029,T-009,700.00,800.00
166,131.745,S1,800.00,500,buy,T-030,T-009,700.00,800.00
167,131.937,S1,800.00,470,buy,T-030,T-009,700.00,800.00
168,131.937,S1,5000.00,30,buy,T-030,T-036,700.00,800.00
169,131.978,S1,5000.00,10,buy,T-029,T-036,700.00,5000.00
170,132.149,S1,5000.00,500,buy,T-030,T-036,700.00,5000.00
171,132.330,S1,5000.00,330,buy,T-030,T-036,700.00,5000.00
172,132.330,S1,8500.00,10,buy,T-030,T-038,700.00,5000.00
173,132.330,S1,800000.00,160,buy,T-030,T-034,700.00,5000.00
174,132.492,S1,800000.00,10,buy,T-029,T-034,700.00,800000.00
175,132.522,S1,800000.00,500,buy,T-030,T-034,700.00,800000.00
176,132.676,S1,800000.00,300,buy,T-030,T-034,700.00,800000.00
177,132.676,S1,800000.00,200,buy,T-030,T-034,700.00,800000.00
178,132.860,S1,800000.00,500,buy,T-030,T-034,700.00,800000.00
179,132.910,S1,800000.00,10,buy,T-029,T-034,700.00,800000.00
180,133.042,S1,800000.00,290,buy,T-030,T-034,700.00,800000.00
181,133.042,S1,8000000.00,210,buy,T-030,T-034,700.00,800000.00
182,133.414,S1,8000000.00,500,buy,T-030,T-034,700.00,8000000.00
183,133.992,S1,8000000.00,290,buy,T-030,T-034,1000.00,8000000.00
184,135.529,S1,1000.00,10,sell,T-015,T-031,1000.00,
185,138.513,S1,5000.00,170,buy,T-030,T-036,1000.00,5000.00
186,145.952,S1,1000.00,200,sell,T-015,T-021,1000.00,5000.00
187,146.364,S1,1000.00,10,sell,T-015,T-029,1000.00,5000.00
188,146.525,S1,1000.00,10,sell,T-015,T-029,1000.00,5000.00
189,146.707,S1,1000.00,10,sell,T-015,T-029,1000.00,5000.00
190,147.111,S1,1000.00,10,sell,T-015,T-029,1000.00,5000.00
191,147.343,S1,1000.00,10,sell,T-015,T-029,1000.00,5000.00
192,148.632,S1,1000.00,1,sell,T-015,T-030,1000.00,5000.00
193,154.988,S1,1200.00,1,sell,T-039,T-030,1200.00,5000.00
194,155.492,S1,1200.00,1,sell,T-039,T-030,1200.00,5000.00
195,155.858,S1,1200.00,1,sell,T-039,T-030,1200.00,5000.00
196,156.328,S1,1200.00,1,sell,T-039,T-030,1200.00,5000.00
197,156.701,S1,1200.00,1,sell,T-039,T-030,1200.00,5000.00
198,156.973,S1,1200.00,1,sell,T-039,T-030,1200.00,5000.00
199,157.225,S1,1200.00,1,sell,T-039,T-030,1200.00,5000.00
200,157.461,S1,1200.00,1,sell,T-039,T-030,1200.00,5000.00
201,157.745,S1,1200.00,1,sell,T-039,T-030,1200.00,5000.00
202,158.017,S1,1200.00,1,sell,T-039,T-030,1200.00,5000.00
203,158.310,S1,1200.00,1,sell,T-039,T-030,1200.00,5000.00
204,158.783,S1,1200.00,1,sell,T-039,T-030,1200.00,5000.00
205,159.242,S1,1200.00,1,sell,T-039,T-030,1200.00,5000.00
206,160.182,S1,1200.00,87,sell,T-039,T-001,1200.00,5000.00
207,160.182,S1,1000.00,13,sell,T-015,T-001,1200.00,5000.00
208,160.757,S1,1000.00,726,sell,T-015,T-006,1000.00,5000.00
209,160.757,S1,810.00,274,sell,T-026,T-006,1000.00,5000.00
210,162.575,S1,1300.00,10,sell,T-015,T-014,1300.00,5000.00
211,164.997,S1,2000.00,10,buy,T-029,T-034,1300.00,2000.00
212,165.331,S1,2000.00,10,buy,T-029,T-034,1300.00,2000.00
213,165.833,S1,2000.00,10,buy,T-029,T-034,1300.00,2000.00
214,166.055,S1,1300.00,2,sell,T-015,T-041,1300.00,2000.00
215,166.206,S1,2000.00,10,buy,T-029,T-034,1300.00,2000.00
216,166.478,S1,2000.00,10,buy,T-029,T-034,1300.00,2000.00
217,166.671,S1,2000.00,10,buy,T-029,T-034,1300.00,2000.00
218,166.877,S1,2000.00,10,buy,T-029,T-034,1300.00,2000.00
219,167.071,S1,2000.00,10,buy,T-029,T-034,1300.00,2000.00
220,167.294,S1,2000.00,10,buy,T-029,T-034,1300.00,2000.00
221,167.486,S1,2000.00,10,buy,T-029,T-034,1300.00,2000.00
222,167.687,S1,2000.00,10,buy,T-029,T-034,1300.00,2000.00
223,167.878,S1,2000.00,10,buy,T-029,T-034,1300.00,2000.00
224,168.042,S1,2000.00,10,buy,T-029,T-034,1300.00,2000.00
225,168.224,S1,2000.00,10,buy,T-029,T-034,1300.00,2000.00
226,168.387,S1,2000.00,10,buy,T-029,T-034,1300.00,2000.00
227,168.558,S1,2000.00,10,buy,T-029,T-034,1300.00,2000.00
228,168.739,S1,2000.00,10,buy,T-029,T-034,1300.00,2000.00
229,169.023,S1,2000.00,10,buy,T-029,T-034,1300.00,2000.00
230,169.325,S1,2000.00,10,buy,T-029,T-034,1300.00,2000.00
231,169.486,S1,2000.00,10,buy,T-029,T-034,1300.00,2000.00
232,169.677,S1,2000.00,10,buy,T-029,T-034,1300.00,2000.00
233,169.981,S1,2000.00,10,buy,T-029,T-034,1300.00,2000.00
234,170.090,S1,2000.00,10,buy,T-029,T-034,1300.00,2000.00
235,170.161,S1,2000.00,10,buy,T-029,T-034,1300.00,2000.00
236,170.221,S1,2000.00,760,buy,T-023,T-034,1300.00,2000.00
237,170.221,S1,5000.00,240,buy,T-023,T-036,1300.00,2000.00
238,170.292,S1,5000.00,10,buy,T-029,T-036,1300.00,5000.00
239,170.455,S1,5000.00,10,buy,T-029,T-036,1300.00,5000.00
240,170.545,S1,5000.00,10,buy,T-029,T-036,1300.00,5000.00
241,170.665,S1,5000.00,10,buy,T-029,T-036,1300.00,5000.00
242,170.738,S1,5000.00,10,buy,T-029,T-036,1300.00,5000.00
243,170.880,S1,5000.00,10,buy,T-029,T-036,1300.00,5000.00
244,170.940,S1,5000.00,10,buy,T-029,T-036,1300.00,5000.00
245,171.081,S1,5000.00,10,buy,T-029,T-036,1300.00,5000.00
246,171.161,S1,5000.00,10,buy,T-029,T-036,1300.00,5000.00
247,171.291,S1,5000.00,10,buy,T-029,T-036,1300.00,5000.00
248,171.572,S1,5000.00,10,buy,T-029,T-036,1300.00,5000.00
249,171.691,S1,5000.00,10,buy,T-029,T-036,1300.00,5000.00
250,171.762,S1,5000.00,10,buy,T-029,T-036,1300.00,5000.00
251,171.862,S1,5000.00,100,buy,T-030,T-036,1300.00,5000.00
252,171.881,S1,5000.00,10,buy,T-029,T-036,1300.00,5000.00
253,171.922,S1,1300.00,10,sell,T-015,T-014,1300.00,5000.00
254,171.963,S1,5000.00,10,buy,T-029,T-036,1300.00,5000.00
255,172.074,S1,5000.00,340,buy,T-023,T-036,1300.00,5000.00
256,172.074,S1,5000.00,660,buy,T-023,T-009,1300.00,5000.00
257,172.155,S1,1500.00,10,buy,T-029,T-003,1300.00,1500.00
258,172.164,S1,1500.00,100,buy,T-030,T-003,1300.00,1500.00
259,172.316,S1,1500.00,100,buy,T-030,T-003,1300.00,1500.00
260,172.418,S1,1500.00,10,buy,T-029,T-003,1300.00,1500.00
261,172.500,S1,1500.00,100,buy,T-030,T-003,1300.00,1500.00
262,172.540,S1,1500.00,10,buy,T-029,T-003,1300.00,1500.00
263,172.607,S1,1500.00,10,buy,T-029,T-003,1300.00,1500.00
264,172.636,S1,1500.00,100,buy,T-030,T-003,1300.00,1500.00
265,172.738,S1,1500.00,10,buy,T-029,T-003,1300.00,1500.00
266,172.801,S1,1500.00,100,buy,T-030,T-003,1300.00,1500.00
267,172.822,S1,1500.00,10,buy,T-029,T-003,1300.00,1500.00
268,172.964,S1,1500.00,100,buy,T-030,T-003,1300.00,1500.00
269,173.024,S1,1500.00,10,buy,T-029,T-003,1300.00,1500.00
270,173.104,S1,1500.00,100,buy,T-030,T-003,1300.00,1500.00
271,173.225,S1,1500.00,10,buy,T-029,T-003,1300.00,1500.00
272,173.265,S1,1500.00,100,buy,T-030,T-003,1300.00,1500.00
273,173.428,S1,1500.00,10,buy,T-029,T-003,1300.00,1500.00
274,173.428,S1,1500.00,100,buy,T-030,T-003,1300.00,1500.00
275,173.589,S1,1500.00,10,buy,T-029,T-003,1300.00,1500.00
276,173.599,S1,5000.00,100,buy,T-030,T-009,1300.00,5000.00
277,173.761,S1,5000.00,100,buy,T-030,T-009,1300.00,5000.00
278,173.861,S1,1300.00,200,sell,T-015,T-021,1300.00,2000.00
279,173.942,S1,2000.00,10,buy,T-029,T-034,1300.00,2000.00
280,173.994,S1,2000.00,10,buy,T-029,T-034,1300.00,2000.00
281,174.537,S1,2000.00,10,buy,T-029,T-034,1300.00,2000.00
282,174.709,S1,2000.00,10,buy,T-029,T-034,1300.00,2000.00
283,174.953,S1,2000.00,100,buy,T-030,T-034,1300.00,2000.00
284,175.064,S1,2000.00,860,buy,T-023,T-034,1300.00,2000.00
285,175.064,S1,5000.00,140,buy,T-023,T-009,1300.00,2000.00
286,175.173,S1,700000.00,10,buy,T-030,T-033,1300.00,700000.00
287,175.173,S1,1000000.00,90,buy,T-030,T-003,1300.00,700000.00
288,175.214,S1,1300.00,10,sell,T-015,T-014,1300.00,1000000.00
289,175.345,S1,1000000.00,100,buy,T-030,T-003,1300.00,1000000.00
290,175.477,S1,1000000.00,100,buy,T-025,T-003,1300.00,1000000.00
291,175.528,S1,1000000.00,100,buy,T-030,T-003,1300.00,1000000.00
292,175.688,S1,1000000.00,100,buy,T-030,T-003,1300.00,1000000.00
293,175.879,S1,1000000.00,100,buy,T-030,T-003,1300.00,1000000.00
294,176.061,S1,2000.00,100,buy,T-030,T-034,1300.00,2000.00
295,176.241,S1,2000.00,100,buy,T-030,T-034,1300.00,2000.00
296,176.412,S1,2000.00,100,buy,T-030,T-034,1300.00,2000.00
297,176.604,S1,2000.00,100,buy,T-030,T-034,1300.00,2000.00
298,176.804,S1,2000.00,100,buy,T-030,T-034,1300.00,2000.00
299,176.864,S1,2000.00,500,buy,T-023,T-034,1300.00,2000.00
300,176.864,S1,1000000.00,410,buy,T-023,T-003,1300.00,2000.00
301,176.864,S1,1000000.00,10,buy,T-023,T-029,1300.00,2000.00
302,176.864,S1,1000000.00,10,buy,T-023,T-029,1300.00,2000.00
303,176.864,S1,1000000.00,10,buy,T-023,T-029,1300.00,2000.00
304,176.864,S1,1000000.00,10,buy,T-023,T-029,1300.00,2000.00
305,176.864,S1,1000000.00,10,buy,T-023,T-029,1300.00,2000.00
306,176.864,S1,1000000.00,10,buy,T-023,T-029,1300.00,2000.00
307,176.864,S1,1000000.00,10,buy,T-023,T-029,1300.00,2000.00
308,176.864,S1,1000000.00,10,buy,T-023,T-029,1300.00,2000.00
309,176.864,S1,1000000.00,10,buy,T-023,T-029,1300.00,2000.00
310,177.015,S1,1000000.00,10,buy,T-030,T-029,1300.00,1000000.00
311,177.015,S1,8000000.00,90,buy,T-030,T-034,1300.00,1000000.00
312,177.256,S1,8000000.00,100,buy,T-007,T-034,1300.00,8000000.00
313,177.428,S1,8000000.00,100,buy,T-007,T-034,1300.00,8000000.00
314,177.651,S1,8000000.00,100,buy,T-007,T-034,1300.00,8000000.00
315,177.812,S1,8000000.00,100,buy,T-007,T-034,1400.00,8000000.00
316,179.024,S1,1500.00,10,buy,T-030,T-028,1400.00,1500.00
317,179.024,S1,8000000.00,90,buy,T-030,T-034,1400.00,1500.00
318,179.195,S1,8000000.00,100,buy,T-030,T-034,1400.00,8000000.00
319,179.261,S1,8000000.00,320,buy,T-006,T-034,1400.00,8000000.00
320,179.261,S1,9999999.00,680,buy,T-006,T-020,1400.00,8000000.00
321,179.391,S1,9999999.00,100,buy,T-030,T-020,1400.00,9999999.00
322,179.553,S1,9999999.00,100,buy,T-030,T-020,1400.00,9999999.00
323,179.735,S1,9999999.00,100,buy,T-030,T-020,1400.00,9999999.00
324,179.836,S1,9999999.00,10,buy,T-029,T-020,1400.00,9999999.00
325,179.905,S1,9999999.00,10,buy,T-029,T-020,1400.00,9999999.00
326,179.916,S1,10000000.00,100,buy,T-030,T-023,1400.00,10000000.00
327,180.016,S1,10000000.00,10,buy,T-029,T-023,1400.00,10000000.00
328,180.076,S1,10000000.00,100,buy,T-030,T-023,1400.00,10000000.00
329,180.106,S1,10000000.00,10,buy,T-029,T-023,1400.00,10000000.00
330,180.227,S1,10000000.00,10,buy,T-029,T-023,1400.00,10000000.00
331,180.247,S1,10000000.00,100,buy,T-030,T-023,1400.00,10000000.00
332,180.308,S1,10000000.00,10,buy,T-029,T-023,1400.00,10000000.00
333,180.430,S1,10000000.00,10,buy,T-029,T-023,1400.00,10000000.00
334,180.430,S1,10000000.00,100,buy,T-030,T-023,1400.00,10000000.00
335,180.511,S1,10000000.00,10,buy,T-029,T-023,1400.00,10000000.00
336,180.645,S1,10000000.00,10,buy,T-029,T-023,1400.00,10000000.00
337,180.728,S1,10000000.00,10,buy,T-029,T-023,1400.00,10000000.00
338,180.830,S1,10000000.00,10,buy,T-029,T-023,1400.00,10000000.00
339,180.931,S1,10000000.00,10,buy,T-029,T-023,1400.00,10000000.00
340,181.033,S1,10000000.00,10,buy,T-029,T-023,1400.00,10000000.00
341,181.134,S1,10000000.00,10,buy,T-029,T-023,1400.00,10000000.00
342,181.233,S1,10000000.00,10,buy,T-029,T-023,1400.00,10000000.00
343,181.305,S1,10000000.00,10,buy,T-029,T-023,1400.00,10000000.00
344,181.427,S1,10000000.00,10,buy,T-029,T-023,1400.00,10000000.00
345,181.510,S1,10000000.00,10,buy,T-029,T-023,1400.00,10000000.00
346,181.672,S1,10000000.00,10,buy,T-029,T-023,1400.00,10000000.00
347,182.014,S1,10000000.00,10,buy,T-029,T-023,1400.00,10000000.00
348,182.075,S1,10000000.00,10,buy,T-029,T-023,1400.00,10000000.00
349,182.252,S1,1400.00,10,sell,T-012,T-031,1400.00,10000000.00
350,182.293,S1,10000000.00,10,buy,T-029,T-023,1400.00,10000000.00
351,182.473,S1,10000000.00,10,buy,T-029,T-023,1400.00,10000000.00
352,183.067,S1,10000000.00,10,buy,T-029,T-023,1400.00,10000000.00
353,183.178,S1,10000000.00,10,buy,T-029,T-023,1400.00,10000000.00
354,183.259,S1,10000000.00,10,buy,T-029,T-023,1400.00,10000000.00
355,183.340,S1,1400.00,200,sell,T-012,T-021,1400.00,10000000.00
356,183.360,S1,10000000.00,10,buy,T-029,T-023,1400.00,10000000.00
357,183.462,S1,10000000.00,10,buy,T-029,T-023,1400.00,10000000.00
358,184.796,S1,9999999.00,100,buy,T-030,T-020,1400.00,9999999.00
359,185.169,S1,9999999.00,100,buy,T-030,T-020,1400.00,9999999.00
360,185.343,S1,9999999.00,100,buy,T-030,T-020,1400.00,9999999.00
361,185.575,S1,2000.00,10,buy,T-030,T-038,1900.00,2000.00
362,185.575,S1,9999999.00,90,buy,T-030,T-020,1900.00,2000.00
363,185.940,S1,9999999.00,100,buy,T-030,T-020,1900.00,9999999.00
364,186.173,S1,9999999.00,100,buy,T-030,T-020,1900.00,9999999.00
365,186.381,S1,9999999.00,100,buy,T-030,T-020,1900.00,9999999.00
366,186.628,S1,9999999.00,100,buy,T-030,T-020,1900.00,9999999.00
367,186.832,S1,9999999.00,100,buy,T-030,T-020,1900.00,9999999.00
368,187.045,S1,9999999.00,100,buy,T-030,T-020,1900.00,9999999.00
369,187.323,S1,9999999.00,10,buy,T-030,T-020,1900.00,9999999.00
370,187.323,S1,10000000.00,90,buy,T-030,T-023,1900.00,9999999.00
371,187.636,S1,10000000.00,100,buy,T-030,T-023,1900.00,10000000.00
372,187.818,S1,1900.00,1,sell,T-033,T-041,1900.00,10000000.00
373,187.849,S1,10000000.00,100,buy,T-030,T-023,1900.00,10000000.00
374,188.079,S1,10000000.00,50,buy,T-030,T-023,1900.00,10000000.00
375,188.445,S1,1900.00,1,sell,T-033,T-021,1900.00,
376,189.022,S1,1900.00,1,sell,T-033,T-021,1900.00,
377,189.412,S1,1900.00,1,sell,T-033,T-021,1900.00,
378,189.592,S1,1900.00,1,sell,T-033,T-021,1900.00,
379,189.794,S1,1900.00,1,sell,T-033,T-021,1900.00,
380,189.946,S1,1900.00,1,sell,T-033,T-021,1900.00,9999999.00
381,190.159,S1,1000000.00,100,buy,T-030,T-036,1900.00,1000000.00
382,190.483,S1,1900.00,1,sell,T-033,T-021,1900.00,1000000.00
383,190.604,S1,1900.00,1,sell,T-033,T-021,1900.00,1000000.00
384,190.704,S1,1900.00,1,sell,T-033,T-021,1900.00,1000000.00
385,190.794,S1,1500.00,1,sell,T-039,T-021,1500.00,1000000.00
386,190.895,S1,1500.00,1,sell,T-039,T-021,1500.00,1000000.00
387,190.997,S1,1500.00,1,sell,T-039,T-021,1500.00,1000000.00
388,191.099,S1,1500.00,1,sell,T-039,T-021,1500.00,1000000.00
389,191.159,S1,1500.00,1,sell,T-039,T-021,1500.00,1000000.00
390,191.260,S1,1500.00,1,sell,T-039,T-021,1500.00,1000000.00
391,191.351,S1,1500.00,1,sell,T-039,T-021,1500.00,1000000.00
392,191.446,S1,1500.00,1,sell,T-039,T-021,1500.00,1000000.00
393,191.547,S1,1500.00,1,sell,T-039,T-021,1500.00,1000000.00
394,191.647,S1,1500.00,1,sell,T-039,T-021,1500.00,1000000.00
395,191.708,S1,1500.00,1,sell,T-039,T-041,1500.00,1000000.00
396,191.748,S1,1500.00,1,sell,T-039,T-021,1500.00,1000000.00
397,191.849,S1,1500.00,1,sell,T-039,T-021,1500.00,1000000.00
398,192.019,S1,1500.00,1,sell,T-039,T-021,1500.00,1000000.00
399,192.173,S1,1500.00,1,sell,T-039,T-021,1500.00,1000000.00
400,192.303,S1,1500.00,1,sell,T-039,T-021,1500.00,1000000.00
401,192.313,S1,1000000.00,10,buy,T-031,T-036,1500.00,1000000.00
402,192.952,S1,1000000.00,100,buy,T-030,T-036,1500.00,1000000.00
403,193.145,S1,1000000.00,100,buy,T-030,T-036,1500.00,1000000.00
404,193.337,S1,1000000.00,100,buy,T-030,T-036,1500.00,1000000.00
405,196.069,S1,500000.00,100,buy,T-030,T-010,2000.00,500000.00
406,196.302,S1,500000.00,100,buy,T-030,T-010,2000.00,500000.00
407,196.492,S1,500000.00,100,buy,T-030,T-010,2000.00,500000.00
408,196.662,S1,500000.00,100,buy,T-030,T-010,2000.00,500000.00
409,196.823,S1,500000.00,100,buy,T-030,T-010,2000.00,500000.00
410,196.995,S1,500000.00,100,buy,T-030,T-010,2000.00,500000.00
411,197.188,S1,500000.00,100,buy,T-030,T-010,2000.00,500000.00
412,197.359,S1,500000.00,100,buy,T-030,T-010,2000.00,500000.00
413,197.540,S1,500000.00,100,buy,T-030,T-010,2000.00,500000.00
414,197.732,S1,500000.00,100,buy,T-030,T-010,2000.00,500000.00
415,197.915,S1,1000000.00,100,buy,T-030,T-036,2000.00,1000000.00
416,198.098,S1,1000000.00,100,buy,T-030,T-036,2000.00,1000000.00
417,198.280,S1,1000000.00,100,buy,T-030,T-036,2000.00,1000000.00
418,198.504,S1,1000000.00,100,buy,T-030,T-036,2000.00,1000000.00
419,198.991,S1,2000.00,10,sell,T-015,T-014,2000.00,20000.00
420,201.568,S1,20000.00,10,buy,T-023,T-038,2000.00,20000.00
421,201.568,S1,1000000.00,190,buy,T-023,T-036,2000.00,20000.00
422,201.568,S1,1000000.00,800,buy,T-023,T-036,2000.00,20000.00
423,202.659,S1,1000000.00,200,buy,T-023,T-036,2500.00,1000000.00
424,202.659,S1,1000000.00,800,buy,T-023,T-036,2500.00,1000000.00
425,203.346,S1,2500.00,100,sell,T-007,T-006,2500.00,1000000.00
426,203.346,S1,2500.00,100,sell,T-007,T-006,2500.00,1000000.00
427,203.346,S1,2500.00,100,sell,T-007,T-006,2500.00,1000000.00
428,203.346,S1,2500.00,100,sell,T-007,T-006,2500.00,1000000.00
429,203.346,S1,2500.00,100,sell,T-007,T-006,2500.00,1000000.00
430,203.346,S1,2500.00,100,sell,T-007,T-006,2500.00,1000000.00
431,203.346,S1,2500.00,100,sell,T-007,T-006,2500.00,1000000.00
432,203.346,S1,2500.00,100,sell,T-007,T-006,2500.00,1000000.00
433,203.346,S1,2000.00,200,sell,T-015,T-006,2500.00,1000000.00
434,203.388,S1,1000000.00,200,buy,T-023,T-036,2500.00,1000000.00
435,203.388,S1,1000000.00,800,buy,T-023,T-036,2500.00,1000000.00
436,203.550,S1,2500.00,100,sell,T-007,T-037,2500.00,1000000.00
437,203.550,S1,2500.00,100,sell,T-007,T-037,2500.00,1000000.00
438,203.550,S1,2000.00,300,sell,T-015,T-037,2500.00,1000000.00
439,205.735,S1,15000.00,1000,buy,T-023,T-034,2500.00,15000.00
440,207.548,S1,2500.00,100,sell,T-007,T-006,2500.00,15000.00
441,207.548,S1,2500.00,100,sell,T-007,T-006,2500.00,15000.00
442,207.548,S1,2500.00,100,sell,T-007,T-006,2500.00,15000.00
443,207.548,S1,2500.00,100,sell,T-007,T-006,2500.00,15000.00
444,207.548,S1,2000.00,490,sell,T-015,T-006,2500.00,15000.00
445,207.548,S1,1600.00,110,sell,T-003,T-006,2500.00,15000.00
446,210.474,S1,3000.00,1000,sell,T-015,T-025,3000.00,15000.00
447,210.674,S1,2500.00,10,sell,T-007,T-014,2500.00,15000.00
448,214.081,S1,15000.00,1000,buy,T-035,T-034,2500.00,15000.00
449,221.513,S1,3000.00,1,sell,T-039,T-021,3000.00,5500.00
450,225.591,S1,5500.00,100,buy,T-023,T-028,3600.00,5500.00
451,225.591,S1,5500.00,900,buy,T-023,T-028,3600.00,5500.00
452,227.218,S1,5500.00,100,buy,T-023,T-028,3600.00,5500.00
453,227.218,S1,15000.00,900,buy,T-023,T-034,3600.00,5500.00
454,228.651,S1,15000.00,100,buy,T-023,T-034,3600.00,15000.00
455,228.651,S1,15000.00,900,buy,T-023,T-034,3600.00,15000.00
456,229.870,S1,15000.00,100,buy,T-023,T-034,3600.00,15000.00
457,229.870,S1,15000.00,900,buy,T-023,T-034,3600.00,15000.00
458,232.771,S1,3600.00,1,sell,T-012,T-041,3600.00,15000.00
459,240.284,S1,13500.00,5,buy,T-032,T-028,4000.00,13500.00
460,247.239,S1,4000.00,100,sell,T-015,T-030,4000.00,13500.00
461,250.339,S1,4000.00,900,sell,T-015,T-006,4000.00,13500.00
462,250.339,S1,3600.00,100,sell,T-012,T-006,4000.00,13500.00
463,252.739,S1,3600.00,899,sell,T-012,T-018,3600.00,13500.00
464,252.739,S1,3000.00,101,sell,T-039,T-018,3600.00,13500.00
465,254.268,S1,3000.00,1,sell,T-039,T-041,3000.00,13500.00
466,254.420,S1,3000.00,10,sell,T-039,T-027,3000.00,13500.00
467,256.961,S1,3000.00,1,sell,T-039,T-030,3000.00,13500.00
468,258.669,S1,13500.00,995,buy,T-025,T-028,3000.00,13500.00
469,258.669,S1,15000.00,5,buy,T-025,T-034,3000.00,13500.00
470,261.075,S1,3000.00,10,sell,T-039,T-009,3000.00,15000.00
471,262.608,S1,3000.00,1,sell,T-039,T-030,3000.00,10000.00
472,262.874,S1,10000.00,500,buy,T-025,T-015,3000.00,10000.00
473,262.874,S1,15000.00,95,buy,T-025,T-034,3000.00,10000.00
474,262.874,S1,15000.00,405,buy,T-025,T-034,3000.00,10000.00
475,267.603,S1,3000.00,1,sell,T-039,T-030,3000.00,15000.00
476,267.754,S1,3000.00,10,sell,T-039,T-009,3000.00,15000.00
477,272.568,S1,5000.00,1,sell,T-027,T-030,5000.00,14000.00
478,273.176,S1,5000.00,1,sell,T-027,T-030,5000.00,14000.00
479,275.354,S1,3000.00,1,sell,T-039,T-030,3000.00,14000.00
480,275.667,S1,3000.00,1,sell,T-039,T-030,3000.00,14000.00
481,276.007,S1,3000.00,1,sell,T-039,T-030,3000.00,14000.00
482,276.309,S1,3000.00,1,sell,T-039,T-030,3000.00,14000.00
483,276.541,S1,3000.00,1,sell,T-039,T-030,3000.00,14000.00
484,276.953,S1,3000.00,1,sell,T-039,T-030,3000.00,14000.00
485,277.296,S1,3000.00,1,sell,T-039,T-030,3000.00,13000.00
486,277.691,S1,3000.00,1,sell,T-039,T-030,3000.00,13000.00
487,278.026,S1,3000.00,1,sell,T-039,T-030,3000.00,13000.00
488,278.363,S1,3000.00,1,sell,T-039,T-030,3000.00,13000.00
489,285.076,S1,5000.00,10,sell,T-027,T-030,5000.00,13000.00
490,285.501,S1,3000.00,10,sell,T-039,T-030,3000.00,13000.00
491,285.906,S1,3000.00,10,sell,T-039,T-030,3000.00,13000.00
492,286.220,S1,3000.00,10,sell,T-039,T-030,3000.00,13000.00
493,286.442,S1,3000.00,10,sell,T-039,T-030,3000.00,13000.00
494,286.593,S1,13000.00,10,buy,T-025,T-038,3000.00,13000.00
495,286.593,S1,13500.00,250,buy,T-025,T-013,3000.00,13000.00
496,286.593,S1,14000.00,740,buy,T-025,T-036,3000.00,13000.00
497,286.677,S1,3000.00,10,sell,T-039,T-030,3000.00,14000.00
498,286.879,S1,3000.00,10,sell,T-039,T-030,3000.00,14000.00
499,287.082,S1,3000.00,10,sell,T-039,T-030,3000.00,14000.00
500,287.263,S1,3000.00,10,sell,T-039,T-030,3000.00,14000.00
501,287.455,S1,3000.00,10,sell,T-039,T-030,3000.00,14000.00
502,290.546,S1,3500.00,10,sell,T-010,T-030,3500.00,14000.00
503,290.929,S1,3500.00,10,sell,T-010,T-030,3500.00,10000.00
504,291.344,S1,3500.00,10,sell,T-010,T-030,3500.00,10000.00
505,291.645,S1,3500.00,10,sell,T-010,T-030,3500.00,10000.00
506,291.913,S1,3500.00,10,sell,T-010,T-030,3500.00,10000.00
507,292.811,S1,3650.00,10,sell,T-015,T-030,3650.00,10000.00
508,293.230,S1,3650.00,10,sell,T-015,T-030,3650.00,10000.00
509,293.982,S1,3650.00,10,sell,T-015,T-030,3650.00,10000.00
510,294.604,S1,3650.00,10,sell,T-015,T-030,3650.00,10000.00
511,295.147,S1,3650.00,10,sell,T-015,T-030,3650.00,10000.00
512,295.838,S1,3650.00,10,sell,T-015,T-030,3650.00,10000.00
513,296.383,S1,3650.00,10,sell,T-015,T-030,3650.00,10000.00
514,298.046,S1,3650.00,10,sell,T-015,T-009,3650.00,10000.00
515,299.427,S1,3650.00,50,sell,T-015,T-030,3650.00,10000.00
516,299.719,S1,3700.00,50,sell,T-010,T-030,3700.00,10000.00
517,299.990,S1,3700.00,50,sell,T-010,T-030,3700.00,10000.00
518,300.260,S1,3700.00,50,sell,T-010,T-030,3700.00,10000.00
519,300.320,S1,3700.00,40,sell,T-010,T-014,3700.00,10000.00
520,300.532,S1,3700.00,50,sell,T-010,T-030,3700.00,10000.00
521,300.845,S1,3700.00,50,sell,T-010,T-030,3700.00,10000.00
522,301.410,S1,3700.00,50,sell,T-010,T-030,3700.00,10000.00
523,301.699,S1,3700.00,50,sell,T-010,T-030,3700.00,10000.00
524,301.991,S1,3700.00,50,sell,T-010,T-030,3700.00,10000.00
525,302.232,S1,3700.00,50,sell,T-010,T-030,3700.00,10000.00
526,302.619,S1,3700.00,50,sell,T-010,T-030,3700.00,10000.00
527,302.754,S1,3700.00,10,sell,T-010,T-009,3700.00,10000.00
528,302.855,S1,3700.00,50,sell,T-010,T-030,3700.00,10000.00
529,304.046,S1,3700.00,10,sell,T-010,T-009,3700.00,10000.00
530,304.822,S1,3700.00,390,sell,T-010,T-018,3700.00,9999.00
531,304.822,S1,3650.00,120,sell,T-015,T-018,3700.00,9999.00
532,304.822,S1,3500.00,490,sell,T-010,T-018,3700.00,9999.00
533,306.602,S1,3500.00,50,sell,T-010,T-030,3500.00,9999.00
534,307.102,S1,3500.00,50,sell,T-010,T-030,3500.00,9999.00
535,307.677,S1,3500.00,50,sell,T-010,T-030,3500.00,9999.00
536,308.071,S1,3500.00,50,sell,T-010,T-030,3500.00,9999.00
537,308.223,S1,3500.00,10,sell,T-010,T-009,3500.00,9999.00
538,308.529,S1,3500.00,50,sell,T-010,T-030,3500.00,9999.00
539,308.681,S1,3500.00,10,sell,T-010,T-009,3500.00,9999.00
540,308.913,S1,3500.00,50,sell,T-010,T-030,3500.00,8000.00
541,309.337,S1,3500.00,10,sell,T-010,T-009,3500.00,8000.00
542,309.397,S1,3500.00,50,sell,T-010,T-030,3500.00,8000.00
543,309.961,S1,3500.00,50,sell,T-010,T-030,3500.00,8000.00
544,311.288,S1,3500.00,30,sell,T-010,T-001,3500.00,4000.00
545,311.288,S1,3000.00,470,sell,T-039,T-001,3500.00,4000.00
546,311.600,S1,4000.00,1,buy,T-016,T-034,3000.00,4000.00
547,311.600,S1,8000.00,99,buy,T-016,T-003,3000.00,4000.00
548,312.381,S1,3200.00,50,sell,T-010,T-030,3200.00,8000.00
549,312.543,S1,3200.00,10,sell,T-010,T-009,3200.00,8000.00
550,312.714,S1,3200.00,50,sell,T-010,T-030,3200.00,8000.00
551,312.970,S1,3200.00,10,sell,T-010,T-009,3200.00,8000.00
552,313.001,S1,3200.00,40,sell,T-010,T-014,3200.00,8000.00
553,313.061,S1,3200.00,50,sell,T-010,T-030,3200.00,8000.00
554,313.234,S1,3200.00,10,sell,T-010,T-009,3200.00,8000.00
555,313.378,S1,3200.00,50,sell,T-010,T-030,3200.00,8000.00
556,313.580,S1,3200.00,10,sell,T-010,T-009,3200.00,8000.00
557,313.721,S1,3200.00,50,sell,T-010,T-030,3200.00,8000.00
558,313.822,S1,3200.00,10,sell,T-010,T-009,3200.00,8000.00
559,313.915,S1,3200.00,40,sell,T-010,T-014,3200.00,8000.00
560,314.057,S1,3200.00,10,sell,T-010,T-009,3200.00,8000.00
561,314.158,S1,3200.00,50,sell,T-010,T-030,3200.00,8000.00
562,314.248,S1,3200.00,10,sell,T-010,T-009,3200.00,8000.00
563,314.468,S1,3200.00,10,sell,T-010,T-009,3200.00,8000.00
564,314.507,S1,3200.00,50,sell,T-010,T-030,3200.00,8000.00
565,314.668,S1,3200.00,10,sell,T-010,T-009,3200.00,4000.00
566,314.829,S1,3200.00,10,sell,T-010,T-009,3200.00,4000.00
567,315.011,S1,3200.00,10,sell,T-010,T-009,3200.00,4000.00
568,315.112,S1,3200.00,50,sell,T-010,T-030,3200.00,4000.00
569,315.205,S1,3200.00,10,sell,T-010,T-009,3200.00,4000.00
570,315.421,S1,3200.00,10,sell,T-010,T-009,3200.00,4000.00
571,315.714,S1,3200.00,10,sell,T-010,T-009,3200.00,4000.00
572,316.028,S1,3200.00,10,sell,T-010,T-009,3200.00,4000.00
573,316.430,S1,3200.00,10,sell,T-010,T-009,3200.00,4000.00
574,316.651,S1,3200.00,10,sell,T-010,T-009,3200.00,4000.00
575,317.463,S1,3200.00,50,sell,T-010,T-030,3200.00,4000.00
576,317.927,S1,3200.00,50,sell,T-010,T-030,3200.00,4000.00
577,318.367,S1,3200.00,50,sell,T-010,T-030,3200.00,4000.00
578,318.890,S1,3200.00,40,sell,T-010,T-014,3200.00,4000.00
579,319.213,S1,3200.00,50,sell,T-010,T-030,3200.00,4000.00
580,320.024,S1,3200.00,100,sell,T-010,T-009,3200.00,4000.00
581,320.045,S1,3200.00,10,sell,T-010,T-037,3200.00,4000.00
582,320.045,S1,3050.00,490,sell,T-039,T-037,3200.00,4000.00
583,320.644,S1,3050.00,100,sell,T-039,T-009,3050.00,4000.00
584,320.990,S1,3050.00,100,sell,T-039,T-009,3050.00,4000.00
585,321.222,S1,3050.00,100,sell,T-039,T-009,3050.00,4000.00
586,321.476,S1,3050.00,50,sell,T-039,T-030,3050.00,4000.00
587,321.759,S1,3050.00,100,sell,T-039,T-009,3050.00,4000.00
588,322.364,S1,3050.00,60,sell,T-039,T-009,3050.00,4000.00
589,322.364,S1,3000.00,40,sell,T-039,T-009,3050.00,4000.00
590,322.591,S1,3000.00,100,sell,T-039,T-009,3000.00,4000.00
591,322.785,S1,3200.00,50,sell,T-012,T-030,3200.00,4000.00
592,322.805,S1,3200.00,100,sell,T-012,T-009,3200.00,4000.00
593,323.038,S1,3200.00,100,sell,T-012,T-009,3200.00,4000.00
594,323.287,S1,3200.00,100,sell,T-012,T-009,3200.00,4000.00
595,323.388,S1,3200.00,50,sell,T-012,T-030,3200.00,4000.00
596,323.521,S1,3200.00,100,sell,T-012,T-009,3200.00,4000.00
597,323.805,S1,3200.00,50,sell,T-012,T-030,3200.00,4000.00
598,324.073,S1,3200.00,50,sell,T-012,T-030,3200.00,4000.00
599,324.437,S1,3200.00,50,sell,T-012,T-030,3200.00,4000.00
600,324.761,S1,3200.00,50,sell,T-012,T-030,3200.00,4000.00
601,325.204,S1,3200.00,50,sell,T-012,T-030,3200.00,4000.00
602,325.379,S1,3200.00,100,sell,T-012,T-009,3200.00,4000.00
603,325.571,S1,3200.00,100,sell,T-012,T-009,3200.00,4000.00
604,325.783,S1,3200.00,50,sell,T-012,T-009,3200.00,4000.00
605,325.783,S1,3100.00,50,sell,T-010,T-009,3200.00,4000.00
606,325.944,S1,3100.00,50,sell,T-010,T-030,3100.00,4000.00
607,325.974,S1,3100.00,100,sell,T-010,T-009,3100.00,4000.00
608,326.157,S1,3100.00,40,sell,T-010,T-014,3100.00,4000.00
609,326.178,S1,3100.00,100,sell,T-010,T-009,3100.00,4000.00
610,326.382,S1,3100.00,100,sell,T-010,T-009,3100.00,4000.00
611,326.548,S1,3100.00,50,sell,T-010,T-030,3100.00,4000.00
612,326.588,S1,3100.00,100,sell,T-010,T-009,3100.00,4000.00
613,326.771,S1,3100.00,100,sell,T-010,T-009,3100.00,4000.00
614,326.951,S1,3100.00,100,sell,T-010,T-009,3100.00,4000.00
615,327.054,S1,3100.00,50,sell,T-010,T-030,3100.00,4000.00
616,327.155,S1,3100.00,100,sell,T-010,T-009,3100.00,4000.00
617,327.356,S1,3100.00,60,sell,T-010,T-009,3100.00,4000.00
618,327.356,S1,3100.00,40,sell,T-039,T-009,3100.00,4000.00
619,327.565,S1,3100.00,100,sell,T-039,T-009,3100.00,4000.00
620,327.576,S1,3100.00,50,sell,T-039,T-030,3100.00,4000.00
621,327.781,S1,3100.00,100,sell,T-039,T-009,3100.00,4000.00
622,327.914,S1,3100.00,50,sell,T-039,T-030,3100.00,4000.00
623,327.975,S1,3100.00,100,sell,T-039,T-009,3100.00,4000.00
624,328.127,S1,3100.00,50,sell,T-039,T-030,3100.00,4000.00
625,328.199,S1,3100.00,100,sell,T-039,T-009,3100.00,4000.00
626,328.372,S1,3100.00,50,sell,T-039,T-030,3100.00,4000.00
627,328.413,S1,3100.00,100,sell,T-039,T-009,3100.00,4000.00
628,328.708,S1,3100.00,100,sell,T-039,T-009,3100.00,4000.00
629,328.768,S1,3100.00,50,sell,T-039,T-030,3100.00,4000.00
630,328.949,S1,3100.00,100,sell,T-039,T-009,3100.00,4000.00
631,328.970,S1,3100.00,10,sell,T-039,T-030,3100.00,4000.00
632,328.970,S1,3100.00,40,sell,T-010,T-030,3100.00,4000.00
633,329.142,S1,3100.00,100,sell,T-010,T-009,3100.00,4000.00
634,329.142,S1,3100.00,50,sell,T-010,T-030,3100.00,4000.00
635,329.313,S1,3100.00,50,sell,T-010,T-030,3100.00,4000.00
636,329.334,S1,3100.00,100,sell,T-010,T-009,3100.00,4000.00
637,329.566,S1,3100.00,100,sell,T-010,T-009,3100.00,4000.00
638,329.645,S1,3100.00,50,sell,T-010,T-030,3100.00,4000.00
639,329.758,S1,3100.00,100,sell,T-010,T-009,3100.00,4000.00
640,329.839,S1,3100.00,50,sell,T-010,T-030,3100.00,4000.00
641,329.941,S1,3100.00,100,sell,T-010,T-009,3100.00,4000.00
642,330.044,S1,3100.00,50,sell,T-010,T-030,3100.00,4000.00
643,330.144,S1,3100.00,100,sell,T-010,T-009,3100.00,4000.00
644,330.245,S1,3100.00,50,sell,T-010,T-030,3100.00,4000.00
645,330.275,S1,3100.00,60,sell,T-010,T-025,3100.00,4000.00
646,330.275,S1,3100.00,940,sell,T-010,T-025,3100.00,4000.00
647,330.345,S1,3100.00,60,sell,T-010,T-009,3100.00,4000.00
648,330.345,S1,3000.00,40,sell,T-039,T-009,3100.00,4000.00
649,330.458,S1,3000.00,50,sell,T-039,T-030,3000.00,4000.00
650,330.570,S1,3000.00,64,sell,T-039,T-009,3000.00,4000.00
651,330.570,S1,3000.00,36,sell,T-026,T-009,3000.00,4000.00
652,330.670,S1,3000.00,50,sell,T-026,T-030,3000.00,4000.00
653,330.769,S1,3000.00,100,sell,T-026,T-009,3000.00,4000.00
654,330.930,S1,3000.00,50,sell,T-026,T-030,3000.00,4000.00
655,330.980,S1,3000.00,100,sell,T-026,T-009,3000.00,4000.00
656,331.141,S1,3000.00,50,sell,T-026,T-030,3000.00,4000.00
657,331.181,S1,3000.00,100,sell,T-026,T-009,3000.00,4000.00
658,331.364,S1,3000.00,50,sell,T-026,T-030,3000.00,4000.00
659,331.394,S1,3000.00,100,sell,T-026,T-009,3000.00,4000.00
660,331.555,S1,3000.00,50,sell,T-026,T-030,3000.00,4000.00
661,331.595,S1,3000.00,100,sell,T-026,T-009,3000.00,4000.00
662,331.755,S1,3000.00,50,sell,T-026,T-030,3000.00,4000.00
663,331.826,S1,3000.00,100,sell,T-026,T-009,3000.00,4000.00
664,331.926,S1,3000.00,40,sell,T-026,T-014,3000.00,4000.00
665,331.947,S1,3000.00,24,sell,T-026,T-030,3000.00,4000.00
666,331.947,S1,3000.00,26,sell,T-026,T-030,3000.00,4000.00
667,332.007,S1,3000.00,100,sell,T-026,T-009,3000.00,4000.00
668,332.148,S1,3000.00,50,sell,T-026,T-030,3000.00,3200.00
669,332.197,S1,3000.00,100,sell,T-026,T-009,3000.00,3200.00
670,332.401,S1,3000.00,100,sell,T-026,T-009,3000.00,3200.00
671,332.511,S1,3000.00,50,sell,T-026,T-030,3000.00,3200.00
672,332.581,S1,3000.00,100,sell,T-026,T-009,3000.00,3200.00
673,332.732,S1,3000.00,50,sell,T-026,T-030,3000.00,3200.00
674,332.762,S1,3000.00,100,sell,T-026,T-009,3000.00,3200.00
675,332.913,S1,3000.00,50,sell,T-026,T-030,3000.00,3200.00
676,332.974,S1,3000.00,100,sell,T-026,T-009,3000.00,3200.00
677,333.125,S1,3000.00,50,sell,T-026,T-030,3000.00,3200.00
678,333.166,S1,3000.00,100,sell,T-026,T-009,3000.00,3200.00
679,333.349,S1,3000.00,24,sell,T-026,T-009,3000.00,3200.00
680,333.349,S1,3000.00,76,sell,T-007,T-009,3000.00,3200.00
681,333.531,S1,3000.00,24,sell,T-007,T-009,3000.00,3200.00
682,333.531,S1,3000.00,76,sell,T-007,T-009,3000.00,3200.00
683,333.723,S1,3000.00,24,sell,T-007,T-009,3000.00,3200.00
684,333.723,S1,3000.00,76,sell,T-007,T-009,3000.00,3200.00
685,333.915,S1,3000.00,24,sell,T-007,T-009,3000.00,3200.00
686,333.915,S1,3000.00,76,sell,T-007,T-009,3000.00,3200.00
687,334.084,S1,3000.00,24,sell,T-007,T-030,3000.00,3200.00
688,334.084,S1,3000.00,26,sell,T-007,T-030,3000.00,3200.00
689,334.105,S1,3000.00,74,sell,T-007,T-009,3000.00,3200.00
690,334.105,S1,3000.00,26,sell,T-007,T-009,3000.00,3200.00
691,334.296,S1,3000.00,74,sell,T-007,T-009,3000.00,3200.00
692,334.296,S1,3000.00,26,sell,T-007,T-009,3000.00,3200.00
693,334.296,S1,3000.00,50,sell,T-007,T-030,3000.00,3200.00
694,334.496,S1,3000.00,24,sell,T-007,T-009,3000.00,3200.00
695,334.496,S1,3000.00,76,sell,T-007,T-009,3000.00,3200.00
696,334.707,S1,3000.00,24,sell,T-007,T-009,3000.00,3200.00
697,334.707,S1,3000.00,76,sell,T-007,T-009,3000.00,3200.00
698,334.829,S1,3000.00,24,sell,T-007,T-030,3000.00,3200.00
699,334.829,S1,3000.00,26,sell,T-007,T-030,3000.00,3200.00
700,334.909,S1,3000.00,74,sell,T-007,T-009,3000.00,3200.00
701,334.909,S1,3000.00,26,sell,T-007,T-009,3000.00,3200.00
702,335.090,S1,3000.00,74,sell,T-007,T-009,3000.00,3200.00
703,335.090,S1,3000.00,26,sell,T-007,T-009,3000.00,3200.00
704,335.292,S1,3000.00,74,sell,T-007,T-009,3000.00,3200.00
705,335.292,S1,2600.00,26,sell,T-012,T-009,3000.00,3200.00
706,335.494,S1,2600.00,100,sell,T-012,T-009,2600.00,3200.00
707,335.693,S1,2600.00,100,sell,T-012,T-009,2600.00,3200.00
708,335.886,S1,2600.00,100,sell,T-012,T-009,2600.00,3200.00
709,336.077,S1,2600.00,100,sell,T-012,T-009,2600.00,3200.00
710,336.289,S1,2600.00,100,sell,T-012,T-009,2600.00,3200.00
711,336.501,S1,2600.00,100,sell,T-012,T-009,2600.00,3200.00
712,336.611,S1,2600.00,50,sell,T-012,T-030,2600.00,3200.00
713,336.712,S1,2600.00,100,sell,T-012,T-009,2600.00,3200.00
714,336.915,S1,2600.00,100,sell,T-012,T-009,2600.00,3200.00
715,336.935,S1,2600.00,40,sell,T-012,T-014,2600.00,3200.00
716,337.149,S1,2600.00,84,sell,T-012,T-009,2600.00,3200.00
717,337.149,S1,2600.00,16,sell,T-005,T-009,2600.00,3200.00
718,337.261,S1,2600.00,50,sell,T-005,T-030,2600.00,3200.00
719,337.332,S1,2600.00,100,sell,T-005,T-009,2600.00,3200.00
720,337.516,S1,2600.00,100,sell,T-005,T-009,2600.00,3200.00
721,337.686,S1,2600.00,100,sell,T-005,T-009,2600.00,3200.00
722,337.860,S1,2600.00,100,sell,T-005,T-009,2600.00,3200.00
723,337.962,S1,2600.00,34,sell,T-005,T-030,2600.00,3200.00
724,337.962,S1,2200.00,16,sell,T-003,T-030,2600.00,3200.00
725,338.067,S1,2200.00,100,sell,T-003,T-009,2200.00,3200.00
726,338.290,S1,2200.00,100,sell,T-003,T-009,2200.00,3000.00
727,338.491,S1,2200.00,100,sell,T-003,T-009,2200.00,3000.00
728,338.705,S1,2200.00,100,sell,T-003,T-009,2200.00,3000.00
729,338.816,S1,2200.00,40,sell,T-003,T-014,2200.00,3000.00
730,338.946,S1,2200.00,100,sell,T-003,T-009,2200.00,3000.00
731,339.159,S1,2200.00,100,sell,T-003,T-009,2200.00,3000.00
732,339.380,S1,2200.00,100,sell,T-003,T-009,2200.00,3000.00
733,339.583,S1,2200.00,100,sell,T-003,T-009,2200.00,3000.00
734,339.785,S1,2200.00,100,sell,T-003,T-009,2200.00,3000.00
735,340.037,S1,2200.00,44,sell,T-003,T-009,2200.00,3000.00
736,340.037,S1,2000.00,56,sell,T-026,T-009,2200.00,3000.00
737,340.238,S1,2000.00,100,sell,T-026,T-009,2000.00,3000.00
738,340.452,S1,2000.00,100,sell,T-026,T-009,2000.00,3000.00
739,340.452,S1,2000.00,50,sell,T-026,T-030,2000.00,3000.00
740,340.657,S1,2000.00,100,sell,T-026,T-009,2000.00,3000.00
741,340.811,S1,2000.00,500,sell,T-026,T-037,2000.00,3000.00
742,340.910,S1,2000.00,94,sell,T-026,T-009,2000.00,3000.00
743,340.910,S1,2000.00,6,sell,T-012,T-009,2000.00,3000.00
744,341.072,S1,2000.00,100,sell,T-012,T-009,2000.00,3000.00
745,341.293,S1,2000.00,100,sell,T-012,T-009,2000.00,3000.00
746,341.333,S1,2000.00,50,sell,T-012,T-030,2000.00,3000.00
747,341.505,S1,2000.00,100,sell,T-012,T-009,2000.00,3000.00
748,341.665,S1,2000.00,50,sell,T-012,T-030,2000.00,3000.00
749,341.725,S1,2000.00,100,sell,T-012,T-009,2000.00,3000.00
750,341.906,S1,2000.00,50,sell,T-012,T-030,2000.00,3000.00
751,341.957,S1,2000.00,100,sell,T-012,T-009,2000.00,3000.00
752,342.190,S1,2000.00,100,sell,T-012,T-009,2000.00,3000.00
753,342.251,S1,2000.00,50,sell,T-012,T-030,2000.00,3000.00
754,342.394,S1,2000.00,100,sell,T-012,T-009,2000.00,3000.00
755,342.534,S1,2000.00,50,sell,T-012,T-030,2000.00,3000.00
756,342.606,S1,2000.00,44,sell,T-012,T-009,2000.00,3000.00
757,342.606,S1,2000.00,56,sell,T-026,T-009,2000.00,3000.00
758,342.803,S1,2000.00,100,sell,T-026,T-009,2000.00,3000.00
759,342.813,S1,2000.00,50,sell,T-026,T-030,2000.00,3000.00
760,342.977,S1,2000.00,100,sell,T-026,T-009,2000.00,3000.00
761,343.140,S1,2000.00,100,sell,T-026,T-009,2000.00,3000.00
762,343.281,S1,2000.00,50,sell,T-026,T-030,2000.00,3000.00
763,343.674,S1,2000.00,50,sell,T-026,T-030,2000.00,3000.00
764,344.110,S1,2000.00,50,sell,T-026,T-030,2000.00,3000.00
765,344.409,S1,2000.00,50,sell,T-026,T-030,2000.00,3000.00
766,344.691,S1,2000.00,50,sell,T-026,T-030,2000.00,3000.00
767,344.925,S1,2000.00,50,sell,T-026,T-030,2000.00,3000.00
768,345.177,S1,2000.00,50,sell,T-026,T-030,2000.00,3000.00
769,345.469,S1,2000.00,50,sell,T-026,T-030,2000.00,3000.00
770,345.732,S1,2000.00,50,sell,T-026,T-030,2000.00,3000.00
771,346.002,S1,2100.00,50,sell,T-003,T-030,2100.00,3000.00
772,346.269,S1,2100.00,50,sell,T-003,T-030,2100.00,3000.00
773,346.594,S1,2100.00,50,sell,T-003,T-030,2100.00,3000.00
774,347.040,S1,2100.00,50,sell,T-003,T-030,2100.00,3000.00
775,348.084,S1,2100.00,100,sell,T-003,T-009,2100.00,2750.00
776,348.124,S1,2100.00,50,sell,T-003,T-030,2100.00,2750.00
777,348.360,S1,2100.00,100,sell,T-003,T-009,2100.00,2750.00
778,348.461,S1,2100.00,100,sell,T-003,T-009,2100.00,2750.00
779,348.633,S1,2100.00,50,sell,T-003,T-030,2100.00,2750.00
780,348.655,S1,2100.00,100,sell,T-003,T-009,2100.00,2750.00
781,348.870,S1,2100.00,100,sell,T-003,T-009,2100.00,2750.00
782,349.095,S1,2100.00,100,sell,T-003,T-009,2100.00,2750.00
783,349.148,S1,2100.00,50,sell,T-003,T-030,2100.00,2750.00
784,349.294,S1,2100.00,50,sell,T-003,T-009,2100.00,2750.00
785,349.294,S1,2000.00,50,sell,T-026,T-009,2100.00,2750.00
786,349.521,S1,2000.00,94,sell,T-026,T-009,2000.00,2750.00
787,349.521,S1,2000.00,6,sell,T-007,T-009,2000.00,2750.00
788,349.737,S1,2000.00,94,sell,T-007,T-009,2000.00,2750.00
789,349.737,S1,2000.00,6,sell,T-007,T-009,2000.00,2750.00
790,349.766,S1,2000.00,50,sell,T-007,T-030,2000.00,2750.00
791,349.953,S1,2000.00,44,sell,T-007,T-009,2000.00,2750.00
792,349.953,S1,2000.00,56,sell,T-007,T-009,2000.00,2750.00
793,350.184,S1,2000.00,44,sell,T-007,T-009,2000.00,2750.00
794,350.184,S1,2000.00,56,sell,T-007,T-009,2000.00,2750.00
795,350.385,S1,2000.00,44,sell,T-007,T-009,2000.00,2750.00
796,350.385,S1,1800.00,56,sell,T-004,T-009,2000.00,2750.00
797,350.577,S1,1800.00,44,sell,T-004,T-009,1800.00,2750.00
798,350.577,S1,1600.00,56,sell,T-003,T-009,1800.00,2750.00
799,350.783,S1,1600.00,100,sell,T-003,T-009,1600.00,2750.00
800,350.929,S1,1600.00,50,sell,T-003,T-030,1600.00,2750.00
801,350.960,S1,1600.00,100,sell,T-003,T-009,1600.00,2750.00
802,351.182,S1,1600.00,100,sell,T-003,T-009,1600.00,2750.00
803,351.381,S1,1600.00,100,sell,T-003,T-009,1600.00,2750.00
804,351.442,S1,1600.00,50,sell,T-003,T-030,1600.00,2750.00
805,351.585,S1,1600.00,100,sell,T-003,T-009,1600.00,2750.00
806,351.767,S1,1600.00,100,sell,T-003,T-009,1600.00,2750.00
807,351.970,S1,1600.00,100,sell,T-003,T-009,1600.00,2750.00
808,352.172,S1,1600.00,34,sell,T-003,T-009,1600.00,2750.00
809,352.172,S1,1600.00,66,sell,T-003,T-009,1600.00,2750.00
810,352.375,S1,1600.00,100,sell,T-003,T-009,1600.00,2750.00
811,352.611,S1,1600.00,100,sell,T-003,T-009,1600.00,2750.00
812,352.792,S1,1600.00,100,sell,T-003,T-009,1600.00,2750.00
813,352.915,S1,1600.00,50,sell,T-003,T-030,1600.00,2750.00
814,353.036,S1,1600.00,100,sell,T-003,T-009,1600.00,2750.00
815,353.227,S1,1600.00,100,sell,T-003,T-009,1600.00,2750.00
816,353.418,S1,1600.00,100,sell,T-003,T-009,1600.00,2750.00
817,353.615,S1,1600.00,100,sell,T-003,T-009,1600.00,2750.00
818,353.724,S1,1600.00,50,sell,T-003,T-030,1600.00,2750.00
819,353.825,S1,1600.00,100,sell,T-003,T-009,1600.00,2750.00
820,354.019,S1,1600.00,34,sell,T-003,T-009,1600.00,2750.00
821,354.019,S1,1300.00,66,sell,T-015,T-009,1600.00,2750.00
822,354.149,S1,1300.00,50,sell,T-015,T-030,1300.00,2750.00
823,354.231,S1,1300.00,100,sell,T-015,T-009,1300.00,2750.00
824,354.445,S1,1300.00,100,sell,T-015,T-009,1300.00,2750.00
825,354.515,S1,1300.00,50,sell,T-015,T-030,1300.00,2750.00
826,354.586,S1,2750.00,1000,buy,T-035,T-015,1300.00,2750.00
827,354.650,S1,1300.00,100,sell,T-015,T-009,1300.00,3000.00
828,354.864,S1,1300.00,50,sell,T-015,T-030,1300.00,3000.00
829,354.874,S1,1300.00,100,sell,T-015,T-009,1300.00,3000.00
830,355.084,S1,1300.00,100,sell,T-015,T-009,1300.00,3000.00
831,355.217,S1,1300.00,50,sell,T-015,T-030,1300.00,3000.00
832,355.310,S1,1300.00,2,sell,T-015,T-009,1300.00,3000.00
833,355.310,S1,1000.00,98,sell,T-034,T-009,1300.00,3000.00
834,355.514,S1,1000.00,100,sell,T-034,T-009,1000.00,2500.00
835,355.574,S1,1000.00,50,sell,T-034,T-030,1000.00,2500.00
836,355.705,S1,1000.00,100,sell,T-034,T-009,1000.00,2500.00
837,355.915,S1,1000.00,100,sell,T-034,T-009,1000.00,2500.00
838,355.925,S1,1000.00,50,sell,T-034,T-030,1000.00,2500.00
839,356.122,S1,1000.00,100,sell,T-034,T-009,1000.00,2500.00
840,356.274,S1,1000.00,50,sell,T-034,T-030,1000.00,2500.00
841,356.601,S1,1000.00,100,sell,T-034,T-009,1000.00,2500.00
842,356.630,S1,1000.00,50,sell,T-034,T-030,1000.00,2500.00
843,356.943,S1,1000.00,100,sell,T-034,T-009,1000.00,2500.00
844,356.943,S1,1000.00,100,sell,T-034,T-009,1000.00,2500.00
845,356.983,S1,1000.00,2,sell,T-034,T-030,1000.00,2500.00
846,356.983,S1,1000.00,48,sell,T-034,T-030,1000.00,2500.00
847,357.134,S1,1000.00,100,sell,T-034,T-009,1000.00,2500.00
848,357.364,S1,1000.00,50,sell,T-034,T-030,1000.00,2500.00
849,357.487,S1,1000.00,100,sell,T-034,T-009,1000.00,2500.00
850,357.548,S1,1000.00,100,sell,T-034,T-009,1000.00,2500.00
851,357.761,S1,1000.00,100,sell,T-034,T-009,1000.00,2500.00
852,357.914,S1,1000.00,50,sell,T-034,T-030,1000.00,2500.00
853,357.994,S1,1000.00,100,sell,T-034,T-009,1000.00,2500.00
854,358.254,S1,1000.00,100,sell,T-034,T-009,1000.00,2500.00
855,358.425,S1,1000.00,50,sell,T-034,T-030,1000.00,2500.00
856,358.475,S1,1000.00,100,sell,T-034,T-009,1000.00,2500.00
857,358.694,S1,1000.00,100,sell,T-034,T-009,1000.00,2500.00
858,358.918,S1,1000.00,2,sell,T-034,T-009,1000.00,2500.00
859,358.918,S1,900.00,98,sell,T-003,T-009,1000.00,2500.00
860,358.979,S1,900.00,50,sell,T-003,T-030,900.00,2500.00
861,359.120,S1,900.00,100,sell,T-003,T-009,900.00,2500.00
862,359.334,S1,900.00,100,sell,T-003,T-009,900.00,2500.00
863,359.558,S1,900.00,100,sell,T-003,T-009,900.00,2500.00
864,359.681,S1,900.00,50,sell,T-003,T-030,900.00,2500.00
865,359.781,S1,900.00,100,sell,T-003,T-009,900.00,2500.00
866,359.992,S1,900.00,100,sell,T-003,T-009,900.00,2500.00
867,360.193,S1,900.00,100,sell,T-003,T-009,900.00,2500.00
868,360.386,S1,900.00,50,sell,T-003,T-030,900.00,2500.00
869,360.406,S1,900.00,100,sell,T-003,T-009,900.00,2500.00
870,360.618,S1,900.00,52,sell,T-003,T-009,900.00,2500.00
871,360.618,S1,810.00,48,sell,T-026,T-009,900.00,2500.00
872,360.810,S1,810.00,100,sell,T-026,T-009,810.00,2500.00
873,360.830,S1,810.00,50,sell,T-026,T-030,810.00,2500.00
874,361.013,S1,810.00,100,sell,T-026,T-009,810.00,2500.00
875,361.215,S1,810.00,100,sell,T-026,T-009,810.00,2500.00
876,361.479,S1,810.00,100,sell,T-026,T-009,810.00,2500.00
877,361.748,S1,810.00,100,sell,T-026,T-009,810.00,2500.00
878,362.097,S1,810.00,100,sell,T-026,T-009,810.00,2500.00
879,362.138,S1,810.00,28,sell,T-026,T-009,810.00,2500.00
880,362.138,S1,500.00,72,sell,T-032,T-009,810.00,2500.00
881,362.568,S1,500.00,28,sell,T-032,T-009,500.00,2500.00
882,362.568,S1,500.00,10,sell,T-032,T-009,500.00,2500.00
883,362.568,S1,500.00,10,sell,T-032,T-009,500.00,2500.00
884,362.568,S1,200.00,52,sell,T-003,T-009,500.00,2500.00
885,362.568,S1,200.00,100,sell,T-003,T-009,200.00,2500.00
886,363.133,S1,200.00,100,sell,T-003,T-009,200.00,2500.00
887,363.133,S1,200.00,100,sell,T-003,T-009,200.00,2500.00
888,363.708,S1,2500.00,250,buy,T-035,T-013,200.00,2500.00
889,363.708,S1,3000.00,750,buy,T-035,T-003,200.00,2500.00
890,363.849,S1,200.00,100,sell,T-003,T-009,200.00,3000.00
891,364.851,S1,200.00,100,sell,T-003,T-009,200.00,3000.00
892,364.851,S1,200.00,100,sell,T-003,T-009,200.00,3000.00
893,364.851,S1,200.00,100,sell,T-003,T-009,200.00,3000.00
894,364.881,S1,200.00,100,sell,T-003,T-009,200.00,3000.00
895,364.890,S1,200.00,100,sell,T-003,T-009,200.00,3000.00
896,364.890,S1,200.00,48,sell,T-003,T-009,200.00,3000.00
897,364.890,S1,110.00,52,sell,T-026,T-009,200.00,3000.00
898,366.817,S1,110.00,100,sell,T-026,T-009,110.00,3000.00
899,367.159,S1,110.00,848,sell,T-026,T-006,110.00,3000.00
900,367.159,S1,105.00,100,sell,T-026,T-006,110.00,3000.00
901,367.159,S1,100.00,52,sell,T-025,T-006,110.00,3000.00
902,370.476,S1,3000.00,100,buy,T-041,T-003,300.00,3000.00
903,374.637,S1,350.00,50,sell,T-010,T-030,350.00,2750.00
904,374.881,S1,350.00,50,sell,T-010,T-030,350.00,2750.00
905,375.063,S1,350.00,50,sell,T-010,T-030,350.00,2750.00
906,375.325,S1,350.00,50,sell,T-010,T-030,350.00,2750.00
907,375.597,S1,350.00,50,sell,T-010,T-030,350.00,2750.00
908,375.812,S1,350.00,50,sell,T-010,T-030,350.00,2750.00
909,376.022,S1,350.00,50,sell,T-010,T-030,350.00,2700.00
910,376.234,S1,350.00,50,sell,T-010,T-030,350.00,2700.00
911,376.449,S1,350.00,50,sell,T-010,T-030,350.00,2700.00
912,376.685,S1,350.00,50,sell,T-010,T-030,350.00,2700.00
913,377.355,S1,350.00,50,sell,T-010,T-030,350.00,2700.00
914,377.600,S1,350.00,50,sell,T-010,T-030,350.00,2700.00
915,377.832,S1,350.00,50,sell,T-010,T-030,350.00,2700.00
916,378.043,S1,350.00,50,sell,T-010,T-030,350.00,2700.00
917,378.275,S1,500.00,50,sell,T-003,T-030,500.00,2700.00
918,378.497,S1,500.00,50,sell,T-003,T-030,500.00,2700.00
919,378.720,S1,500.00,50,sell,T-003,T-030,500.00,2700.00
920,378.921,S1,500.00,50,sell,T-003,T-030,500.00,2700.00
921,379.150,S1,500.00,50,sell,T-003,T-030,500.00,2700.00
922,379.365,S1,500.00,50,sell,T-003,T-030,500.00,2700.00
923,379.566,S1,700.00,50,sell,T-040,T-030,700.00,2700.00
924,379.586,S1,2700.00,100,buy,T-035,T-038,700.00,2700.00
925,379.586,S1,2750.00,900,buy,T-035,T-015,700.00,2700.00
926,379.757,S1,700.00,50,sell,T-040,T-030,700.00,2750.00
927,381.757,S1,2500.00,100,buy,T-009,T-013,500.00,2500.00
928,381.910,S1,2500.00,100,buy,T-041,T-013,500.00,2500.00
929,387.574,S1,500.00,50,sell,T-003,T-030,500.00,1500.00
930,387.744,S1,500.00,40,sell,T-003,T-014,500.00,1500.00
931,388.250,S1,500.00,50,sell,T-003,T-030,500.00,1500.00
932,388.767,S1,500.00,50,sell,T-003,T-030,500.00,1500.00
933,389.171,S1,500.00,50,sell,T-003,T-030,500.00,1500.00
934,389.591,S1,500.00,50,sell,T-003,T-030,500.00,1500.00
935,389.924,S1,500.00,50,sell,T-003,T-030,500.00,1500.00
936,390.266,S1,500.00,50,sell,T-003,T-030,500.00,1500.00
937,390.459,S1,1500.00,100,buy,T-041,T-003,500.00,1500.00
938,390.630,S1,500.00,50,sell,T-003,T-030,500.00,1500.00
939,392.438,S1,1500.00,100,buy,T-041,T-003,500.00,1500.00
940,393.410,S1,1500.00,100,buy,T-041,T-003,500.00,1500.00
941,394.738,S1,600.00,1,buy,T-041,T-034,500.00,600.00
942,394.738,S1,1500.00,99,buy,T-041,T-003,500.00,600.00
943,395.967,S1,1500.00,100,buy,T-041,T-003,500.00,1500.00
944,398.065,S1,600.00,1,buy,T-041,T-034,500.00,600.00
945,398.065,S1,1500.00,99,buy,T-041,T-003,500.00,600.00
946,398.856,S1,1500.00,100,buy,T-041,T-003,500.00,1500.00
947,399.543,S1,1500.00,100,buy,T-041,T-003,500.00,1500.00
948,400.169,S1,1500.00,100,buy,T-041,T-003,500.00,1500.00
949,401.205,S1,1500.00,100,buy,T-041,T-003,500.00,1500.00
950,402.250,S1,1500.00,2,buy,T-041,T-003,550.00,1500.00
951,402.250,S1,1500.00,98,buy,T-041,T-003,550.00,1500.00
952,402.900,S1,1500.00,100,buy,T-041,T-003,550.00,1500.00
953,403.991,S1,1500.00,100,buy,T-041,T-003,700.00,1500.00
954,407.485,S1,700.00,10,sell,T-007,T-030,700.00,1400.00
955,407.485,S1,700.00,10,sell,T-007,T-030,700.00,1400.00
956,407.485,S1,700.00,10,sell,T-007,T-030,700.00,1400.00
957,407.485,S1,700.00,10,sell,T-007,T-030,700.00,1400.00
958,407.485,S1,700.00,10,sell,T-007,T-030,700.00,1400.00
959,408.387,S1,700.00,10,sell,T-007,T-030,700.00,1000.00
960,408.387,S1,700.00,10,sell,T-007,T-030,700.00,1000.00
961,408.387,S1,700.00,10,sell,T-007,T-030,700.00,1000.00
962,408.387,S1,700.00,10,sell,T-007,T-030,700.00,1000.00
963,408.387,S1,700.00,10,sell,T-007,T-030,700.00,1000.00
964,408.829,S1,700.00,10,sell,T-007,T-030,700.00,1000.00
965,408.829,S1,700.00,10,sell,T-007,T-030,700.00,1000.00
966,408.829,S1,700.00,10,sell,T-007,T-030,700.00,1000.00
967,408.829,S1,700.00,10,sell,T-007,T-030,700.00,1000.00
968,408.829,S1,550.00,10,sell,T-012,T-030,700.00,1000.00
969,409.220,S1,550.00,50,sell,T-012,T-030,550.00,1000.00
970,409.625,S1,550.00,50,sell,T-012,T-030,550.00,1000.00
971,410.017,S1,550.00,50,sell,T-012,T-030,550.00,1000.00
972,410.374,S1,550.00,50,sell,T-012,T-030,550.00,1000.00
973,410.934,S1,550.00,50,sell,T-012,T-030,550.00,1000.00
974,410.974,S1,1000.00,1000,buy,T-035,T-023,550.00,1000.00
975,411.146,S1,550.00,50,sell,T-012,T-030,550.00,1000.00
976,411.652,S1,550.00,50,sell,T-012,T-030,550.00,1000.00
977,411.831,S1,550.00,50,sell,T-012,T-030,550.00,1000.00
978,412.044,S1,550.00,10,sell,T-012,T-006,550.00,1000.00
979,416.067,S1,700.00,40,sell,T-010,T-014,700.00,1000.00
980,417.643,S1,1000.00,100,buy,T-041,T-023,700.00,1000.00
981,417.815,S1,1000.00,100,buy,T-041,T-023,700.00,1000.00
982,418.003,S1,1000.00,100,buy,T-041,T-023,700.00,1000.00
983,418.145,S1,1000.00,100,buy,T-041,T-023,700.00,1000.00
984,418.295,S1,1000.00,100,buy,T-041,T-023,700.00,1000.00
985,418.508,S1,1000.00,100,buy,T-041,T-023,700.00,1000.00
986,418.599,S1,1000.00,100,buy,T-041,T-023,700.00,1000.00
987,418.749,S1,1000.00,100,buy,T-041,T-023,700.00,1000.00
988,418.901,S1,1000.00,100,buy,T-041,T-023,700.00,1000.00
989,419.184,S1,1000.00,100,buy,T-041,T-023,700.00,1000.00
990,419.355,S1,1400.00,100,buy,T-041,T-013,700.00,1400.00
991,419.557,S1,1400.00,100,buy,T-041,T-013,700.00,1400.00
992,419.636,S1,1400.00,50,buy,T-041,T-013,700.00,1400.00
993,419.636,S1,1500.00,50,buy,T-041,T-003,700.00,1400.00
994,419.789,S1,900.00,100,buy,T-041,T-038,700.00,900.00
995,419.930,S1,1500.00,100,buy,T-041,T-003,700.00,1500.00
996,420.083,S1,1500.00,100,buy,T-041,T-003,700.00,1500.00
997,420.225,S1,1500.00,100,buy,T-041,T-003,700.00,1500.00
998,420.366,S1,1500.00,100,buy,T-041,T-003,700.00,1500.00
999,423.870,S1,1000.00,10,buy,T-041,T-006,700.00,1000.00
1000,423.870,S1,1500.00,90,buy,T-041,T-003,700.00,1000.00
1001,424.053,S1,700.00,40,sell,T-010,T-014,700.00,1500.00
1002,424.153,S1,1500.00,100,buy,T-041,T-003,700.00,1500.00
1003,424.284,S1,1500.00,62,buy,T-041,T-003,700.00,1500.00
1004,424.284,S1,1500.00,38,buy,T-041,T-003,700.00,1500.00
1005,424.422,S1,1500.00,100,buy,T-041,T-003,700.00,1500.00
1006,424.543,S1,1500.00,100,buy,T-041,T-003,700.00,1500.00
1007,424.684,S1,1500.00,100,buy,T-041,T-003,700.00,1500.00
1008,424.825,S1,1500.00,100,buy,T-041,T-003,700.00,1500.00
1009,424.945,S1,1500.00,100,buy,T-041,T-003,700.00,1500.00
1010,425.067,S1,1500.00,100,buy,T-041,T-003,700.00,1500.00
1011,425.322,S1,1500.00,100,buy,T-041,T-003,700.00,1500.00
1012,425.445,S1,1500.00,100,buy,T-041,T-003,700.00,1500.00
1013,425.578,S1,1500.00,100,buy,T-041,T-003,700.00,1500.00
1014,425.721,S1,1500.00,62,buy,T-041,T-003,700.00,1500.00
1015,425.721,S1,1500.00,38,buy,T-041,T-003,700.00,1500.00
1016,425.851,S1,1500.00,100,buy,T-041,T-003,700.00,1500.00
1017,425.982,S1,1500.00,100,buy,T-041,T-003,700.00,1500.00
1018,426.113,S1,1500.00,100,buy,T-041,T-003,700.00,1500.00
1019,426.244,S1,1500.00,100,buy,T-041,T-003,700.00,1500.00
1020,426.508,S1,1500.00,100,buy,T-041,T-003,700.00,1500.00
1021,426.628,S1,1500.00,100,buy,T-041,T-003,700.00,1500.00
1022,426.769,S1,1500.00,100,buy,T-041,T-003,700.00,1500.00
1023,426.993,S1,1500.00,100,buy,T-041,T-003,700.00,1500.00
1024,429.512,S1,700.00,1,sell,T-010,T-011,700.00,900.00
1025,431.653,S1,700.00,40,sell,T-010,T-014,700.00,900.00
1026,439.674,S1,800.00,40,sell,T-023,T-014,800.00,900.00
1027,446.606,S1,800.00,100,sell,T-023,T-041,800.00,1300.00
1028,447.423,S1,800.00,350,sell,T-023,T-030,800.00,1300.00
1029,447.866,S1,1300.00,100,buy,T-010,T-038,800.00,1300.00
1030,447.866,S1,1400.00,350,buy,T-010,T-013,800.00,1300.00
1031,447.866,S1,1450.00,500,buy,T-010,T-015,800.00,1300.00
1032,447.866,S1,1500.00,50,buy,T-010,T-003,800.00,1300.00
1033,450.515,S1,800.00,350,sell,T-023,T-030,800.00,1500.00
1034,451.172,S1,800.00,100,sell,T-023,T-041,800.00,1500.00
1035,451.243,S1,800.00,60,sell,T-023,T-030,800.00,1500.00
1036,451.243,S1,800.00,290,sell,T-023,T-030,800.00,1500.00
1037,454.530,S1,1300.00,100,buy,T-010,T-038,900.00,1300.00
1038,454.530,S1,1500.00,112,buy,T-010,T-003,900.00,1300.00
1039,454.530,S1,1500.00,788,buy,T-010,T-003,900.00,1300.00
1040,456.075,S1,950.00,100,sell,T-039,T-041,950.00,1500.00
1041,457.440,S1,950.00,100,sell,T-039,T-041,950.00,1500.00
1042,457.742,S1,950.00,350,sell,T-039,T-030,950.00,1500.00
1043,458.891,S1,1500.00,100,buy,T-034,T-003,950.00,1500.00
1044,459.885,S1,1300.00,100,buy,T-034,T-038,950.00,1300.00
1045,460.338,S1,1500.00,112,buy,T-030,T-003,950.00,1500.00
1046,460.338,S1,1500.00,238,buy,T-030,T-001,950.00,1500.00
1047,460.705,S1,1500.00,350,buy,T-030,T-001,950.00,1500.00
1048,460.959,S1,1500.00,350,buy,T-030,T-001,950.00,1500.00
1049,461.200,S1,1500.00,62,buy,T-030,T-001,950.00,1500.00
1050,461.200,S1,1599.00,288,buy,T-030,T-015,950.00,1500.00
1051,461.425,S1,1599.00,212,buy,T-030,T-015,950.00,1599.00
1052,461.425,S1,1600.00,1,buy,T-030,T-021,950.00,1599.00
1053,461.425,S1,1700.00,137,buy,T-030,T-033,950.00,1599.00
1054,461.667,S1,1700.00,350,buy,T-030,T-033,950.00,1700.00
1055,461.981,S1,1700.00,100,buy,T-034,T-033,950.00,1700.00
1056,462.779,S1,1700.00,350,buy,T-030,T-033,950.00,1700.00
1057,463.280,S1,1700.00,63,buy,T-030,T-033,950.00,1700.00
1058,463.280,S1,2000.00,5,buy,T-030,T-021,950.00,1700.00
1059,463.280,S1,2499.99,282,buy,T-030,T-015,950.00,1700.00
1060,463.930,S1,1300.00,100,buy,T-030,T-038,950.00,1300.00
1061,463.930,S1,2499.99,250,buy,T-030,T-015,950.00,1300.00
1062,464.415,S1,2499.99,350,buy,T-030,T-015,950.00,2499.99
1063,464.810,S1,950.00,40,sell,T-039,T-014,950.00,2499.99
1064,466.924,S1,1000.00,40,sell,T-010,T-014,1000.00,2499.99
1065,470.775,S1,1750.00,150,buy,T-030,T-013,1200.00,1750.00
1066,470.775,S1,2499.99,118,buy,T-030,T-015,1200.00,1750.00
1067,470.775,S1,2500.00,50,buy,T-030,T-004,1200.00,1750.00
1068,470.775,S1,2700.00,32,buy,T-030,T-038,1200.00,1750.00
1069,471.299,S1,2700.00,68,buy,T-030,T-038,1200.00,2700.00
1070,471.299,S1,2750.00,100,buy,T-030,T-015,1200.00,2700.00
1071,471.299,S1,3000.00,150,buy,T-030,T-003,1200.00,2700.00
1072,471.299,S1,3000.00,5,buy,T-030,T-021,1200.00,2700.00
1073,471.299,S1,3000.00,27,buy,T-030,T-026,1200.00,2700.00
1074,473.433,S1,1200.00,10,sell,T-039,T-041,1200.00,3000.00
1075,474.602,S1,1200.00,10,sell,T-039,T-041,1200.00,3000.00
1076,475.847,S1,1200.00,10,sell,T-039,T-041,1200.00,3000.00
1077,477.347,S1,1200.00,10,sell,T-039,T-041,1200.00,3000.00
1078,477.499,S1,1200.00,350,sell,T-039,T-030,1200.00,3000.00
1079,479.808,S1,1500.00,350,sell,T-003,T-030,1500.00,3000.00
1080,480.375,S1,1500.00,1,sell,T-003,T-041,1500.00,3000.00
1081,480.508,S1,1500.00,1,sell,T-003,T-041,1500.00,3000.00
1082,480.709,S1,1500.00,1,sell,T-003,T-041,1500.00,3000.00
1083,480.892,S1,1500.00,1,sell,T-003,T-041,1500.00,3000.00
1084,480.992,S1,1500.00,350,sell,T-003,T-030,1500.00,3000.00
1085,481.072,S1,1500.00,1,sell,T-003,T-041,1500.00,3000.00
1086,481.235,S1,1500.00,1,sell,T-003,T-041,1500.00,3000.00
1087,481.417,S1,1500.00,1,sell,T-003,T-041,1500.00,3000.00
1088,481.567,S1,1500.00,1,sell,T-003,T-041,1500.00,3000.00
1089,481.720,S1,1500.00,1,sell,T-003,T-041,1500.00,3000.00
1090,481.942,S1,1500.00,1,sell,T-003,T-041,1500.00,3000.00
1091,482.053,S1,1500.00,1,sell,T-003,T-041,1500.00,3000.00
1092,482.220,S1,1500.00,1,sell,T-003,T-041,1500.00,3000.00
1093,482.373,S1,1500.00,1,sell,T-003,T-041,1500.00,3000.00
1094,482.535,S1,1500.00,1,sell,T-003,T-041,1500.00,3000.00
1095,482.698,S1,1500.00,1,sell,T-003,T-041,1500.00,3000.00
1096,482.860,S1,1500.00,1,sell,T-003,T-041,1500.00,3000.00
1097,483.016,S1,1500.00,1,sell,T-003,T-041,1500.00,3000.00
1098,483.170,S1,1500.00,1,sell,T-003,T-041,1500.00,3000.00
1099,483.332,S1,1500.00,1,sell,T-003,T-041,1500.00,3000.00
1100,483.513,S1,1500.00,1,sell,T-003,T-041,1500.00,3000.00
1101,483.647,S1,1500.00,1,sell,T-003,T-041,1500.00,3000.00
1102,483.811,S1,1500.00,1,sell,T-003,T-041,1500.00,3000.00
1103,484.040,S1,1500.00,1,sell,T-003,T-041,1500.00,3000.00
1104,484.134,S1,1500.00,1,sell,T-003,T-041,1500.00,3000.00
1105,484.297,S1,1500.00,1,sell,T-003,T-041,1500.00,3000.00
1106,489.805,S1,1700.00,1,sell,T-039,T-041,1700.00,2500.00
1107,489.987,S1,1700.00,1,sell,T-039,T-041,1700.00,2500.00
1108,490.181,S1,1700.00,1,sell,T-039,T-041,1700.00,2500.00
1109,490.333,S1,1700.00,1,sell,T-039,T-041,1700.00,2500.00
1110,490.517,S1,1700.00,1,sell,T-039,T-041,1700.00,2500.00
1111,490.669,S1,1700.00,1,sell,T-039,T-041,1700.00,2500.00
1112,491.019,S1,1700.00,1,sell,T-039,T-041,1700.00,2500.00
1113,491.219,S1,1700.00,1,sell,T-039,T-041,1700.00,2500.00
1114,491.381,S1,1700.00,1,sell,T-039,T-041,1700.00,2500.00
1115,491.542,S1,1700.00,1,sell,T-039,T-041,1700.00,2500.00
1116,491.714,S1,1700.00,1,sell,T-039,T-041,1700.00,2500.00
1117,491.907,S1,1700.00,1,sell,T-039,T-041,1700.00,2500.00
1118,492.059,S1,1700.00,1,sell,T-039,T-041,1700.00,2500.00
1119,492.089,S1,2500.00,350,buy,T-030,T-003,1700.00,2500.00
1120,492.210,S1,1700.00,1,sell,T-039,T-041,1700.00,2500.00
1121,492.432,S1,1700.00,1,sell,T-039,T-041,1700.00,2500.00
1122,492.554,S1,1700.00,1,sell,T-039,T-041,1700.00,2500.00
1123,492.728,S1,1700.00,1,sell,T-039,T-041,1700.00,2500.00
1124,492.960,S1,1700.00,1,sell,T-039,T-041,1700.00,2500.00
1125,493.422,S1,2500.00,350,buy,T-030,T-003,1700.00,2500.00
1126,494.000,S1,2500.00,300,buy,T-030,T-003,1700.00,2500.00
1127,494.000,S1,2500.00,50,buy,T-030,T-003,1700.00,2500.00
1128,496.155,S1,2500.00,350,buy,T-030,T-003,1900.00,2500.00
1129,496.680,S1,2500.00,350,buy,T-030,T-003,1900.00,2500.00
1130,497.144,S1,1900.00,1,sell,T-003,T-041,1900.00,2500.00
1131,497.321,S1,1900.00,1,sell,T-003,T-041,1900.00,2500.00
1132,497.514,S1,1900.00,1,sell,T-003,T-041,1900.00,2500.00
1133,497.707,S1,1900.00,1,sell,T-003,T-041,1900.00,2500.00
1134,497.896,S1,1900.00,1,sell,T-003,T-041,1900.00,2500.00
1135,498.079,S1,1900.00,1,sell,T-003,T-041,1900.00,2500.00
1136,498.290,S1,1900.00,1,sell,T-003,T-041,1900.00,2500.00
1137,498.472,S1,1900.00,1,sell,T-003,T-041,1900.00,2500.00
1138,498.725,S1,1900.00,1,sell,T-003,T-041,1900.00,2500.00
1139,498.866,S1,1900.00,1,sell,T-003,T-041,1900.00,2500.00
1140,498.925,S1,2500.00,250,buy,T-030,T-003,1900.00,2500.00
1141,498.925,S1,2999.00,100,buy,T-030,T-001,1900.00,2500.00
1142,499.057,S1,1900.00,1,sell,T-003,T-041,1900.00,2999.00
1143,499.249,S1,1900.00,1,sell,T-003,T-041,1900.00,2999.00
1144,499.454,S1,1900.00,1,sell,T-003,T-041,1900.00,2999.00
1145,499.675,S1,1900.00,1,sell,T-003,T-041,1900.00,2999.00
1146,499.867,S1,1900.00,1,sell,T-003,T-041,1900.00,2999.00
1147,499.998,S1,2999.00,350,buy,T-030,T-001,1900.00,2999.00
1148,500.088,S1,1900.00,1,sell,T-003,T-041,1900.00,2999.00
1149,500.294,S1,1900.00,1,sell,T-003,T-041,1900.00,2999.00
1150,500.486,S1,1900.00,1,sell,T-003,T-041,1900.00,2999.00
1151,500.689,S1,1900.00,1,sell,T-003,T-041,1900.00,2999.00
1152,500.901,S1,1900.00,1,sell,T-003,T-041,1900.00,2999.00
1153,501.104,S1,1900.00,1,sell,T-003,T-041,1900.00,2999.00
1154,501.396,S1,1900.00,1,sell,T-003,T-041,1900.00,2999.00
1155,501.496,S1,2999.00,350,buy,T-030,T-001,1900.00,2999.00
1156,501.597,S1,1900.00,1,sell,T-003,T-041,1900.00,2999.00
1157,501.865,S1,1900.00,1,sell,T-003,T-041,1900.00,2999.00
1158,501.875,S1,2999.00,200,buy,T-030,T-001,1900.00,2999.00
1159,501.875,S1,3000.00,150,buy,T-030,T-026,1900.00,2999.00
1160,502.007,S1,1900.00,1,sell,T-003,T-041,1900.00,3000.00
1161,502.170,S1,3000.00,350,buy,T-030,T-026,1900.00,3000.00
1162,502.220,S1,1900.00,1,sell,T-003,T-041,1900.00,3000.00
1163,502.431,S1,1900.00,1,sell,T-003,T-041,1900.00,3000.00
1164,502.633,S1,1900.00,1,sell,T-003,T-041,1900.00,3000.00
1165,502.774,S1,3000.00,350,buy,T-030,T-026,1900.00,3000.00
1166,502.916,S1,1900.00,1,sell,T-003,T-041,1900.00,3000.00
1167,503.046,S1,1900.00,1,sell,T-003,T-041,1900.00,3000.00
1168,503.250,S1,1900.00,1,sell,T-003,T-041,1900.00,3000.00
1169,503.435,S1,1900.00,1,sell,T-003,T-041,1900.00,3000.00
1170,503.652,S1,1900.00,1,sell,T-003,T-041,1900.00,3000.00
1171,503.966,S1,1900.00,1,sell,T-003,T-041,1900.00,3000.00
1172,504.098,S1,1900.00,1,sell,T-003,T-041,1900.00,3000.00
1173,504.331,S1,1900.00,1,sell,T-003,T-041,1900.00,3000.00
1174,504.591,S1,1900.00,1,sell,T-003,T-041,1900.00,3000.00
1175,504.826,S1,1900.00,1,sell,T-003,T-041,1900.00,3000.00
1176,505.026,S1,1900.00,1,sell,T-003,T-041,1900.00,3000.00
1177,505.250,S1,1900.00,1,sell,T-003,T-041,1900.00,3000.00
1178,505.442,S1,1900.00,1,sell,T-003,T-041,1900.00,3000.00
1179,505.643,S1,1900.00,1,sell,T-003,T-041,1900.00,3000.00
1180,505.835,S1,1900.00,1,sell,T-003,T-041,1900.00,3000.00
1181,508.203,S1,1900.00,350,sell,T-003,T-030,1900.00,3000.00
1182,508.465,S1,1900.00,607,sell,T-003,T-033,1900.00,3000.00
1183,508.465,S1,1900.00,353,sell,T-003,T-033,1900.00,3000.00
1184,509.012,S1,1900.00,350,sell,T-003,T-030,1900.00,3000.00
1185,509.571,S1,1900.00,297,sell,T-003,T-030,1900.00,3000.00
1186,509.571,S1,1900.00,53,sell,T-003,T-030,1900.00,3000.00
1187,510.134,S1,1900.00,350,sell,T-003,T-030,1900.00,3000.00
1188,510.767,S1,1900.00,350,sell,T-003,T-030,1900.00,3000.00
1189,511.270,S1,1900.00,247,sell,T-003,T-030,1900.00,3000.00
1190,511.270,S1,1700.00,103,sell,T-039,T-030,1900.00,3000.00
1191,511.726,S1,1700.00,350,sell,T-039,T-030,1700.00,3000.00
1192,513.093,S1,1700.00,350,sell,T-039,T-030,1700.00,3000.00
1193,513.858,S1,1700.00,179,sell,T-039,T-030,1700.00,2700.00
1194,513.858,S1,1500.00,171,sell,T-003,T-030,1700.00,2700.00
1195,514.283,S1,1500.00,104,sell,T-003,T-030,1500.00,2700.00
1196,514.283,S1,1500.00,246,sell,T-003,T-030,1500.00,2700.00
1197,514.506,S1,1500.00,350,sell,T-003,T-030,1500.00,2700.00
1198,514.739,S1,1500.00,350,sell,T-003,T-030,1500.00,2700.00
1199,515.327,S1,1500.00,54,sell,T-003,T-030,1500.00,2700.00
1200,515.327,S1,1500.00,296,sell,T-015,T-030,1500.00,2700.00
1201,515.569,S1,1500.00,350,sell,T-015,T-030,1500.00,2700.00
1202,515.790,S1,1500.00,4,sell,T-015,T-030,1500.00,2700.00
1203,515.790,S1,1300.00,346,sell,T-015,T-030,1500.00,2700.00
1204,516.314,S1,1300.00,350,sell,T-015,T-030,1300.00,2700.00
1205,527.044,S1,1400.00,900,sell,T-039,T-030,1400.00,2700.00
1206,527.997,S1,1400.00,100,sell,T-039,T-030,1400.00,2700.00
1207,527.997,S1,1300.00,304,sell,T-015,T-030,1400.00,2700.00
1208,527.997,S1,1000.00,25,sell,T-032,T-030,1400.00,2700.00
1209,527.997,S1,1000.00,471,sell,T-036,T-030,1400.00,2700.00
1210,528.440,S1,1500.00,900,sell,T-001,T-030,1500.00,2700.00
1211,528.949,S1,1500.00,100,sell,T-001,T-030,1500.00,2700.00
1212,528.949,S1,1000.00,529,sell,T-036,T-030,1500.00,2700.00
1213,528.949,S1,1000.00,271,sell,T-003,T-030,1500.00,2700.00
1214,529.362,S1,1000.00,729,sell,T-003,T-030,1000.00,2700.00
1215,529.362,S1,1000.00,171,sell,T-003,T-030,1000.00,2700.00
1216,530.109,S1,1000.00,829,sell,T-003,T-030,1000.00,2700.00
1217,530.109,S1,1000.00,71,sell,T-003,T-030,1000.00,2700.00
1218,530.396,S1,1000.00,900,sell,T-003,T-030,1000.00,2700.00
1219,530.591,S1,1000.00,29,sell,T-003,T-030,1000.00,2700.00
1220,530.591,S1,1000.00,871,sell,T-003,T-030,1000.00,2700.00
1221,530.938,S1,1000.00,129,sell,T-003,T-030,1000.00,2700.00
1222,530.938,S1,1000.00,771,sell,T-003,T-030,1000.00,2700.00
1223,531.109,S1,1000.00,229,sell,T-003,T-030,1000.00,2700.00
1224,531.109,S1,1000.00,671,sell,T-003,T-030,1000.00,2700.00
1225,531.433,S1,1000.00,329,sell,T-003,T-030,1000.00,2700.00
1226,531.433,S1,1000.00,571,sell,T-003,T-030,1000.00,2700.00
1227,531.616,S1,1000.00,429,sell,T-003,T-030,1000.00,2700.00
1228,531.616,S1,1000.00,471,sell,T-003,T-030,1000.00,2700.00
1229,531.751,S1,2700.00,500,buy,T-018,T-028,1000.00,2700.00
1230,531.751,S1,3000.00,100,buy,T-018,T-038,1000.00,2700.00
1231,531.751,S1,3000.00,400,buy,T-018,T-005,1000.00,2700.00
1232,531.791,S1,1000.00,529,sell,T-003,T-030,1000.00,3000.00
1233,531.791,S1,900.00,371,sell,T-003,T-030,1000.00,3000.00
1234,531.956,S1,900.00,629,sell,T-003,T-030,900.00,3000.00
1235,531.956,S1,900.00,271,sell,T-003,T-030,900.00,3000.00
1236,532.137,S1,900.00,729,sell,T-003,T-030,900.00,3000.00
1237,532.137,S1,800.00,171,sell,T-023,T-030,900.00,3000.00
1238,532.311,S1,800.00,539,sell,T-023,T-030,800.00,3000.00
1239,532.311,S1,700.00,361,sell,T-010,T-030,800.00,3000.00
1240,532.491,S1,700.00,518,sell,T-010,T-030,700.00,3000.00
1241,532.491,S1,700.00,10,sell,T-007,T-030,700.00,3000.00
1242,532.491,S1,700.00,10,sell,T-007,T-030,700.00,3000.00
1243,532.491,S1,700.00,10,sell,T-007,T-030,700.00,3000.00
1244,532.491,S1,700.00,10,sell,T-007,T-030,700.00,3000.00
1245,532.491,S1,700.00,10,sell,T-007,T-030,700.00,3000.00
1246,532.491,S1,700.00,10,sell,T-007,T-030,700.00,3000.00
1247,532.491,S1,700.00,10,sell,T-007,T-030,700.00,3000.00
1248,532.491,S1,700.00,10,sell,T-007,T-030,700.00,3000.00
1249,532.491,S1,700.00,10,sell,T-007,T-030,700.00,3000.00
1250,532.491,S1,700.00,10,sell,T-007,T-030,700.00,3000.00
1251,532.491,S1,700.00,10,sell,T-007,T-030,700.00,3000.00
1252,532.491,S1,700.00,10,sell,T-007,T-030,700.00,3000.00
1253,532.491,S1,700.00,10,sell,T-007,T-030,700.00,3000.00
1254,532.491,S1,700.00,10,sell,T-007,T-030,700.00,3000.00
1255,532.491,S1,700.00,10,sell,T-007,T-030,700.00,3000.00
1256,532.491,S1,700.00,10,sell,T-007,T-030,700.00,3000.00
1257,532.491,S1,700.00,10,sell,T-007,T-030,700.00,3000.00
1258,532.491,S1,700.00,10,sell,T-007,T-030,700.00,3000.00
1259,532.491,S1,700.00,10,sell,T-007,T-030,700.00,3000.00
1260,532.491,S1,700.00,10,sell,T-007,T-030,700.00,3000.00
1261,532.491,S1,700.00,10,sell,T-007,T-030,700.00,3000.00
1262,532.491,S1,700.00,10,sell,T-007,T-030,700.00,3000.00
1263,532.491,S1,700.00,10,sell,T-007,T-030,700.00,3000.00
1264,532.491,S1,700.00,10,sell,T-007,T-030,700.00,3000.00
1265,532.491,S1,700.00,10,sell,T-007,T-030,700.00,3000.00
1266,532.491,S1,700.00,10,sell,T-007,T-030,700.00,3000.00
1267,532.491,S1,700.00,10,sell,T-007,T-030,700.00,3000.00
1268,532.491,S1,700.00,10,sell,T-007,T-030,700.00,3000.00
1269,532.491,S1,700.00,10,sell,T-007,T-030,700.00,3000.00
1270,532.491,S1,560.00,92,sell,T-028,T-030,700.00,3000.00
1271,532.521,S1,3000.00,100,buy,T-018,T-005,560.00,3000.00
1272,532.521,S1,3000.00,25,buy,T-018,T-032,560.00,3000.00
1273,532.521,S1,3000.00,250,buy,T-018,T-013,560.00,3000.00
1274,532.521,S1,3000.00,625,buy,T-018,T-015,560.00,3000.00
1275,532.663,S1,560.00,408,sell,T-028,T-030,560.00,3000.00
1276,532.663,S1,550.00,80,sell,T-012,T-030,560.00,3000.00
1277,532.663,S1,500.00,260,sell,T-003,T-030,560.00,3000.00
1278,532.663,S1,500.00,152,sell,T-003,T-030,560.00,3000.00
1279,532.834,S1,500.00,848,sell,T-003,T-030,500.00,2500.00
1280,532.834,S1,500.00,52,sell,T-003,T-030,500.00,2500.00
1281,533.007,S1,500.00,900,sell,T-003,T-030,500.00,2500.00
1282,533.191,S1,500.00,48,sell,T-003,T-030,500.00,2500.00
1283,533.191,S1,500.00,852,sell,T-003,T-030,500.00,2500.00
1284,533.369,S1,500.00,148,sell,T-003,T-030,500.00,2500.00
1285,533.369,S1,500.00,752,sell,T-003,T-030,500.00,2500.00
1286,533.379,S1,2500.00,1000,buy,T-018,T-003,500.00,2500.00
1287,533.570,S1,2500.00,100,buy,T-011,T-003,500.00,2500.00
1288,533.570,S1,500.00,248,sell,T-003,T-030,500.00,2500.00
1289,533.570,S1,500.00,500,sell,T-026,T-030,500.00,2500.00
1290,533.570,S1,500.00,152,sell,T-025,T-030,500.00,2500.00
1291,533.760,S1,500.00,848,sell,T-025,T-030,500.00,2500.00
1292,533.760,S1,350.00,52,sell,T-010,T-030,500.00,2500.00
1293,534.114,S1,350.00,248,sell,T-010,T-030,350.00,2500.00
1294,534.114,S1,350.00,652,sell,T-010,T-030,350.00,2500.00
1295,534.307,S1,350.00,348,sell,T-010,T-030,350.00,2500.00
1296,534.307,S1,350.00,552,sell,T-010,T-030,350.00,2500.00
1297,534.508,S1,350.00,448,sell,T-010,T-030,350.00,2500.00
1298,534.508,S1,300.00,452,sell,T-003,T-030,350.00,2500.00
1299,534.793,S1,300.00,1,sell,T-003,T-041,300.00,2500.00
1300,537.086,S1,2500.00,50,buy,T-026,T-003,300.00,2500.00
1301,538.247,S1,300.00,1,sell,T-003,T-041,300.00,2500.00
1302,539.605,S1,300.00,1,sell,T-003,T-041,300.00,2500.00
1303,540.654,S1,350.00,1,sell,T-010,T-041,350.00,2500.00
1304,547.339,S1,2400.00,100,buy,T-034,T-023,400.00,2400.00
1305,547.470,S1,400.00,100,sell,T-007,T-006,400.00,2400.00
1306,547.470,S1,400.00,100,sell,T-007,T-006,400.00,2400.00
1307,547.470,S1,400.00,100,sell,T-007,T-006,400.00,2400.00
1308,547.470,S1,400.00,100,sell,T-007,T-006,400.00,2400.00
1309,547.470,S1,400.00,100,sell,T-007,T-006,400.00,2400.00
1310,547.470,S1,400.00,100,sell,T-007,T-006,400.00,2400.00
1311,547.470,S1,400.00,100,sell,T-007,T-006,400.00,2400.00
1312,547.470,S1,400.00,100,sell,T-007,T-006,400.00,2400.00
1313,547.470,S1,400.00,100,sell,T-007,T-006,400.00,2400.00
1314,547.470,S1,350.00,100,sell,T-010,T-006,400.00,2400.00
1315,547.804,S1,2400.00,50,buy,T-026,T-023,350.00,2400.00
1316,547.944,S1,2400.00,100,buy,T-034,T-023,400.00,2400.00
1317,547.954,S1,2400.00,100,buy,T-034,T-023,400.00,2400.00
1318,547.996,S1,2400.00,100,buy,T-034,T-023,400.00,2400.00
1319,548.249,S1,2400.00,100,buy,T-034,T-023,400.00,2400.00
1320,548.680,S1,2400.00,100,buy,T-034,T-023,400.00,2400.00
1321,548.690,S1,2400.00,100,buy,T-034,T-023,400.00,2400.00
1322,550.090,S1,400.00,1,sell,T-040,T-041,400.00,2400.00
1323,551.217,S1,400.00,1,sell,T-040,T-041,400.00,2400.00
1324,552.564,S1,500.00,900,sell,T-015,T-030,500.00,2400.00
1325,552.915,S1,500.00,1,sell,T-015,T-041,500.00,2400.00
1326,553.672,S1,500.00,1,sell,T-015,T-041,500.00,2400.00
1327,553.672,S1,500.00,98,sell,T-015,T-030,500.00,2400.00
1328,553.672,S1,400.00,802,sell,T-040,T-030,500.00,2400.00
1329,553.843,S1,2400.00,100,buy,T-034,T-023,400.00,2400.00
1330,553.955,S1,1000.00,100,buy,T-034,T-003,400.00,1000.00
1331,554.430,S1,1000.00,100,buy,T-034,T-003,400.00,1000.00
1332,554.440,S1,1000.00,100,buy,T-034,T-003,400.00,1000.00
1333,554.440,S1,400.00,1,sell,T-040,T-041,400.00,1000.00
1334,554.480,S1,1000.00,100,buy,T-034,T-003,400.00,1000.00
1335,555.217,S1,400.00,1,sell,T-040,T-041,400.00,1000.00
1336,555.296,S1,1000.00,100,buy,T-034,T-003,400.00,1000.00
1337,555.307,S1,1000.00,100,buy,T-034,T-003,400.00,1000.00
1338,555.356,S1,1000.00,100,buy,T-034,T-003,400.00,1000.00
1339,555.657,S1,400.00,1,sell,T-040,T-041,400.00,1000.00
1340,555.985,S1,400.00,1,sell,T-040,T-041,400.00,1000.00
1341,556.249,S1,400.00,1,sell,T-040,T-041,400.00,1000.00
1342,556.465,S1,400.00,1,sell,T-040,T-041,400.00,1000.00
1343,556.641,S1,400.00,1,sell,T-040,T-041,400.00,1000.00
1344,556.761,S1,1000.00,100,buy,T-034,T-003,400.00,1000.00
1345,556.761,S1,1000.00,100,buy,T-034,T-003,400.00,1000.00
1346,556.772,S1,1000.00,100,buy,T-034,T-003,400.00,1000.00
1347,556.832,S1,1000.00,100,buy,T-034,T-003,400.00,1000.00
1348,556.913,S1,400.00,1,sell,T-040,T-041,400.00,1000.00
1349,557.033,S1,400.00,1,sell,T-040,T-041,400.00,1000.00
1350,557.197,S1,400.00,1,sell,T-040,T-041,400.00,1000.00
1351,557.432,S1,400.00,1,sell,T-040,T-041,400.00,1000.00
1352,557.570,S1,400.00,1,sell,T-040,T-041,400.00,1000.00
1353,557.767,S1,400.00,1,sell,T-040,T-041,400.00,1000.00
1354,558.902,S1,400.00,1,sell,T-040,T-041,400.00,1000.00
1355,559.236,S1,400.00,1,sell,T-040,T-041,400.00,1000.00
1356,559.529,S1,400.00,1,sell,T-040,T-041,400.00,1000.00
1357,559.661,S1,400.00,1,sell,T-040,T-041,400.00,1000.00
1358,559.862,S1,400.00,1,sell,T-040,T-041,400.00,1000.00
1359,559.911,S1,400.00,178,sell,T-040,T-030,400.00,1000.00
1360,559.911,S1,400.00,100,sell,T-007,T-030,400.00,1000.00
1361,559.911,S1,400.00,100,sell,T-007,T-030,400.00,1000.00
1362,559.911,S1,400.00,100,sell,T-007,T-030,400.00,1000.00
1363,559.911,S1,400.00,100,sell,T-007,T-030,400.00,1000.00
1364,559.911,S1,400.00,100,sell,T-007,T-030,400.00,1000.00
1365,559.911,S1,400.00,100,sell,T-007,T-030,400.00,1000.00
1366,559.911,S1,400.00,100,sell,T-007,T-030,400.00,1000.00
1367,559.911,S1,400.00,22,sell,T-007,T-030,400.00,1000.00
1368,560.065,S1,400.00,1,sell,T-007,T-041,400.00,1000.00
1369,560.258,S1,400.00,1,sell,T-007,T-041,400.00,1000.00
1370,560.473,S1,400.00,1,sell,T-007,T-041,400.00,1000.00
1371,560.746,S1,400.00,1,sell,T-007,T-041,400.00,1000.00
1372,560.956,S1,400.00,1,sell,T-007,T-041,400.00,1000.00
1373,561.148,S1,400.00,1,sell,T-007,T-041,400.00,1000.00
1374,561.261,S1,400.00,72,sell,T-007,T-030,400.00,1000.00
1375,561.261,S1,400.00,100,sell,T-007,T-030,400.00,1000.00
1376,561.261,S1,400.00,100,sell,T-007,T-030,400.00,1000.00
1377,561.261,S1,400.00,100,sell,T-007,T-030,400.00,1000.00
1378,561.261,S1,400.00,100,sell,T-007,T-030,400.00,1000.00
1379,561.261,S1,400.00,100,sell,T-007,T-030,400.00,1000.00
1380,561.261,S1,400.00,100,sell,T-007,T-030,400.00,1000.00
1381,561.261,S1,400.00,100,sell,T-007,T-030,400.00,1000.00
1382,561.261,S1,400.00,100,sell,T-007,T-030,400.00,1000.00
1383,561.261,S1,400.00,28,sell,T-007,T-030,400.00,1000.00
1384,561.351,S1,400.00,1,sell,T-007,T-041,400.00,1000.00
1385,561.634,S1,400.00,1,sell,T-007,T-041,400.00,1000.00
1386,561.764,S1,400.00,1,sell,T-007,T-041,400.00,1000.00
1387,561.966,S1,400.00,1,sell,T-007,T-041,400.00,1000.00
1388,562.158,S1,400.00,1,sell,T-007,T-041,400.00,1000.00
1389,562.361,S1,400.00,1,sell,T-007,T-041,400.00,1000.00
1390,562.496,S1,400.00,66,sell,T-007,T-030,400.00,1000.00
1391,562.496,S1,400.00,100,sell,T-007,T-030,400.00,1000.00
1392,562.496,S1,400.00,100,sell,T-007,T-030,400.00,1000.00
1393,562.496,S1,400.00,100,sell,T-007,T-030,400.00,1000.00
1394,562.496,S1,400.00,100,sell,T-007,T-030,400.00,1000.00
1395,562.496,S1,400.00,100,sell,T-007,T-030,400.00,1000.00
1396,562.496,S1,400.00,100,sell,T-007,T-030,400.00,1000.00
1397,562.496,S1,400.00,100,sell,T-007,T-030,400.00,1000.00
1398,562.496,S1,400.00,100,sell,T-007,T-030,400.00,1000.00
1399,562.496,S1,400.00,34,sell,T-007,T-030,400.00,1000.00
1400,562.557,S1,400.00,1,sell,T-007,T-041,400.00,1000.00
1401,562.750,S1,400.00,1,sell,T-007,T-041,400.00,1000.00
1402,562.933,S1,400.00,1,sell,T-007,T-041,400.00,1000.00
1403,563.135,S1,400.00,63,sell,T-007,T-030,400.00,1000.00
1404,563.135,S1,400.00,100,sell,T-007,T-030,400.00,1000.00
1405,563.135,S1,400.00,100,sell,T-007,T-030,400.00,1000.00
1406,563.135,S1,400.00,100,sell,T-007,T-030,400.00,1000.00
1407,563.135,S1,350.00,537,sell,T-036,T-030,400.00,1000.00
1408,563.206,S1,350.00,1,sell,T-036,T-041,350.00,1000.00
1409,563.296,S1,1000.00,900,buy,T-034,T-003,350.00,1000.00
1410,563.296,S1,1000.00,100,buy,T-034,T-003,350.00,1000.00
1411,563.326,S1,350.00,1,sell,T-036,T-041,350.00,1000.00
1412,563.500,S1,350.00,1,sell,T-036,T-041,350.00,1000.00
1413,563.722,S1,350.00,460,sell,T-036,T-030,350.00,1000.00
1414,563.722,S1,350.00,440,sell,T-036,T-030,350.00,1000.00
1415,563.733,S1,350.00,1,sell,T-036,T-041,350.00,1000.00
1416,563.926,S1,350.00,1,sell,T-036,T-041,350.00,1000.00
1417,564.088,S1,350.00,1,sell,T-036,T-041,350.00,1000.00
1418,564.230,S1,350.00,557,sell,T-036,T-030,350.00,1000.00
1419,564.230,S1,350.00,343,sell,T-036,T-030,350.00,1000.00
1420,564.280,S1,350.00,1,sell,T-036,T-041,350.00,1000.00
1421,564.472,S1,350.00,1,sell,T-036,T-041,350.00,1000.00
1422,564.612,S1,400.00,100,sell,T-007,T-030,400.00,1000.00
1423,564.612,S1,350.00,655,sell,T-036,T-030,400.00,1000.00
1424,564.612,S1,350.00,145,sell,T-036,T-030,400.00,1000.00
1425,564.652,S1,350.00,1,sell,T-036,T-041,350.00,1000.00
1426,564.835,S1,400.00,1,sell,T-007,T-041,400.00,1000.00
1427,564.926,S1,400.00,99,sell,T-007,T-030,400.00,1000.00
1428,564.926,S1,350.00,801,sell,T-036,T-030,400.00,1000.00
1429,565.016,S1,350.00,1,sell,T-036,T-041,350.00,1000.00
1430,565.096,S1,350.00,52,sell,T-036,T-030,350.00,1000.00
1431,565.096,S1,350.00,500,sell,T-005,T-030,350.00,1000.00
1432,565.096,S1,300.00,348,sell,T-003,T-030,350.00,1000.00
1433,565.300,S1,300.00,1,sell,T-003,T-041,300.00,1000.00
1434,565.402,S1,300.00,1,sell,T-003,T-041,300.00,1000.00
1435,565.543,S1,1000.00,900,buy,T-034,T-003,400.00,1000.00
1436,565.543,S1,1200.00,40,buy,T-034,T-014,400.00,1000.00
1437,565.543,S1,1500.00,60,buy,T-034,T-015,400.00,1000.00
1438,565.554,S1,400.00,100,sell,T-007,T-030,400.00,1500.00
1439,565.554,S1,300.00,195,sell,T-003,T-030,400.00,1500.00
1440,565.554,S1,300.00,605,sell,T-003,T-030,400.00,1500.00
1441,565.565,S1,300.00,1,sell,T-003,T-041,300.00,1500.00
1442,565.766,S1,400.00,100,sell,T-007,T-030,400.00,1500.00
1443,565.766,S1,300.00,394,sell,T-003,T-030,400.00,1500.00
1444,565.766,S1,300.00,406,sell,T-003,T-030,400.00,1500.00
1445,565.827,S1,300.00,1,sell,T-003,T-041,300.00,1500.00
1446,565.967,S1,400.00,100,sell,T-007,T-030,400.00,1500.00
1447,565.967,S1,300.00,593,sell,T-003,T-030,400.00,1500.00
1448,565.967,S1,300.00,207,sell,T-003,T-030,400.00,1500.00
1449,566.159,S1,300.00,793,sell,T-003,T-030,300.00,1500.00
1450,566.159,S1,300.00,107,sell,T-003,T-030,300.00,1500.00
1451,566.340,S1,300.00,893,sell,T-003,T-030,300.00,1500.00
1452,566.340,S1,300.00,7,sell,T-003,T-030,300.00,1500.00
1453,573.796,S1,1200.00,1000,buy,T-034,T-003,400.00,1200.00
1454,574.000,S1,1200.00,1000,buy,T-034,T-003,400.00,1200.00
1455,574.529,S1,1200.00,1000,buy,T-034,T-003,400.00,1200.00
1456,574.529,S1,1200.00,1000,buy,T-034,T-003,400.00,1200.00
1457,574.529,S1,1200.00,40,buy,T-034,T-014,400.00,1200.00
1458,574.529,S1,1200.00,960,buy,T-034,T-003,400.00,1200.00
1459,574.740,S1,400.00,100,sell,T-023,T-041,400.00,1200.00
1460,576.182,S1,450.00,100,sell,T-012,T-041,450.00,1200.00
1461,577.196,S1,1200.00,40,buy,T-034,T-003,450.00,1200.00
1462,577.196,S1,1200.00,960,buy,T-034,T-003,450.00,1200.00
1463,579.356,S1,450.00,100,sell,T-012,T-041,450.00,800.00
1464,585.311,S1,500.00,10,sell,T-027,T-041,500.00,800.00
1465,585.763,S1,800.00,900,buy,T-030,T-033,500.00,800.00
1466,586.358,S1,800.00,100,buy,T-030,T-033,500.00,800.00
1467,586.358,S1,1200.00,40,buy,T-030,T-003,500.00,800.00
1468,586.358,S1,1200.00,760,buy,T-030,T-003,500.00,800.00
1469,586.709,S1,1200.00,240,buy,T-030,T-003,500.00,1200.00
1470,586.709,S1,1200.00,660,buy,T-030,T-003,500.00,1200.00
1471,586.943,S1,500.00,10,sell,T-001,T-041,500.00,1200.00
1472,587.196,S1,1200.00,340,buy,T-030,T-003,500.00,1200.00
1473,587.196,S1,1200.00,560,buy,T-030,T-003,500.00,1200.00
1474,587.865,S1,1200.00,440,buy,T-030,T-003,500.00,1200.00
1475,587.865,S1,1200.00,460,buy,T-030,T-003,500.00,1200.00
1476,588.610,S1,1200.00,540,buy,T-030,T-003,500.00,1200.00
1477,588.610,S1,1500.00,360,buy,T-030,T-015,500.00,1200.00
1478,589.752,S1,1500.00,580,buy,T-030,T-015,510.00,1500.00
1479,589.752,S1,1500.00,40,buy,T-030,T-014,510.00,1500.00
1480,589.752,S1,1750.00,100,buy,T-030,T-013,510.00,1500.00
1481,589.752,S1,2000.00,180,buy,T-030,T-006,510.00,1500.00
1482,590.216,S1,510.00,10,sell,T-012,T-041,510.00,2000.00
1483,590.879,S1,2000.00,820,buy,T-030,T-006,510.00,2000.00
1484,590.879,S1,2400.00,80,buy,T-030,T-038,510.00,2000.00
1485,591.404,S1,2400.00,20,buy,T-030,T-038,510.00,2400.00
1486,591.404,S1,2400.00,880,buy,T-030,T-023,510.00,2400.00
1487,591.769,S1,2400.00,120,buy,T-030,T-023,510.00,2400.00
1488,591.769,S1,2400.00,780,buy,T-030,T-023,510.00,2400.00
1489,592.040,S1,510.00,10,sell,T-012,T-041,510.00,2400.00
1490,592.201,S1,2400.00,220,buy,T-030,T-023,510.00,2400.00
1491,592.201,S1,2500.00,680,buy,T-030,T-003,510.00,2400.00
1492,592.798,S1,2500.00,170,buy,T-030,T-003,510.00,2500.00
1493,592.798,S1,2500.00,730,buy,T-030,T-003,510.00,2500.00
1494,593.109,S1,510.00,10,sell,T-012,T-027,510.00,2500.00
1495,597.726,S1,1600.00,40,buy,T-030,T-014,510.00,1600.00
1496,597.726,S1,2000.00,50,buy,T-030,T-021,510.00,1600.00
1497,597.726,S1,2000.00,810,buy,T-030,T-003,510.00,1600.00
1498,598.068,S1,2000.00,190,buy,T-030,T-003,510.00,2000.00
1499,598.068,S1,2000.00,710,buy,T-030,T-003,510.00,2000.00
1500,598.270,S1,2000.00,290,buy,T-030,T-003,510.00,2000.00
1501,598.270,S1,2500.00,270,buy,T-030,T-003,510.00,2000.00
1502,598.270,S1,2500.00,340,buy,T-030,T-003,510.00,2000.00
1503,598.623,S1,2500.00,660,buy,T-030,T-003,510.00,2500.00
1504,598.623,S1,2500.00,240,buy,T-030,T-003,510.00,2500.00
1505,598.845,S1,2500.00,760,buy,T-030,T-003,510.00,2500.00
1506,598.845,S1,2500.00,140,buy,T-030,T-003,510.00,2500.00
1507,599.145,S1,2500.00,860,buy,T-030,T-003,510.00,2500.00
1508,599.145,S1,2500.00,40,buy,T-030,T-003,510.00,2500.00
1509,599.388,S1,2500.00,900,buy,T-030,T-003,510.00,2500.00
1510,599.569,S1,2500.00,60,buy,T-030,T-003,510.00,2500.00
1511,599.569,S1,2500.00,840,buy,T-030,T-003,510.00,2500.00
1512,599.772,S1,2500.00,160,buy,T-030,T-003,510.00,2500.00
1513,599.772,S1,2500.00,740,buy,T-030,T-003,510.00,2500.00
1514,599.963,S1,2500.00,260,buy,T-030,T-003,510.00,2500.00
1515,599.963,S1,2500.00,640,buy,T-030,T-003,510.00,2500.00
1516,600.605,S1,2500.00,360,buy,T-030,T-003,510.00,2500.00
1517,600.605,S1,2700.00,500,buy,T-030,T-028,510.00,2500.00
1518,600.605,S1,2750.00,40,buy,T-030,T-013,510.00,2500.00
1519,601.339,S1,2000.00,50,buy,T-030,T-021,510.00,2000.00
1520,601.339,S1,2750.00,60,buy,T-030,T-013,510.00,2000.00
1521,601.339,S1,3000.00,75,buy,T-030,T-015,510.00,2000.00
1522,601.339,S1,3000.00,250,buy,T-030,T-013,510.00,2000.00
1523,601.339,S1,3000.00,465,buy,T-030,T-021,510.00,2000.00
1524,601.589,S1,3000.00,40,buy,T-030,T-021,510.00,3000.00
1525,601.589,S1,3000.00,860,buy,T-030,T-032,510.00,3000.00
1526,601.822,S1,2500.00,900,buy,T-030,T-033,510.00,2500.00
1527,602.039,S1,1700.00,40,buy,T-030,T-014,510.00,1700.00
1528,602.039,S1,2500.00,100,buy,T-030,T-033,510.00,1700.00
1529,602.039,S1,3000.00,140,buy,T-030,T-032,510.00,1700.00
1530,602.039,S1,3100.00,50,buy,T-030,T-026,510.00,1700.00
1531,602.039,S1,3100.00,570,buy,T-030,T-001,510.00,1700.00
1532,602.262,S1,3100.00,430,buy,T-030,T-001,510.00,3100.00
1533,602.262,S1,3200.00,100,buy,T-030,T-038,510.00,3100.00
1534,602.262,S1,5000.00,10,buy,T-030,T-026,510.00,3100.00
1535,602.262,S1,5000.00,360,buy,T-030,T-021,510.00,3100.00
1536,602.494,S1,5000.00,145,buy,T-030,T-021,510.00,5000.00
1537,602.494,S1,8000.00,755,buy,T-030,T-003,510.00,5000.00
1538,602.904,S1,8000.00,146,buy,T-030,T-003,1000.00,8000.00
1539,602.904,S1,8000.00,5,buy,T-030,T-021,1000.00,8000.00
1540,602.904,S1,8000.00,749,buy,T-030,T-033,1000.00,8000.00
1541,603.113,S1,8000.00,251,buy,T-030,T-033,1000.00,8000.00
1542,603.113,S1,8000.00,649,buy,T-030,T-033,1000.00,8000.00
1543,603.315,S1,8000.00,351,buy,T-030,T-033,1000.00,8000.00
1544,603.315,S1,8000.00,100,buy,T-030,T-016,1000.00,8000.00
1545,603.315,S1,9000.00,449,buy,T-030,T-036,1000.00,8000.00
1546,603.489,S1,9000.00,551,buy,T-030,T-036,1000.00,9000.00
1547,603.489,S1,9999.00,349,buy,T-030,T-015,1000.00,9000.00
1548,603.681,S1,9999.00,651,buy,T-030,T-015,1000.00,9999.00
1549,603.681,S1,10000.00,249,buy,T-030,T-003,1000.00,9999.00
1550,603.882,S1,2000.00,500,buy,T-030,T-005,1000.00,2000.00
1551,603.882,S1,10000.00,400,buy,T-030,T-003,1000.00,2000.00
1552,604.074,S1,10000.00,351,buy,T-030,T-003,1000.00,10000.00
1553,604.074,S1,10000.00,5,buy,T-030,T-026,1000.00,10000.00
1554,604.074,S1,10000.00,544,buy,T-030,T-025,1000.00,10000.00
1555,604.495,S1,10000.00,456,buy,T-030,T-025,1000.00,10000.00
1556,604.495,S1,10000.00,444,buy,T-030,T-035,1000.00,10000.00
1557,604.677,S1,2700.00,500,buy,T-030,T-028,1000.00,2700.00
1558,604.677,S1,10000.00,400,buy,T-030,T-035,1000.00,2700.00
1559,604.917,S1,10000.00,156,buy,T-030,T-035,1000.00,10000.00
1560,604.917,S1,14000.00,260,buy,T-030,T-036,1000.00,10000.00
1561,604.917,S1,20000.00,5,buy,T-030,T-032,1000.00,10000.00
1562,604.917,S1,20000.00,479,buy,T-030,T-032,1000.00,10000.00
1563,605.181,S1,20000.00,521,buy,T-030,T-032,1000.00,20000.00
1564,605.181,S1,25000.00,300,buy,T-030,T-035,1000.00,20000.00
1565,605.181,S1,25000.00,79,buy,T-030,T-033,1000.00,20000.00
1566,605.666,S1,2700.00,500,buy,T-030,T-028,1000.00,2700.00
1567,605.666,S1,25000.00,400,buy,T-030,T-033,1000.00,2700.00
1568,605.912,S1,25000.00,521,buy,T-030,T-033,1000.00,25000.00
1569,605.912,S1,50000.00,379,buy,T-030,T-015,1000.00,25000.00
1570,606.174,S1,50000.00,621,buy,T-030,T-015,1000.00,50000.00
1571,606.174,S1,400000.00,279,buy,T-030,T-003,1000.00,50000.00
1572,606.423,S1,400000.00,721,buy,T-030,T-003,1000.00,400000.00
1573,606.423,S1,400000.00,179,buy,T-030,T-003,1000.00,400000.00
1574,606.620,S1,1000.00,99,sell,T-003,T-011,1000.00,400000.00
1575,606.692,S1,400000.00,821,buy,T-030,T-003,1000.00,400000.00
1576,606.692,S1,800000.00,10,buy,T-030,T-021,1000.00,400000.00
1577,606.692,S1,800000.00,50,buy,T-030,T-021,1000.00,400000.00
1578,606.692,S1,1000000.00,19,buy,T-030,T-036,1000.00,400000.00
1579,607.097,S1,1800.00,40,buy,T-030,T-014,1000.00,1800.00
1580,607.097,S1,1000000.00,181,buy,T-030,T-036,1000.00,1800.00
1581,607.097,S1,1000000.00,679,buy,T-030,T-036,1000.00,1800.00
1582,609.003,S1,1000.00,901,sell,T-003,T-025,1000.00,2700.00
1583,609.003,S1,1000.00,99,sell,T-003,T-025,1000.00,2700.00
1584,617.980,S1,1000.00,1,sell,T-003,T-041,1000.00,1800.00
1585,619.840,S1,1000.00,1,sell,T-003,T-041,1000.00,1800.00
1586,621.064,S1,1050.00,1,sell,T-027,T-041,1050.00,1800.00
1587,621.481,S1,1050.00,1,sell,T-027,T-041,1050.00,1800.00
1588,621.764,S1,1050.00,1,sell,T-027,T-041,1050.00,1800.00
1589,622.019,S1,1050.00,1,sell,T-027,T-041,1050.00,1800.00
1590,622.230,S1,1050.00,1,sell,T-027,T-041,1050.00,1800.00
1591,622.512,S1,1800.00,40,buy,T-015,T-014,1050.00,1800.00
1592,622.512,S1,10000.00,25,buy,T-015,T-004,1050.00,1800.00
1593,622.512,S1,25000.00,935,buy,T-015,T-033,1050.00,1800.00
1594,622.531,S1,1050.00,1,sell,T-027,T-041,1050.00,25000.00
1595,623.007,S1,1050.00,1,sell,T-027,T-041,1050.00,25000.00
1596,625.222,S1,1050.00,3,sell,T-027,T-037,1050.00,25000.00
1597,625.222,S1,1000.00,497,sell,T-003,T-037,1050.00,25000.00
1598,626.277,S1,1000.00,10,sell,T-003,T-027,1000.00,25000.00
1599,626.931,S1,1000.00,392,sell,T-003,T-037,1000.00,25000.00
1600,626.931,S1,1000.00,108,sell,T-003,T-037,1000.00,25000.00
1601,637.068,S1,1500.00,10,buy,T-027,T-018,1000.00,1500.00
1602,640.403,S1,1500.00,990,buy,T-035,T-018,1000.00,1500.00
1603,640.403,S1,1500.00,10,buy,T-035,T-024,1000.00,1500.00
1604,658.763,S1,1400.00,10,buy,T-015,T-027,1300.00,1400.00
1605,658.763,S1,1900.00,40,buy,T-015,T-014,1300.00,1400.00
1606,658.763,S1,2500.00,950,buy,T-015,T-033,1300.00,1400.00
1607,666.067,S1,1300.00,1000,sell,T-023,T-018,1300.00,2500.00
1608,668.657,S1,1300.00,100,sell,T-023,T-041,1300.00,2000.00
1609,670.979,S1,1300.00,100,sell,T-023,T-041,1300.00,2000.00
1610,672.856,S1,1300.00,100,sell,T-023,T-041,1300.00,2000.00
1611,673.666,S1,1300.00,100,sell,T-023,T-041,1300.00,2000.00
1612,674.451,S1,2000.00,40,buy,T-003,T-014,1300.00,2000.00
1613,674.451,S1,2500.00,50,buy,T-003,T-033,1300.00,2000.00
1614,674.451,S1,2500.00,10,buy,T-003,T-024,1300.00,2000.00
1615,674.451,S1,3000.00,900,buy,T-003,T-001,1300.00,2000.00
1616,674.531,S1,1300.00,100,sell,T-023,T-041,1300.00,3000.00
1617,676.591,S1,1300.00,100,sell,T-023,T-041,1300.00,3000.00
1618,677.359,S1,1300.00,100,sell,T-023,T-041,1300.00,3000.00
1619,677.813,S1,1300.00,100,sell,T-023,T-041,1300.00,3000.00
1620,678.175,S1,1300.00,100,sell,T-023,T-041,1300.00,3000.00
1621,678.558,S1,1300.00,100,sell,T-023,T-041,1300.00,3000.00
1622,678.701,S1,1300.00,10,sell,T-027,T-041,1300.00,3000.00
1623,678.701,S1,1000.00,90,sell,T-003,T-041,1300.00,3000.00
1624,678.881,S1,1000.00,100,sell,T-003,T-041,1000.00,3000.00
1625,679.094,S1,1000.00,100,sell,T-003,T-041,1000.00,3000.00
1626,679.255,S1,1000.00,100,sell,T-003,T-041,1000.00,3000.00
1627,679.448,S1,1000.00,100,sell,T-003,T-041,1000.00,3000.00
1628,679.631,S1,1000.00,100,sell,T-003,T-041,1000.00,3000.00
1629,679.795,S1,1000.00,100,sell,T-003,T-041,1000.00,3000.00
1630,679.996,S1,1000.00,100,sell,T-003,T-041,1000.00,3000.00
1631,680.196,S1,1000.00,100,sell,T-003,T-041,1000.00,3000.00
1632,680.389,S1,1000.00,2,sell,T-003,T-041,1000.00,3000.00
1633,680.389,S1,1000.00,98,sell,T-003,T-041,1000.00,3000.00
1634,680.490,S1,1000.00,902,sell,T-003,T-039,1000.00,3000.00
1635,680.490,S1,1000.00,98,sell,T-003,T-039,1000.00,3000.00
1636,680.651,S1,1000.00,100,sell,T-003,T-041,1000.00,3000.00
1637,680.813,S1,1000.00,100,sell,T-003,T-041,1000.00,3000.00
1638,680.977,S1,1000.00,100,sell,T-003,T-041,1000.00,3000.00
1639,681.178,S1,1000.00,100,sell,T-003,T-041,1000.00,3000.00
1640,681.349,S1,1000.00,100,sell,T-003,T-041,1000.00,3000.00
1641,681.553,S1,1000.00,100,sell,T-003,T-041,1000.00,3000.00
1642,681.746,S1,1000.00,100,sell,T-003,T-041,1000.00,3000.00
1643,681.924,S1,1000.00,100,sell,T-003,T-041,1000.00,3000.00
1644,682.095,S1,1000.00,100,sell,T-003,T-041,1000.00,3000.00
1645,682.278,S1,1000.00,2,sell,T-003,T-041,1000.00,3000.00
1646,682.278,S1,1000.00,10,sell,T-024,T-041,1000.00,3000.00
1647,682.278,S1,550.00,88,sell,T-028,T-041,1000.00,3000.00
1648,682.439,S1,550.00,100,sell,T-028,T-041,550.00,3000.00
1649,682.622,S1,550.00,100,sell,T-028,T-041,550.00,3000.00
1650,682.805,S1,550.00,100,sell,T-028,T-041,550.00,3000.00
1651,682.971,S1,550.00,100,sell,T-028,T-041,550.00,3000.00
1652,683.152,S1,550.00,12,sell,T-028,T-041,550.00,2900.00
1653,683.152,S1,550.00,88,sell,T-028,T-041,550.00,2900.00
1654,683.340,S1,550.00,100,sell,T-028,T-041,550.00,2900.00
1655,683.513,S1,550.00,100,sell,T-028,T-041,550.00,2900.00
1656,683.704,S1,550.00,100,sell,T-028,T-041,550.00,2900.00
1657,683.879,S1,550.00,100,sell,T-028,T-041,550.00,2900.00
1658,684.072,S1,550.00,12,sell,T-028,T-041,550.00,2900.00
1659,684.072,S1,550.00,88,sell,T-028,T-041,550.00,2900.00
1660,684.329,S1,550.00,100,sell,T-028,T-041,550.00,2900.00
1661,684.440,S1,550.00,100,sell,T-028,T-041,550.00,2900.00
1662,684.621,S1,550.00,100,sell,T-028,T-041,550.00,2100.00
1663,684.853,S1,550.00,100,sell,T-028,T-041,550.00,2100.00
1664,684.965,S1,550.00,12,sell,T-028,T-041,550.00,2100.00
1665,684.965,S1,520.00,88,sell,T-003,T-041,550.00,2100.00
1666,685.146,S1,520.00,100,sell,T-003,T-041,520.00,2100.00
1667,685.377,S1,520.00,100,sell,T-003,T-041,520.00,2100.00
1668,685.498,S1,520.00,100,sell,T-003,T-041,520.00,2100.00
1669,685.678,S1,520.00,100,sell,T-003,T-041,520.00,2100.00
1670,685.769,S1,520.00,512,sell,T-003,T-039,520.00,2100.00
1671,685.769,S1,520.00,488,sell,T-003,T-039,520.00,2100.00
1672,685.899,S1,520.00,100,sell,T-003,T-041,520.00,2100.00
1673,688.164,S1,2100.00,40,buy,T-011,T-014,520.00,2100.00
1674,688.164,S1,2900.00,10,buy,T-011,T-027,520.00,2100.00
1675,688.164,S1,3000.00,49,buy,T-011,T-001,520.00,2100.00
1676,690.732,S1,520.00,100,sell,T-003,T-025,520.00,2000.00
1677,696.525,S1,2000.00,1000,buy,T-001,T-023,520.00,2000.00
1678,701.948,S1,600.00,10,sell,T-027,T-030,600.00,2000.00
1679,701.948,S1,520.00,90,sell,T-003,T-030,600.00,2000.00
1680,702.760,S1,520.00,222,sell,T-003,T-035,520.00,1900.00
1681,702.760,S1,520.00,778,sell,T-003,T-035,520.00,1900.00
1682,704.266,S1,530.00,100,sell,T-026,T-030,530.00,1900.00
1683,717.166,S1,1900.00,100,buy,T-025,T-020,600.00,1900.00
1684,732.580,S1,1600.00,100,sell,T-018,T-025,1600.00,1900.00
1685,735.054,S1,1600.00,40,sell,T-018,T-014,1600.00,1900.00
1686,740.934,S1,1600.00,40,sell,T-018,T-014,1600.00,1900.00
1687,745.763,S1,1900.00,472,buy,T-041,T-020,600.00,1900.00
1688,746.704,S1,700.00,1000,sell,T-003,T-001,700.00,1900.00
1689,760.449,S1,700.00,820,sell,T-003,T-018,700.00,1200.00
1690,761.988,S1,1100.00,1000,buy,T-041,T-003,700.00,1100.00
1691,763.206,S1,1200.00,65,buy,T-041,T-033,700.00,1200.00
1692,763.206,S1,1500.00,100,buy,T-041,T-024,700.00,1200.00
1693,763.206,S1,1600.00,835,buy,T-041,T-021,700.00,1200.00
1694,763.710,S1,1350.00,150,buy,T-041,T-013,700.00,1350.00
1695,763.710,S1,1600.00,165,buy,T-041,T-021,700.00,1350.00
1696,763.710,S1,1800.00,12,buy,T-041,T-027,700.00,1350.00
1697,763.710,S1,1900.00,428,buy,T-041,T-020,700.00,1350.00
1698,763.710,S1,1900.00,100,buy,T-041,T-038,700.00,1350.00
1699,763.710,S1,1900.00,145,buy,T-041,T-020,700.00,1350.00
1700,764.614,S1,1900.00,855,buy,T-041,T-020,750.00,1900.00
1701,764.614,S1,1900.00,145,buy,T-041,T-028,750.00,1900.00
1702,764.744,S1,750.00,100,sell,T-005,T-025,750.00,1600.00
1703,765.406,S1,1600.00,300,buy,T-041,T-012,750.00,1600.00
1704,765.406,S1,1900.00,355,buy,T-041,T-028,750.00,1600.00
1705,765.406,S1,1950.00,345,buy,T-041,T-028,750.00,1600.00
1706,766.632,S1,750.00,400,sell,T-005,T-001,750.00,1950.00
1707,766.632,S1,700.00,180,sell,T-003,T-001,750.00,1950.00
1708,766.632,S1,700.00,420,sell,T-003,T-001,750.00,1950.00
1709,770.700,S1,1100.00,1000,buy,T-016,T-003,700.00,1100.00
1710,772.560,S1,700.00,10,sell,T-003,T-030,700.00,1900.00
1711,776.136,S1,750.00,10,sell,T-036,T-030,750.00,1900.00
1712,778.523,S1,900.00,10,sell,T-037,T-030,900.00,1600.00
1713,779.493,S1,900.00,1,sell,T-037,T-041,900.00,1600.00
1714,780.300,S1,900.00,1,sell,T-037,T-041,900.00,1600.00
1715,780.391,S1,900.00,10,sell,T-037,T-030,900.00,1600.00
1716,781.055,S1,900.00,1,sell,T-037,T-041,900.00,1600.00
1717,781.833,S1,900.00,10,sell,T-037,T-030,900.00,1600.00
1718,784.225,S1,900.00,10,sell,T-037,T-030,900.00,1600.00
1719,784.911,S1,900.00,10,sell,T-037,T-030,900.00,1600.00
1720,789.816,S1,1000.00,300,sell,T-036,T-037,1000.00,1600.00
1721,789.816,S1,800.00,100,sell,T-027,T-037,1000.00,1600.00
1722,789.816,S1,750.00,100,sell,T-036,T-037,1000.00,1600.00
1723,796.948,S1,750.00,1,sell,T-036,T-041,750.00,1500.00
1724,801.067,S1,1000.00,10,sell,T-003,T-030,1000.00,1500.00
1725,801.258,S1,1500.00,1,buy,T-041,T-027,1000.00,1500.00
1726,802.777,S1,1000.00,10,sell,T-003,T-030,1000.00,1350.00
1727,803.683,S1,1000.00,1,sell,T-003,T-041,1000.00,1350.00
1728,804.693,S1,1350.00,1,buy,T-041,T-028,1000.00,1350.00
1729,805.603,S1,1000.00,1,sell,T-003,T-041,1000.00,1350.00
1730,812.033,S1,1000.00,10,sell,T-003,T-030,1000.00,1350.00
1731,820.525,S1,1000.00,10,sell,T-003,T-030,1000.00,1350.00
1732,825.384,S1,1000.00,10,sell,T-003,T-019,1000.00,1250.00
1733,825.506,S1,1000.00,10,sell,T-003,T-019,1000.00,1250.00
1734,825.708,S1,1000.00,10,sell,T-003,T-019,1000.00,1250.00
1735,825.847,S1,1000.00,10,sell,T-003,T-019,1000.00,1250.00
1736,826.105,S1,1000.00,10,sell,T-003,T-019,1000.00,1250.00
1737,826.288,S1,1000.00,10,sell,T-003,T-019,1000.00,1250.00
1738,826.495,S1,1000.00,10,sell,T-003,T-019,1000.00,1250.00
1739,826.668,S1,1000.00,10,sell,T-003,T-019,1000.00,1250.00
1740,826.838,S1,1000.00,10,sell,T-003,T-019,1000.00,1250.00
1741,826.971,S1,1000.00,10,sell,T-003,T-019,1000.00,1250.00
1742,827.103,S1,1000.00,10,sell,T-003,T-019,1000.00,1250.00
1743,827.252,S1,1000.00,10,sell,T-003,T-019,1000.00,1250.00
1744,827.375,S1,1000.00,10,sell,T-003,T-019,1000.00,1250.00
1745,827.517,S1,1000.00,10,sell,T-003,T-019,1000.00,1250.00
1746,827.558,S1,1000.00,10,sell,T-003,T-030,1000.00,1250.00
1747,827.678,S1,1000.00,10,sell,T-003,T-019,1000.00,1250.00
1748,827.839,S1,1000.00,10,sell,T-003,T-019,1000.00,1250.00
1749,827.981,S1,1000.00,10,sell,T-003,T-019,1000.00,1250.00
1750,828.130,S1,1000.00,10,sell,T-003,T-019,1000.00,1250.00
1751,828.286,S1,1000.00,10,sell,T-003,T-019,1000.00,1250.00
1752,828.457,S1,1000.00,10,sell,T-003,T-019,1000.00,1250.00
1753,829.847,S1,1000.00,10,sell,T-003,T-030,1000.00,1250.00
1754,831.400,S1,1000.00,738,sell,T-003,T-040,1000.00,1250.00
1755,831.400,S1,1000.00,262,sell,T-003,T-040,1000.00,1250.00
1756,831.693,S1,1000.00,738,sell,T-003,T-019,1000.00,1250.00
1757,831.693,S1,1000.00,262,sell,T-003,T-019,1000.00,1250.00
1758,831.825,S1,1000.00,738,sell,T-003,T-019,1000.00,1250.00
1759,831.825,S1,750.00,189,sell,T-036,T-019,1000.00,1250.00
1760,831.825,S1,750.00,73,sell,T-025,T-019,1000.00,1250.00
1761,831.947,S1,750.00,10,sell,T-025,T-030,750.00,1250.00
1762,831.977,S1,750.00,417,sell,T-025,T-019,750.00,1250.00
1763,831.977,S1,700.00,570,sell,T-003,T-019,750.00,1250.00
1764,831.977,S1,650.00,10,sell,T-007,T-019,750.00,1250.00
1765,831.977,S1,650.00,3,sell,T-007,T-019,750.00,1250.00
1766,832.117,S1,650.00,7,sell,T-007,T-019,650.00,1250.00
1767,832.117,S1,650.00,10,sell,T-007,T-019,650.00,1250.00
1768,832.117,S1,650.00,10,sell,T-007,T-019,650.00,1250.00
1769,832.117,S1,650.00,10,sell,T-007,T-019,650.00,1250.00
1770,832.117,S1,650.00,10,sell,T-007,T-019,650.00,1250.00
1771,832.117,S1,650.00,10,sell,T-007,T-019,650.00,1250.00
1772,832.117,S1,600.00,943,sell,T-023,T-019,650.00,1250.00
1773,832.301,S1,600.00,57,sell,T-023,T-019,600.00,1250.00
1774,832.301,S1,600.00,943,sell,T-023,T-019,600.00,1250.00
1775,832.436,S1,600.00,57,sell,T-023,T-019,600.00,1250.00
1776,832.436,S1,600.00,943,sell,T-023,T-019,600.00,1250.00
1777,832.606,S1,600.00,10,sell,T-023,T-030,600.00,1250.00
1778,833.241,S1,600.00,10,sell,T-023,T-030,600.00,1250.00
1779,833.784,S1,600.00,10,sell,T-023,T-030,600.00,1250.00
1780,834.319,S1,600.00,10,sell,T-023,T-030,600.00,1250.00
1781,834.788,S1,600.00,10,sell,T-023,T-030,600.00,1250.00
1782,835.245,S1,600.00,7,sell,T-023,T-030,600.00,1250.00
1783,835.245,S1,600.00,3,sell,T-039,T-030,600.00,1250.00
1784,835.396,S1,600.00,100,sell,T-039,T-024,600.00,1250.00
1785,835.852,S1,600.00,1,sell,T-039,T-041,600.00,1250.00
1786,836.899,S1,600.00,1,sell,T-039,T-041,600.00,1250.00
1787,837.611,S1,600.00,1,sell,T-039,T-041,600.00,1250.00
1788,837.954,S1,1250.00,1000,buy,T-035,T-003,600.00,1250.00
1789,838.475,S1,600.00,1,sell,T-039,T-041,600.00,1250.00
1790,838.616,S1,700.00,10,sell,T-040,T-030,700.00,1250.00
1791,839.011,S1,700.00,1,sell,T-040,T-041,700.00,1250.00
1792,839.041,S1,700.00,10,sell,T-040,T-030,700.00,1250.00
1793,839.224,S1,700.00,1,sell,T-040,T-041,700.00,1250.00
1794,839.445,S1,700.00,10,sell,T-040,T-030,700.00,1250.00
1795,839.517,S1,700.00,1,sell,T-040,T-041,700.00,1250.00
1796,839.668,S1,700.00,1,sell,T-040,T-041,700.00,1250.00
1797,839.808,S1,700.00,10,sell,T-040,T-030,700.00,1250.00
1798,839.889,S1,700.00,1,sell,T-040,T-041,700.00,1250.00
1799,840.101,S1,700.00,1,sell,T-040,T-041,700.00,1250.00
1800,840.161,S1,700.00,10,sell,T-040,T-030,700.00,1250.00
1801,840.353,S1,700.00,1,sell,T-040,T-041,700.00,1250.00
1802,840.516,S1,700.00,10,sell,T-040,T-030,700.00,1250.00
1803,840.586,S1,700.00,1,sell,T-040,T-041,700.00,1250.00
1804,840.847,S1,700.00,1,sell,T-040,T-041,700.00,1250.00
1805,840.892,S1,700.00,10,sell,T-040,T-030,700.00,1250.00
1806,841.261,S1,700.00,10,sell,T-040,T-030,700.00,1250.00
1807,841.821,S1,700.00,10,sell,T-040,T-030,700.00,1250.00
1808,842.507,S1,700.00,10,sell,T-040,T-030,700.00,1250.00
1809,842.923,S1,700.00,10,sell,T-040,T-030,700.00,1250.00
1810,843.397,S1,700.00,10,sell,T-040,T-030,700.00,1250.00
1811,843.808,S1,700.00,10,sell,T-040,T-030,700.00,1250.00
1812,844.194,S1,700.00,10,sell,T-040,T-030,700.00,1250.00
1813,844.592,S1,700.00,10,sell,T-040,T-030,700.00,1250.00
1814,845.036,S1,700.00,10,sell,T-040,T-030,700.00,1250.00
1815,845.471,S1,700.00,10,sell,T-040,T-030,700.00,1250.00
1816,845.899,S1,700.00,10,sell,T-040,T-030,700.00,1250.00
1817,846.550,S1,700.00,10,sell,T-040,T-030,700.00,1250.00
1818,849.989,S1,700.00,10,sell,T-040,T-030,700.00,1250.00
1819,850.019,S1,1250.00,1000,buy,T-035,T-003,700.00,1250.00
1820,857.088,S1,900.00,250,buy,T-035,T-023,800.00,900.00
1821,857.088,S1,1100.00,300,buy,T-035,T-036,800.00,900.00
1822,857.088,S1,1100.00,300,buy,T-035,T-036,800.00,900.00
1823,857.088,S1,1150.00,150,buy,T-035,T-028,800.00,900.00
1824,858.607,S1,1150.00,350,buy,T-018,T-028,800.00,1150.00
1825,858.607,S1,1150.00,100,buy,T-018,T-024,800.00,1150.00
1826,858.607,S1,1250.00,550,buy,T-018,T-003,800.00,1150.00
1827,861.017,S1,800.00,1,sell,T-037,T-041,800.00,1100.00
1828,867.200,S1,1050.00,40,buy,T-014,T-028,800.00,1050.00
1829,867.350,S1,1050.00,460,buy,T-016,T-028,800.00,1050.00
1830,867.350,S1,1050.00,500,buy,T-016,T-028,800.00,1050.00
1831,867.350,S1,1100.00,40,buy,T-016,T-036,800.00,1050.00
1832,868.895,S1,1000.00,100,buy,T-018,T-027,800.00,1000.00
1833,868.895,S1,1100.00,260,buy,T-018,T-036,800.00,1000.00
1834,868.895,S1,1100.00,280,buy,T-018,T-036,800.00,1000.00
1835,883.202,S1,850.00,10,sell,T-003,T-030,850.00,1000.00
1836,884.301,S1,1000.00,1000,buy,T-016,T-003,850.00,1000.00
1837,886.028,S1,850.00,10,sell,T-003,T-030,850.00,1000.00
1838,887.232,S1,1000.00,40,buy,T-014,T-023,850.00,1000.00
1839,894.812,S1,855.00,50,sell,T-040,T-037,855.00,1000.00
1840,895.066,S1,855.00,10,sell,T-040,T-030,855.00,1000.00
1841,896.869,S1,860.00,10,sell,T-027,T-030,860.00,1000.00
1842,897.493,S1,860.00,10,sell,T-027,T-030,860.00,1000.00
1843,898.110,S1,860.00,10,sell,T-027,T-030,860.00,1000.00
1844,898.634,S1,860.00,10,sell,T-027,T-030,860.00,1000.00
1845,899.423,S1,860.00,10,sell,T-027,T-030,860.00,1000.00
1846,903.948,S1,865.00,10,sell,T-014,T-030,865.00,1000.00
1847,904.487,S1,865.00,10,sell,T-014,T-030,865.00,1000.00
1848,905.395,S1,865.00,10,sell,T-014,T-030,865.00,1000.00
1849,905.893,S1,865.00,10,sell,T-014,T-030,865.00,1000.00
1850,906.469,S1,860.00,10,sell,T-027,T-030,860.00,1000.00
1851,907.196,S1,860.00,10,sell,T-027,T-030,860.00,1000.00
1852,908.096,S1,860.00,10,sell,T-027,T-030,860.00,1000.00
1853,908.668,S1,860.00,10,sell,T-027,T-030,860.00,1000.00
1854,909.080,S1,860.00,10,sell,T-027,T-030,860.00,1000.00
1855,909.789,S1,860.00,1,sell,T-027,T-030,860.00,1000.00
1856,909.789,S1,855.00,9,sell,T-040,T-030,860.00,1000.00
1857,910.195,S1,855.00,10,sell,T-040,T-030,855.00,1000.00
1858,910.479,S1,855.00,10,sell,T-040,T-030,855.00,1000.00
1859,910.877,S1,855.00,10,sell,T-040,T-030,855.00,865.00
1860,911.109,S1,855.00,10,sell,T-040,T-030,855.00,865.00
1861,911.300,S1,855.00,10,sell,T-040,T-030,855.00,865.00
1862,911.902,S1,855.00,10,sell,T-040,T-030,855.00,865.00
1863,912.054,S1,865.00,40,buy,T-014,T-028,855.00,865.00
1864,919.314,S1,865.00,460,buy,T-035,T-028,855.00,865.00
1865,919.314,S1,865.00,500,buy,T-035,T-028,855.00,865.00
1866,919.314,S1,900.00,40,buy,T-035,T-024,855.00,865.00
1867,928.448,S1,900.00,960,buy,T-016,T-024,890.00,900.00
1868,928.448,S1,950.00,40,buy,T-016,T-027,890.00,900.00
1869,968.172,S1,950.00,60,buy,T-010,T-027,900.00,950.00
1870,968.172,S1,980.00,101,buy,T-010,T-027,900.00,950.00
1871,968.172,S1,1000.00,210,buy,T-010,T-023,900.00,950.00
1872,968.172,S1,1000.00,629,buy,T-010,T-023,900.00,950.00
1873,970.624,S1,1000.00,121,buy,T-010,T-023,900.00,1000.00
1874,970.624,S1,1000.00,879,buy,T-010,T-021,900.00,1000.00
1875,971.550,S1,1000.00,121,buy,T-010,T-021,900.00,1000.00
1876,971.550,S1,1000.00,879,buy,T-010,T-021,900.00,1000.00
1877,972.956,S1,1000.00,121,buy,T-010,T-021,900.00,1000.00
1878,972.956,S1,1050.00,879,buy,T-010,T-015,900.00,1000.00
1879,973.887,S1,1050.00,121,buy,T-010,T-015,900.00,1050.00
1880,973.887,S1,1100.00,20,buy,T-010,T-036,900.00,1050.00
1881,973.887,S1,1100.00,300,buy,T-010,T-036,900.00,1050.00
1882,973.887,S1,1250.00,450,buy,T-010,T-003,900.00,1050.00
1883,973.887,S1,1349.00,109,buy,T-010,T-013,900.00,1050.00
1884,980.052,S1,1349.00,291,buy,T-010,T-013,900.00,1349.00
1885,980.052,S1,1350.00,499,buy,T-010,T-028,900.00,1349.00
1886,980.052,S1,1350.00,210,buy,T-010,T-028,900.00,1349.00
1887,986.733,S1,901.00,101,sell,T-027,T-010,901.00,1350.00
1888,986.733,S1,900.00,899,sell,T-003,T-010,901.00,1350.00
1889,991.435,S1,950.00,1000,sell,T-040,T-010,950.00,1350.00
1890,992.986,S1,910.00,100,sell,T-005,T-010,910.00,1350.00
1891,992.986,S1,900.00,101,sell,T-003,T-010,910.00,1350.00
1892,992.986,S1,900.00,100,sell,T-038,T-010,910.00,1350.00
1893,992.986,S1,870.00,40,sell,T-014,T-010,910.00,1350.00
1894,992.986,S1,860.00,500,sell,T-005,T-010,910.00,1350.00
1895,992.986,S1,850.00,159,sell,T-003,T-010,910.00,1350.00
1896,994.307,S1,850.00,821,sell,T-003,T-010,850.00,1350.00
1897,994.307,S1,750.00,179,sell,T-025,T-010,850.00,1350.00
1898,994.954,S1,750.00,321,sell,T-025,T-010,750.00,1350.00
1899,994.954,S1,750.00,100,sell,T-022,T-010,750.00,1350.00
1900,994.954,S1,730.00,100,sell,T-038,T-010,750.00,1350.00
1901,994.954,S1,710.00,479,sell,T-005,T-010,750.00,1350.00
1902,996.168,S1,710.00,21,sell,T-005,T-010,710.00,1350.00
1903,996.168,S1,700.00,979,sell,T-015,T-010,710.00,1350.00
1904,997.012,S1,700.00,21,sell,T-015,T-010,700.00,1250.00
1905,997.012,S1,600.00,300,sell,T-036,T-010,700.00,1250.00
1906,997.012,S1,600.00,300,sell,T-036,T-010,700.00,1250.00
1907,997.012,S1,600.00,300,sell,T-036,T-010,700.00,1250.00
1908,997.012,S1,600.00,79,sell,T-029,T-010,700.00,1250.00
1909,998.489,S1,600.00,921,sell,T-029,T-010,600.00,1250.00
1910,998.489,S1,560.00,79,sell,T-029,T-010,600.00,1250.00
1911,998.970,S1,560.00,921,sell,T-029,T-010,560.00,1250.00
1912,998.970,S1,550.00,79,sell,T-033,T-010,560.00,1250.00
1913,999.487,S1,550.00,21,sell,T-033,T-010,550.00,1250.00
1914,999.487,S1,531.00,500,sell,T-005,T-010,550.00,1250.00
1915,999.487,S1,530.00,100,sell,T-026,T-010,550.00,1250.00
1916,999.487,S1,520.00,222,sell,T-003,T-010,550.00,1250.00
1917,999.487,S1,510.00,157,sell,T-012,T-010,550.00,1250.00
1918,999.950,S1,510.00,313,sell,T-012,T-010,510.00,1250.00
1919,999.950,S1,500.00,687,sell,T-001,T-010,510.00,1250.00
1920,1000.384,S1,500.00,303,sell,T-001,T-010,500.00,1250.00
1921,1000.384,S1,500.00,697,sell,T-003,T-010,500.00,1250.00
1922,1000.799,S1,500.00,303,sell,T-003,T-010,500.00,1250.00
1923,1000.799,S1,500.00,697,sell,T-003,T-010,500.00,1250.00
1924,1002.096,S1,600.00,1000,sell,T-040,T-010,600.00,1250.00
1925,1007.568,S1,600.00,10,sell,T-025,T-030,600.00,1100.00
1926,1022.410,S1,900.00,100,buy,T-018,T-005,870.00,900.00
1927,1022.410,S1,1000.00,900,buy,T-018,T-003,870.00,900.00
1928,1029.710,S1,870.00,40,sell,T-014,T-033,870.00,1000.00
1929,1029.710,S1,800.00,60,sell,T-036,T-033,870.00,1000.00
1930,1036.298,S1,800.00,240,sell,T-036,T-018,800.00,970.00
1931,1036.298,S1,800.00,300,sell,T-036,T-018,800.00,970.00
1932,1036.298,S1,800.00,300,sell,T-036,T-018,800.00,970.00
1933,1036.298,S1,799.00,40,sell,T-014,T-018,800.00,970.00
1934,1036.298,S1,750.00,120,sell,T-003,T-018,800.00,970.00
1935,1046.946,S1,900.00,1,buy,T-025,T-036,800.00,900.00
1936,1052.473,S1,900.00,1,buy,T-025,T-036,800.00,900.00
1937,1071.036,S1,800.00,10,sell,T-023,T-030,800.00,900.00
1938,1072.921,S1,800.00,10,sell,T-023,T-030,800.00,900.00
1939,1073.339,S1,800.00,10,sell,T-023,T-030,800.00,900.00
1940,1073.756,S1,800.00,10,sell,T-023,T-030,800.00,900.00
1941,1074.027,S1,800.00,10,sell,T-023,T-030,800.00,900.00
1942,1074.459,S1,800.00,10,sell,T-023,T-030,800.00,900.00
1943,1074.661,S1,800.00,10,sell,T-023,T-030,800.00,900.00
1944,1074.871,S1,800.00,10,sell,T-023,T-030,800.00,900.00
1945,1075.066,S1,800.00,10,sell,T-023,T-030,800.00,900.00
1946,1075.462,S1,800.00,10,sell,T-023,T-030,800.00,900.00
1947,1076.542,S1,800.00,10,sell,T-023,T-030,800.00,900.00
1948,1076.562,S1,800.00,1,sell,T-023,T-025,800.00,900.00
1949,1082.702,S1,801.00,10,sell,T-040,T-030,801.00,850.00
1950,1082.916,S1,801.00,10,sell,T-040,T-030,801.00,850.00
1951,1083.128,S1,801.00,10,sell,T-040,T-030,801.00,850.00
1952,1083.300,S1,801.00,10,sell,T-040,T-030,801.00,850.00
1953,1083.667,S1,801.00,10,sell,T-040,T-030,801.00,850.00
1954,1083.857,S1,801.00,10,sell,T-040,T-030,801.00,850.00
1955,1084.045,S1,801.00,10,sell,T-040,T-030,801.00,850.00
1956,1084.757,S1,801.00,10,sell,T-040,T-030,801.00,850.00
1957,1084.980,S1,801.00,10,sell,T-040,T-030,801.00,850.00
1958,1085.153,S1,801.00,10,sell,T-040,T-030,801.00,850.00
1959,1090.831,S1,802.00,100,sell,T-005,T-030,802.00,840.00
1960,1090.831,S1,802.00,500,sell,T-039,T-030,802.00,840.00
1961,1094.328,S1,802.00,500,sell,T-039,T-030,802.00,840.00
1962,1094.328,S1,801.00,100,sell,T-040,T-030,802.00,840.00
1963,1095.385,S1,840.00,1000,buy,T-016,T-024,803.00,840.00
1964,1099.963,S1,803.00,600,sell,T-040,T-030,803.00,850.00
1965,1125.858,S1,810.00,100,buy,T-025,T-003,802.00,810.00
1966,1128.301,S1,810.00,900,buy,T-018,T-003,802.00,810.00
1967,1128.301,S1,820.00,100,buy,T-018,T-003,802.00,810.00
1968,1131.542,S1,802.00,1000,sell,T-039,T-027,802.00,820.00
1969,1133.126,S1,820.00,100,buy,T-025,T-003,800.00,820.00
1970,1134.484,S1,820.00,100,buy,T-025,T-003,810.00,820.00
1971,1135.073,S1,820.00,100,buy,T-025,T-003,810.00,820.00
1972,1135.775,S1,820.00,100,buy,T-025,T-003,810.00,820.00
1973,1136.381,S1,820.00,100,buy,T-025,T-003,810.00,820.00
1974,1136.975,S1,820.00,100,buy,T-025,T-003,810.00,820.00
1975,1137.539,S1,820.00,100,buy,T-025,T-003,810.00,820.00
1976,1138.114,S1,820.00,100,buy,T-025,T-003,810.00,820.00
1977,1138.703,S1,820.00,100,buy,T-025,T-003,810.00,820.00
1978,1146.684,S1,835.00,40,buy,T-014,T-003,810.00,835.00
1979,1165.812,S1,815.00,100,sell,T-033,T-028,815.00,820.00
1980,1165.812,S1,815.00,400,sell,T-003,T-028,815.00,820.00
1981,1167.757,S1,815.00,100,sell,T-003,T-020,815.00,817.50
1982,1167.757,S1,810.00,200,sell,T-038,T-020,815.00,817.50
1983,1167.757,S1,800.00,700,sell,T-023,T-020,815.00,817.50
1984,1172.031,S1,800.00,100,sell,T-023,T-030,800.00,817.50
1985,1175.678,S1,800.00,89,sell,T-023,T-030,800.00,817.50
1986,1175.678,S1,800.00,11,sell,T-018,T-030,800.00,817.50
1987,1180.564,S1,805.00,100,sell,T-005,T-030,805.00,817.50
1988,1181.169,S1,817.50,500,buy,T-016,T-015,805.00,817.50
1989,1181.169,S1,819.00,100,buy,T-016,T-013,805.00,817.50
1990,1181.169,S1,820.00,10,buy,T-016,T-041,805.00,817.50
1991,1181.169,S1,820.00,390,buy,T-016,T-028,805.00,817.50
1992,1181.527,S1,805.00,100,sell,T-005,T-030,805.00,820.00
1993,1196.648,S1,805.00,100,sell,T-005,T-030,805.00,815.00
1994,1197.330,S1,805.00,100,sell,T-005,T-030,805.00,815.00
1995,1197.648,S1,805.00,100,sell,T-005,T-030,805.00,815.00
1996,1203.938,S1,815.00,1000,buy,T-018,T-024,800.00,815.00
1997,1205.614,S1,817.50,100,buy,T-025,T-015,800.00,817.50
1998,1207.594,S1,810.00,100,buy,T-025,T-005,800.00,810.00
1999,1209.692,S1,810.00,100,buy,T-025,T-005,800.00,810.00
2000,1210.576,S1,810.00,100,buy,T-025,T-005,800.00,810.00
2001,1229.751,S1,810.00,200,buy,T-003,T-013,801.00,810.00
2002,1237.773,S1,801.00,100,sell,T-038,T-037,801.00,810.00
2003,1253.392,S1,801.00,100,sell,T-038,T-037,801.00,810.00
2004,1259.222,S1,800.00,100,sell,T-018,T-030,800.00,805.00
2005,1259.883,S1,800.00,100,sell,T-018,T-030,800.00,805.00
2006,1260.276,S1,800.00,100,sell,T-018,T-030,800.00,805.00
2007,1260.609,S1,800.00,100,sell,T-018,T-030,800.00,805.00
2008,1272.981,S1,800.00,100,sell,T-018,T-030,800.00,805.00
2009,1273.577,S1,800.00,100,sell,T-018,T-030,800.00,805.00
2010,1273.836,S1,800.00,100,sell,T-018,T-030,800.00,805.00
2011,1274.242,S1,800.00,100,sell,T-018,T-030,800.00,805.00
2012,1274.417,S1,800.00,100,sell,T-018,T-030,800.00,805.00
2013,1274.641,S1,800.00,89,sell,T-018,T-030,800.00,805.00
2014,1274.641,S1,790.00,11,sell,T-005,T-030,800.00,805.00
2015,1274.852,S1,790.00,100,sell,T-005,T-030,790.00,805.00
2016,1275.036,S1,790.00,100,sell,T-005,T-030,790.00,805.00
2017,1275.217,S1,790.00,89,sell,T-005,T-030,790.00,805.00
2018,1275.217,S1,711.00,11,sell,T-040,T-030,790.00,805.00
2019,1275.589,S1,711.00,100,sell,T-040,T-030,711.00,805.00
2020,1275.771,S1,711.00,100,sell,T-040,T-030,711.00,805.00
2021,1275.982,S1,711.00,100,sell,T-040,T-030,711.00,805.00
2022,1276.177,S1,711.00,100,sell,T-040,T-030,711.00,799.00
2023,1276.361,S1,711.00,100,sell,T-040,T-030,711.00,799.00
2024,1276.553,S1,711.00,100,sell,T-040,T-030,711.00,799.00
2025,1276.734,S1,711.00,100,sell,T-040,T-030,711.00,799.00
2026,1276.929,S1,711.00,100,sell,T-040,T-030,711.00,799.00
2027,1277.129,S1,711.00,100,sell,T-040,T-030,711.00,799.00
2028,1277.494,S1,711.00,89,sell,T-040,T-030,711.00,799.00
2029,1277.494,S1,710.00,11,sell,T-033,T-030,711.00,799.00
2030,1277.686,S1,710.00,89,sell,T-033,T-030,710.00,799.00
2031,1277.686,S1,701.00,11,sell,T-037,T-030,710.00,799.00
2032,1277.856,S1,701.00,100,sell,T-037,T-030,701.00,799.00
2033,1278.057,S1,701.00,100,sell,T-037,T-030,701.00,799.00
2034,1281.500,S1,701.00,250,sell,T-037,T-015,701.00,799.00
2035,1284.895,S1,799.00,40,buy,T-014,T-020,701.00,799.00
2036,1288.842,S1,799.00,960,buy,T-010,T-020,701.00,799.00
2037,1288.842,S1,800.00,40,buy,T-010,T-013,701.00,799.00
2038,1291.506,S1,700.00,100,sell,T-007,T-037,701.00,800.00
2039,1291.506,S1,700.00,100,sell,T-007,T-037,701.00,800.00
2040,1291.506,S1,660.00,100,sell,T-033,T-037,701.00,800.00
2041,1291.506,S1,650.00,100,sell,T-007,T-037,701.00,800.00
2042,1291.506,S1,650.00,100,sell,T-007,T-037,701.00,800.00
2043,1301.718,S1,650.00,10,sell,T-007,T-029,650.00,800.00
2044,1302.567,S1,650.00,90,sell,T-007,T-030,650.00,800.00
2045,1302.567,S1,600.00,10,sell,T-025,T-030,650.00,800.00
2046,1303.531,S1,600.00,100,sell,T-025,T-030,600.00,800.00
2047,1304.352,S1,600.00,100,sell,T-025,T-030,600.00,800.00
2048,1304.573,S1,800.00,960,buy,T-010,T-013,600.00,800.00
2049,1304.573,S1,800.00,40,buy,T-010,T-021,600.00,800.00
2050,1314.718,S1,700.00,40,buy,T-014,T-024,610.00,700.00
2051,1316.475,S1,700.00,100,buy,T-030,T-024,610.00,700.00
2052,1321.088,S1,700.00,100,buy,T-030,T-024,610.00,700.00
2053,1332.660,S1,620.00,200,sell,T-038,T-039,620.00,700.00
2054,1332.660,S1,615.00,600,sell,T-012,T-039,620.00,700.00
2055,1332.660,S1,610.00,200,sell,T-003,T-039,620.00,700.00
2056,1336.638,S1,610.00,300,sell,T-003,T-039,610.00,700.00
2057,1336.638,S1,600.00,280,sell,T-025,T-039,610.00,700.00
2058,1336.638,S1,600.00,420,sell,T-012,T-039,610.00,700.00
2059,1336.778,S1,600.00,180,sell,T-012,T-039,600.00,700.00
2060,1336.778,S1,600.00,200,sell,T-026,T-039,600.00,700.00
2061,1336.778,S1,600.00,99,sell,T-011,T-039,600.00,700.00
2062,1336.778,S1,515.00,500,sell,T-037,T-039,600.00,700.00
2063,1336.778,S1,500.00,21,sell,T-012,T-039,600.00,700.00
2064,1336.937,S1,500.00,979,sell,T-012,T-039,500.00,700.00
2065,1336.937,S1,500.00,21,sell,T-027,T-039,500.00,700.00
2066,1337.098,S1,500.00,979,sell,T-027,T-039,500.00,700.00
2067,1337.098,S1,500.00,21,sell,T-014,T-039,500.00,700.00
2068,1337.248,S1,500.00,19,sell,T-014,T-039,500.00,700.00
2069,1337.248,S1,450.00,300,sell,T-012,T-039,500.00,700.00
2070,1337.248,S1,450.00,681,sell,T-001,T-039,500.00,700.00
2071,1337.935,S1,450.00,319,sell,T-001,T-039,450.00,700.00
2072,1337.935,S1,450.00,200,sell,T-026,T-039,450.00,700.00
2073,1337.935,S1,450.00,40,sell,T-014,T-039,450.00,700.00
2074,1337.935,S1,401.00,441,sell,T-040,T-039,450.00,700.00
2075,1338.106,S1,401.00,559,sell,T-040,T-039,401.00,700.00
2076,1338.106,S1,400.00,441,sell,T-032,T-039,401.00,700.00
2077,1338.236,S1,400.00,559,sell,T-032,T-039,400.00,700.00
2078,1338.236,S1,300.00,441,sell,T-025,T-039,400.00,700.00
2079,1338.347,S1,300.00,559,sell,T-025,T-039,300.00,700.00
2080,1338.347,S1,300.00,441,sell,T-032,T-039,300.00,700.00
2081,1338.510,S1,300.00,559,sell,T-032,T-039,300.00,700.00
2082,1338.510,S1,300.00,441,sell,T-032,T-039,300.00,700.00
2083,1338.723,S1,550.00,40,sell,T-014,T-039,550.00,700.00
2084,1338.723,S1,300.00,559,sell,T-032,T-039,550.00,700.00
2085,1338.723,S1,300.00,100,sell,T-004,T-039,550.00,700.00
2086,1338.723,S1,250.00,100,sell,T-033,T-039,550.00,700.00
2087,1338.723,S1,200.00,201,sell,T-026,T-039,550.00,700.00
2088,1338.873,S1,200.00,799,sell,T-026,T-039,200.00,700.00
2089,1338.873,S1,200.00,201,sell,T-026,T-039,200.00,700.00
2090,1339.022,S1,200.00,99,sell,T-026,T-039,200.00,700.00
2091,1339.022,S1,150.00,300,sell,T-026,T-039,200.00,700.00
2092,1339.022,S1,120.00,601,sell,T-003,T-039,200.00,700.00
2093,1339.184,S1,120.00,399,sell,T-003,T-039,120.00,700.00
2094,1339.184,S1,120.00,601,sell,T-003,T-039,120.00,700.00
2095,1339.345,S1,120.00,399,sell,T-003,T-039,120.00,700.00
2096,1339.345,S1,106.00,601,sell,T-009,T-039,120.00,700.00
2097,1339.477,S1,106.00,399,sell,T-009,T-039,106.00,700.00
2098,1339.477,S1,106.00,601,sell,T-009,T-039,106.00,700.00
2099,1339.623,S1,106.00,399,sell,T-009,T-039,106.00,700.00
2100,1339.623,S1,105.00,100,sell,T-009,T-039,106.00,700.00
2101,1339.623,S1,105.00,501,sell,T-022,T-039,106.00,700.00
2102,1339.786,S1,105.00,499,sell,T-022,T-039,105.00,700.00
2103,1339.786,S1,100.00,300,sell,T-026,T-039,105.00,700.00
2104,1339.786,S1,99.00,100,sell,T-004,T-039,105.00,700.00
2105,1339.786,S1,95.00,100,sell,T-032,T-039,105.00,700.00
2106,1339.786,S1,95.00,1,sell,T-009,T-039,105.00,700.00
2107,1340.761,S1,700.00,760,buy,T-017,T-024,95.00,700.00
2108,1340.761,S1,750.00,240,buy,T-017,T-015,95.00,700.00
2109,1340.922,S1,750.00,260,buy,T-017,T-015,95.00,750.00
2110,1340.922,S1,799.00,740,buy,T-017,T-020,95.00,750.00
2111,1341.063,S1,799.00,260,buy,T-017,T-020,95.00,799.00
2112,1341.063,S1,800.00,10,buy,T-017,T-021,95.00,799.00
2113,1341.063,S1,800.00,50,buy,T-017,T-021,95.00,799.00
2114,1341.063,S1,800.00,50,buy,T-017,T-021,95.00,799.00
2115,1341.063,S1,800.00,100,buy,T-017,T-021,95.00,799.00
2116,1341.063,S1,800.00,400,buy,T-017,T-021,95.00,799.00
2117,1341.063,S1,805.00,130,buy,T-017,T-003,95.00,799.00
2118,1341.617,S1,805.00,434,buy,T-017,T-003,95.00,805.00
2119,1341.617,S1,810.00,566,buy,T-017,T-013,95.00,805.00
2120,1343.844,S1,810.00,234,buy,T-039,T-013,401.00,810.00
2121,1343.844,S1,817.50,400,buy,T-039,T-015,401.00,810.00
2122,1343.844,S1,819.00,100,buy,T-039,T-013,401.00,810.00
2123,1343.844,S1,820.00,110,buy,T-039,T-028,401.00,810.00
2124,1343.844,S1,820.00,156,buy,T-039,T-028,401.00,810.00
2125,1343.996,S1,820.00,344,buy,T-039,T-028,401.00,820.00
2126,1343.996,S1,820.00,500,buy,T-039,T-028,401.00,820.00
2127,1343.996,S1,820.00,156,buy,T-039,T-028,401.00,820.00
2128,1344.796,S1,820.00,344,buy,T-039,T-028,401.00,820.00
2129,1344.796,S1,820.00,500,buy,T-039,T-028,401.00,820.00
2130,1344.796,S1,820.00,100,buy,T-039,T-041,401.00,820.00
2131,1344.796,S1,835.00,56,buy,T-039,T-003,401.00,820.00
2132,1344.958,S1,835.00,904,buy,T-039,T-003,401.00,835.00
2133,1344.958,S1,839.00,10,buy,T-039,T-041,401.00,835.00
2134,1344.958,S1,850.00,86,buy,T-039,T-036,401.00,835.00
2135,1345.104,S1,850.00,214,buy,T-039,T-036,401.00,850.00
2136,1345.104,S1,850.00,300,buy,T-039,T-036,401.00,850.00
2137,1345.104,S1,890.00,486,buy,T-039,T-018,401.00,850.00
2138,1345.306,S1,890.00,514,buy,T-039,T-018,401.00,890.00
2139,1345.306,S1,890.00,486,buy,T-039,T-018,401.00,890.00
2140,1352.041,S1,890.00,100,buy,T-014,T-018,120.00,890.00
2141,1352.260,S1,890.00,100,buy,T-014,T-018,120.00,890.00
2142,1352.565,S1,890.00,100,buy,T-014,T-018,120.00,890.00
2143,1352.637,S1,890.00,214,buy,T-039,T-018,120.00,890.00
2144,1352.637,S1,890.00,786,buy,T-039,T-018,120.00,890.00
2145,1352.801,S1,890.00,214,buy,T-039,T-018,120.00,890.00
2146,1352.801,S1,898.00,786,buy,T-039,T-015,120.00,890.00
2147,1352.941,S1,898.00,100,buy,T-014,T-015,120.00,898.00
2148,1353.678,S1,898.00,114,buy,T-039,T-015,120.00,898.00
2149,1353.678,S1,900.00,298,buy,T-039,T-036,120.00,898.00
2150,1353.678,S1,900.00,300,buy,T-039,T-036,120.00,898.00
2151,1353.678,S1,900.00,288,buy,T-039,T-036,120.00,898.00
2152,1354.098,S1,900.00,12,buy,T-039,T-036,120.00,900.00
2153,1354.098,S1,900.00,988,buy,T-039,T-023,120.00,900.00
2154,1356.080,S1,900.00,12,buy,T-014,T-023,130.00,900.00
2155,1356.080,S1,900.00,88,buy,T-014,T-023,130.00,900.00
2156,1359.062,S1,900.00,100,buy,T-014,T-023,130.00,900.00
2157,1366.076,S1,800.00,1000,buy,T-039,T-017,150.00,800.00
2158,1366.993,S1,900.00,812,buy,T-039,T-023,160.00,900.00
2159,1366.993,S1,900.00,188,buy,T-039,T-021,160.00,900.00
2160,1378.345,S1,200.00,100,sell,T-034,T-014,200.00,750.00
2161,1382.327,S1,200.00,100,sell,T-034,T-014,200.00,650.00
2162,1388.382,S1,600.00,1000,buy,T-016,T-040,200.00,600.00
2163,1390.899,S1,600.00,1000,buy,T-018,T-027,160.00,600.00
2164,1394.217,S1,650.00,100,buy,T-033,T-003,160.00,650.00
2165,1409.210,S1,400.00,1,buy,T-033,T-034,220.00,400.00
2166,1418.583,S1,350.00,1000,buy,T-016,T-017,250.00,350.00
2167,1421.381,S1,349.00,1000,buy,T-016,T-034,300.00,349.00
2168,1422.297,S1,350.00,1000,buy,T-016,T-017,300.00,350.00
2169,1423.198,S1,350.00,1000,buy,T-016,T-017,300.00,350.00
2170,1424.924,S1,350.00,1000,buy,T-016,T-017,300.00,350.00
2171,1426.994,S1,349.00,1000,buy,T-016,T-034,300.00,349.00
2172,1427.136,S1,350.00,100,buy,T-030,T-017,300.00,350.00
2173,1427.307,S1,350.00,100,buy,T-030,T-017,300.00,350.00
2174,1427.500,S1,350.00,100,buy,T-030,T-017,300.00,350.00
2175,1427.670,S1,350.00,100,buy,T-030,T-017,300.00,350.00
2176,1427.851,S1,350.00,100,buy,T-030,T-017,300.00,350.00
2177,1428.012,S1,350.00,100,buy,T-030,T-017,300.00,350.00
2178,1428.194,S1,350.00,100,buy,T-030,T-017,300.00,350.00
2179,1428.386,S1,350.00,100,buy,T-030,T-017,300.00,350.00
2180,1428.572,S1,350.00,100,buy,T-030,T-017,300.00,350.00
2181,1428.752,S1,350.00,100,buy,T-030,T-017,300.00,350.00
2182,1428.924,S1,350.00,100,buy,T-030,T-017,300.00,350.00
2183,1429.097,S1,350.00,100,buy,T-030,T-017,300.00,350.00
2184,1429.270,S1,350.00,100,buy,T-030,T-017,300.00,350.00
2185,1429.453,S1,350.00,100,buy,T-030,T-017,300.00,350.00
2186,1440.768,S1,310.00,1000,buy,T-030,T-036,309.00,310.00
2187,1440.989,S1,310.00,1000,buy,T-030,T-036,309.00,310.00
2188,1441.190,S1,335.00,1000,buy,T-030,T-013,309.00,335.00
2189,1441.474,S1,348.00,1000,buy,T-030,T-017,309.00,348.00
2190,1441.782,S1,348.00,1000,buy,T-030,T-017,309.00,348.00
2191,1448.438,S1,309.00,500,sell,T-023,T-024,309.00,348.00
2192,1448.620,S1,348.00,10,buy,T-029,T-017,309.00,348.00
2193,1448.712,S1,348.00,10,buy,T-029,T-017,309.00,348.00
2194,1449.014,S1,348.00,10,buy,T-029,T-017,309.00,348.00
2195,1449.136,S1,348.00,10,buy,T-029,T-017,309.00,348.00
2196,1449.287,S1,348.00,10,buy,T-029,T-017,309.00,348.00
2197,1449.417,S1,348.00,10,buy,T-029,T-017,309.00,348.00
2198,1449.574,S1,348.00,10,buy,T-029,T-017,309.00,348.00
2199,1449.735,S1,348.00,10,buy,T-029,T-017,309.00,348.00
2200,1449.866,S1,348.00,10,buy,T-029,T-017,309.00,348.00
2201,1450.006,S1,348.00,10,buy,T-029,T-017,309.00,348.00
2202,1450.157,S1,348.00,10,buy,T-029,T-017,309.00,348.00
2203,1450.309,S1,348.00,10,buy,T-029,T-017,309.00,348.00
2204,1450.788,S1,348.00,10,buy,T-029,T-017,309.00,348.00
2205,1450.838,S1,348.00,10,buy,T-029,T-017,309.00,348.00
2206,1451.121,S1,348.00,10,buy,T-029,T-017,309.00,348.00
2207,1451.191,S1,348.00,10,buy,T-029,T-017,309.00,348.00
2208,1451.322,S1,348.00,10,buy,T-029,T-017,309.00,348.00
2209,1451.676,S1,348.00,10,buy,T-029,T-017,309.00,348.00
2210,1451.755,S1,348.00,10,buy,T-029,T-017,309.00,348.00
2211,1451.828,S1,348.00,10,buy,T-029,T-017,309.00,348.00
2212,1452.158,S1,348.00,10,buy,T-029,T-017,309.00,348.00
2213,1452.261,S1,348.00,10,buy,T-029,T-017,309.00,348.00
2214,1452.343,S1,348.00,10,buy,T-029,T-017,309.00,348.00
2215,1452.453,S1,348.00,10,buy,T-029,T-017,309.00,348.00
2216,1452.526,S1,348.00,10,buy,T-029,T-017,309.00,348.00
2217,1452.627,S1,348.00,10,buy,T-029,T-017,309.00,348.00
2218,1452.707,S1,348.00,10,buy,T-029,T-017,309.00,348.00
2219,1452.807,S1,348.00,10,buy,T-029,T-017,309.00,348.00
2220,1452.888,S1,348.00,10,buy,T-029,T-017,309.00,348.00
2221,1453.010,S1,348.00,10,buy,T-029,T-017,309.00,348.00
2222,1454.582,S1,348.00,10,buy,T-029,T-017,309.00,348.00
2223,1454.869,S1,348.00,10,buy,T-029,T-017,309.00,348.00
2224,1454.990,S1,348.00,10,buy,T-029,T-017,309.00,348.00
2225,1455.039,S1,348.00,10,buy,T-029,T-017,309.00,348.00
2226,1455.382,S1,348.00,10,buy,T-029,T-017,309.00,348.00
2227,1455.443,S1,348.00,10,buy,T-029,T-017,309.00,348.00
2228,1455.585,S1,348.00,10,buy,T-029,T-017,309.00,348.00
2229,1455.654,S1,348.00,10,buy,T-029,T-017,309.00,348.00
2230,1455.775,S1,348.00,10,buy,T-029,T-017,309.00,348.00
2231,1455.841,S1,348.00,10,buy,T-029,T-017,309.00,348.00
2232,1455.960,S1,348.00,10,buy,T-029,T-017,309.00,348.00
2233,1456.022,S1,348.00,10,buy,T-029,T-017,309.00,348.00
2234,1456.242,S1,348.00,10,buy,T-029,T-017,309.00,348.00
2235,1456.371,S1,348.00,10,buy,T-029,T-017,309.00,348.00
2236,1456.443,S1,348.00,10,buy,T-029,T-017,309.00,348.00
2237,1456.644,S1,348.00,10,buy,T-029,T-017,309.00,348.00
2238,1456.787,S1,348.00,10,buy,T-029,T-017,309.00,348.00
2239,1457.144,S1,348.00,10,buy,T-029,T-017,309.00,348.00
2240,1457.307,S1,348.00,10,buy,T-029,T-017,309.00,348.00
2241,1457.461,S1,348.00,10,buy,T-029,T-017,309.00,348.00
2242,1457.592,S1,348.00,10,buy,T-029,T-017,309.00,348.00
2243,1457.672,S1,348.00,10,buy,T-029,T-017,309.00,348.00
2244,1457.773,S1,348.00,10,buy,T-029,T-017,309.00,348.00
2245,1457.858,S1,348.00,10,buy,T-029,T-017,309.00,348.00
2246,1457.958,S1,348.00,10,buy,T-029,T-017,309.00,348.00
2247,1458.038,S1,348.00,10,buy,T-029,T-017,309.00,348.00
2248,1458.152,S1,348.00,10,buy,T-029,T-017,309.00,348.00
2249,1458.353,S1,348.00,10,buy,T-029,T-017,309.00,348.00
2250,1458.539,S1,348.00,10,buy,T-029,T-017,309.00,348.00
2251,1458.820,S1,348.00,10,buy,T-029,T-017,309.00,348.00
2252,1459.024,S1,348.00,10,buy,T-029,T-017,309.00,348.00
2253,1459.257,S1,348.00,10,buy,T-029,T-017,309.00,348.00
2254,1459.329,S1,348.00,10,buy,T-029,T-017,309.00,348.00
2255,1459.673,S1,348.00,10,buy,T-029,T-017,309.00,348.00
2256,1459.716,S1,348.00,10,buy,T-029,T-017,309.00,348.00
2257,1459.907,S1,348.00,10,buy,T-029,T-017,309.00,348.00
2258,1460.209,S1,348.00,10,buy,T-029,T-017,309.00,348.00
2259,1460.422,S1,348.00,10,buy,T-029,T-017,309.00,348.00
2260,1460.562,S1,348.00,10,buy,T-029,T-017,309.00,348.00
2261,1464.791,S1,320.00,500,buy,T-029,T-003,309.00,320.00
2262,1464.791,S1,348.00,310,buy,T-029,T-017,309.00,320.00
2263,1464.791,S1,348.00,190,buy,T-029,T-017,309.00,320.00
2264,1464.953,S1,348.00,810,buy,T-029,T-017,309.00,348.00
2265,1464.953,S1,348.00,190,buy,T-029,T-017,309.00,348.00
2266,1465.103,S1,348.00,810,buy,T-029,T-017,309.00,348.00
2267,1465.103,S1,348.00,190,buy,T-029,T-017,309.00,348.00
2268,1465.276,S1,348.00,810,buy,T-029,T-017,309.00,348.00
2269,1465.276,S1,348.00,190,buy,T-029,T-017,309.00,348.00
2270,1465.436,S1,348.00,810,buy,T-029,T-017,309.00,348.00
2271,1465.436,S1,348.00,190,buy,T-029,T-017,309.00,348.00
2272,1465.587,S1,348.00,810,buy,T-029,T-017,309.00,348.00
2273,1465.587,S1,348.00,190,buy,T-029,T-017,309.00,348.00
2274,1465.770,S1,348.00,810,buy,T-029,T-017,309.00,348.00
2275,1465.770,S1,348.00,190,buy,T-029,T-017,309.00,348.00
2276,1465.911,S1,348.00,810,buy,T-029,T-017,309.00,348.00
2277,1465.911,S1,348.00,190,buy,T-029,T-017,309.00,348.00
2278,1466.072,S1,348.00,810,buy,T-029,T-017,309.00,348.00
2279,1466.072,S1,348.00,190,buy,T-029,T-017,309.00,348.00
2280,1466.153,S1,309.00,500,sell,T-023,T-036,309.00,348.00
2281,1466.153,S1,309.00,500,sell,T-023,T-036,309.00,348.00
2282,1466.253,S1,348.00,810,buy,T-029,T-017,309.00,348.00
2283,1466.253,S1,348.00,190,buy,T-029,T-017,309.00,348.00
2284,1466.384,S1,348.00,810,buy,T-029,T-017,309.00,348.00
2285,1466.384,S1,348.00,100,buy,T-029,T-009,309.00,348.00
2286,1466.384,S1,349.00,10,buy,T-029,T-013,309.00,348.00
2287,1466.384,S1,350.00,80,buy,T-029,T-017,309.00,348.00
2288,1466.536,S1,350.00,520,buy,T-029,T-017,309.00,350.00
2289,1466.536,S1,350.00,480,buy,T-029,T-017,309.00,350.00
2290,1466.666,S1,350.00,520,buy,T-029,T-017,330.00,350.00
2291,1466.666,S1,350.00,480,buy,T-029,T-017,330.00,350.00
2292,1466.809,S1,350.00,10,buy,T-015,T-017,330.00,350.00
2293,1467.841,S1,350.00,10,buy,T-015,T-017,330.00,350.00
2294,1468.440,S1,350.00,10,buy,T-015,T-017,330.00,350.00
2295,1468.582,S1,350.00,490,buy,T-029,T-017,330.00,350.00
2296,1468.582,S1,350.00,510,buy,T-029,T-017,330.00,350.00
2297,1469.109,S1,350.00,10,buy,T-015,T-017,330.00,350.00
2298,1470.304,S1,350.00,10,buy,T-015,T-017,330.00,350.00
2299,1470.591,S1,350.00,10,buy,T-015,T-017,330.00,350.00
2300,1470.693,S1,350.00,460,buy,T-029,T-017,330.00,350.00
2301,1470.693,S1,350.00,540,buy,T-029,T-017,330.00,350.00
2302,1470.884,S1,350.00,460,buy,T-029,T-017,330.00,350.00
2303,1470.884,S1,350.00,540,buy,T-029,T-017,330.00,350.00
2304,1471.107,S1,350.00,460,buy,T-029,T-017,330.00,350.00
2305,1471.107,S1,500.00,500,buy,T-029,T-003,330.00,350.00
2306,1471.107,S1,500.00,40,buy,T-029,T-021,330.00,350.00
2307,1471.308,S1,500.00,260,buy,T-029,T-021,330.00,500.00
2308,1471.308,S1,550.00,740,buy,T-029,T-036,330.00,500.00
2309,1472.289,S1,550.00,10,buy,T-015,T-036,330.00,550.00
2310,1472.795,S1,550.00,250,buy,T-029,T-036,330.00,550.00
2311,1472.795,S1,550.00,750,buy,T-029,T-036,330.00,550.00
2312,1472.936,S1,550.00,250,buy,T-029,T-036,330.00,550.00
2313,1472.936,S1,600.00,750,buy,T-029,T-009,330.00,550.00
2314,1473.056,S1,600.00,10,buy,T-015,T-009,330.00,600.00
2315,1482.083,S1,340.00,10,buy,T-015,T-014,330.00,340.00
2316,1484.294,S1,340.00,10,buy,T-015,T-014,330.00,340.00
2317,1485.214,S1,340.00,10,buy,T-015,T-014,330.00,340.00
2318,1487.095,S1,340.00,20,buy,T-019,T-014,330.00,340.00
2319,1487.095,S1,590.00,10,buy,T-019,T-013,330.00,340.00
2320,1487.095,S1,600.00,240,buy,T-019,T-009,330.00,340.00
2321,1487.095,S1,600.00,730,buy,T-019,T-018,330.00,340.00
2322,1495.285,S1,330.00,10,sell,T-001,T-013,330.00,340.00
2323,1498.069,S1,340.00,50,buy,T-017,T-014,330.00,340.00
2324,1498.069,S1,500.00,950,buy,T-017,T-036,330.00,340.00
2325,1498.789,S1,500.00,50,buy,T-017,T-036,330.00,500.00
2326,1498.789,S1,650.00,400,buy,T-017,T-003,330.00,500.00
2327,1498.789,S1,700.00,550,buy,T-017,T-026,330.00,500.00
2328,1499.918,S1,700.00,450,buy,T-017,T-026,330.00,700.00
2329,1499.918,S1,700.00,300,buy,T-017,T-021,330.00,700.00
2330,1499.918,S1,800.00,250,buy,T-017,T-015,330.00,700.00
2331,1523.579,S1,510.00,500,sell,T-003,T-016,510.00,590.00
2332,1523.579,S1,500.00,500,sell,T-010,T-016,510.00,590.00
2333,1527.199,S1,500.00,500,sell,T-010,T-016,500.00,590.00
2334,1527.199,S1,500.00,500,sell,T-030,T-016,500.00,590.00
2335,1527.972,S1,550.00,10,buy,T-003,T-040,500.00,550.00
2336,1528.576,S1,500.00,500,sell,T-030,T-016,500.00,550.00
2337,1528.576,S1,500.00,500,sell,T-030,T-016,500.00,550.00
2338,1539.467,S1,515.00,250,sell,T-023,T-037,515.00,590.00
2339,1544.025,S1,520.00,250,sell,T-040,T-037,520.00,590.00
2340,1577.831,S1,550.00,200,buy,T-010,T-018,540.00,550.00
2341,1587.182,S1,550.00,70,buy,T-003,T-018,540.00,550.00
2342,1587.182,S1,570.00,9,buy,T-003,T-013,540.00,550.00
2343,1587.667,S1,570.00,91,buy,T-023,T-013,540.00,570.00
2344,1587.667,S1,580.00,159,buy,T-023,T-003,540.00,570.00
2345,1593.514,S1,580.00,391,buy,T-030,T-003,515.00,580.00
2346,1593.514,S1,590.00,10,buy,T-030,T-013,515.00,580.00
2347,1593.514,S1,590.00,100,buy,T-030,T-013,515.00,580.00
2348,1593.514,S1,600.00,249,buy,T-030,T-003,515.00,580.00
2349,1600.173,S1,600.00,251,buy,T-030,T-003,515.00,600.00
2350,1600.173,S1,600.00,499,buy,T-030,T-018,515.00,600.00
2351,1601.882,S1,515.00,750,sell,T-030,T-024,515.00,600.00
2352,1601.882,S1,515.00,250,sell,T-030,T-024,515.00,600.00
2353,1603.395,S1,600.00,501,buy,T-030,T-018,520.00,600.00
2354,1603.395,S1,600.00,249,buy,T-030,T-023,520.00,600.00
2355,1605.036,S1,600.00,750,buy,T-030,T-023,520.00,600.00
2356,1605.661,S1,590.00,750,buy,T-030,T-040,520.00,590.00
2357,1605.863,S1,590.00,250,buy,T-030,T-040,520.00,590.00
2358,1605.863,S1,600.00,1,buy,T-030,T-023,520.00,590.00
2359,1605.863,S1,690.00,10,buy,T-030,T-013,520.00,590.00
2360,1605.863,S1,700.00,100,buy,T-030,T-009,520.00,590.00
2361,1605.863,S1,700.00,389,buy,T-030,T-009,520.00,590.00
2362,1606.033,S1,700.00,511,buy,T-030,T-009,520.00,700.00
2363,1606.033,S1,700.00,239,buy,T-030,T-021,520.00,700.00
2364,1606.215,S1,700.00,261,buy,T-030,T-021,520.00,700.00
2365,1606.215,S1,700.00,489,buy,T-030,T-021,520.00,700.00
2366,1606.377,S1,700.00,11,buy,T-030,T-021,520.00,700.00
2367,1606.377,S1,790.00,25,buy,T-030,T-004,520.00,700.00
2368,1606.377,S1,800.00,250,buy,T-030,T-015,520.00,700.00
2369,1606.377,S1,800.00,464,buy,T-030,T-012,520.00,700.00
2370,1610.387,S1,800.00,136,buy,T-030,T-012,520.00,800.00
2371,1610.387,S1,800.00,600,buy,T-030,T-012,520.00,800.00
2372,1610.387,S1,800.00,14,buy,T-030,T-022,520.00,800.00
2373,1610.567,S1,800.00,486,buy,T-030,T-022,520.00,800.00
2374,1610.567,S1,890.00,264,buy,T-030,T-026,520.00,800.00
2375,1610.618,S1,520.00,1000,sell,T-027,T-029,520.00,890.00
2376,1610.770,S1,890.00,736,buy,T-030,T-026,515.00,890.00
2377,1610.770,S1,900.00,14,buy,T-030,T-021,515.00,890.00
2378,1610.942,S1,900.00,298,buy,T-030,T-021,515.00,900.00
2379,1610.942,S1,900.00,452,buy,T-030,T-021,515.00,900.00
2380,1611.298,S1,900.00,48,buy,T-030,T-021,515.00,900.00
2381,1611.298,S1,900.00,500,buy,T-030,T-021,515.00,900.00
2382,1611.298,S1,900.00,100,buy,T-030,T-025,515.00,900.00
2383,1611.298,S1,900.00,100,buy,T-030,T-033,515.00,900.00
2384,1611.298,S1,900.00,2,buy,T-030,T-013,515.00,900.00
2385,1611.539,S1,900.00,750,buy,T-030,T-013,515.00,900.00
2386,1611.781,S1,900.00,248,buy,T-030,T-013,515.00,900.00
2387,1611.781,S1,900.00,502,buy,T-030,T-039,515.00,900.00
2388,1622.090,S1,550.00,1,sell,T-003,T-033,550.00,800.00
2389,1625.544,S1,550.00,999,sell,T-003,T-029,550.00,800.00
2390,1625.544,S1,525.00,1,sell,T-005,T-029,550.00,800.00
2391,1626.355,S1,525.00,999,sell,T-005,T-029,525.00,800.00
2392,1626.355,S1,515.00,1,sell,T-030,T-029,525.00,800.00
2393,1627.179,S1,515.00,499,sell,T-030,T-029,515.00,800.00
2394,1627.179,S1,515.00,501,sell,T-030,T-029,515.00,800.00
2395,1627.792,S1,515.00,249,sell,T-030,T-029,515.00,800.00
2396,1627.792,S1,500.00,500,sell,T-030,T-029,515.00,800.00
2397,1627.792,S1,500.00,251,sell,T-030,T-029,515.00,800.00
2398,1631.241,S1,500.00,749,sell,T-030,T-029,500.00,800.00
2399,1631.241,S1,500.00,251,sell,T-030,T-029,500.00,800.00
2400,1631.818,S1,500.00,749,sell,T-030,T-029,500.00,800.00
2401,1631.818,S1,500.00,251,sell,T-030,T-029,500.00,800.00
2402,1632.505,S1,600.00,1000,sell,T-023,T-029,600.00,800.00
2403,1650.101,S1,600.00,100,sell,T-025,T-037,600.00,800.00
2404,1680.188,S1,550.00,100,sell,T-025,T-029,550.00,650.00
2405,1680.188,S1,500.00,749,sell,T-030,T-029,550.00,650.00
2406,1680.188,S1,500.00,151,sell,T-030,T-029,550.00,650.00
2407,1732.645,S1,600.00,100,sell,T-010,T-037,600.00,620.00
2408,1733.196,S1,600.00,100,sell,T-010,T-037,600.00,620.00
2409,1733.804,S1,600.00,100,sell,T-010,T-037,600.00,620.00
2410,1751.897,S1,600.00,100,sell,T-010,T-037,600.00,620.00
2411,1752.568,S1,600.00,100,sell,T-010,T-029,600.00,620.00
2412,1752.568,S1,590.00,500,sell,T-005,T-029,600.00,620.00
2413,1752.568,S1,572.00,400,sell,T-040,T-029,600.00,620.00
2414,1752.722,S1,572.00,100,sell,T-040,T-037,572.00,620.00
2415,1752.753,S1,572.00,500,sell,T-040,T-029,572.00,620.00
2416,1752.753,S1,561.00,500,sell,T-040,T-029,572.00,620.00
2417,1752.927,S1,561.00,500,sell,T-040,T-029,561.00,620.00
2418,1752.927,S1,560.00,500,sell,T-040,T-029,561.00,620.00
2419,1753.069,S1,560.00,500,sell,T-040,T-029,560.00,620.00
2420,1753.069,S1,559.00,500,sell,T-040,T-029,560.00,620.00
2421,1753.250,S1,559.00,500,sell,T-040,T-029,559.00,620.00
2422,1753.250,S1,550.00,100,sell,T-025,T-029,559.00,620.00
2423,1753.250,S1,400.00,400,sell,T-001,T-029,559.00,620.00
2424,1753.604,S1,550.00,100,sell,T-026,T-029,550.00,620.00
2425,1753.604,S1,400.00,600,sell,T-001,T-029,550.00,620.00
2426,1753.604,S1,350.00,300,sell,T-005,T-029,550.00,620.00
2427,1753.789,S1,350.00,700,sell,T-005,T-029,350.00,620.00
2428,1753.789,S1,330.00,300,sell,T-001,T-029,350.00,620.00
2429,1753.972,S1,600.00,250,sell,T-028,T-029,600.00,620.00
2430,1753.972,S1,330.00,390,sell,T-001,T-029,600.00,620.00
2431,1753.972,S1,300.00,200,sell,T-038,T-029,600.00,620.00
2432,1753.972,S1,300.00,160,sell,T-011,T-029,600.00,620.00
2433,1754.159,S1,300.00,840,sell,T-011,T-029,300.00,620.00
2434,1754.159,S1,300.00,160,sell,T-017,T-029,300.00,620.00
2435,1754.391,S1,300.00,840,sell,T-017,T-029,300.00,620.00
2436,1754.391,S1,300.00,160,sell,T-017,T-029,300.00,620.00
2437,1754.593,S1,300.00,840,sell,T-017,T-029,300.00,620.00
2438,1754.593,S1,300.00,160,sell,T-017,T-029,300.00,620.00
2439,1754.786,S1,300.00,840,sell,T-017,T-029,300.00,620.00
2440,1754.786,S1,300.00,160,sell,T-017,T-029,300.00,620.00
2441,1755.128,S1,300.00,840,sell,T-017,T-029,300.00,620.00
2442,1755.128,S1,300.00,160,sell,T-017,T-029,300.00,620.00
2443,1759.114,S1,400.00,1000,sell,T-040,T-029,400.00,600.00
2444,1759.722,S1,350.00,600,sell,T-012,T-029,350.00,600.00
2445,1759.722,S1,300.00,400,sell,T-017,T-029,350.00,600.00
2446,1760.330,S1,300.00,440,sell,T-017,T-029,300.00,600.00
2447,1760.330,S1,300.00,560,sell,T-017,T-029,300.00,600.00
2448,1760.906,S1,300.00,440,sell,T-017,T-029,300.00,600.00
2449,1760.906,S1,300.00,560,sell,T-017,T-029,300.00,600.00
2450,1761.469,S1,300.00,440,sell,T-017,T-029,300.00,600.00
2451,1761.469,S1,300.00,560,sell,T-017,T-029,300.00,600.00
2452,1762.021,S1,300.00,440,sell,T-017,T-029,300.00,600.00
2453,1762.021,S1,250.00,560,sell,T-010,T-029,300.00,600.00
2454,1764.271,S1,600.00,9,buy,T-015,T-021,301.00,600.00
2455,1764.271,S1,600.00,250,buy,T-015,T-028,301.00,600.00
2456,1764.271,S1,600.00,191,buy,T-015,T-028,301.00,600.00
2457,1769.643,S1,599.00,290,buy,T-014,T-027,320.00,599.00
2458,1775.594,S1,590.00,250,buy,T-018,T-028,320.00,590.00
2459,1775.594,S1,599.00,710,buy,T-018,T-027,320.00,590.00
2460,1775.594,S1,600.00,40,buy,T-018,T-028,320.00,590.00
2461,1780.465,S1,580.00,450,buy,T-015,T-003,400.00,580.00
2462,1790.691,S1,500.00,290,buy,T-014,T-024,400.00,500.00
2463,1792.001,S1,500.00,710,buy,T-009,T-024,401.00,500.00
2464,1792.001,S1,500.00,290,buy,T-009,T-024,401.00,500.00
2465,1799.412,S1,490.00,290,buy,T-014,T-003,401.00,490.00
2466,1813.382,S1,490.00,100,buy,T-017,T-003,450.00,490.00
2467,1829.561,S1,460.00,200,sell,T-005,T-037,460.00,470.00
2468,1830.656,S1,460.00,200,sell,T-005,T-037,460.00,470.00
2469,1853.809,S1,460.00,100,sell,T-005,T-037,460.00,465.00
2470,1853.809,S1,460.00,100,sell,T-027,T-037,460.00,465.00
2471,1854.389,S1,460.00,200,sell,T-027,T-037,460.00,465.00
2472,1854.904,S1,460.00,200,sell,T-027,T-037,460.00,465.00
2473,1855.489,S1,460.00,200,sell,T-027,T-037,460.00,465.00
2474,1856.154,S1,460.00,200,sell,T-027,T-037,460.00,465.00
2475,1869.260,S1,465.00,500,buy,T-010,T-024,460.00,465.00
2476,1871.391,S1,460.00,100,sell,T-027,T-028,460.00,461.00
2477,1871.391,S1,450.00,150,sell,T-024,T-028,460.00,461.00
2478,1874.249,S1,450.00,580,sell,T-024,T-014,450.00,461.00
2479,1875.799,S1,450.00,250,sell,T-024,T-028,450.00,461.00
2480,1877.675,S1,450.00,20,sell,T-024,T-028,450.00,461.00
2481,1877.675,S1,450.00,230,sell,T-024,T-028,450.00,461.00
2482,1879.090,S1,450.00,250,sell,T-024,T-028,450.00,461.00
2483,1881.577,S1,450.00,250,sell,T-024,T-028,450.00,461.00
2484,1882.764,S1,450.00,270,sell,T-024,T-018,450.00,461.00
2485,1882.764,S1,450.00,730,sell,T-024,T-018,450.00,461.00
2486,1883.748,S1,450.00,270,sell,T-024,T-018,450.00,461.00
2487,1883.748,S1,450.00,730,sell,T-024,T-018,450.00,461.00
2488,1884.799,S1,450.00,270,sell,T-024,T-018,450.00,461.00
2489,1884.799,S1,401.00,600,sell,T-012,T-018,450.00,461.00
2490,1884.799,S1,380.00,130,sell,T-017,T-018,450.00,461.00
2491,1888.310,S1,380.00,20,sell,T-017,T-018,380.00,450.00
2492,1888.310,S1,351.00,100,sell,T-033,T-018,380.00,450.00
2493,1888.310,S1,350.00,880,sell,T-036,T-018,380.00,450.00
2494,1889.088,S1,350.00,120,sell,T-036,T-018,350.00,450.00
2495,1889.088,S1,320.00,600,sell,T-012,T-018,350.00,450.00
2496,1889.088,S1,320.00,280,sell,T-012,T-018,350.00,450.00
2497,1940.358,S1,350.00,200,sell,T-017,T-037,350.00,355.00
2498,1940.358,S1,330.00,50,sell,T-038,T-037,350.00,355.00
2499,1954.607,S1,335.00,100,buy,T-013,T-024,330.00,335.00
2500,1957.342,S1,330.00,50,sell,T-038,T-037,330.00,335.00
2501,1959.957,S1,330.00,50,sell,T-038,T-037,330.00,335.00
2502,1965.121,S1,335.00,200,buy,T-038,T-024,330.00,335.00
2503,1970.162,S1,330.00,50,sell,T-038,T-018,330.00,335.00
2504,1970.162,S1,320.00,320,sell,T-012,T-018,330.00,335.00
2505,1970.162,S1,300.00,400,sell,T-022,T-018,330.00,335.00
2506,1970.162,S1,250.00,230,sell,T-010,T-018,330.00,335.00
2507,1972.359,S1,250.00,10,sell,T-010,T-018,250.00,335.00
2508,1972.359,S1,250.00,100,sell,T-033,T-018,250.00,335.00
2509,1972.359,S1,210.00,890,sell,T-028,T-018,250.00,335.00
2510,1973.213,S1,210.00,110,sell,T-028,T-018,210.00,335.00
2511,1973.213,S1,201.00,600,sell,T-012,T-018,210.00,335.00
2512,1973.213,S1,200.00,290,sell,T-025,T-018,210.00,335.00
2513,1974.231,S1,200.00,210,sell,T-025,T-018,200.00,335.00
2514,1974.231,S1,200.00,500,sell,T-003,T-018,200.00,335.00
2515,1974.231,S1,200.00,290,sell,T-003,T-018,200.00,335.00
2516,1975.332,S1,200.00,210,sell,T-003,T-018,200.00,335.00
2517,1975.332,S1,200.00,500,sell,T-026,T-018,200.00,335.00
2518,1975.332,S1,200.00,290,sell,T-022,T-018,200.00,335.00
2519,1979.041,S1,200.00,110,sell,T-022,T-018,200.00,300.00
2520,1979.041,S1,200.00,400,sell,T-022,T-018,200.00,300.00
2521,1979.041,S1,200.00,100,sell,T-032,T-018,200.00,300.00
2522,1979.041,S1,170.00,200,sell,T-038,T-018,200.00,300.00
2523,1979.041,S1,160.00,190,sell,T-028,T-018,200.00,300.00
2524,1982.741,S1,300.00,1000,buy,T-034,T-003,160.00,300.00
2525,1982.934,S1,300.00,1000,buy,T-034,T-003,160.00,300.00
2526,1983.085,S1,300.00,580,buy,T-014,T-003,160.00,300.00
2527,1983.463,S1,300.00,420,buy,T-034,T-003,160.00,300.00
2528,1983.463,S1,300.00,580,buy,T-034,T-003,160.00,300.00
2529,1983.473,S1,300.00,420,buy,T-034,T-003,160.00,300.00
2530,1983.473,S1,300.00,580,buy,T-034,T-003,160.00,300.00
2531,1983.522,S1,300.00,420,buy,T-034,T-003,160.00,300.00
2532,1983.522,S1,330.00,580,buy,T-034,T-036,160.00,300.00
2533,1984.573,S1,330.00,420,buy,T-034,T-036,160.00,330.00
2534,1984.573,S1,335.00,580,buy,T-034,T-024,160.00,330.00
2535,1984.582,S1,335.00,120,buy,T-034,T-024,160.00,335.00
2536,1984.582,S1,339.00,250,buy,T-034,T-015,160.00,335.00
2537,1984.582,S1,339.00,250,buy,T-034,T-015,160.00,335.00
2538,1984.582,S1,340.00,380,buy,T-034,T-003,160.00,335.00
2539,1984.582,S1,340.00,620,buy,T-034,T-003,160.00,340.00
2540,1984.582,S1,340.00,380,buy,T-034,T-003,160.00,340.00
2541,1984.582,S1,340.00,620,buy,T-034,T-003,160.00,340.00
2542,1984.582,S1,340.00,380,buy,T-034,T-003,160.00,340.00
2543,1984.582,S1,340.00,620,buy,T-034,T-003,160.00,340.00
2544,1984.582,S1,340.00,380,buy,T-034,T-003,160.00,340.00
2545,1984.582,S1,340.00,620,buy,T-034,T-003,160.00,340.00
2546,1984.582,S1,340.00,380,buy,T-034,T-003,160.00,340.00
2547,1984.582,S1,340.00,620,buy,T-034,T-003,160.00,340.00
2548,1984.582,S1,360.00,380,buy,T-034,T-036,160.00,340.00
2549,1992.565,S1,360.00,620,buy,T-035,T-036,300.00,360.00
2550,1992.565,S1,400.00,380,buy,T-035,T-036,300.00,360.00
2551,1997.700,S1,399.00,1000,buy,T-035,T-027,300.00,399.00
2552,2000.683,S1,400.00,620,buy,T-035,T-036,300.00,400.00
2553,2000.683,S1,400.00,380,buy,T-035,T-036,300.00,400.00
2554,2003.018,S1,400.00,620,buy,T-035,T-036,300.00,400.00
2555,2003.018,S1,400.00,380,buy,T-035,T-036,300.00,400.00
2556,2005.045,S1,400.00,620,buy,T-035,T-036,300.00,400.00
2557,2005.045,S1,400.00,250,buy,T-035,T-015,300.00,400.00
2558,2005.045,S1,400.00,130,buy,T-035,T-017,300.00,400.00
2559,2014.670,S1,370.00,250,sell,T-034,T-037,370.00,390.00
2560,2020.195,S1,390.00,60,buy,T-035,T-038,370.00,390.00
2561,2020.195,S1,400.00,20,buy,T-035,T-017,370.00,390.00
2562,2020.195,S1,400.00,920,buy,T-035,T-021,370.00,390.00
2563,2022.130,S1,400.00,80,buy,T-035,T-021,370.00,400.00
2564,2022.130,S1,400.00,920,buy,T-035,T-039,370.00,400.00
2565,2023.153,S1,370.00,250,sell,T-034,T-028,370.00,400.00
2566,2023.307,S1,400.00,80,buy,T-035,T-039,370.00,400.00
2567,2023.307,S1,400.00,920,buy,T-035,T-039,370.00,400.00
2568,2025.642,S1,370.00,250,sell,T-034,T-028,370.00,400.00
2569,2027.708,S1,390.00,1000,buy,T-035,T-036,370.00,390.00
2570,2028.273,S1,370.00,250,sell,T-034,T-028,370.00,400.00
2571,2031.533,S1,380.00,250,sell,T-034,T-028,380.00,390.00
2572,2032.802,S1,380.00,250,sell,T-034,T-028,380.00,390.00
2573,2032.972,S1,380.00,250,sell,T-034,T-037,380.00,390.00
2574,2033.150,S1,380.00,250,sell,T-034,T-037,380.00,390.00
2575,2033.732,S1,350.00,500,sell,T-027,T-001,350.00,390.00
2576,2035.023,S1,390.00,1000,buy,T-035,T-036,350.00,390.00
2577,2041.113,S1,390.00,1000,buy,T-035,T-036,350.00,390.00
2578,2043.944,S1,430.00,200,buy,T-035,T-017,350.00,430.00
2579,2043.944,S1,440.00,800,buy,T-035,T-001,350.00,430.00
2580,2058.524,S1,400.00,250,sell,T-034,T-028,400.00,430.00
2581,2058.994,S1,400.00,250,sell,T-034,T-028,400.00,430.00
2582,2059.704,S1,400.00,250,sell,T-034,T-028,400.00,430.00
2583,2060.936,S1,400.00,250,sell,T-034,T-028,400.00,420.00
2584,2103.057,S1,351.00,1,buy,T-015,T-036,250.00,351.00
2585,2103.057,S1,390.00,400,buy,T-015,T-036,250.00,351.00
2586,2103.057,S1,400.00,99,buy,T-015,T-036,250.00,351.00
2587,2121.847,S1,300.00,100,sell,T-027,T-025,300.00,301.00
2588,2125.720,S1,301.00,1,buy,T-025,T-036,300.00,301.00
2589,2125.720,S1,390.00,99,buy,T-025,T-010,300.00,301.00
2590,2129.133,S1,390.00,51,buy,T-025,T-010,301.00,390.00
2591,2129.133,S1,399.00,49,buy,T-025,T-015,301.00,390.00
2592,2130.751,S1,399.00,100,buy,T-025,T-015,301.00,399.00
2593,2132.448,S1,399.00,100,buy,T-025,T-015,301.00,399.00
2594,2133.301,S1,399.00,100,buy,T-025,T-015,301.00,399.00
2595,2135.452,S1,399.00,100,buy,T-025,T-015,301.00,399.00
2596,2137.882,S1,399.00,51,buy,T-025,T-015,301.00,399.00
2597,2137.882,S1,399.00,49,buy,T-025,T-015,301.00,399.00
2598,2139.385,S1,399.00,100,buy,T-025,T-015,301.00,399.00
2599,2140.316,S1,399.00,100,buy,T-025,T-015,301.00,399.00
2600,2140.833,S1,399.00,100,buy,T-025,T-015,301.00,399.00
2601,2141.417,S1,399.00,100,buy,T-025,T-015,301.00,399.00
2602,2143.367,S1,399.00,51,buy,T-025,T-015,398.00,399.00
2603,2143.367,S1,400.00,49,buy,T-025,T-036,398.00,399.00
2604,2145.685,S1,400.00,100,buy,T-025,T-036,398.00,400.00
2605,2145.979,S1,400.00,100,buy,T-025,T-036,398.00,400.00
2606,2146.192,S1,400.00,52,buy,T-025,T-036,398.00,400.00
2607,2146.192,S1,400.00,48,buy,T-025,T-039,398.00,400.00
2608,2146.606,S1,400.00,100,buy,T-025,T-039,398.00,400.00
2609,2146.830,S1,399.99,100,buy,T-025,T-001,398.00,399.99
2610,2149.500,S1,399.99,100,buy,T-025,T-001,398.00,399.99
2611,2149.936,S1,399.99,100,buy,T-025,T-001,398.00,399.99
2612,2150.147,S1,399.99,100,buy,T-025,T-001,398.00,399.99
2613,2150.327,S1,399.99,100,buy,T-025,T-001,398.00,399.99
2614,2150.529,S1,399.99,100,buy,T-025,T-001,398.00,399.99
2615,2151.317,S1,399.99,100,buy,T-025,T-001,398.00,399.99
2616,2151.733,S1,399.99,100,buy,T-025,T-001,398.00,399.99
2617,2158.351,S1,400.00,100,buy,T-025,T-039,398.00,400.00
2618,2159.026,S1,400.00,100,buy,T-025,T-039,398.00,400.00
2619,2160.288,S1,400.00,100,buy,T-025,T-039,398.00,400.00
2620,2161.029,S1,400.00,100,buy,T-025,T-039,398.00,400.00
2621,2161.804,S1,400.00,100,buy,T-025,T-039,398.00,400.00
2622,2162.423,S1,400.00,100,buy,T-025,T-039,398.00,400.00
2623,2163.030,S1,400.00,100,buy,T-025,T-039,398.00,400.00
2624,2163.716,S1,400.00,100,buy,T-025,T-039,398.00,400.00
2625,2164.241,S1,399.00,100,buy,T-025,T-038,315.00,399.00
2626,2164.648,S1,399.00,100,buy,T-025,T-038,315.00,399.00
2627,2165.388,S1,400.00,52,buy,T-025,T-039,315.00,400.00
2628,2165.388,S1,400.00,48,buy,T-025,T-003,315.00,400.00
2629,2166.000,S1,400.00,100,buy,T-025,T-003,315.00,400.00
2630,2166.544,S1,400.00,100,buy,T-025,T-003,315.00,400.00
2631,2167.112,S1,400.00,100,buy,T-025,T-003,315.00,400.00
2632,2167.722,S1,399.00,100,buy,T-025,T-038,315.00,399.00
2633,2168.620,S1,399.00,100,buy,T-025,T-038,315.00,399.00
2634,2169.291,S1,400.00,100,buy,T-025,T-003,315.00,400.00
2635,2169.860,S1,400.00,100,buy,T-025,T-003,315.00,400.00
2636,2170.057,S1,400.00,100,buy,T-025,T-003,315.00,400.00
2637,2170.281,S1,400.00,100,buy,T-025,T-003,315.00,400.00
2638,2170.527,S1,400.00,100,buy,T-025,T-003,315.00,400.00
2639,2170.831,S1,400.00,100,buy,T-025,T-003,315.00,400.00
2640,2171.472,S1,399.00,100,buy,T-025,T-034,315.00,399.00
2641,2171.961,S1,399.00,100,buy,T-025,T-034,315.00,399.00
2642,2172.142,S1,399.00,100,buy,T-025,T-034,315.00,399.00
2643,2172.365,S1,399.00,100,buy,T-025,T-034,315.00,399.00
2644,2172.579,S1,399.00,100,buy,T-025,T-034,315.00,399.00
2645,2172.899,S1,399.00,100,buy,T-025,T-034,315.00,399.00
2646,2174.012,S1,399.00,100,buy,T-025,T-034,315.00,399.00
2647,2174.387,S1,380.00,100,buy,T-025,T-028,315.00,380.00
2648,2174.659,S1,380.00,100,buy,T-025,T-028,315.00,380.00
2649,2175.103,S1,380.00,50,buy,T-025,T-028,315.00,380.00
2650,2175.103,S1,399.00,50,buy,T-025,T-034,315.00,380.00
2651,2175.717,S1,380.00,100,buy,T-025,T-028,315.00,380.00
2652,2176.093,S1,380.00,100,buy,T-025,T-028,315.00,380.00
2653,2176.561,S1,380.00,50,buy,T-025,T-028,315.00,380.00
2654,2176.561,S1,380.00,50,buy,T-025,T-028,315.00,380.00
2655,2176.833,S1,380.00,100,buy,T-025,T-028,315.00,380.00
2656,2177.197,S1,380.00,100,buy,T-025,T-028,315.00,380.00
2657,2177.592,S1,380.00,100,buy,T-025,T-028,315.00,380.00
2658,2178.368,S1,380.00,100,buy,T-025,T-028,315.00,380.00
2659,2178.909,S1,380.00,50,buy,T-025,T-028,315.00,380.00
2660,2178.909,S1,380.00,50,buy,T-025,T-028,315.00,380.00
2661,2179.336,S1,380.00,100,buy,T-025,T-028,315.00,380.00
2662,2179.893,S1,380.00,100,buy,T-025,T-028,315.00,380.00
2663,2180.247,S1,399.00,100,buy,T-025,T-034,315.00,399.00
2664,2180.711,S1,399.00,100,buy,T-025,T-034,315.00,399.00
2665,2181.227,S1,380.00,100,buy,T-025,T-028,315.00,380.00
2666,2182.255,S1,380.00,100,buy,T-025,T-028,315.00,380.00
2667,2183.128,S1,380.00,50,buy,T-025,T-028,315.00,380.00
2668,2183.128,S1,380.00,50,buy,T-025,T-028,315.00,380.00
2669,2183.838,S1,380.00,100,buy,T-025,T-028,315.00,380.00
2670,2184.363,S1,380.00,100,buy,T-025,T-028,315.00,380.00
2671,2184.950,S1,380.00,100,buy,T-025,T-028,315.00,380.00
2672,2185.394,S1,380.00,100,buy,T-025,T-028,315.00,380.00
2673,2185.596,S1,380.00,50,buy,T-025,T-028,315.00,380.00
2674,2185.596,S1,399.00,50,buy,T-025,T-034,315.00,380.00
2675,2185.809,S1,399.00,100,buy,T-025,T-034,315.00,399.00
2676,2186.044,S1,399.00,100,buy,T-025,T-034,315.00,399.00
2677,2186.562,S1,399.00,100,buy,T-025,T-034,315.00,399.00
2678,2187.091,S1,399.00,100,buy,T-025,T-034,315.00,399.00
2679,2187.253,S1,399.00,100,buy,T-025,T-034,315.00,399.00
2680,2187.498,S1,395.00,100,buy,T-025,T-028,320.00,395.00
2681,2187.590,S1,395.00,100,buy,T-025,T-028,320.00,395.00
2682,2188.329,S1,395.00,50,buy,T-025,T-028,320.00,395.00
2683,2188.329,S1,395.00,50,buy,T-025,T-028,320.00,395.00
2684,2188.544,S1,395.00,100,buy,T-025,T-028,320.00,395.00
2685,2189.066,S1,395.00,100,buy,T-025,T-028,320.00,395.00
2686,2193.961,S1,395.00,100,buy,T-025,T-028,320.00,395.00
2687,2194.844,S1,395.00,100,buy,T-025,T-028,320.00,395.00
2688,2195.364,S1,395.00,50,buy,T-025,T-028,320.00,395.00
2689,2195.364,S1,399.00,50,buy,T-025,T-034,320.00,395.00
2690,2196.603,S1,399.00,100,buy,T-025,T-034,334.00,399.00
2691,2196.758,S1,399.00,100,buy,T-025,T-034,334.00,399.00
2692,2196.931,S1,399.00,100,buy,T-025,T-034,334.00,399.00
2693,2197.230,S1,399.00,100,buy,T-025,T-034,334.00,399.00
2694,2197.462,S1,399.00,50,buy,T-025,T-034,334.00,399.00
2695,2197.462,S1,399.99,50,buy,T-025,T-001,334.00,399.00
2696,2197.985,S1,399.99,100,buy,T-025,T-001,334.00,399.99
2697,2198.509,S1,399.99,100,buy,T-025,T-001,334.00,399.99
2698,2198.713,S1,399.99,100,buy,T-025,T-001,334.00,399.99
2699,2198.874,S1,399.99,100,buy,T-025,T-001,334.00,399.99
2700,2199.074,S1,399.99,100,buy,T-025,T-001,334.00,399.99
2701,2199.275,S1,399.99,100,buy,T-025,T-001,334.00,399.99
2702,2199.558,S1,399.00,100,buy,T-025,T-034,334.00,399.00
2703,2199.926,S1,399.00,100,buy,T-025,T-034,334.00,399.00
2704,2200.669,S1,399.00,100,buy,T-025,T-034,334.00,399.00
2705,2200.912,S1,399.00,100,buy,T-025,T-034,334.00,399.00
2706,2201.143,S1,399.00,100,buy,T-025,T-034,334.00,399.00
2707,2201.365,S1,399.00,100,buy,T-025,T-034,334.00,399.00
2708,2201.710,S1,399.00,100,buy,T-025,T-034,334.00,399.00
2709,2202.178,S1,399.00,100,buy,T-025,T-034,334.00,399.00
2710,2204.351,S1,399.00,100,buy,T-025,T-034,334.00,399.00
2711,2204.876,S1,399.00,100,buy,T-025,T-034,334.00,399.00
2712,2205.128,S1,399.00,100,buy,T-025,T-013,334.00,399.00
2713,2205.331,S1,399.00,100,buy,T-025,T-034,334.00,399.00
2714,2205.559,S1,399.00,100,buy,T-025,T-034,334.00,399.00
2715,2205.850,S1,399.00,100,buy,T-025,T-034,334.00,399.00
2716,2206.012,S1,399.00,100,buy,T-025,T-034,334.00,399.00
2717,2206.247,S1,395.00,100,buy,T-025,T-028,334.00,395.00
2718,2206.460,S1,395.00,100,buy,T-025,T-028,334.00,395.00
2719,2206.712,S1,395.00,50,buy,T-025,T-028,334.00,395.00
2720,2206.712,S1,399.00,50,buy,T-025,T-034,334.00,395.00
2721,2207.556,S1,395.00,100,buy,T-025,T-028,334.00,395.00
2722,2207.718,S1,395.00,100,buy,T-025,T-028,334.00,395.00
2723,2207.942,S1,395.00,50,buy,T-025,T-028,334.00,395.00
2724,2207.942,S1,399.00,50,buy,T-025,T-034,334.00,395.00
2725,2208.075,S1,399.00,100,buy,T-025,T-034,334.00,399.00
2726,2208.239,S1,399.00,100,buy,T-025,T-034,334.00,399.00
2727,2208.639,S1,395.00,100,buy,T-025,T-028,334.00,395.00
2728,2208.829,S1,395.00,100,buy,T-025,T-028,334.00,395.00
2729,2208.992,S1,395.00,50,buy,T-025,T-028,334.00,395.00
2730,2208.992,S1,399.00,50,buy,T-025,T-034,334.00,395.00
2731,2209.164,S1,399.00,100,buy,T-025,T-034,334.00,399.00
2732,2209.326,S1,395.00,100,buy,T-025,T-028,334.00,395.00
2733,2209.645,S1,395.00,100,buy,T-025,T-028,334.00,395.00
2734,2209.806,S1,395.00,50,buy,T-025,T-028,334.00,395.00
2735,2209.806,S1,399.00,50,buy,T-025,T-034,334.00,395.00
2736,2210.042,S1,399.00,100,buy,T-025,T-034,334.00,399.00
2737,2210.180,S1,399.00,100,buy,T-025,T-013,334.00,399.00
2738,2210.330,S1,399.99,100,buy,T-025,T-001,334.00,399.99
2739,2210.472,S1,395.00,100,buy,T-025,T-028,334.00,395.00
2740,2210.633,S1,395.00,100,buy,T-025,T-028,334.00,395.00
2741,2210.777,S1,395.00,50,buy,T-025,T-028,334.00,395.00
2742,2210.777,S1,399.99,50,buy,T-025,T-001,334.00,395.00
2743,2210.950,S1,399.99,100,buy,T-025,T-015,334.00,399.99
2744,2211.142,S1,399.99,100,buy,T-025,T-015,334.00,399.99
2745,2211.282,S1,399.99,100,buy,T-025,T-015,334.00,399.99
2746,2211.438,S1,399.00,100,buy,T-025,T-039,334.00,399.00
2747,2211.658,S1,399.00,100,buy,T-025,T-039,334.00,399.00
2748,2211.810,S1,399.00,100,buy,T-025,T-039,334.00,399.00
2749,2211.981,S1,395.00,100,buy,T-025,T-028,334.00,395.00
2750,2212.193,S1,395.00,100,buy,T-025,T-028,334.00,395.00
2751,2212.326,S1,395.00,50,buy,T-025,T-028,334.00,395.00
2752,2212.326,S1,399.00,50,buy,T-025,T-039,334.00,395.00
2753,2212.426,S1,399.00,100,buy,T-025,T-039,334.00,399.00
2754,2212.657,S1,399.00,100,buy,T-025,T-039,334.00,399.00
2755,2212.707,S1,399.00,100,buy,T-025,T-039,334.00,399.00
2756,2212.857,S1,395.00,100,buy,T-025,T-028,334.00,395.00
2757,2213.005,S1,395.00,100,buy,T-025,T-028,334.00,395.00
2758,2213.793,S1,395.00,50,buy,T-025,T-028,334.00,395.00
2759,2213.793,S1,395.00,50,buy,T-025,T-028,334.00,395.00
2760,2213.964,S1,395.00,100,buy,T-025,T-028,334.00,395.00
2761,2214.126,S1,395.00,100,buy,T-025,T-028,334.00,395.00
2762,2214.295,S1,395.00,100,buy,T-025,T-028,334.00,395.00
2763,2214.448,S1,395.00,100,buy,T-025,T-028,334.00,395.00
2764,2214.597,S1,395.00,50,buy,T-025,T-028,334.00,395.00
2765,2214.597,S1,395.00,50,buy,T-025,T-028,334.00,395.00
2766,2214.759,S1,395.00,100,buy,T-025,T-028,334.00,395.00
2767,2214.901,S1,395.00,100,buy,T-025,T-028,334.00,395.00
2768,2215.052,S1,395.00,100,buy,T-025,T-028,334.00,395.00
2769,2215.194,S1,395.00,100,buy,T-025,T-028,334.00,395.00
2770,2215.346,S1,395.00,50,buy,T-025,T-028,334.00,395.00
2771,2215.346,S1,395.00,50,buy,T-025,T-028,334.00,395.00
2772,2215.681,S1,395.00,100,buy,T-025,T-028,334.00,395.00
2773,2215.873,S1,395.00,100,buy,T-025,T-028,334.00,395.00
2774,2215.995,S1,395.00,100,buy,T-025,T-028,334.00,395.00
2775,2216.407,S1,395.00,100,buy,T-025,T-028,334.00,395.00
2776,2216.477,S1,395.00,50,buy,T-025,T-028,334.00,395.00
2777,2216.477,S1,395.00,50,buy,T-025,T-028,334.00,395.00
2778,2216.598,S1,395.00,100,buy,T-025,T-028,334.00,395.00
2779,2216.658,S1,395.00,100,buy,T-025,T-028,334.00,395.00
2780,2216.853,S1,395.00,100,buy,T-025,T-028,334.00,395.00
2781,2216.853,S1,395.00,100,buy,T-025,T-028,334.00,395.00
2782,2216.924,S1,395.00,50,buy,T-025,T-028,334.00,395.00
2783,2216.924,S1,395.00,50,buy,T-025,T-028,334.00,395.00
2784,2217.005,S1,395.00,100,buy,T-025,T-028,334.00,395.00
2785,2217.146,S1,395.00,100,buy,T-025,T-028,334.00,395.00
2786,2217.196,S1,395.00,100,buy,T-025,T-028,334.00,395.00
2787,2217.379,S1,395.00,100,buy,T-025,T-028,334.00,395.00
2788,2217.379,S1,395.00,50,buy,T-025,T-028,334.00,395.00
2789,2217.379,S1,395.00,50,buy,T-025,T-028,334.00,395.00
2790,2217.500,S1,395.00,100,buy,T-025,T-028,334.00,395.00
2791,2217.680,S1,395.00,100,buy,T-025,T-028,334.00,395.00
2792,2217.904,S1,395.00,100,buy,T-025,T-028,334.00,395.00
2793,2218.045,S1,395.00,100,buy,T-025,T-028,334.00,395.00
2794,2226.194,S1,395.00,50,buy,T-025,T-028,334.00,395.00
2795,2226.194,S1,395.00,50,buy,T-025,T-028,334.00,395.00
2796,2226.844,S1,395.00,100,buy,T-025,T-028,334.00,395.00
2797,2227.401,S1,399.00,100,buy,T-025,T-039,334.00,399.00
2798,2228.537,S1,399.00,100,buy,T-025,T-039,334.00,399.00
2799,2229.077,S1,399.00,100,buy,T-025,T-039,334.00,399.00
2800,2229.491,S1,399.00,50,buy,T-025,T-039,334.00,399.00
2801,2229.491,S1,399.00,50,buy,T-025,T-034,334.00,399.00
2802,2229.780,S1,399.00,100,buy,T-025,T-034,334.00,399.00
2803,2230.106,S1,399.00,100,buy,T-025,T-034,334.00,399.00
2804,2230.747,S1,399.00,100,buy,T-025,T-034,334.00,399.00
2805,2231.399,S1,380.00,100,buy,T-025,T-003,334.00,380.00
2806,2232.058,S1,380.00,100,buy,T-025,T-003,340.00,380.00
2807,2232.491,S1,380.00,100,buy,T-025,T-003,340.00,380.00
2808,2233.106,S1,380.00,100,buy,T-025,T-003,340.00,380.00
2809,2233.509,S1,380.00,100,buy,T-025,T-003,340.00,380.00
2810,2234.009,S1,380.00,100,buy,T-025,T-003,340.00,380.00
2811,2234.566,S1,380.00,100,buy,T-025,T-003,340.00,380.00
2812,2235.115,S1,380.00,100,buy,T-025,T-003,350.00,380.00
2813,2235.763,S1,380.00,100,buy,T-025,T-003,350.00,380.00
2814,2236.301,S1,380.00,100,buy,T-025,T-003,350.00,380.00
2815,2253.044,S1,370.00,400,buy,T-010,T-022,350.00,370.00
2816,2253.044,S1,380.00,600,buy,T-010,T-003,350.00,370.00
2817,2255.695,S1,350.00,200,sell,T-010,T-037,350.00,365.00
2818,2256.439,S1,350.00,200,sell,T-010,T-037,350.00,360.00
2819,2260.150,S1,360.00,100,buy,T-025,T-033,340.00,360.00
2820,2263.434,S1,360.00,100,buy,T-025,T-033,340.00,360.00
2821,2264.241,S1,360.00,100,buy,T-025,T-033,350.00,360.00
2822,2264.832,S1,360.00,100,buy,T-025,T-033,350.00,360.00
2823,2265.281,S1,360.00,100,buy,T-025,T-033,350.00,360.00
2824,2266.465,S1,360.00,100,buy,T-025,T-033,350.00,360.00
2825,2267.025,S1,360.00,100,buy,T-025,T-039,350.00,360.00
2826,2267.207,S1,350.00,300,sell,T-005,T-010,350.00,360.00
2827,2267.207,S1,340.00,100,sell,T-027,T-010,350.00,360.00
2828,2267.347,S1,360.00,100,buy,T-025,T-039,340.00,360.00
2829,2267.719,S1,360.00,100,buy,T-025,T-039,340.00,360.00
2830,2267.913,S1,360.00,100,buy,T-025,T-039,340.00,360.00
2831,2268.307,S1,360.00,100,buy,T-025,T-039,340.00,360.00
2832,2268.571,S1,360.00,100,buy,T-025,T-039,340.00,360.00
2833,2268.876,S1,360.00,100,buy,T-025,T-039,340.00,360.00
2834,2269.299,S1,360.00,100,buy,T-025,T-039,340.00,360.00
2835,2269.562,S1,360.00,100,buy,T-025,T-039,340.00,360.00
2836,2269.975,S1,360.00,100,buy,T-025,T-039,340.00,360.00
2837,2270.243,S1,365.00,100,buy,T-025,T-011,340.00,365.00
2838,2273.631,S1,340.00,100,sell,T-027,T-013,340.00,350.00
2839,2274.542,S1,350.00,100,buy,T-025,T-014,340.00,350.00
2840,2275.434,S1,350.00,100,buy,T-025,T-014,340.00,350.00
2841,2276.381,S1,350.00,100,buy,T-025,T-014,340.00,350.00
2842,2278.211,S1,350.00,100,buy,T-025,T-014,340.00,350.00
2843,2278.644,S1,350.00,100,buy,T-025,T-014,340.00,350.00
2844,2278.979,S1,350.00,80,buy,T-025,T-014,340.00,350.00
2845,2278.979,S1,360.00,20,buy,T-025,T-039,340.00,350.00
2846,2279.534,S1,360.00,100,buy,T-025,T-039,340.00,360.00
2847,2279.868,S1,360.00,100,buy,T-025,T-039,340.00,360.00
2848,2280.163,S1,360.00,100,buy,T-025,T-039,340.00,360.00
2849,2280.496,S1,360.00,100,buy,T-025,T-039,340.00,360.00
2850,2280.729,S1,360.00,100,buy,T-025,T-039,340.00,360.00
2851,2281.062,S1,360.00,100,buy,T-025,T-039,340.00,360.00
2852,2281.395,S1,360.00,100,buy,T-025,T-039,340.00,360.00
2853,2281.659,S1,360.00,100,buy,T-025,T-039,340.00,360.00
2854,2281.913,S1,360.00,100,buy,T-025,T-039,340.00,360.00
2855,2282.176,S1,360.00,80,buy,T-025,T-039,340.00,360.00
2856,2282.176,S1,365.00,20,buy,T-025,T-011,340.00,360.00
2857,2282.418,S1,365.00,100,buy,T-025,T-011,340.00,365.00
2858,2282.663,S1,365.00,100,buy,T-025,T-011,340.00,365.00
2859,2282.929,S1,365.00,100,buy,T-025,T-011,340.00,365.00
2860,2283.062,S1,365.00,80,buy,T-025,T-011,340.00,365.00
2861,2283.062,S1,370.00,20,buy,T-025,T-022,340.00,365.00
2862,2283.211,S1,370.00,100,buy,T-025,T-022,340.00,370.00
2863,2283.451,S1,370.00,100,buy,T-025,T-022,340.00,370.00
2864,2283.503,S1,370.00,180,buy,T-040,T-022,340.00,370.00
2865,2283.503,S1,380.00,400,buy,T-040,T-003,340.00,370.00
2866,2283.503,S1,398.00,100,buy,T-040,T-013,340.00,370.00
2867,2283.503,S1,399.98,100,buy,T-040,T-017,340.00,370.00
2868,2283.503,S1,399.99,200,buy,T-040,T-015,340.00,370.00
2869,2283.503,S1,400.00,20,buy,T-040,T-039,340.00,370.00
2870,2283.543,S1,400.00,100,buy,T-025,T-039,340.00,400.00
2871,2283.730,S1,400.00,100,buy,T-025,T-039,350.00,400.00
2872,2283.974,S1,360.00,100,buy,T-025,T-039,350.00,360.00
2873,2284.056,S1,360.00,100,buy,T-025,T-039,350.00,360.00
2874,2284.222,S1,360.00,100,buy,T-025,T-039,350.00,360.00
2875,2284.389,S1,360.00,100,buy,T-025,T-039,350.00,360.00
2876,2284.572,S1,360.00,100,buy,T-025,T-039,350.00,360.00
2877,2284.714,S1,360.00,100,buy,T-025,T-039,350.00,360.00
2878,2284.878,S1,360.00,100,buy,T-025,T-039,350.00,360.00
2879,2285.022,S1,360.00,100,buy,T-025,T-039,350.00,360.00
2880,2285.075,S1,360.00,100,buy,T-025,T-039,350.00,360.00
2881,2285.209,S1,360.00,100,buy,T-025,T-039,350.00,360.00
2882,2285.584,S1,400.00,100,buy,T-025,T-039,350.00,400.00
2883,2285.828,S1,400.00,100,buy,T-025,T-039,350.00,400.00
2884,2286.067,S1,400.00,100,buy,T-025,T-039,350.00,400.00
2885,2286.228,S1,400.00,100,buy,T-025,T-039,350.00,400.00
2886,2286.427,S1,400.00,100,buy,T-025,T-039,350.00,400.00
2887,2286.650,S1,400.00,100,buy,T-025,T-039,350.00,400.00
2888,2286.856,S1,400.00,100,buy,T-025,T-039,350.00,400.00
2889,2287.248,S1,400.00,80,buy,T-025,T-039,350.00,400.00
2890,2287.248,S1,400.00,20,buy,T-025,T-022,350.00,400.00
2891,2287.473,S1,400.00,100,buy,T-025,T-022,350.00,400.00
2892,2287.698,S1,400.00,100,buy,T-025,T-022,350.00,400.00
2893,2288.001,S1,400.00,100,buy,T-025,T-022,350.00,400.00
2894,2288.275,S1,400.00,80,buy,T-025,T-022,350.00,400.00
2895,2288.275,S1,400.00,20,buy,T-025,T-022,350.00,400.00
2896,2288.476,S1,400.00,100,buy,T-025,T-022,350.00,400.00
2897,2288.724,S1,400.00,100,buy,T-025,T-022,350.00,400.00
2898,2288.945,S1,400.00,100,buy,T-025,T-022,350.00,400.00
2899,2289.026,S1,400.00,80,buy,T-040,T-022,350.00,400.00
2900,2289.026,S1,400.00,920,buy,T-040,T-009,350.00,400.00
2901,2289.218,S1,400.00,80,buy,T-025,T-009,350.00,400.00
2902,2289.218,S1,400.00,20,buy,T-025,T-021,350.00,400.00
2903,2289.395,S1,400.00,30,buy,T-025,T-021,350.00,400.00
2904,2289.395,S1,400.00,70,buy,T-025,T-024,350.00,400.00
2905,2289.647,S1,400.00,100,buy,T-025,T-024,350.00,400.00
2906,2289.899,S1,400.00,100,buy,T-025,T-024,350.00,400.00
2907,2290.111,S1,400.00,100,buy,T-025,T-024,350.00,400.00
2908,2290.332,S1,399.99,800,buy,T-026,T-001,350.00,399.99
2909,2290.332,S1,400.00,200,buy,T-026,T-024,350.00,399.99
2910,2290.386,S1,400.00,100,buy,T-025,T-024,350.00,400.00
2911,2290.608,S1,400.00,100,buy,T-025,T-024,350.00,400.00
2912,2290.873,S1,400.00,100,buy,T-025,T-024,350.00,400.00
2913,2291.128,S1,400.00,100,buy,T-025,T-024,350.00,400.00
2914,2291.385,S1,400.00,30,buy,T-025,T-024,350.00,400.00
2915,2291.385,S1,400.00,70,buy,T-025,T-033,350.00,400.00
2916,2291.607,S1,400.00,30,buy,T-025,T-033,350.00,400.00
2917,2291.607,S1,400.00,70,buy,T-025,T-024,350.00,400.00
2918,2291.892,S1,400.00,100,buy,T-025,T-024,350.00,400.00
2919,2292.177,S1,400.00,100,buy,T-025,T-024,350.00,400.00
2920,2292.463,S1,400.00,100,buy,T-025,T-024,350.00,400.00
2921,2292.796,S1,400.00,100,buy,T-025,T-024,350.00,400.00
2922,2293.534,S1,390.00,100,buy,T-025,T-003,350.00,390.00
2923,2293.775,S1,390.00,100,buy,T-025,T-003,350.00,390.00
2924,2293.998,S1,390.00,100,buy,T-025,T-003,350.00,390.00
2925,2294.278,S1,390.00,100,buy,T-025,T-003,350.00,390.00
2926,2294.461,S1,390.00,100,buy,T-025,T-003,350.00,390.00
2927,2294.642,S1,390.00,100,buy,T-025,T-003,350.00,390.00
2928,2294.805,S1,390.00,100,buy,T-025,T-003,350.00,390.00
2929,2294.997,S1,390.00,100,buy,T-025,T-003,350.00,390.00
2930,2295.180,S1,390.00,100,buy,T-025,T-003,350.00,390.00
2931,2295.564,S1,390.00,100,buy,T-025,T-003,350.00,390.00
2932,2295.744,S1,399.00,100,buy,T-025,T-013,350.00,399.00
2933,2295.925,S1,400.00,100,buy,T-025,T-024,350.00,400.00
2934,2296.106,S1,400.00,100,buy,T-025,T-024,350.00,400.00
2935,2296.340,S1,400.00,100,buy,T-025,T-024,350.00,400.00
2936,2296.562,S1,390.00,100,buy,T-025,T-036,350.00,390.00
2937,2296.854,S1,390.00,100,buy,T-026,T-036,350.00,390.00
2938,2296.854,S1,390.00,900,buy,T-026,T-003,350.00,390.00
2939,2296.995,S1,390.00,100,buy,T-025,T-003,350.00,390.00
2940,2297.227,S1,399.00,100,buy,T-025,T-013,350.00,399.00
2941,2297.460,S1,400.00,100,buy,T-025,T-024,350.00,400.00
2942,2297.653,S1,400.00,130,buy,T-026,T-024,350.00,400.00
2943,2297.653,S1,400.00,870,buy,T-026,T-024,350.00,400.00
2944,2297.744,S1,400.00,100,buy,T-025,T-024,350.00,400.00
2945,2297.958,S1,400.00,30,buy,T-025,T-024,350.00,400.00
2946,2297.958,S1,400.00,70,buy,T-025,T-024,350.00,400.00
2947,2298.181,S1,400.00,100,buy,T-025,T-024,350.00,400.00
2948,2298.373,S1,400.00,100,buy,T-025,T-024,350.00,400.00
2949,2298.656,S1,390.00,100,buy,T-025,T-003,350.00,390.00
2950,2299.179,S1,390.00,100,buy,T-025,T-003,350.00,390.00
2951,2299.492,S1,390.00,100,buy,T-025,T-003,350.00,390.00
2952,2299.703,S1,390.00,100,buy,T-025,T-003,350.00,390.00
2953,2300.049,S1,390.00,100,buy,T-025,T-003,350.00,390.00
2954,2300.288,S1,390.00,100,buy,T-025,T-003,350.00,390.00
2955,2300.530,S1,390.00,100,buy,T-025,T-003,350.00,390.00
2956,2300.994,S1,390.00,100,buy,T-025,T-003,350.00,390.00
2957,2301.516,S1,390.00,100,buy,T-025,T-003,350.00,390.00
2958,2301.796,S1,390.00,100,buy,T-025,T-003,350.00,390.00
2959,2302.232,S1,390.00,100,buy,T-025,T-036,350.00,390.00
2960,2302.862,S1,390.00,100,buy,T-025,T-036,350.00,390.00
2961,2303.112,S1,390.00,100,buy,T-025,T-003,350.00,390.00
2962,2303.377,S1,390.00,100,buy,T-025,T-003,350.00,390.00
2963,2303.578,S1,390.00,100,buy,T-025,T-003,350.00,390.00
2964,2303.900,S1,390.00,100,buy,T-025,T-003,350.00,390.00
2965,2304.197,S1,390.00,100,buy,T-025,T-003,350.00,390.00
2966,2304.418,S1,390.00,100,buy,T-025,T-003,350.00,390.00
2967,2304.621,S1,390.00,100,buy,T-025,T-003,350.00,390.00
2968,2304.806,S1,390.00,100,buy,T-025,T-003,350.00,390.00
2969,2304.958,S1,390.00,100,buy,T-025,T-003,350.00,390.00
2970,2305.161,S1,390.00,100,buy,T-025,T-003,350.00,390.00
2971,2305.333,S1,350.00,10,sell,T-007,T-037,350.00,390.00
2972,2305.333,S1,350.00,10,sell,T-007,T-037,350.00,390.00
2973,2305.333,S1,350.00,10,sell,T-007,T-037,350.00,390.00
2974,2305.333,S1,350.00,10,sell,T-007,T-037,350.00,390.00
2975,2305.333,S1,350.00,10,sell,T-007,T-037,350.00,390.00
2976,2305.333,S1,350.00,10,sell,T-007,T-037,350.00,390.00
2977,2305.333,S1,350.00,10,sell,T-007,T-037,350.00,390.00
2978,2305.333,S1,350.00,10,sell,T-007,T-037,350.00,390.00
2979,2305.333,S1,350.00,10,sell,T-007,T-037,350.00,390.00
2980,2305.333,S1,350.00,10,sell,T-007,T-037,350.00,390.00
2981,2305.333,S1,350.00,100,sell,T-017,T-037,350.00,390.00
2982,2305.344,S1,390.00,100,buy,T-025,T-036,350.00,390.00
2983,2305.527,S1,390.00,100,buy,T-025,T-036,350.00,390.00
2984,2305.697,S1,399.00,100,buy,T-025,T-013,350.00,399.00
2985,2305.878,S1,400.00,100,buy,T-025,T-024,350.00,400.00
2986,2306.040,S1,400.00,100,buy,T-025,T-024,350.00,400.00
2987,2306.205,S1,400.00,100,buy,T-025,T-024,350.00,400.00
2988,2306.378,S1,400.00,100,buy,T-025,T-024,350.00,400.00
2989,2306.579,S1,390.00,100,buy,T-025,T-003,350.00,390.00
2990,2307.042,S1,390.00,100,buy,T-025,T-003,350.00,390.00
2991,2308.715,S1,390.00,100,buy,T-025,T-003,350.00,390.00
2992,2309.339,S1,390.00,100,buy,T-025,T-003,350.00,390.00
2993,2309.842,S1,390.00,100,buy,T-025,T-003,350.00,390.00
2994,2310.294,S1,390.00,100,buy,T-025,T-003,350.00,390.00
2995,2310.444,S1,390.00,100,buy,T-025,T-003,350.00,390.00
2996,2310.717,S1,390.00,100,buy,T-025,T-003,350.00,390.00
2997,2310.789,S1,390.00,100,buy,T-025,T-003,350.00,390.00
2998,2310.940,S1,390.00,100,buy,T-025,T-003,350.00,390.00
2999,2311.113,S1,400.00,100,buy,T-025,T-024,350.00,400.00
3000,2312.845,S1,390.00,100,buy,T-025,T-003,350.00,390.00
3001,2313.089,S1,390.00,100,buy,T-025,T-003,350.00,390.00
3002,2313.342,S1,390.00,100,buy,T-025,T-003,350.00,390.00
3003,2313.523,S1,390.00,100,buy,T-025,T-003,350.00,390.00
3004,2313.695,S1,390.00,100,buy,T-025,T-003,350.00,390.00
3005,2313.858,S1,390.00,100,buy,T-025,T-003,350.00,390.00
3006,2314.028,S1,390.00,100,buy,T-025,T-003,350.00,390.00
3007,2314.188,S1,390.00,100,buy,T-025,T-003,350.00,390.00
3008,2314.379,S1,390.00,100,buy,T-025,T-003,350.00,390.00
3009,2314.574,S1,390.00,100,buy,T-025,T-003,350.00,390.00
3010,2314.726,S1,400.00,100,buy,T-025,T-024,350.00,400.00
3011,2316.716,S1,350.00,10,sell,T-007,T-037,350.00,400.00
3012,2316.716,S1,350.00,10,sell,T-007,T-037,350.00,400.00
3013,2316.716,S1,350.00,10,sell,T-007,T-037,350.00,400.00
3014,2316.716,S1,350.00,10,sell,T-007,T-037,350.00,400.00
3015,2316.716,S1,350.00,10,sell,T-007,T-037,350.00,400.00
3016,2316.716,S1,350.00,10,sell,T-007,T-037,350.00,400.00
3017,2316.716,S1,350.00,10,sell,T-007,T-037,350.00,400.00
3018,2316.716,S1,350.00,10,sell,T-007,T-037,350.00,400.00
3019,2316.716,S1,350.00,10,sell,T-007,T-037,350.00,400.00
3020,2316.716,S1,350.00,10,sell,T-007,T-037,350.00,400.00
3021,2316.716,S1,350.00,10,sell,T-007,T-037,350.00,400.00
3022,2316.716,S1,350.00,10,sell,T-007,T-037,350.00,400.00
3023,2316.716,S1,350.00,10,sell,T-007,T-037,350.00,400.00
3024,2316.716,S1,350.00,10,sell,T-007,T-037,350.00,400.00
3025,2316.716,S1,350.00,10,sell,T-007,T-037,350.00,400.00
3026,2316.716,S1,350.00,10,sell,T-007,T-037,350.00,400.00
3027,2316.716,S1,350.00,10,sell,T-007,T-037,350.00,400.00
3028,2316.716,S1,350.00,10,sell,T-007,T-037,350.00,400.00
3029,2316.716,S1,350.00,10,sell,T-007,T-037,350.00,400.00
3030,2316.716,S1,350.00,10,sell,T-007,T-037,350.00,400.00
3031,2320.689,S1,399.00,100,buy,T-025,T-038,350.00,399.00
3032,2321.351,S1,399.00,100,buy,T-025,T-038,350.00,399.00
3033,2325.919,S1,395.00,100,buy,T-025,T-005,350.00,395.00
3034,2326.071,S1,395.00,100,buy,T-025,T-005,350.00,395.00
3035,2326.283,S1,395.00,100,buy,T-025,T-005,350.00,395.00
3036,2326.968,S1,399.00,100,buy,T-025,T-038,350.00,399.00
3037,2327.499,S1,399.00,100,buy,T-025,T-038,350.00,399.00
3038,2328.923,S1,399.98,100,buy,T-025,T-017,350.00,399.98
3039,2330.644,S1,399.00,100,buy,T-025,T-038,350.00,399.00
3040,2330.979,S1,399.00,100,buy,T-025,T-038,350.00,399.00
3041,2334.370,S1,399.00,100,buy,T-025,T-038,350.00,399.00
3042,2334.943,S1,399.00,100,buy,T-025,T-038,350.00,399.00
3043,2342.464,S1,351.00,100,sell,T-017,T-014,351.00,399.00
3044,2342.964,S1,399.00,100,buy,T-025,T-038,350.00,399.00
3045,2343.432,S1,399.00,100,buy,T-025,T-038,352.00,399.00
3046,2343.858,S1,399.00,100,buy,T-025,T-038,352.00,399.00
3047,2344.088,S1,399.00,100,buy,T-025,T-038,352.00,399.00
3048,2345.033,S1,399.99,100,buy,T-025,T-015,352.00,399.99
3049,2345.317,S1,399.99,100,buy,T-025,T-015,352.00,399.99
3050,2345.529,S1,399.99,100,buy,T-025,T-015,352.00,399.99
3051,2345.741,S1,399.99,100,buy,T-025,T-015,352.00,399.99
3052,2346.044,S1,399.99,100,buy,T-025,T-015,352.00,399.99
3053,2346.692,S1,399.00,100,buy,T-025,T-038,352.00,399.00
3054,2347.667,S1,399.00,100,buy,T-025,T-038,352.00,399.00
3055,2349.727,S1,399.00,100,buy,T-025,T-038,352.00,399.00
3056,2350.041,S1,399.00,100,buy,T-025,T-038,352.00,399.00
3057,2350.203,S1,399.00,100,buy,T-025,T-038,352.00,399.00
3058,2350.363,S1,399.00,100,buy,T-025,T-038,352.00,399.00
3059,2350.564,S1,399.00,100,buy,T-025,T-038,352.00,399.00
3060,2350.707,S1,399.00,100,buy,T-025,T-038,352.00,399.00
3061,2351.143,S1,399.00,100,buy,T-025,T-038,352.00,399.00
3062,2351.611,S1,399.00,100,buy,T-025,T-038,352.00,399.00
3063,2351.854,S1,399.98,100,buy,T-025,T-017,352.00,399.98
3064,2352.735,S1,399.98,100,buy,T-025,T-017,352.00,399.98
3065,2353.559,S1,400.00,100,buy,T-025,T-024,352.00,400.00
3066,2358.734,S1,399.99,100,buy,T-025,T-015,352.00,399.99
3067,2358.954,S1,399.99,100,buy,T-025,T-015,353.00,399.99
3068,2359.176,S1,399.99,100,buy,T-025,T-015,353.00,399.99
3069,2359.379,S1,399.99,100,buy,T-025,T-015,353.00,399.99
3070,2359.541,S1,399.99,100,buy,T-025,T-015,353.00,399.99
3071,2359.723,S1,399.99,100,buy,T-025,T-015,353.00,399.99
3072,2359.909,S1,399.99,100,buy,T-025,T-015,353.00,399.99
3073,2360.090,S1,399.99,100,buy,T-025,T-015,353.00,399.99
3074,2360.254,S1,399.99,100,buy,T-025,T-015,353.00,399.99
3075,2360.526,S1,399.99,100,buy,T-025,T-015,353.00,399.99
3076,2369.498,S1,405.00,100,buy,T-025,T-040,360.00,405.00
3077,2369.865,S1,405.00,500,buy,T-015,T-040,360.00,405.00
3078,2372.576,S1,399.99,100,buy,T-025,T-015,360.00,399.99
3079,2372.759,S1,399.99,100,buy,T-025,T-015,360.00,399.99
3080,2373.494,S1,399.99,100,buy,T-025,T-015,360.00,399.99
3081,2374.156,S1,399.99,100,buy,T-025,T-015,360.00,399.99
3082,2374.678,S1,399.99,100,buy,T-025,T-015,360.00,399.99
3083,2376.875,S1,363.00,100,sell,T-005,T-014,363.00,405.00
3084,2381.309,S1,399.97,100,buy,T-025,T-017,363.00,399.97
3085,2382.631,S1,409.00,251,buy,T-015,T-001,363.00,409.00
3086,2382.631,S1,410.00,249,buy,T-015,T-026,363.00,409.00
3087,2383.781,S1,400.00,50,buy,T-025,T-021,363.00,400.00
3088,2383.781,S1,410.00,50,buy,T-025,T-026,363.00,400.00
3089,2384.312,S1,410.00,100,buy,T-025,T-026,363.00,410.00
3090,2387.598,S1,400.00,100,buy,T-025,T-039,363.00,400.00
3091,2388.316,S1,400.00,100,buy,T-025,T-039,370.00,400.00
3092,2388.941,S1,400.00,100,buy,T-025,T-039,370.00,400.00
3093,2389.511,S1,400.00,100,buy,T-025,T-039,370.00,400.00
3094,2390.295,S1,400.00,100,buy,T-025,T-039,370.00,400.00
3095,2390.931,S1,400.00,100,buy,T-025,T-039,370.00,400.00
3096,2391.356,S1,400.00,100,buy,T-025,T-039,370.00,400.00
3097,2391.811,S1,400.00,100,buy,T-025,T-039,370.00,400.00
3098,2392.298,S1,400.00,100,buy,T-025,T-039,370.00,400.00
3099,2392.746,S1,400.00,100,buy,T-025,T-039,370.00,400.00
3100,2393.144,S1,400.00,100,buy,T-025,T-014,370.00,400.00
3101,2398.034,S1,370.00,100,sell,T-017,T-037,370.00,399.00
3102,2398.168,S1,399.00,100,buy,T-025,T-013,363.00,399.00
3103,2401.158,S1,380.00,100,sell,T-038,T-037,380.00,400.00
3104,2401.422,S1,380.00,100,sell,T-038,T-037,380.00,400.00
3105,2401.666,S1,380.00,100,sell,T-038,T-037,380.00,400.00
3106,2401.949,S1,380.00,100,sell,T-038,T-037,380.00,400.00
3107,2402.090,S1,380.00,100,sell,T-038,T-037,380.00,400.00
3108,2402.236,S1,380.00,100,sell,T-038,T-037,380.00,400.00
3109,2407.393,S1,398.00,100,buy,T-025,T-017,380.00,398.00
3110,2409.631,S1,400.00,100,buy,T-025,T-015,380.00,400.00
3111,2416.890,S1,400.00,100,buy,T-025,T-015,391.00,400.00
3112,2416.961,S1,400.00,100,buy,T-025,T-015,391.00,400.00
3113,2417.331,S1,400.00,100,buy,T-025,T-015,391.00,400.00
3114,2417.471,S1,400.00,100,buy,T-025,T-015,391.00,400.00
3115,2417.674,S1,400.00,100,buy,T-025,T-015,391.00,400.00
3116,2417.805,S1,400.00,100,buy,T-025,T-015,391.00,400.00
3117,2417.957,S1,400.00,100,buy,T-025,T-015,391.00,400.00
3118,2418.200,S1,400.00,100,buy,T-025,T-015,391.00,400.00
3119,2418.259,S1,400.00,100,buy,T-025,T-015,391.00,400.00
3120,2418.423,S1,400.00,100,buy,T-025,T-010,391.00,400.00
3121,2418.579,S1,400.00,100,buy,T-025,T-010,391.00,400.00
3122,2419.077,S1,400.00,50,buy,T-025,T-010,391.00,400.00
3123,2419.077,S1,410.00,50,buy,T-025,T-026,391.00,400.00
3124,2419.126,S1,391.00,100,sell,T-017,T-037,391.00,410.00
3125,2419.548,S1,410.00,100,buy,T-025,T-026,391.00,410.00
3126,2420.159,S1,410.00,100,buy,T-025,T-026,391.00,410.00
3127,2420.374,S1,410.00,100,buy,T-025,T-026,391.00,410.00
3128,2420.557,S1,410.00,100,buy,T-025,T-026,391.00,410.00
3129,2420.820,S1,410.00,100,buy,T-025,T-026,391.00,410.00
3130,2420.963,S1,391.00,100,sell,T-017,T-037,391.00,410.00
3131,2421.013,S1,410.00,51,buy,T-025,T-026,380.00,410.00
3132,2421.013,S1,419.00,49,buy,T-025,T-001,380.00,410.00
3133,2421.175,S1,419.00,100,buy,T-025,T-001,380.00,419.00
3134,2421.406,S1,419.00,100,buy,T-025,T-001,380.00,419.00
3135,2421.627,S1,419.00,100,buy,T-025,T-001,380.00,419.00
3136,2421.924,S1,419.00,100,buy,T-025,T-001,380.00,419.00
3137,2422.096,S1,419.00,51,buy,T-025,T-001,380.00,419.00
3138,2422.096,S1,420.00,49,buy,T-025,T-010,380.00,419.00
3139,2422.277,S1,420.00,100,buy,T-025,T-010,380.00,420.00
3140,2422.449,S1,420.00,51,buy,T-025,T-010,380.00,420.00
3141,2422.449,S1,420.00,49,buy,T-025,T-033,380.00,420.00
3142,2422.696,S1,420.00,51,buy,T-025,T-033,380.00,420.00
3143,2422.696,S1,430.00,49,buy,T-025,T-001,380.00,420.00
3144,2422.918,S1,430.00,100,buy,T-025,T-001,380.00,430.00
3145,2423.028,S1,430.00,100,buy,T-025,T-001,380.00,430.00
3146,2423.191,S1,430.00,100,buy,T-025,T-001,380.00,430.00
3147,2423.439,S1,430.00,100,buy,T-025,T-001,380.00,430.00
3148,2423.521,S1,430.00,51,buy,T-025,T-001,380.00,430.00
3149,2423.521,S1,440.00,49,buy,T-025,T-001,380.00,430.00
3150,2423.692,S1,440.00,100,buy,T-025,T-001,380.00,440.00
3151,2423.855,S1,440.00,51,buy,T-025,T-001,380.00,440.00
3152,2423.855,S1,440.00,49,buy,T-025,T-021,380.00,440.00
3153,2424.028,S1,440.00,100,buy,T-025,T-021,380.00,440.00
3154,2424.229,S1,440.00,51,buy,T-025,T-021,380.00,440.00
3155,2424.229,S1,450.00,49,buy,T-025,T-001,380.00,440.00
3156,2424.392,S1,450.00,100,buy,T-025,T-001,380.00,450.00
3157,2424.575,S1,450.00,100,buy,T-025,T-001,380.00,450.00
3158,2426.060,S1,400.00,100,buy,T-025,T-018,380.00,400.00
3159,2426.130,S1,400.00,100,buy,T-025,T-018,380.00,400.00
3160,2426.293,S1,400.00,100,buy,T-025,T-018,380.00,400.00
3161,2426.455,S1,400.00,100,buy,T-025,T-018,380.00,400.00
3162,2426.648,S1,400.00,100,buy,T-025,T-018,380.00,400.00
3163,2426.791,S1,400.00,100,buy,T-025,T-018,380.00,400.00
3164,2426.942,S1,400.00,100,buy,T-025,T-018,380.00,400.00
3165,2427.105,S1,400.00,100,buy,T-025,T-018,380.00,400.00
3166,2427.258,S1,400.00,100,buy,T-025,T-018,380.00,400.00
3167,2427.409,S1,400.00,100,buy,T-025,T-018,380.00,400.00
3168,2427.639,S1,400.00,100,buy,T-025,T-018,380.00,400.00
3169,2427.710,S1,400.00,100,buy,T-025,T-018,380.00,400.00
3170,2427.876,S1,400.00,100,buy,T-025,T-018,380.00,400.00
3171,2428.048,S1,400.00,100,buy,T-025,T-018,380.00,400.00
3172,2428.208,S1,400.00,100,buy,T-025,T-018,380.00,400.00
3173,2428.391,S1,400.00,100,buy,T-025,T-018,380.00,400.00
3174,2428.695,S1,400.00,100,buy,T-025,T-018,380.00,400.00
3175,2428.909,S1,400.00,100,buy,T-025,T-018,380.00,400.00
3176,2429.104,S1,400.00,100,buy,T-025,T-018,380.00,400.00
3177,2429.303,S1,400.00,100,buy,T-025,T-018,380.00,400.00
3178,2429.496,S1,400.00,100,buy,T-025,T-018,380.00,400.00
3179,2429.729,S1,400.00,100,buy,T-025,T-018,380.00,400.00
3180,2429.892,S1,400.00,100,buy,T-025,T-018,380.00,400.00
3181,2430.062,S1,400.00,100,buy,T-025,T-018,380.00,400.00
3182,2430.254,S1,400.00,100,buy,T-025,T-018,380.00,400.00
3183,2430.437,S1,400.00,100,buy,T-025,T-018,380.00,400.00
3184,2430.629,S1,400.00,100,buy,T-025,T-018,380.00,400.00
3185,2430.804,S1,400.00,100,buy,T-025,T-018,380.00,400.00
3186,2430.976,S1,400.00,100,buy,T-025,T-018,380.00,400.00
3187,2431.138,S1,400.00,100,buy,T-025,T-018,380.00,400.00
3188,2431.309,S1,400.00,100,buy,T-025,T-018,380.00,400.00
3189,2431.458,S1,400.00,100,buy,T-025,T-018,380.00,400.00
3190,2431.631,S1,400.00,100,buy,T-025,T-018,380.00,400.00
3191,2431.831,S1,400.00,100,buy,T-025,T-018,380.00,400.00
3192,2431.961,S1,400.00,100,buy,T-025,T-018,380.00,400.00
3193,2432.123,S1,400.00,100,buy,T-025,T-018,380.00,400.00
3194,2432.356,S1,400.00,100,buy,T-025,T-018,380.00,400.00
3195,2432.497,S1,400.00,100,buy,T-025,T-018,390.00,400.00
3196,2432.647,S1,400.00,100,buy,T-025,T-018,390.00,400.00
3197,2432.873,S1,400.00,100,buy,T-025,T-018,390.00,400.00
3198,2432.994,S1,400.00,100,buy,T-025,T-018,390.00,400.00
3199,2433.157,S1,400.00,100,buy,T-025,T-018,390.00,400.00
3200,2433.296,S1,400.00,100,buy,T-025,T-018,390.00,400.00
3201,2433.478,S1,400.00,100,buy,T-025,T-018,390.00,400.00
3202,2433.629,S1,400.00,100,buy,T-025,T-018,390.00,400.00
3203,2433.806,S1,400.00,100,buy,T-025,T-018,390.00,400.00
3204,2433.978,S1,400.00,100,buy,T-025,T-018,390.00,400.00
3205,2434.138,S1,400.00,100,buy,T-025,T-018,390.00,400.00
3206,2434.311,S1,400.00,100,buy,T-025,T-018,390.00,400.00
3207,2434.512,S1,400.00,100,buy,T-025,T-018,390.00,400.00
3208,2434.646,S1,400.00,100,buy,T-025,T-018,390.00,400.00
3209,2434.826,S1,400.00,100,buy,T-025,T-018,390.00,400.00
3210,2435.028,S1,400.00,100,buy,T-025,T-018,390.00,400.00
3211,2435.170,S1,400.00,100,buy,T-025,T-018,390.00,400.00
3212,2435.377,S1,400.00,100,buy,T-025,T-018,390.00,400.00
3213,2435.558,S1,400.00,100,buy,T-025,T-018,390.00,400.00
3214,2435.727,S1,400.00,100,buy,T-025,T-018,390.00,400.00
3215,2435.891,S1,400.00,100,buy,T-025,T-018,390.00,400.00
3216,2436.073,S1,400.00,100,buy,T-025,T-018,390.00,400.00
3217,2436.255,S1,400.00,100,buy,T-025,T-018,390.00,400.00
3218,2436.438,S1,400.00,100,buy,T-025,T-018,390.00,400.00
3219,2436.610,S1,400.00,100,buy,T-025,T-018,390.00,400.00
3220,2436.794,S1,400.00,100,buy,T-025,T-018,390.00,400.00
3221,2436.980,S1,400.00,100,buy,T-025,T-018,390.00,400.00
3222,2437.153,S1,400.00,100,buy,T-025,T-018,390.00,400.00
3223,2437.320,S1,400.00,100,buy,T-025,T-018,390.00,400.00
3224,2437.592,S1,400.00,100,buy,T-025,T-018,390.00,400.00
3225,2437.696,S1,400.00,100,buy,T-025,T-018,390.00,400.00
3226,2438.027,S1,400.00,100,buy,T-025,T-018,390.00,400.00
3227,2438.434,S1,400.00,100,buy,T-025,T-018,390.00,400.00
3228,2438.728,S1,400.00,100,buy,T-025,T-018,390.00,400.00
3229,2439.210,S1,400.00,100,buy,T-025,T-018,390.00,400.00
3230,2439.878,S1,400.00,100,buy,T-025,T-018,390.00,400.00
3231,2440.244,S1,400.00,100,buy,T-025,T-018,390.00,400.00
3232,2440.526,S1,400.00,100,buy,T-025,T-018,390.00,400.00
3233,2440.738,S1,400.00,100,buy,T-025,T-018,390.00,400.00
3234,2440.973,S1,400.00,100,buy,T-025,T-018,390.00,400.00
3235,2441.266,S1,400.00,100,buy,T-025,T-018,391.00,400.00
3236,2441.418,S1,400.00,100,buy,T-025,T-018,391.00,400.00
3237,2441.641,S1,400.00,100,buy,T-025,T-018,391.00,400.00
3238,2441.843,S1,400.00,100,buy,T-025,T-018,391.00,400.00
3239,2442.056,S1,400.00,100,buy,T-025,T-018,391.00,400.00
3240,2442.309,S1,400.00,100,buy,T-025,T-018,391.00,400.00
3241,2442.463,S1,400.00,100,buy,T-025,T-018,391.00,400.00
3242,2442.636,S1,400.00,100,buy,T-025,T-018,391.00,400.00
3243,2442.841,S1,400.00,100,buy,T-025,T-018,391.00,400.00
3244,2442.973,S1,400.00,100,buy,T-025,T-018,391.00,400.00
3245,2443.152,S1,400.00,100,buy,T-025,T-018,391.00,400.00
3246,2443.364,S1,400.00,100,buy,T-025,T-018,391.00,400.00
3247,2443.506,S1,400.00,100,buy,T-025,T-018,391.00,400.00
3248,2443.537,S1,391.00,100,sell,T-017,T-037,391.00,400.00
3249,2443.686,S1,400.00,100,buy,T-025,T-018,390.00,400.00
3250,2443.889,S1,400.00,100,buy,T-025,T-018,390.00,400.00
3251,2444.042,S1,400.00,100,buy,T-025,T-018,390.00,400.00
3252,2444.214,S1,400.00,100,buy,T-025,T-018,390.00,400.00
3253,2444.408,S1,400.00,100,buy,T-025,T-018,390.00,400.00
3254,2444.579,S1,400.00,100,buy,T-025,T-018,390.00,400.00
3255,2444.729,S1,400.00,100,buy,T-025,T-018,390.00,400.00
3256,2444.934,S1,400.00,100,buy,T-025,T-018,390.00,400.00
3257,2445.075,S1,400.00,100,buy,T-025,T-018,390.00,400.00
3258,2445.255,S1,400.00,100,buy,T-025,T-018,390.00,400.00
3259,2445.457,S1,400.00,100,buy,T-025,T-018,390.00,400.00
3260,2445.628,S1,400.00,100,buy,T-025,T-018,390.00,400.00
3261,2445.830,S1,399.99,100,buy,T-025,T-001,390.00,399.99
3262,2446.044,S1,399.99,100,buy,T-025,T-001,390.00,399.99
3263,2446.205,S1,399.99,100,buy,T-025,T-001,390.00,399.99
3264,2446.408,S1,399.99,100,buy,T-025,T-001,390.00,399.99
3265,2446.580,S1,399.99,100,buy,T-025,T-001,390.00,399.99
3266,2446.774,S1,399.99,100,buy,T-025,T-001,390.00,399.99
3267,2447.259,S1,397.00,100,buy,T-025,T-017,390.00,397.00
3268,2447.896,S1,399.99,100,buy,T-025,T-001,390.00,399.99
3269,2448.206,S1,399.99,50,buy,T-025,T-001,390.00,399.99
3270,2448.206,S1,400.00,50,buy,T-025,T-018,390.00,399.99
3271,2448.458,S1,400.00,100,buy,T-025,T-018,390.00,400.00
3272,2448.840,S1,400.00,100,buy,T-025,T-018,390.00,400.00
3273,2449.172,S1,400.00,100,buy,T-025,T-018,390.00,400.00
3274,2449.374,S1,400.00,100,buy,T-025,T-018,390.00,400.00
3275,2449.657,S1,400.00,100,buy,T-025,T-018,390.00,400.00
3276,2449.789,S1,400.00,100,buy,T-025,T-018,390.00,400.00
3277,2449.970,S1,400.00,100,buy,T-025,T-018,390.00,400.00
3278,2450.173,S1,400.00,50,buy,T-025,T-018,390.00,400.00
3279,2450.173,S1,400.00,50,buy,T-025,T-018,390.00,400.00
3280,2450.355,S1,400.00,100,buy,T-025,T-018,390.00,400.00
3281,2450.537,S1,400.00,100,buy,T-025,T-018,390.00,400.00
3282,2450.708,S1,400.00,100,buy,T-025,T-018,390.00,400.00
3283,2450.890,S1,400.00,100,buy,T-025,T-018,390.00,400.00
3284,2451.062,S1,400.00,100,buy,T-025,T-018,390.00,400.00
3285,2451.294,S1,400.00,100,buy,T-025,T-018,390.00,400.00
3286,2451.456,S1,400.00,100,buy,T-025,T-018,390.00,400.00
3287,2451.658,S1,400.00,100,buy,T-025,T-018,390.00,400.00
3288,2451.843,S1,400.00,100,buy,T-025,T-018,390.00,400.00
3289,2452.023,S1,400.00,50,buy,T-025,T-018,390.00,400.00
3290,2452.023,S1,400.00,50,buy,T-025,T-018,390.00,400.00
3291,2452.274,S1,400.00,100,buy,T-025,T-018,390.00,400.00
3292,2452.406,S1,400.00,100,buy,T-025,T-018,390.00,400.00
3293,2452.589,S1,400.00,100,buy,T-025,T-018,390.00,400.00
3294,2452.804,S1,400.00,100,buy,T-025,T-018,390.00,400.00
3295,2453.039,S1,400.00,100,buy,T-025,T-018,390.00,400.00
3296,2453.321,S1,400.00,100,buy,T-025,T-018,390.00,400.00
3297,2454.050,S1,400.00,100,buy,T-025,T-018,390.00,400.00
3298,2454.370,S1,400.00,100,buy,T-025,T-018,390.00,400.00
3299,2454.521,S1,400.00,100,buy,T-025,T-018,390.00,400.00
3300,2454.893,S1,400.00,50,buy,T-025,T-018,390.00,400.00
3301,2454.893,S1,400.00,50,buy,T-025,T-018,390.00,400.00
3302,2455.053,S1,400.00,100,buy,T-025,T-018,390.00,400.00
3303,2455.256,S1,400.00,100,buy,T-025,T-018,390.00,400.00
3304,2455.489,S1,400.00,100,buy,T-025,T-018,390.00,400.00
3305,2455.712,S1,400.00,100,buy,T-025,T-018,390.00,400.00
3306,2455.947,S1,400.00,100,buy,T-025,T-018,390.00,400.00
3307,2456.109,S1,400.00,100,buy,T-025,T-018,390.00,400.00
3308,2456.323,S1,400.00,100,buy,T-025,T-018,390.00,400.00
3309,2456.536,S1,400.00,100,buy,T-025,T-018,390.00,400.00
3310,2456.739,S1,400.00,100,buy,T-025,T-018,390.00,400.00
3311,2457.194,S1,400.00,50,buy,T-025,T-018,390.00,400.00
3312,2457.194,S1,420.00,10,buy,T-025,T-021,390.00,400.00
3313,2457.194,S1,430.00,10,buy,T-025,T-021,390.00,400.00
3314,2457.194,S1,440.00,10,buy,T-025,T-021,390.00,400.00
3315,2457.194,S1,450.00,20,buy,T-025,T-001,390.00,400.00
3316,2459.109,S1,400.00,100,buy,T-025,T-014,390.00,400.00
3317,2459.294,S1,450.00,100,buy,T-025,T-001,390.00,450.00
3318,2459.477,S1,450.00,100,buy,T-025,T-001,390.00,450.00
3319,2459.628,S1,450.00,531,buy,T-026,T-001,390.00,450.00
3320,2459.628,S1,450.00,100,buy,T-026,T-013,390.00,450.00
3321,2459.628,S1,450.00,100,buy,T-026,T-013,390.00,450.00
3322,2459.628,S1,450.00,269,buy,T-026,T-015,390.00,450.00
3323,2466.507,S1,450.00,231,buy,T-018,T-015,390.00,450.00
3324,2466.507,S1,450.00,50,buy,T-018,T-009,390.00,450.00
3325,2466.507,S1,450.00,719,buy,T-018,T-024,390.00,450.00
3326,2467.323,S1,440.00,1000,buy,T-018,T-038,392.00,440.00
3327,2468.116,S1,450.00,281,buy,T-018,T-024,392.00,450.00
3328,2468.116,S1,450.00,719,buy,T-018,T-024,392.00,450.00
3329,2468.576,S1,450.00,281,buy,T-018,T-024,392.00,450.00
3330,2468.576,S1,450.00,698,buy,T-018,T-011,392.00,450.00
3331,2468.576,S1,450.00,21,buy,T-018,T-039,392.00,450.00
3332,2469.269,S1,450.00,979,buy,T-018,T-039,400.00,450.00
3333,2469.269,S1,450.00,21,buy,T-018,T-014,400.00,450.00
3334,2473.248,S1,430.00,100,buy,T-018,T-033,400.00,430.00
3335,2473.248,S1,440.00,900,buy,T-018,T-038,400.00,430.00
3336,2481.259,S1,400.00,800,sell,T-010,T-018,400.00,420.00
3337,2481.259,S1,392.00,100,sell,T-017,T-018,400.00,420.00
3338,2481.259,S1,390.00,100,sell,T-010,T-018,400.00,420.00
3339,2486.061,S1,410.00,100,buy,T-025,T-003,381.00,410.00
3340,2486.992,S1,410.00,100,buy,T-025,T-003,381.00,410.00
3341,2487.243,S1,410.00,100,buy,T-025,T-003,381.00,410.00
3342,2487.439,S1,410.00,100,buy,T-025,T-003,381.00,410.00
3343,2487.622,S1,410.00,100,buy,T-025,T-003,381.00,410.00
3344,2487.925,S1,410.00,100,buy,T-025,T-003,381.00,410.00
3345,2488.066,S1,410.00,100,buy,T-025,T-003,381.00,410.00
3346,2488.228,S1,410.00,100,buy,T-025,T-003,381.00,410.00
3347,2488.452,S1,410.00,100,buy,T-025,T-003,381.00,410.00
3348,2488.637,S1,410.00,100,buy,T-025,T-003,381.00,410.00
3349,2489.039,S1,420.00,100,buy,T-025,T-017,381.00,420.00
3350,2490.575,S1,440.00,100,buy,T-025,T-038,381.00,440.00
3351,2513.618,S1,429.00,100,buy,T-025,T-017,391.00,429.00
3352,2514.696,S1,429.00,100,buy,T-025,T-017,391.00,429.00
3353,2517.884,S1,400.00,100,sell,T-005,T-037,400.00,435.00
3354,2518.336,S1,400.00,100,sell,T-005,T-037,400.00,435.00
3355,2519.487,S1,400.00,100,sell,T-005,T-037,400.00,435.00
3356,2520.974,S1,400.00,100,sell,T-005,T-037,400.00,435.00
3357,2523.599,S1,435.00,100,buy,T-025,T-003,401.00,435.00
3358,2523.781,S1,435.00,100,buy,T-025,T-003,401.00,435.00
3359,2523.955,S1,435.00,100,buy,T-025,T-003,401.00,435.00
3360,2524.191,S1,435.00,100,buy,T-025,T-003,401.00,435.00
3361,2524.631,S1,435.00,100,buy,T-025,T-003,401.00,435.00
3362,2524.812,S1,435.00,100,buy,T-025,T-003,401.00,435.00
3363,2524.974,S1,435.00,100,buy,T-025,T-003,401.00,435.00
3364,2525.157,S1,401.00,100,sell,T-017,T-037,401.00,440.00
3365,2525.417,S1,440.00,100,buy,T-025,T-038,401.00,440.00
3366,2536.426,S1,430.00,100,buy,T-025,T-033,405.00,430.00
3367,2543.555,S1,410.00,100,sell,T-038,T-014,410.00,435.00
3368,2551.365,S1,415.00,100,sell,T-017,T-037,415.00,435.00
3369,2560.655,S1,435.00,100,buy,T-027,T-033,415.00,435.00
3370,2560.655,S1,435.00,90,buy,T-027,T-003,415.00,435.00
3371,2560.655,S1,435.00,10,buy,T-027,T-033,415.00,435.00
3372,2571.813,S1,420.00,100,sell,T-010,T-037,420.00,430.00
3373,2572.207,S1,420.00,100,sell,T-010,T-037,420.00,430.00
3374,2572.871,S1,420.00,100,sell,T-010,T-037,420.00,430.00
3375,2600.477,S1,430.00,100,buy,T-025,T-014,420.00,430.00
3376,2617.414,S1,435.00,1,buy,T-018,T-033,420.00,435.00
3377,2626.690,S1,420.00,100,sell,T-010,T-028,420.00,435.00
3378,2626.690,S1,420.00,290,sell,T-005,T-028,420.00,435.00
3379,2641.448,S1,420.00,100,sell,T-005,T-037,420.00,430.00
3380,2665.596,S1,430.00,50,buy,T-025,T-021,420.00,430.00
3381,2665.596,S1,435.00,50,buy,T-025,T-033,420.00,430.00
3382,2686.116,S1,420.00,100,sell,T-005,T-037,420.00,429.00
3383,2688.213,S1,420.00,10,sell,T-005,T-011,420.00,429.00
3384,2688.213,S1,420.00,200,sell,T-010,T-011,420.00,429.00
3385,2688.213,S1,420.00,200,sell,T-010,T-011,420.00,429.00
3386,2688.213,S1,410.00,90,sell,T-038,T-011,420.00,429.00
3387,2736.334,S1,415.00,100,sell,T-005,T-037,415.00,419.99
3388,2767.709,S1,415.00,165,sell,T-005,T-037,415.00,419.95
3389,2769.637,S1,415.00,235,sell,T-005,T-033,415.00,419.95
3390,2769.637,S1,410.00,204,sell,T-038,T-033,415.00,419.95
3391,2791.764,S1,410.00,500,sell,T-038,T-010,410.00,417.50
3392,2797.343,S1,410.00,106,sell,T-038,T-010,410.00,417.50
3393,2810.956,S1,400.00,50,sell,T-010,T-037,400.00,410.00
3394,2811.705,S1,400.00,50,sell,T-010,T-037,400.00,410.00
3395,2812.804,S1,400.00,50,sell,T-010,T-037,400.00,410.00
3396,2813.268,S1,400.00,50,sell,T-010,T-037,400.00,410.00
3397,2816.551,S1,400.00,300,sell,T-010,T-015,400.00,410.00
3398,2816.551,S1,400.00,500,sell,T-011,T-015,400.00,410.00
3399,2816.551,S1,390.00,200,sell,T-010,T-015,400.00,410.00
3400,2848.842,S1,381.00,200,sell,T-017,T-025,381.00,400.00
3401,2848.842,S1,380.00,400,sell,T-038,T-025,381.00,400.00
3402,2848.842,S1,380.00,400,sell,T-038,T-025,381.00,400.00
3403,2874.075,S1,385.00,665,sell,T-010,T-025,385.00,399.00
3404,2874.075,S1,380.00,335,sell,T-038,T-025,385.00,399.00
3405,2879.371,S1,380.00,265,sell,T-038,T-025,380.00,396.00
3406,2879.371,S1,376.00,735,sell,T-038,T-025,380.00,396.00
3407,2887.583,S1,376.00,50,sell,T-038,T-037,376.00,380.00
3408,2890.696,S1,376.00,50,sell,T-038,T-037,376.00,380.00
3409,2903.509,S1,376.00,165,sell,T-038,T-015,376.00,380.00
3410,2903.509,S1,375.00,335,sell,T-005,T-015,376.00,380.00
3411,2921.049,S1,376.00,50,sell,T-038,T-037,376.00,380.00
3412,2939.782,S1,376.00,200,sell,T-038,T-034,376.00,380.00
3413,2943.222,S1,376.00,50,sell,T-038,T-034,376.00,380.00
3414,2943.222,S1,375.00,150,sell,T-005,T-034,376.00,380.00
3415,2955.216,S1,375.00,15,sell,T-005,T-025,375.00,380.00
3416,2955.216,S1,371.00,580,sell,T-012,T-025,375.00,380.00
3417,2955.216,S1,320.00,200,sell,T-038,T-025,375.00,380.00
3418,2955.216,S1,320.00,50,sell,T-026,T-025,375.00,380.00
3419,2955.216,S1,315.00,155,sell,T-010,T-025,375.00,380.00
3420,2956.602,S1,315.00,95,sell,T-010,T-011,315.00,380.00
3421,2956.602,S1,310.00,200,sell,T-038,T-011,315.00,380.00
3422,2956.602,S1,250.00,705,sell,T-028,T-011,315.00,380.00
3423,2971.243,S1,250.00,295,sell,T-028,T-025,250.00,350.00
3424,2971.243,S1,250.00,705,sell,T-028,T-025,250.00,350.00
3425,2976.553,S1,350.00,50,buy,T-014,T-004,250.00,350.00
3426,2976.553,S1,350.00,500,buy,T-014,T-027,250.00,350.00
3427,2976.553,S1,377.00,71,buy,T-014,T-001,250.00,350.00
3428,2990.233,S1,260.00,70,sell,T-027,T-010,260.00,270.00
3429,3000.412,S1,260.00,50,sell,T-027,T-037,260.00,270.00
3430,3000.482,S1,270.00,500,buy,T-011,T-024,260.00,270.00
3431,3001.774,S1,270.00,500,buy,T-027,T-024,200.00,270.00
3432,3002.072,S1,200.00,50,sell,T-032,T-021,200.00,270.00
3433,3003.426,S1,200.00,50,sell,T-032,T-021,200.00,270.00
3434,3003.566,S1,200.00,50,sell,T-032,T-021,200.00,270.00
3435,3003.717,S1,200.00,50,sell,T-032,T-021,200.00,270.00
3436,3003.851,S1,200.00,50,sell,T-017,T-021,200.00,270.00
3437,3009.995,S1,270.00,50,buy,T-021,T-024,200.00,270.00
3438,3010.717,S1,270.00,50,buy,T-021,T-024,200.00,270.00
3439,3011.193,S1,270.00,50,buy,T-021,T-024,200.00,270.00
3440,3011.598,S1,270.00,50,buy,T-021,T-024,200.00,270.00
3441,3021.819,S1,200.00,250,sell,T-024,T-028,200.00,245.00
3442,3038.514,S1,225.00,120,buy,T-026,T-027,101.00,225.00
3443,3038.514,S1,240.00,100,buy,T-026,T-013,101.00,225.00
3444,3038.514,S1,245.00,180,buy,T-026,T-010,101.00,225.00
3445,3038.514,S1,250.00,200,buy,T-026,T-022,101.00,225.00
3446,3038.514,S1,255.00,100,buy,T-026,T-013,101.00,225.00
3447,3038.514,S1,300.00,100,buy,T-026,T-013,101.00,225.00
3448,3038.514,S1,300.00,100,buy,T-026,T-013,101.00,225.00
3449,3038.514,S1,300.00,100,buy,T-026,T-013,101.00,225.00
3450,3039.480,S1,101.00,10,sell,T-040,T-007,101.00,230.00
3451,3039.632,S1,101.00,10,sell,T-040,T-007,101.00,230.00
3452,3039.815,S1,101.00,10,sell,T-040,T-007,101.00,230.00
3453,3039.966,S1,101.00,10,sell,T-040,T-007,101.00,230.00
3454,3040.147,S1,101.00,10,sell,T-040,T-007,101.00,230.00
3455,3040.297,S1,101.00,10,sell,T-040,T-007,101.00,230.00
3456,3040.481,S1,101.00,10,sell,T-040,T-007,101.00,230.00
3457,3040.655,S1,101.00,10,sell,T-040,T-007,101.00,230.00
3458,3041.733,S1,101.00,142,sell,T-040,T-017,101.00,230.00
3459,3041.733,S1,100.00,108,sell,T-001,T-017,101.00,230.00
3460,3047.382,S1,100.00,100,sell,T-001,T-037,100.00,105.00
3461,3050.859,S1,105.00,500,buy,T-016,T-011,100.00,105.00
3462,3060.293,S1,100.00,100,sell,T-001,T-038,100.00,220.00
3463,3060.353,S1,220.00,100,buy,T-028,T-038,100.00,220.00
3464,3060.353,S1,225.00,150,buy,T-028,T-023,100.00,220.00
3465,3067.502,S1,215.00,40,buy,T-014,T-023,119.00,215.00
3466,3075.725,S1,120.00,500,sell,T-007,T-016,120.00,215.00
3467,3079.263,S1,190.00,1000,buy,T-025,T-024,120.00,190.00
3468,3079.396,S1,190.00,1000,buy,T-025,T-024,120.00,190.00
3469,3079.571,S1,199.98,100,buy,T-025,T-017,120.00,199.98
3470,3079.571,S1,215.00,900,buy,T-025,T-023,120.00,199.98
3471,3079.734,S1,215.00,60,buy,T-025,T-023,120.00,215.00
3472,3079.734,S1,215.00,940,buy,T-025,T-023,120.00,215.00
3473,3079.886,S1,215.00,60,buy,T-025,T-023,120.00,215.00
3474,3079.886,S1,215.00,940,buy,T-025,T-023,120.00,215.00
3475,3080.047,S1,215.00,60,buy,T-025,T-023,120.00,215.00
3476,3080.047,S1,215.00,940,buy,T-025,T-023,120.00,215.00
3477,3080.188,S1,215.00,60,buy,T-025,T-023,120.00,215.00
3478,3080.188,S1,215.00,940,buy,T-025,T-023,120.00,215.00
3479,3080.350,S1,215.00,60,buy,T-025,T-023,120.00,215.00
3480,3080.350,S1,215.00,940,buy,T-025,T-023,120.00,215.00
3481,3080.516,S1,215.00,60,buy,T-025,T-023,120.00,215.00
3482,3080.516,S1,215.00,940,buy,T-025,T-023,120.00,215.00
3483,3080.667,S1,215.00,60,buy,T-025,T-023,120.00,215.00
3484,3080.667,S1,215.00,940,buy,T-025,T-023,120.00,215.00
3485,3080.837,S1,215.00,60,buy,T-025,T-023,120.00,215.00
3486,3080.837,S1,215.00,940,buy,T-025,T-023,120.00,215.00
3487,3081.969,S1,215.00,60,buy,T-025,T-023,119.00,215.00
3488,3081.969,S1,215.00,940,buy,T-025,T-023,119.00,215.00
3489,3082.119,S1,215.00,60,buy,T-025,T-023,119.00,215.00
3490,3082.119,S1,215.00,940,buy,T-025,T-023,119.00,215.00
3491,3082.320,S1,215.00,60,buy,T-025,T-023,119.00,215.00
3492,3082.320,S1,215.00,940,buy,T-025,T-023,119.00,215.00
3493,3082.503,S1,215.00,60,buy,T-025,T-023,119.00,215.00
3494,3082.503,S1,215.00,940,buy,T-025,T-023,119.00,215.00
3495,3082.686,S1,215.00,60,buy,T-025,T-023,119.00,215.00
3496,3082.686,S1,215.00,940,buy,T-025,T-023,119.00,215.00
3497,3082.849,S1,215.00,60,buy,T-025,T-023,119.00,215.00
3498,3082.849,S1,215.00,940,buy,T-025,T-023,119.00,215.00
3499,3083.021,S1,215.00,60,buy,T-025,T-023,119.00,215.00
3500,3083.021,S1,220.00,220,buy,T-025,T-001,119.00,215.00
3501,3083.021,S1,225.00,720,buy,T-025,T-023,119.00,215.00
3502,3083.213,S1,225.00,130,buy,T-025,T-023,119.00,225.00
3503,3083.213,S1,230.00,250,buy,T-025,T-028,119.00,225.00
3504,3083.213,S1,230.00,250,buy,T-025,T-028,119.00,225.00
3505,3083.213,S1,240.00,100,buy,T-025,T-013,119.00,225.00
3506,3083.213,S1,240.00,100,buy,T-025,T-013,119.00,225.00
3507,3083.213,S1,240.00,100,buy,T-025,T-013,119.00,225.00
3508,3083.213,S1,300.00,70,buy,T-025,T-013,119.00,225.00
3509,3084.054,S1,300.00,30,buy,T-025,T-013,119.00,300.00
3510,3084.054,S1,300.00,100,buy,T-025,T-013,119.00,300.00
3511,3084.054,S1,300.00,100,buy,T-025,T-013,119.00,300.00
3512,3084.054,S1,377.00,329,buy,T-025,T-001,119.00,300.00
3513,3084.054,S1,380.00,200,buy,T-025,T-022,119.00,300.00
3514,3084.054,S1,395.00,241,buy,T-025,T-015,119.00,300.00
3515,3084.287,S1,395.00,259,buy,T-025,T-015,119.00,395.00
3516,3084.287,S1,399.99,250,buy,T-025,T-001,119.00,395.00
3517,3084.287,S1,400.00,200,buy,T-025,T-022,119.00,395.00
3518,3084.287,S1,400.00,291,buy,T-025,T-041,119.00,395.00
3519,3085.397,S1,400.00,209,buy,T-025,T-041,119.00,400.00
3520,3085.397,S1,400.00,791,buy,T-025,T-041,119.00,400.00
3521,3085.620,S1,400.00,209,buy,T-025,T-041,119.00,400.00
3522,3085.620,S1,400.00,300,buy,T-025,T-032,119.00,400.00
3523,3085.620,S1,409.00,491,buy,T-025,T-034,119.00,400.00
3524,3085.822,S1,409.00,9,buy,T-025,T-034,119.00,409.00
3525,3085.822,S1,409.00,500,buy,T-025,T-034,119.00,409.00
3526,3085.822,S1,419.77,250,buy,T-025,T-001,119.00,409.00
3527,3085.822,S1,439.00,241,buy,T-025,T-001,119.00,409.00
3528,3086.706,S1,439.00,59,buy,T-025,T-001,119.00,439.00
3529,3086.706,S1,479.00,400,buy,T-025,T-001,119.00,439.00
3530,3086.706,S1,480.00,200,buy,T-025,T-022,119.00,439.00
3531,3086.706,S1,500.00,10,buy,T-025,T-007,119.00,439.00
3532,3086.706,S1,500.00,10,buy,T-025,T-007,119.00,439.00
3533,3086.706,S1,500.00,10,buy,T-025,T-007,119.00,439.00
3534,3086.706,S1,500.00,10,buy,T-025,T-007,119.00,439.00
3535,3086.706,S1,500.00,10,buy,T-025,T-007,119.00,439.00
3536,3086.706,S1,500.00,10,buy,T-025,T-007,119.00,439.00
3537,3086.706,S1,500.00,10,buy,T-025,T-007,119.00,439.00
3538,3086.706,S1,500.00,10,buy,T-025,T-007,119.00,439.00
3539,3086.706,S1,500.00,10,buy,T-025,T-007,119.00,439.00
3540,3086.706,S1,500.00,10,buy,T-025,T-007,119.00,439.00
3541,3086.706,S1,500.00,10,buy,T-025,T-007,119.00,439.00
3542,3086.706,S1,500.00,10,buy,T-025,T-007,119.00,439.00
3543,3086.706,S1,500.00,10,buy,T-025,T-007,119.00,439.00
3544,3086.706,S1,500.00,10,buy,T-025,T-007,119.00,439.00
3545,3086.706,S1,500.00,10,buy,T-025,T-007,119.00,439.00
3546,3086.706,S1,500.00,100,buy,T-025,T-013,119.00,439.00
3547,3086.706,S1,500.00,10,buy,T-025,T-007,119.00,439.00
3548,3086.706,S1,550.00,81,buy,T-025,T-022,119.00,439.00
3549,3089.805,S1,119.00,100,sell,T-017,T-035,119.00,550.00
3550,3089.805,S1,118.00,100,sell,T-005,T-035,119.00,550.00
3551,3089.805,S1,100.00,192,sell,T-001,T-035,119.00,550.00
3552,3089.805,S1,100.00,500,sell,T-011,T-035,119.00,550.00
3553,3089.805,S1,100.00,40,sell,T-014,T-035,119.00,550.00
3554,3089.805,S1,91.00,68,sell,T-026,T-035,119.00,550.00
3555,3093.861,S1,91.00,14,sell,T-026,T-001,91.00,490.00
3556,3093.861,S1,90.00,86,sell,T-032,T-001,91.00,490.00
3557,3097.005,S1,490.00,1000,buy,T-025,T-023,100.00,490.00
3558,3102.796,S1,201.00,100,sell,T-017,T-041,201.00,300.00
3559,3102.796,S1,100.00,40,sell,T-014,T-041,201.00,300.00
3560,3102.796,S1,90.00,860,sell,T-032,T-041,201.00,300.00
3561,3112.405,S1,290.00,1000,buy,T-025,T-023,110.00,290.00
3562,3113.242,S1,290.00,1000,buy,T-025,T-023,110.00,290.00
3563,3113.430,S1,290.00,1000,buy,T-025,T-023,110.00,290.00
3564,3114.155,S1,300.00,100,buy,T-025,T-017,110.00,300.00
3565,3114.155,S1,350.00,200,buy,T-025,T-010,110.00,300.00
3566,3114.155,S1,399.00,100,buy,T-025,T-038,110.00,300.00
3567,3114.155,S1,400.00,600,buy,T-025,T-027,110.00,300.00
3568,3114.337,S1,400.00,400,buy,T-025,T-027,110.00,400.00
3569,3114.337,S1,403.00,200,buy,T-025,T-034,110.00,400.00
3570,3114.337,S1,403.00,200,buy,T-025,T-034,110.00,400.00
3571,3114.337,S1,403.00,200,buy,T-025,T-034,110.00,400.00
3572,3114.502,S1,403.00,200,buy,T-025,T-034,110.00,403.00
3573,3114.502,S1,403.00,200,buy,T-025,T-034,110.00,403.00
3574,3114.502,S1,403.00,200,buy,T-025,T-034,110.00,403.00
3575,3114.502,S1,403.00,200,buy,T-025,T-034,110.00,403.00
3576,3114.502,S1,403.00,200,buy,T-025,T-034,110.00,403.00
3577,3114.682,S1,403.00,200,buy,T-025,T-034,110.00,403.00
3578,3114.682,S1,403.00,200,buy,T-025,T-034,110.00,403.00
3579,3114.682,S1,403.00,200,buy,T-025,T-034,110.00,403.00
3580,3114.682,S1,403.00,200,buy,T-025,T-034,110.00,403.00
3581,3114.682,S1,403.00,200,buy,T-025,T-034,110.00,403.00
3582,3114.834,S1,403.00,200,buy,T-025,T-034,110.00,403.00
3583,3114.834,S1,403.00,200,buy,T-025,T-034,110.00,403.00
3584,3114.834,S1,403.00,200,buy,T-025,T-034,110.00,403.00
3585,3114.834,S1,403.00,200,buy,T-025,T-034,110.00,403.00
3586,3114.834,S1,403.00,200,buy,T-025,T-034,110.00,403.00
3587,3114.989,S1,403.00,200,buy,T-025,T-034,110.00,403.00
3588,3114.989,S1,403.00,200,buy,T-025,T-034,110.00,403.00
3589,3114.989,S1,450.00,600,buy,T-025,T-015,110.00,403.00
3590,3115.130,S1,250.00,250,buy,T-025,T-015,110.00,250.00
3591,3115.130,S1,450.00,400,buy,T-025,T-015,110.00,250.00
3592,3115.130,S1,450.00,350,buy,T-025,T-026,110.00,250.00
3593,3115.281,S1,450.00,568,buy,T-025,T-026,110.00,450.00
3594,3115.281,S1,500.00,432,buy,T-025,T-024,110.00,450.00
3595,3115.435,S1,500.00,568,buy,T-025,T-024,110.00,500.00
3596,3115.435,S1,500.00,432,buy,T-025,T-024,110.00,500.00
3597,3115.718,S1,500.00,568,buy,T-025,T-024,110.00,500.00
3598,3115.718,S1,500.00,100,buy,T-025,T-038,110.00,500.00
3599,3115.718,S1,500.00,50,buy,T-025,T-004,110.00,500.00
3600,3115.718,S1,500.00,100,buy,T-025,T-001,110.00,500.00
3601,3115.718,S1,555.00,182,buy,T-025,T-001,110.00,500.00
3602,3116.034,S1,555.00,218,buy,T-025,T-001,110.00,555.00
3603,3116.034,S1,600.00,500,buy,T-025,T-041,110.00,555.00
3604,3116.034,S1,600.00,100,buy,T-025,T-032,110.00,555.00
3605,3116.034,S1,600.00,100,buy,T-025,T-032,110.00,555.00
3606,3116.034,S1,600.00,82,buy,T-025,T-001,110.00,555.00
3607,3116.189,S1,600.00,318,buy,T-025,T-001,110.00,600.00
3608,3116.189,S1,600.00,100,buy,T-025,T-013,110.00,600.00
3609,3116.189,S1,648.00,300,buy,T-025,T-001,110.00,600.00
3610,3116.189,S1,700.00,100,buy,T-025,T-017,110.00,600.00
3611,3116.189,S1,800.00,100,buy,T-025,T-032,110.00,600.00
3612,3116.189,S1,800.00,82,buy,T-025,T-012,110.00,600.00
3613,3116.339,S1,800.00,518,buy,T-025,T-012,110.00,800.00
3614,3116.339,S1,800.00,482,buy,T-025,T-012,110.00,800.00
3615,3116.515,S1,800.00,118,buy,T-025,T-012,110.00,800.00
3616,3116.515,S1,800.00,500,buy,T-025,T-015,110.00,800.00
3617,3116.515,S1,870.00,382,buy,T-025,T-035,110.00,800.00
3618,3117.252,S1,110.00,100,sell,T-005,T-028,110.00,870.00
3619,3117.584,S1,870.00,618,buy,T-025,T-035,110.00,870.00
3620,3117.584,S1,870.00,382,buy,T-025,T-035,110.00,870.00
3621,3118.889,S1,403.00,200,buy,T-025,T-034,110.00,403.00
3622,3118.889,S1,403.00,200,buy,T-025,T-034,110.00,403.00
3623,3118.889,S1,403.00,200,buy,T-025,T-034,110.00,403.00
3624,3118.889,S1,870.00,400,buy,T-025,T-035,110.00,403.00
3625,3119.304,S1,870.00,218,buy,T-025,T-035,110.00,870.00
3626,3119.304,S1,870.00,782,buy,T-025,T-035,110.00,870.00
3627,3120.315,S1,403.00,200,buy,T-025,T-034,110.00,403.00
3628,3120.315,S1,870.00,218,buy,T-025,T-035,110.00,403.00
3629,3120.315,S1,900.00,10,buy,T-025,T-041,110.00,403.00
3630,3120.315,S1,900.00,500,buy,T-025,T-041,110.00,403.00
3631,3120.315,S1,900.00,72,buy,T-025,T-013,110.00,403.00
3632,3120.928,S1,403.00,200,buy,T-025,T-034,150.00,403.00
3633,3120.928,S1,900.00,28,buy,T-025,T-013,150.00,403.00
3634,3120.928,S1,900.00,100,buy,T-025,T-013,150.00,403.00
3635,3120.928,S1,900.00,672,buy,T-025,T-035,150.00,403.00
3636,3121.524,S1,403.00,200,buy,T-025,T-034,150.00,403.00
3637,3121.524,S1,600.00,800,buy,T-025,T-026,150.00,403.00
3638,3121.846,S1,150.00,100,sell,T-010,T-028,150.00,600.00
3639,3123.622,S1,600.00,118,buy,T-025,T-026,150.00,600.00
3640,3123.622,S1,900.00,328,buy,T-025,T-035,150.00,600.00
3641,3123.622,S1,900.00,554,buy,T-025,T-035,150.00,600.00
3642,3123.826,S1,150.00,100,sell,T-010,T-028,150.00,900.00
3643,3124.115,S1,900.00,446,buy,T-025,T-035,110.00,900.00
3644,3124.115,S1,900.00,554,buy,T-025,T-035,110.00,900.00
3645,3126.154,S1,900.00,446,buy,T-025,T-035,110.00,900.00
3646,3126.154,S1,1000.00,300,buy,T-025,T-012,110.00,900.00
3647,3126.154,S1,1000.00,254,buy,T-025,T-012,110.00,900.00
3648,3129.836,S1,1000.00,46,buy,T-001,T-012,110.00,1000.00
3649,3129.836,S1,1000.00,54,buy,T-001,T-013,110.00,1000.00
3650,3132.308,S1,900.00,100,buy,T-001,T-036,200.00,900.00
3651,3133.366,S1,200.00,100,sell,T-027,T-028,200.00,900.00
3652,3133.529,S1,200.00,100,sell,T-027,T-028,200.00,900.00
3653,3135.188,S1,200.00,100,sell,T-027,T-028,200.00,900.00
3654,3135.359,S1,200.00,100,sell,T-027,T-028,200.00,900.00
3655,3135.511,S1,200.00,100,sell,T-027,T-028,200.00,900.00
3656,3135.735,S1,200.00,100,sell,T-027,T-028,200.00,900.00
3657,3135.890,S1,200.00,100,sell,T-027,T-028,200.00,900.00
3658,3136.563,S1,900.00,100,buy,T-001,T-036,200.00,900.00
3659,3136.743,S1,200.00,100,sell,T-027,T-028,200.00,900.00
3660,3139.562,S1,900.00,100,buy,T-001,T-036,300.00,900.00
3661,3140.278,S1,300.00,100,sell,T-011,T-028,300.00,900.00
3662,3144.805,S1,700.00,100,buy,T-025,T-017,300.00,700.00
3663,3144.805,S1,800.00,200,buy,T-025,T-034,300.00,700.00
3664,3144.805,S1,800.00,200,buy,T-025,T-034,300.00,700.00
3665,3144.805,S1,800.00,200,buy,T-025,T-034,300.00,700.00
3666,3144.805,S1,800.00,200,buy,T-025,T-034,300.00,700.00
3667,3144.805,S1,800.00,100,buy,T-025,T-034,300.00,700.00
3668,3145.972,S1,800.00,100,buy,T-025,T-034,500.00,800.00
3669,3145.972,S1,899.00,100,buy,T-025,T-038,500.00,800.00
3670,3145.972,S1,900.00,18,buy,T-025,T-036,500.00,800.00
3671,3145.972,S1,900.00,100,buy,T-025,T-017,500.00,800.00
3672,3145.972,S1,1000.00,682,buy,T-025,T-035,500.00,800.00
3673,3150.182,S1,500.00,500,sell,T-023,T-011,500.00,1000.00
3674,3151.516,S1,500.00,9,sell,T-023,T-028,500.00,1000.00
3675,3152.001,S1,500.00,30,sell,T-023,T-001,500.00,1000.00
3676,3152.504,S1,1000.00,100,buy,T-017,T-035,500.00,1000.00
3677,3152.850,S1,1000.00,100,buy,T-017,T-035,500.00,1000.00
3678,3155.950,S1,800.00,100,buy,T-017,T-034,500.00,800.00
3679,3157.823,S1,800.00,100,buy,T-025,T-034,500.00,800.00
3680,3157.823,S1,800.00,200,buy,T-025,T-034,500.00,800.00
3681,3157.823,S1,800.00,200,buy,T-025,T-034,500.00,800.00
3682,3157.823,S1,800.00,200,buy,T-025,T-034,500.00,800.00
3683,3157.823,S1,800.00,200,buy,T-025,T-034,500.00,800.00
3684,3157.823,S1,800.00,100,buy,T-025,T-034,500.00,800.00
3685,3157.922,S1,500.00,461,sell,T-023,T-011,500.00,800.00
3686,3157.922,S1,500.00,39,sell,T-023,T-011,500.00,800.00
3687,3158.363,S1,500.00,500,sell,T-023,T-011,500.00,800.00
3688,3158.505,S1,800.00,100,buy,T-025,T-034,500.00,800.00
3689,3158.505,S1,800.00,200,buy,T-025,T-034,500.00,800.00
3690,3158.505,S1,800.00,200,buy,T-025,T-034,500.00,800.00
3691,3158.505,S1,1000.00,118,buy,T-025,T-035,500.00,800.00
3692,3158.505,S1,1000.00,382,buy,T-025,T-035,500.00,800.00
3693,3158.976,S1,500.00,461,sell,T-023,T-011,500.00,1000.00
3694,3158.976,S1,500.00,39,sell,T-023,T-011,500.00,1000.00
3695,3170.449,S1,510.00,120,sell,T-007,T-014,510.00,1000.00
3696,3175.962,S1,700.00,100,buy,T-025,T-017,520.00,700.00
3697,3175.962,S1,900.00,100,buy,T-025,T-041,520.00,700.00
3698,3175.962,S1,1000.00,618,buy,T-025,T-035,520.00,700.00
3699,3175.962,S1,1000.00,182,buy,T-025,T-035,520.00,700.00
3700,3176.054,S1,520.00,200,sell,T-027,T-022,520.00,1000.00
3701,3176.054,S1,510.00,430,sell,T-007,T-022,520.00,1000.00
3702,3176.054,S1,500.00,370,sell,T-023,T-022,520.00,1000.00
3703,3179.258,S1,500.00,591,sell,T-023,T-022,500.00,900.00
3704,3179.258,S1,500.00,409,sell,T-023,T-022,500.00,900.00
3705,3181.330,S1,500.00,591,sell,T-023,T-022,500.00,900.00
3706,3181.330,S1,500.00,409,sell,T-023,T-022,500.00,900.00
3707,3181.803,S1,900.00,100,buy,T-017,T-041,500.00,900.00
3708,3182.067,S1,500.00,591,sell,T-023,T-022,500.00,900.00
3709,3182.067,S1,500.00,409,sell,T-023,T-022,500.00,900.00
3710,3182.369,S1,500.00,591,sell,T-023,T-022,500.00,900.00
3711,3182.369,S1,500.00,409,sell,T-023,T-022,500.00,900.00
3712,3182.546,S1,500.00,591,sell,T-023,T-022,500.00,900.00
3713,3182.546,S1,500.00,409,sell,T-023,T-022,500.00,900.00
3714,3182.727,S1,500.00,591,sell,T-023,T-022,500.00,900.00
3715,3182.727,S1,500.00,409,sell,T-023,T-022,500.00,900.00
3716,3182.889,S1,500.00,591,sell,T-023,T-022,500.00,900.00
3717,3182.889,S1,500.00,409,sell,T-023,T-022,500.00,900.00
3718,3183.116,S1,500.00,591,sell,T-023,T-022,500.00,900.00
3719,3183.116,S1,500.00,409,sell,T-023,T-022,500.00,900.00
3720,3183.220,S1,500.00,591,sell,T-023,T-022,500.00,900.00
3721,3183.220,S1,500.00,409,sell,T-023,T-022,500.00,900.00
3722,3183.423,S1,500.00,591,sell,T-023,T-022,500.00,900.00
3723,3183.423,S1,500.00,409,sell,T-023,T-022,500.00,900.00
3724,3183.626,S1,500.00,591,sell,T-023,T-022,500.00,900.00
3725,3183.626,S1,500.00,409,sell,T-023,T-022,500.00,900.00
3726,3183.807,S1,500.00,591,sell,T-023,T-022,500.00,900.00
3727,3183.807,S1,500.00,409,sell,T-023,T-022,500.00,900.00
3728,3184.033,S1,500.00,591,sell,T-023,T-022,500.00,900.00
3729,3184.033,S1,500.00,409,sell,T-023,T-022,500.00,900.00
3730,3184.224,S1,500.00,591,sell,T-023,T-022,500.00,900.00
3731,3184.224,S1,300.00,400,sell,T-011,T-022,500.00,900.00
3732,3184.224,S1,200.00,9,sell,T-038,T-022,500.00,900.00
3733,3184.447,S1,200.00,91,sell,T-038,T-022,200.00,900.00
3734,3184.447,S1,111.00,1,sell,T-028,T-022,200.00,900.00
3735,3184.447,S1,110.00,908,sell,T-005,T-022,200.00,900.00
3736,3184.978,S1,110.00,92,sell,T-005,T-022,110.00,890.00
3737,3184.978,S1,95.00,550,sell,T-007,T-022,110.00,890.00
3738,3184.978,S1,90.00,54,sell,T-032,T-022,110.00,890.00
3739,3184.978,S1,90.00,304,sell,T-011,T-022,110.00,890.00
3740,3185.824,S1,890.00,200,buy,T-025,T-027,90.00,890.00
3741,3185.824,S1,900.00,800,buy,T-025,T-041,90.00,890.00
3742,3186.658,S1,900.00,100,buy,T-025,T-041,90.00,900.00
3743,3186.658,S1,1000.00,818,buy,T-025,T-035,90.00,900.00
3744,3186.658,S1,1000.00,82,buy,T-025,T-034,90.00,900.00
3745,3187.255,S1,90.00,196,sell,T-011,T-022,90.00,1000.00
3746,3187.255,S1,81.00,804,sell,T-004,T-022,90.00,1000.00
3747,3200.082,S1,101.00,120,sell,T-040,T-014,101.00,999.00
3748,3201.665,S1,101.00,120,sell,T-040,T-014,101.00,999.00
3749,3201.766,S1,999.00,100,buy,T-025,T-017,101.00,999.00
3750,3201.766,S1,1000.00,200,buy,T-025,T-034,101.00,999.00
3751,3201.766,S1,1000.00,200,buy,T-025,T-034,101.00,999.00
3752,3201.766,S1,1000.00,200,buy,T-025,T-034,101.00,999.00
3753,3201.766,S1,1000.00,100,buy,T-025,T-038,101.00,999.00
3754,3201.766,S1,1000.00,200,buy,T-025,T-034,101.00,999.00
3755,3202.367,S1,1000.00,200,buy,T-025,T-034,101.00,1000.00
3756,3202.367,S1,1000.00,50,buy,T-025,T-004,101.00,1000.00
3757,3202.367,S1,1000.00,750,buy,T-025,T-023,101.00,1000.00
3758,3202.951,S1,101.00,120,sell,T-040,T-014,101.00,1000.00
3759,3203.620,S1,998.00,100,buy,T-025,T-017,101.00,998.00
3760,3203.620,S1,1000.00,250,buy,T-025,T-023,101.00,998.00
3761,3203.620,S1,1000.00,650,buy,T-025,T-023,101.00,998.00
3762,3203.811,S1,1000.00,350,buy,T-025,T-023,102.00,1000.00
3763,3203.811,S1,1000.00,650,buy,T-025,T-023,102.00,1000.00
3764,3204.043,S1,1000.00,350,buy,T-025,T-023,102.00,1000.00
3765,3204.043,S1,1000.00,650,buy,T-025,T-023,102.00,1000.00
3766,3204.236,S1,1000.00,350,buy,T-025,T-023,102.00,1000.00
3767,3204.236,S1,1000.00,120,buy,T-025,T-014,102.00,1000.00
3768,3204.236,S1,1000.00,530,buy,T-025,T-023,102.00,1000.00
3769,3204.369,S1,950.00,200,buy,T-025,T-010,102.00,950.00
3770,3204.369,S1,1000.00,470,buy,T-025,T-023,102.00,950.00
3771,3204.369,S1,1000.00,330,buy,T-025,T-023,102.00,950.00
3772,3204.400,S1,102.00,120,sell,T-012,T-014,102.00,1000.00
3773,3204.520,S1,1000.00,670,buy,T-025,T-023,102.00,1000.00
3774,3204.520,S1,1000.00,330,buy,T-025,T-023,102.00,1000.00
3775,3204.661,S1,1000.00,670,buy,T-025,T-023,102.00,1000.00
3776,3204.661,S1,1000.00,330,buy,T-025,T-023,102.00,1000.00
3777,3204.844,S1,1000.00,670,buy,T-025,T-023,102.00,1000.00
3778,3204.844,S1,1000.00,330,buy,T-025,T-023,102.00,1000.00
3779,3205.069,S1,1000.00,670,buy,T-025,T-023,102.00,1000.00
3780,3205.069,S1,1000.00,330,buy,T-025,T-023,102.00,1000.00
3781,3205.466,S1,102.00,120,sell,T-012,T-014,102.00,1000.00
3782,3205.516,S1,1000.00,670,buy,T-025,T-023,102.00,1000.00
3783,3205.516,S1,1100.00,330,buy,T-025,T-024,102.00,1000.00
3784,3206.263,S1,102.00,120,sell,T-012,T-014,102.00,1100.00
3785,3207.291,S1,102.00,120,sell,T-012,T-014,102.00,1100.00
3786,3207.484,S1,1100.00,670,buy,T-025,T-024,102.00,1100.00
3787,3207.484,S1,1300.00,330,buy,T-025,T-015,102.00,1100.00
3788,3208.268,S1,102.00,100,sell,T-012,T-014,102.00,1300.00
3789,3208.268,S1,102.00,20,sell,T-012,T-014,102.00,1300.00
3790,3208.986,S1,1300.00,670,buy,T-025,T-015,102.00,1300.00
3791,3208.986,S1,1500.00,330,buy,T-025,T-035,102.00,1300.00
3792,3212.656,S1,400.00,120,sell,T-023,T-014,400.00,900.00
3793,3213.029,S1,400.00,120,sell,T-023,T-014,400.00,900.00
3794,3213.421,S1,400.00,120,sell,T-023,T-014,400.00,900.00
3795,3213.786,S1,400.00,120,sell,T-023,T-014,400.00,900.00
3796,3214.220,S1,400.00,120,sell,T-023,T-014,400.00,800.00
3797,3215.283,S1,400.00,120,sell,T-023,T-014,400.00,800.00
3798,3216.046,S1,400.00,120,sell,T-023,T-014,400.00,800.00
3799,3216.933,S1,500.00,100,sell,T-017,T-014,500.00,800.00
3800,3216.933,S1,400.00,20,sell,T-023,T-014,500.00,800.00
3801,3217.795,S1,400.00,120,sell,T-023,T-014,400.00,800.00
3802,3218.414,S1,400.00,20,sell,T-023,T-014,400.00,800.00
3803,3218.414,S1,400.00,100,sell,T-023,T-014,400.00,800.00
3804,3218.618,S1,400.00,120,sell,T-023,T-014,400.00,800.00
3805,3218.779,S1,400.00,120,sell,T-023,T-014,400.00,800.00
3806,3218.947,S1,400.00,120,sell,T-023,T-014,400.00,800.00
3807,3219.129,S1,400.00,120,sell,T-023,T-014,400.00,800.00
3808,3219.299,S1,400.00,120,sell,T-023,T-014,400.00,800.00
3809,3219.469,S1,400.00,120,sell,T-023,T-014,400.00,800.00
3810,3219.644,S1,400.00,120,sell,T-023,T-014,400.00,800.00
3811,3219.785,S1,400.00,60,sell,T-023,T-014,400.00,800.00
3812,3219.785,S1,400.00,60,sell,T-023,T-014,400.00,800.00
3813,3219.950,S1,400.00,120,sell,T-023,T-014,400.00,800.00
3814,3221.288,S1,800.00,360,buy,T-025,T-040,500.00,800.00
3815,3221.288,S1,900.00,252,buy,T-025,T-041,500.00,800.00
3816,3221.288,S1,1499.99,100,buy,T-025,T-013,500.00,800.00
3817,3221.288,S1,1500.00,288,buy,T-025,T-035,500.00,800.00
3818,3221.297,S1,500.00,120,sell,T-010,T-014,500.00,1500.00
3819,3221.488,S1,500.00,80,sell,T-010,T-014,500.00,1500.00
3820,3221.488,S1,400.00,40,sell,T-023,T-014,500.00,1500.00
3821,3221.643,S1,400.00,120,sell,T-023,T-014,400.00,1500.00
3822,3221.782,S1,400.00,120,sell,T-023,T-014,400.00,1500.00
3823,3222.032,S1,1500.00,382,buy,T-025,T-035,400.00,1500.00
3824,3222.032,S1,1500.00,618,buy,T-025,T-035,400.00,1500.00
3825,3222.085,S1,400.00,120,sell,T-023,T-014,400.00,1500.00
3826,3222.245,S1,400.00,120,sell,T-023,T-014,400.00,1500.00
3827,3222.411,S1,400.00,120,sell,T-023,T-014,400.00,1500.00
3828,3222.611,S1,400.00,120,sell,T-023,T-014,400.00,1500.00
3829,3222.801,S1,400.00,60,sell,T-023,T-014,400.00,1500.00
3830,3222.801,S1,400.00,60,sell,T-023,T-014,400.00,1500.00
3831,3223.013,S1,400.00,120,sell,T-023,T-014,400.00,1500.00
3832,3223.176,S1,400.00,120,sell,T-023,T-014,400.00,1500.00
3833,3223.387,S1,400.00,120,sell,T-023,T-014,400.00,1500.00
3834,3223.587,S1,400.00,120,sell,T-023,T-014,400.00,1500.00
3835,3223.777,S1,400.00,120,sell,T-023,T-014,400.00,1500.00
3836,3224.011,S1,400.00,120,sell,T-023,T-014,400.00,1500.00
3837,3224.211,S1,400.00,120,sell,T-023,T-014,400.00,1500.00
3838,3225.802,S1,1500.00,382,buy,T-025,T-035,500.00,1500.00
3839,3225.802,S1,1500.00,618,buy,T-025,T-035,500.00,1500.00
3840,3225.962,S1,1500.00,382,buy,T-025,T-035,500.00,1500.00
3841,3225.962,S1,1500.00,100,buy,T-025,T-038,500.00,1500.00
3842,3225.962,S1,1600.00,300,buy,T-025,T-012,500.00,1500.00
3843,3225.962,S1,2000.00,100,buy,T-025,T-032,500.00,1500.00
3844,3225.962,S1,2000.00,118,buy,T-025,T-035,500.00,1500.00
3845,3226.115,S1,2000.00,882,buy,T-025,T-035,500.00,2000.00
3846,3226.115,S1,2000.00,118,buy,T-025,T-032,500.00,2000.00
3847,3226.265,S1,500.00,120,sell,T-027,T-014,500.00,2000.00
3848,3226.265,S1,2000.00,882,buy,T-025,T-032,500.00,2000.00
3849,3226.265,S1,2999.00,118,buy,T-025,T-001,500.00,2000.00
3850,3226.427,S1,2999.00,882,buy,T-025,T-001,500.00,2999.00
3851,3226.427,S1,3000.00,118,buy,T-025,T-035,500.00,2999.00
3852,3226.448,S1,500.00,80,sell,T-027,T-014,500.00,3000.00
3853,3226.448,S1,400.00,40,sell,T-023,T-014,500.00,3000.00
3854,3226.601,S1,3000.00,882,buy,T-025,T-035,400.00,3000.00
3855,3226.601,S1,3200.00,118,buy,T-025,T-012,400.00,3000.00
3856,3226.621,S1,400.00,60,sell,T-023,T-014,400.00,3200.00
3857,3226.621,S1,400.00,60,sell,T-023,T-014,400.00,3200.00
3858,3226.816,S1,400.00,120,sell,T-023,T-014,400.00,1200.00
3859,3226.887,S1,1200.00,1000,buy,T-025,T-016,400.00,1200.00
3860,3226.917,S1,400.00,820,sell,T-023,T-022,400.00,3200.00
3861,3226.917,S1,400.00,180,sell,T-023,T-022,400.00,3200.00
3862,3227.036,S1,400.00,120,sell,T-023,T-014,400.00,3200.00
3863,3227.220,S1,400.00,120,sell,T-023,T-014,400.00,3200.00
3864,3227.403,S1,400.00,120,sell,T-023,T-014,400.00,1300.00
3865,3227.596,S1,400.00,120,sell,T-023,T-014,400.00,1300.00
3866,3227.787,S1,400.00,120,sell,T-023,T-014,400.00,1300.00
3867,3227.980,S1,400.00,120,sell,T-023,T-014,400.00,1300.00
3868,3228.181,S1,400.00,100,sell,T-023,T-014,400.00,1300.00
3869,3228.181,S1,400.00,20,sell,T-023,T-014,400.00,1300.00
3870,3229.289,S1,400.00,120,sell,T-023,T-014,400.00,1300.00
3871,3229.483,S1,400.00,120,sell,T-023,T-014,400.00,1300.00
3872,3229.644,S1,400.00,120,sell,T-023,T-014,400.00,1300.00
3873,3229.845,S1,401.00,120,sell,T-012,T-014,401.00,1300.00
3874,3230.016,S1,401.00,120,sell,T-012,T-014,401.00,1300.00
3875,3230.166,S1,401.00,120,sell,T-012,T-014,401.00,1300.00
3876,3230.349,S1,401.00,120,sell,T-012,T-014,401.00,1300.00
3877,3230.827,S1,401.00,100,sell,T-012,T-014,401.00,1200.00
3878,3230.827,S1,401.00,20,sell,T-012,T-014,401.00,1200.00
3879,3231.038,S1,401.00,120,sell,T-012,T-014,401.00,1200.00
3880,3231.231,S1,401.00,120,sell,T-012,T-014,401.00,1200.00
3881,3231.414,S1,401.00,120,sell,T-012,T-014,401.00,1200.00
3882,3232.012,S1,401.00,120,sell,T-012,T-014,401.00,1200.00
3883,3232.215,S1,401.00,80,sell,T-012,T-014,401.00,1200.00
3884,3232.215,S1,400.00,40,sell,T-023,T-014,401.00,1200.00
3885,3232.402,S1,400.00,120,sell,T-023,T-014,400.00,1200.00
3886,3232.769,S1,400.00,120,sell,T-023,T-014,400.00,1200.00
3887,3232.965,S1,400.00,120,sell,T-023,T-014,400.00,1200.00
3888,3233.145,S1,400.00,120,sell,T-023,T-014,400.00,1200.00
3889,3233.328,S1,400.00,100,sell,T-023,T-014,400.00,1200.00
3890,3233.328,S1,400.00,20,sell,T-023,T-014,400.00,1200.00
3891,3233.516,S1,400.00,120,sell,T-023,T-014,400.00,1200.00
3892,3233.698,S1,400.00,120,sell,T-023,T-014,400.00,1200.00
3893,3233.915,S1,400.00,120,sell,T-023,T-014,400.00,1200.00
3894,3234.086,S1,400.00,120,sell,T-023,T-014,400.00,1200.00
3895,3234.287,S1,400.00,120,sell,T-023,T-014,400.00,1200.00
3896,3234.480,S1,400.00,120,sell,T-023,T-014,400.00,1200.00
3897,3235.897,S1,1200.00,1000,buy,T-001,T-016,400.00,1200.00
3898,3236.234,S1,400.00,120,sell,T-023,T-014,400.00,1300.00
3899,3236.914,S1,400.00,120,sell,T-023,T-014,400.00,1300.00
3900,3237.602,S1,400.00,20,sell,T-023,T-014,400.00,1200.00
3901,3237.602,S1,400.00,100,sell,T-023,T-014,400.00,1200.00
3902,3238.869,S1,1200.00,1000,buy,T-025,T-016,401.00,1200.00
3903,3245.066,S1,500.00,120,sell,T-040,T-014,500.00,1200.00
3904,3245.197,S1,1200.00,1000,buy,T-025,T-016,500.00,1200.00
3905,3248.358,S1,1100.00,500,buy,T-025,T-010,500.00,1100.00
3906,3248.358,S1,1200.00,500,buy,T-025,T-027,500.00,1100.00
3907,3251.150,S1,501.00,328,sell,T-039,T-022,501.00,1300.00
3908,3251.180,S1,1300.00,200,buy,T-025,T-034,501.00,1300.00
3909,3251.180,S1,1300.00,150,buy,T-025,T-034,501.00,1300.00
3910,3251.180,S1,1300.00,650,buy,T-025,T-016,501.00,1300.00
3911,3251.609,S1,501.00,120,sell,T-039,T-014,501.00,1300.00
3912,3252.556,S1,1000.00,100,buy,T-025,T-017,600.00,1000.00
3913,3252.556,S1,1000.00,900,buy,T-025,T-040,600.00,1000.00
3914,3257.206,S1,1000.00,100,buy,T-025,T-040,800.00,1000.00
3915,3257.206,S1,1200.00,458,buy,T-025,T-012,800.00,1000.00
3916,3257.206,S1,1300.00,350,buy,T-025,T-016,800.00,1000.00
3917,3257.206,S1,1500.00,92,buy,T-025,T-038,800.00,1000.00
3918,3263.489,S1,1500.00,8,buy,T-022,T-038,900.00,1500.00
3919,3263.489,S1,2000.00,2,buy,T-022,T-016,900.00,1500.00
3920,3264.199,S1,2000.00,998,buy,T-025,T-016,900.00,2000.00
3921,3264.199,S1,3200.00,2,buy,T-025,T-012,900.00,2000.00
3922,3272.272,S1,3000.00,18,buy,T-025,T-034,901.00,3000.00
3923,3272.272,S1,3000.00,400,buy,T-025,T-038,901.00,3000.00
3924,3272.272,S1,3000.00,100,buy,T-025,T-028,901.00,3000.00
3925,3272.272,S1,3000.00,100,buy,T-025,T-028,901.00,3000.00
3926,3272.272,S1,3200.00,380,buy,T-025,T-012,901.00,3000.00
3927,3272.272,S1,5000.00,2,buy,T-025,T-013,901.00,3000.00
3928,3283.318,S1,1000.00,500,sell,T-010,T-025,1000.00,2500.00
3929,3283.318,S1,950.00,500,sell,T-027,T-025,1000.00,2500.00
3930,3287.044,S1,2500.00,1,buy,T-021,T-016,902.00,2500.00
3931,3292.581,S1,1000.00,1000,sell,T-023,T-025,1000.00,2500.00
3932,3294.984,S1,1000.00,1000,sell,T-023,T-025,1000.00,2400.00
3933,3296.070,S1,1000.00,1000,sell,T-023,T-025,1000.00,2400.00
3934,3298.371,S1,1000.00,1000,sell,T-023,T-025,1000.00,2400.00
3935,3300.384,S1,1000.00,1000,sell,T-023,T-025,1000.00,2400.00
3936,3302.875,S1,1952.00,500,sell,T-012,T-025,1952.00,2400.00
3937,3302.875,S1,950.00,500,sell,T-040,T-025,1952.00,2400.00
3938,3305.002,S1,1000.00,900,sell,T-023,T-025,1000.00,2400.00
3939,3305.002,S1,950.00,100,sell,T-040,T-025,1000.00,2400.00
3940,3307.807,S1,1200.00,100,sell,T-017,T-025,1200.00,2400.00
3941,3307.807,S1,1200.00,100,sell,T-017,T-025,1200.00,2400.00
3942,3307.807,S1,950.00,280,sell,T-040,T-025,1200.00,2400.00
3943,3307.807,S1,903.00,100,sell,T-017,T-025,1200.00,2400.00
3944,3307.807,S1,903.00,100,sell,T-017,T-025,1200.00,2400.00
3945,3307.807,S1,902.00,320,sell,T-012,T-025,1200.00,2400.00
3946,3320.240,S1,1000.00,1000,sell,T-005,T-025,1000.00,2000.00
3947,3320.355,S1,2000.00,100,buy,T-028,T-004,930.00,2000.00
3948,3322.210,S1,1999.00,100,buy,T-028,T-017,1000.00,1999.00
3949,3322.464,S1,1000.00,1000,sell,T-003,T-025,1000.00,1999.00
3950,3323.538,S1,930.00,100,sell,T-026,T-014,930.00,1999.00
3951,3325.884,S1,1000.00,100,sell,T-005,T-014,1000.00,1999.00
3952,3326.160,S1,1000.00,900,sell,T-005,T-025,1000.00,1999.00
3953,3326.160,S1,930.00,100,sell,T-026,T-025,1000.00,1999.00
3954,3326.578,S1,930.00,100,sell,T-026,T-014,930.00,1999.00
3955,3327.012,S1,930.00,100,sell,T-026,T-014,930.00,1500.00
3956,3327.463,S1,930.00,100,sell,T-026,T-014,930.00,1500.00
3957,3327.666,S1,930.00,100,sell,T-026,T-014,930.00,1500.00
3958,3327.861,S1,930.00,100,sell,T-026,T-014,930.00,1500.00
3959,3328.039,S1,930.00,100,sell,T-026,T-014,930.00,1500.00
3960,3328.221,S1,930.00,36,sell,T-026,T-014,930.00,1500.00
3961,3328.221,S1,902.00,64,sell,T-012,T-014,930.00,1500.00
3962,3328.394,S1,902.00,100,sell,T-012,T-014,902.00,1500.00
3963,3328.556,S1,902.00,100,sell,T-012,T-014,902.00,1500.00
3964,3328.718,S1,902.00,100,sell,T-012,T-014,902.00,1500.00
3965,3328.879,S1,902.00,100,sell,T-012,T-014,902.00,1500.00
3966,3329.029,S1,902.00,100,sell,T-012,T-014,902.00,1500.00
3967,3329.231,S1,902.00,34,sell,T-012,T-014,902.00,1500.00
3968,3329.231,S1,901.00,66,sell,T-017,T-014,902.00,1500.00
3969,3336.844,S1,1200.00,1,buy,T-021,T-018,901.00,1200.00
3970,3337.617,S1,901.00,34,sell,T-017,T-014,901.00,1200.00
3971,3337.617,S1,901.00,100,sell,T-017,T-014,901.00,1200.00
3972,3337.617,S1,500.00,100,sell,T-005,T-014,901.00,1200.00
3973,3337.617,S1,401.00,458,sell,T-012,T-014,901.00,1200.00
3974,3337.617,S1,400.00,100,sell,T-017,T-014,901.00,1200.00
3975,3337.617,S1,200.00,208,sell,T-038,T-014,901.00,1200.00
3976,3338.196,S1,200.00,1,sell,T-038,T-021,200.00,1200.00
3977,3338.744,S1,200.00,1,sell,T-038,T-021,200.00,1200.00
3978,3340.084,S1,1200.00,999,buy,T-025,T-018,200.00,1200.00
3979,3340.084,S1,1200.00,1,buy,T-025,T-018,200.00,1200.00
3980,3352.136,S1,800.00,400,buy,T-025,T-017,200.00,800.00
3981,3352.136,S1,1099.00,600,buy,T-025,T-023,200.00,800.00
3982,3353.936,S1,1069.00,1000,buy,T-025,T-005,200.00,1069.00
3983,3354.229,S1,1099.00,400,buy,T-025,T-023,200.00,1099.00
3984,3354.229,S1,1099.00,600,buy,T-025,T-023,200.00,1099.00
3985,3354.372,S1,1099.00,400,buy,T-011,T-023,200.00,1099.00
3986,3354.372,S1,1099.00,100,buy,T-011,T-023,200.00,1099.00
3987,3354.382,S1,1099.00,900,buy,T-025,T-023,200.00,1099.00
3988,3354.382,S1,1099.00,100,buy,T-025,T-023,200.00,1099.00
3989,3354.554,S1,1099.00,900,buy,T-025,T-023,200.00,1099.00
3990,3354.554,S1,1100.00,100,buy,T-025,T-003,200.00,1099.00
3991,3354.757,S1,1100.00,900,buy,T-025,T-003,200.00,1100.00
3992,3354.757,S1,1200.00,100,buy,T-025,T-018,200.00,1100.00
3993,3354.893,S1,1200.00,899,buy,T-025,T-018,200.00,1200.00
3994,3354.893,S1,1200.00,101,buy,T-025,T-018,200.00,1200.00
3995,3355.157,S1,1200.00,899,buy,T-025,T-018,200.00,1200.00
3996,3355.157,S1,1200.00,101,buy,T-025,T-018,200.00,1200.00
3997,3412.146,S1,998.00,578,buy,T-025,T-012,550.00,998.00
3998,3412.146,S1,999.00,422,buy,T-025,T-023,550.00,998.00
3999,3417.502,S1,980.00,274,buy,T-025,T-013,900.00,980.00
4000,3417.502,S1,999.00,578,buy,T-025,T-023,900.00,980.00
4001,3417.502,S1,999.00,148,buy,T-025,T-023,900.00,980.00
4002,3427.240,S1,900.00,100,sell,T-018,T-025,900.00,999.00
4003,3433.226,S1,600.00,100,sell,T-005,T-014,600.00,998.00
4004,3433.226,S1,500.00,400,sell,T-018,T-014,600.00,998.00
4005,3434.778,S1,500.00,500,sell,T-018,T-014,500.00,998.00
4006,3435.679,S1,998.00,1000,buy,T-025,T-035,500.00,998.00
4007,3436.331,S1,500.00,100,sell,T-018,T-014,500.00,999.00
4008,3436.331,S1,500.00,400,sell,T-018,T-014,500.00,999.00
4009,3436.587,S1,999.00,852,buy,T-025,T-023,500.00,999.00
4010,3436.587,S1,999.00,148,buy,T-025,T-023,500.00,999.00
4011,3438.722,S1,999.00,852,buy,T-025,T-023,500.00,999.00
4012,3438.722,S1,999.00,148,buy,T-025,T-023,500.00,999.00
4013,3439.730,S1,600.00,500,buy,T-025,T-014,500.00,600.00
4014,3439.730,S1,999.00,500,buy,T-025,T-023,500.00,600.00
4015,3443.893,S1,750.00,10,buy,T-022,T-005,500.00,750.00
4016,3446.271,S1,600.00,500,buy,T-025,T-014,500.00,600.00
4017,3446.271,S1,750.00,90,buy,T-025,T-005,500.00,600.00
4018,3446.271,S1,998.00,410,buy,T-025,T-035,500.00,600.00
4019,3450.216,S1,998.00,590,buy,T-025,T-035,600.00,998.00
4020,3450.216,S1,999.00,352,buy,T-025,T-023,600.00,998.00
4021,3450.216,S1,999.00,58,buy,T-025,T-023,600.00,998.00
4022,3453.101,S1,999.00,942,buy,T-025,T-023,600.00,999.00
4023,3453.101,S1,999.00,58,buy,T-025,T-023,600.00,999.00
4024,3454.050,S1,999.00,942,buy,T-025,T-023,600.00,999.00
4025,3454.050,S1,999.00,58,buy,T-025,T-023,600.00,999.00
4026,3479.225,S1,749.00,1000,buy,T-018,T-017,615.00,749.00
4027,3481.155,S1,750.00,500,buy,T-014,T-004,615.00,750.00
4028,3486.285,S1,650.00,600,buy,T-018,T-023,615.00,650.00
4029,3486.629,S1,615.00,1000,sell,T-017,T-025,615.00,650.00
4030,3489.194,S1,650.00,400,buy,T-025,T-023,614.00,650.00
4031,3489.194,S1,650.00,600,buy,T-025,T-023,614.00,650.00
4032,3491.120,S1,650.00,1,buy,T-018,T-023,614.00,650.00
4033,3513.468,S1,614.00,100,sell,T-005,T-025,614.00,650.00
4034,3513.468,S1,600.00,900,sell,T-018,T-025,614.00,650.00
4035,3516.401,S1,600.00,100,sell,T-018,T-025,600.00,645.00
4036,3516.401,S1,600.00,900,sell,T-018,T-025,600.00,645.00
4037,3517.765,S1,600.00,100,sell,T-018,T-025,600.00,645.00
4038,3517.765,S1,600.00,900,sell,T-018,T-025,600.00,645.00
4039,3520.544,S1,600.00,100,sell,T-018,T-023,600.00,645.00
4040,3520.544,S1,500.00,600,sell,T-018,T-023,600.00,645.00
4041,3520.544,S1,500.00,300,sell,T-018,T-023,600.00,645.00
4042,3521.220,S1,601.00,1000,sell,T-017,T-023,601.00,645.00
4043,3522.847,S1,500.00,700,sell,T-018,T-023,500.00,645.00
4044,3522.847,S1,445.00,300,sell,T-011,T-023,500.00,645.00
4045,3525.235,S1,445.00,700,sell,T-011,T-023,445.00,644.00
4046,3525.235,S1,400.00,50,sell,T-014,T-023,445.00,644.00
4047,3525.235,S1,300.00,250,sell,T-018,T-023,445.00,644.00
4048,3526.112,S1,300.00,750,sell,T-018,T-023,300.00,644.00
4049,3526.112,S1,300.00,250,sell,T-018,T-023,300.00,644.00
4050,3527.340,S1,300.00,750,sell,T-018,T-023,300.00,644.00
4051,3527.340,S1,300.00,250,sell,T-018,T-023,300.00,644.00
4052,3528.706,S1,300.00,254,sell,T-018,T-004,300.00,644.00
4053,3530.432,S1,400.00,50,sell,T-014,T-025,400.00,644.00
4054,3530.432,S1,300.00,496,sell,T-018,T-025,400.00,644.00
4055,3530.432,S1,300.00,100,sell,T-018,T-025,400.00,644.00
4056,3530.432,S1,250.00,354,sell,T-011,T-025,400.00,644.00
4057,3530.508,S1,250.00,146,sell,T-011,T-025,250.00,644.00
4058,3530.508,S1,250.00,500,sell,T-011,T-025,250.00,644.00
4059,3530.508,S1,250.00,354,sell,T-014,T-025,250.00,644.00
4060,3530.620,S1,250.00,146,sell,T-014,T-025,250.00,644.00
4061,3530.620,S1,200.00,190,sell,T-038,T-025,250.00,644.00
4062,3530.620,S1,200.00,664,sell,T-032,T-025,250.00,644.00
4063,3530.680,S1,200.00,156,sell,T-032,T-025,200.00,644.00
4064,3530.680,S1,110.00,400,sell,T-038,T-025,200.00,644.00
4065,3530.680,S1,100.00,444,sell,T-011,T-025,200.00,644.00
4066,3530.750,S1,100.00,556,sell,T-011,T-025,100.00,644.00
4067,3530.750,S1,100.00,444,sell,T-011,T-025,100.00,644.00
4068,3530.961,S1,100.00,556,sell,T-011,T-025,100.00,644.00
4069,3530.961,S1,100.00,10,sell,T-014,T-025,100.00,644.00
4070,3530.961,S1,80.00,434,sell,T-032,T-025,100.00,644.00
4071,3531.011,S1,80.00,566,sell,T-032,T-025,80.00,644.00
4072,3531.011,S1,71.00,50,sell,T-041,T-025,80.00,644.00
4073,3531.011,S1,70.00,100,sell,T-028,T-025,80.00,644.00
4074,3531.011,S1,70.00,100,sell,T-028,T-025,80.00,644.00
4075,3531.011,S1,70.00,100,sell,T-028,T-025,80.00,644.00
4076,3531.011,S1,70.00,84,sell,T-028,T-025,80.00,644.00
4077,3531.101,S1,70.00,16,sell,T-028,T-025,70.00,644.00
4078,3531.101,S1,70.00,100,sell,T-028,T-025,70.00,644.00
4079,3531.101,S1,70.00,100,sell,T-028,T-025,70.00,644.00
4080,3531.101,S1,70.00,100,sell,T-028,T-025,70.00,644.00
4081,3531.101,S1,70.00,100,sell,T-028,T-025,70.00,644.00
4082,3531.101,S1,59.00,584,sell,T-009,T-025,70.00,644.00
4083,3531.191,S1,59.00,416,sell,T-009,T-025,59.00,644.00
4084,3531.191,S1,59.00,584,sell,T-009,T-025,59.00,644.00
4085,3531.261,S1,59.00,416,sell,T-009,T-025,59.00,644.00
4086,3531.261,S1,59.00,584,sell,T-009,T-025,59.00,644.00
4087,3531.441,S1,59.00,416,sell,T-009,T-025,59.00,644.00
4088,3531.441,S1,59.00,584,sell,T-009,T-025,59.00,644.00
4089,3531.441,S1,59.00,416,sell,T-009,T-025,59.00,644.00
4090,3531.441,S1,59.00,584,sell,T-009,T-025,59.00,644.00
4091,3531.451,S1,59.00,416,sell,T-009,T-023,59.00,644.00
4092,3531.451,S1,59.00,584,sell,T-009,T-023,59.00,644.00
4093,3531.542,S1,59.00,416,sell,T-009,T-025,59.00,644.00
4094,3531.542,S1,59.00,584,sell,T-009,T-025,59.00,644.00
4095,3531.644,S1,59.00,416,sell,T-009,T-025,59.00,644.00
4096,3531.644,S1,59.00,584,sell,T-009,T-025,59.00,644.00
4097,3531.724,S1,59.00,416,sell,T-009,T-025,59.00,644.00
4098,3531.724,S1,59.00,584,sell,T-009,T-025,59.00,644.00
4099,3531.854,S1,59.00,416,sell,T-009,T-025,59.00,644.00
4100,3531.854,S1,59.00,584,sell,T-009,T-025,59.00,644.00
4101,3531.914,S1,59.00,416,sell,T-009,T-025,59.00,644.00
4102,3531.914,S1,51.00,584,sell,T-018,T-025,59.00,644.00
4103,3533.880,S1,51.00,416,sell,T-018,T-023,51.00,644.00
4104,3533.880,S1,51.00,584,sell,T-018,T-023,51.00,644.00
4105,3539.820,S1,59.00,341,sell,T-009,T-023,59.00,644.00
4106,3543.953,S1,644.00,120,buy,T-014,T-017,59.00,644.00
4107,3544.115,S1,644.00,120,buy,T-014,T-017,59.00,644.00
4108,3544.289,S1,644.00,120,buy,T-014,T-017,59.00,644.00
4109,3544.461,S1,644.00,120,buy,T-014,T-017,59.00,644.00
4110,3544.564,S1,644.00,120,buy,T-014,T-017,59.00,644.00
4111,3544.727,S1,644.00,120,buy,T-014,T-017,59.00,644.00
4112,3544.889,S1,644.00,120,buy,T-014,T-017,59.00,644.00
4113,3545.063,S1,644.00,120,buy,T-014,T-017,59.00,644.00
4114,3545.256,S1,644.00,40,buy,T-014,T-017,59.00,644.00
4115,3545.256,S1,645.00,80,buy,T-014,T-035,59.00,644.00
4116,3545.397,S1,645.00,120,buy,T-014,T-035,59.00,645.00
4117,3545.559,S1,645.00,120,buy,T-014,T-035,59.00,645.00
4118,3545.661,S1,645.00,120,buy,T-014,T-035,59.00,645.00
4119,3545.833,S1,645.00,120,buy,T-014,T-035,59.00,645.00
4120,3546.033,S1,100.00,120,buy,T-014,T-011,60.00,100.00
4121,3552.351,S1,100.00,880,buy,T-014,T-011,60.00,100.00
4122,3552.351,S1,100.00,120,buy,T-014,T-011,60.00,100.00
4123,3552.885,S1,100.00,880,buy,T-014,T-011,60.00,100.00
4124,3552.885,S1,100.00,120,buy,T-014,T-011,60.00,100.00
4125,3553.107,S1,100.00,880,buy,T-014,T-011,60.00,100.00
4126,3553.107,S1,400.00,120,buy,T-014,T-009,60.00,100.00
4127,3553.534,S1,400.00,880,buy,T-014,T-009,60.00,400.00
4128,3553.534,S1,400.00,120,buy,T-014,T-009,60.00,400.00
4129,3553.797,S1,400.00,880,buy,T-014,T-009,60.00,400.00
4130,3553.797,S1,400.00,120,buy,T-014,T-009,60.00,400.00
4131,3553.877,S1,400.00,880,buy,T-014,T-009,60.00,400.00
4132,3553.877,S1,400.00,120,buy,T-014,T-009,60.00,400.00
4133,3554.097,S1,400.00,880,buy,T-014,T-009,60.00,400.00
4134,3554.097,S1,400.00,120,buy,T-014,T-009,60.00,400.00
4135,3554.300,S1,400.00,880,buy,T-014,T-009,60.00,400.00
4136,3554.300,S1,400.00,120,buy,T-014,T-009,60.00,400.00
4137,3554.492,S1,400.00,880,buy,T-014,T-009,60.00,400.00
4138,3554.492,S1,400.00,120,buy,T-014,T-009,60.00,400.00
4139,3554.685,S1,400.00,880,buy,T-014,T-009,60.00,400.00
4140,3554.685,S1,400.00,120,buy,T-014,T-009,60.00,400.00
4141,3554.937,S1,400.00,880,buy,T-014,T-009,60.00,400.00
4142,3554.937,S1,400.00,120,buy,T-014,T-009,60.00,400.00
4143,3555.048,S1,400.00,880,buy,T-014,T-009,60.00,400.00
4144,3555.048,S1,400.00,120,buy,T-014,T-009,60.00,400.00
4145,3555.179,S1,400.00,880,buy,T-014,T-009,60.00,400.00
4146,3555.179,S1,400.00,120,buy,T-014,T-009,60.00,400.00
4147,3555.371,S1,400.00,880,buy,T-014,T-009,60.00,400.00
4148,3555.371,S1,400.00,120,buy,T-014,T-009,60.00,400.00
4149,3555.563,S1,400.00,880,buy,T-014,T-009,60.00,400.00
4150,3555.563,S1,645.00,120,buy,T-014,T-035,60.00,400.00
4151,3558.590,S1,645.00,320,buy,T-009,T-035,60.00,645.00
4152,3558.590,S1,645.00,680,buy,T-009,T-035,60.00,645.00
4153,3558.740,S1,645.00,320,buy,T-009,T-035,60.00,645.00
4154,3558.740,S1,997.00,400,buy,T-009,T-038,60.00,645.00
4155,3558.740,S1,1000.00,280,buy,T-009,T-024,60.00,645.00
4156,3559.048,S1,1000.00,720,buy,T-009,T-024,60.00,1000.00
4157,3559.048,S1,1000.00,280,buy,T-009,T-032,60.00,1000.00
4158,3561.295,S1,1000.00,540,buy,T-017,T-032,60.00,1000.00
4159,3561.295,S1,1000.00,460,buy,T-017,T-015,60.00,1000.00
4160,3561.448,S1,1000.00,15,buy,T-017,T-015,60.00,1000.00
4161,3561.448,S1,1200.00,899,buy,T-017,T-018,60.00,1000.00
4162,3561.448,S1,1200.00,86,buy,T-017,T-018,60.00,1000.00
4163,3561.608,S1,1200.00,914,buy,T-017,T-018,60.00,1200.00
4164,3561.608,S1,1200.00,86,buy,T-017,T-018,60.00,1200.00
4165,3561.773,S1,1200.00,914,buy,T-017,T-018,60.00,1200.00
4166,3561.773,S1,1200.00,86,buy,T-017,T-018,60.00,1200.00
4167,3561.924,S1,1200.00,914,buy,T-017,T-018,60.00,1200.00
4168,3561.924,S1,1200.00,86,buy,T-017,T-018,60.00,1200.00
4169,3562.216,S1,1200.00,914,buy,T-017,T-018,60.00,1200.00
4170,3562.216,S1,1200.00,86,buy,T-017,T-018,60.00,1200.00
4171,3562.378,S1,500.00,1000,buy,T-017,T-032,60.00,500.00
4172,3568.330,S1,60.00,1000,sell,T-003,T-025,60.00,1000.00
4173,3568.503,S1,60.00,1000,sell,T-024,T-025,60.00,900.00
4174,3571.027,S1,60.00,100,sell,T-024,T-023,60.00,900.00
4175,3571.238,S1,60.00,100,sell,T-024,T-023,60.00,900.00
4176,3571.440,S1,60.00,100,sell,T-024,T-023,60.00,900.00
4177,3571.611,S1,60.00,100,sell,T-024,T-023,60.00,900.00
4178,3571.782,S1,60.00,100,sell,T-024,T-023,60.00,900.00
4179,3571.964,S1,60.00,100,sell,T-024,T-023,60.00,900.00
4180,3572.575,S1,60.00,100,sell,T-024,T-023,60.00,900.00
4181,3572.899,S1,60.00,100,sell,T-024,T-023,60.00,900.00
4182,3573.131,S1,60.00,100,sell,T-024,T-023,60.00,900.00
4183,3573.624,S1,60.00,100,sell,T-024,T-023,60.00,900.00
4184,3573.956,S1,900.00,1000,buy,T-011,T-017,60.00,900.00
4185,3574.086,S1,900.00,1000,buy,T-011,T-017,60.00,900.00
4186,3574.237,S1,900.00,1000,buy,T-011,T-017,60.00,900.00
4187,3574.398,S1,900.00,1000,buy,T-011,T-017,60.00,900.00
4188,3574.562,S1,900.00,1000,buy,T-011,T-017,60.00,900.00
4189,3575.717,S1,60.00,1000,sell,T-024,T-023,60.00,600.00
4190,3575.837,S1,60.00,700,sell,T-024,T-035,60.00,600.00
4191,3576.159,S1,60.00,300,sell,T-024,T-023,60.00,600.00
4192,3576.159,S1,59.00,659,sell,T-009,T-023,60.00,600.00
4193,3576.159,S1,59.00,41,sell,T-009,T-023,60.00,600.00
4194,3576.483,S1,59.00,959,sell,T-009,T-011,59.00,600.00
4195,3576.483,S1,59.00,41,sell,T-009,T-011,59.00,600.00
4196,3576.524,S1,59.00,959,sell,T-009,T-023,59.00,600.00
4197,3576.524,S1,59.00,41,sell,T-009,T-023,59.00,600.00
4198,3576.748,S1,59.00,959,sell,T-009,T-011,59.00,600.00
4199,3576.748,S1,59.00,41,sell,T-009,T-011,59.00,600.00
4200,3576.839,S1,59.00,959,sell,T-009,T-023,59.00,600.00
4201,3576.839,S1,59.00,41,sell,T-009,T-023,59.00,600.00
4202,3577.136,S1,59.00,959,sell,T-009,T-023,59.00,600.00
4203,3577.136,S1,59.00,41,sell,T-009,T-023,59.00,600.00
4204,3577.250,S1,59.00,959,sell,T-009,T-011,59.00,600.00
4205,3577.250,S1,59.00,41,sell,T-009,T-011,59.00,600.00
4206,3577.470,S1,59.00,959,sell,T-009,T-011,59.00,600.00
4207,3577.470,S1,59.00,41,sell,T-009,T-011,59.00,600.00
4208,3577.531,S1,59.00,959,sell,T-009,T-023,59.00,600.00
4209,3577.531,S1,59.00,41,sell,T-009,T-023,59.00,600.00
4210,3577.633,S1,59.00,959,sell,T-009,T-011,59.00,600.00
4211,3577.633,S1,59.00,41,sell,T-009,T-011,59.00,600.00
4212,3577.785,S1,59.00,959,sell,T-009,T-011,59.00,600.00
4213,3577.785,S1,59.00,41,sell,T-009,T-011,59.00,600.00
4214,3577.936,S1,70.00,300,sell,T-038,T-011,70.00,600.00
4215,3577.936,S1,59.00,700,sell,T-009,T-011,70.00,600.00
4216,3578.148,S1,59.00,259,sell,T-009,T-011,59.00,600.00
4217,3578.148,S1,59.00,741,sell,T-009,T-011,59.00,600.00
4218,3578.371,S1,59.00,259,sell,T-009,T-023,59.00,600.00
4219,3578.371,S1,59.00,741,sell,T-009,T-023,59.00,600.00
4220,3579.159,S1,59.00,259,sell,T-009,T-023,59.00,600.00
4221,3579.159,S1,59.00,741,sell,T-009,T-023,59.00,600.00
4222,3579.676,S1,59.00,259,sell,T-009,T-018,59.00,600.00
4223,3579.676,S1,59.00,741,sell,T-009,T-018,59.00,600.00
4224,3579.917,S1,600.00,1000,buy,T-011,T-003,59.00,600.00
4225,3580.121,S1,900.00,1000,buy,T-011,T-017,59.00,900.00
4226,3580.141,S1,59.00,259,sell,T-009,T-023,59.00,900.00
4227,3580.141,S1,59.00,741,sell,T-009,T-023,59.00,900.00
4228,3580.397,S1,900.00,1000,buy,T-011,T-017,59.00,900.00
4229,3580.517,S1,59.00,259,sell,T-009,T-023,59.00,500.00
4230,3580.517,S1,59.00,741,sell,T-009,T-023,59.00,500.00
4231,3580.820,S1,500.00,800,buy,T-011,T-028,59.00,500.00
4232,3580.820,S1,900.00,200,buy,T-011,T-025,59.00,500.00
4233,3581.048,S1,59.00,259,sell,T-009,T-023,59.00,900.00
4234,3581.048,S1,59.00,741,sell,T-009,T-023,59.00,900.00
4235,3581.468,S1,59.00,259,sell,T-009,T-023,59.00,900.00
4236,3581.468,S1,57.00,100,sell,T-028,T-023,59.00,900.00
4237,3581.468,S1,57.00,100,sell,T-028,T-023,59.00,900.00
4238,3581.468,S1,57.00,100,sell,T-028,T-023,59.00,900.00
4239,3581.468,S1,57.00,100,sell,T-028,T-023,59.00,900.00
4240,3581.468,S1,57.00,100,sell,T-028,T-023,59.00,900.00
4241,3581.468,S1,57.00,100,sell,T-028,T-023,59.00,900.00
4242,3581.468,S1,57.00,100,sell,T-028,T-023,59.00,900.00
4243,3581.468,S1,57.00,41,sell,T-028,T-023,59.00,900.00
4244,3581.903,S1,57.00,59,sell,T-028,T-011,57.00,900.00
4245,3581.903,S1,56.00,941,sell,T-009,T-011,57.00,900.00
4246,3582.173,S1,56.00,59,sell,T-009,T-035,56.00,60.00
4247,3582.173,S1,56.00,641,sell,T-009,T-035,56.00,60.00
4248,3582.234,S1,56.00,359,sell,T-009,T-023,56.00,60.00
4249,3582.234,S1,56.00,641,sell,T-009,T-023,56.00,60.00
4250,3583.298,S1,56.00,359,sell,T-009,T-023,56.00,60.00
4251,3583.298,S1,56.00,641,sell,T-009,T-023,56.00,60.00
4252,3583.674,S1,51.00,416,sell,T-018,T-009,56.00,60.00
4253,3583.674,S1,51.00,584,sell,T-018,T-009,56.00,60.00
4254,3584.190,S1,51.00,416,sell,T-018,T-023,51.00,60.00
4255,3584.190,S1,51.00,584,sell,T-018,T-023,51.00,60.00
4256,3584.250,S1,51.00,416,sell,T-018,T-014,51.00,60.00
4257,3584.250,S1,51.00,584,sell,T-018,T-014,51.00,60.00
4258,3584.772,S1,51.00,416,sell,T-018,T-023,51.00,60.00
4259,3584.772,S1,51.00,584,sell,T-018,T-023,51.00,60.00
4260,3585.548,S1,56.00,1000,sell,T-009,T-023,56.00,60.00
4261,3586.041,S1,56.00,1000,sell,T-009,T-014,56.00,60.00
4262,3586.383,S1,56.00,1000,sell,T-009,T-018,56.00,60.00
4263,3586.931,S1,56.00,1000,sell,T-009,T-014,56.00,60.00
4264,3586.952,S1,56.00,1000,sell,T-009,T-023,56.00,60.00
4265,3587.133,S1,56.00,1000,sell,T-009,T-014,56.00,60.00
4266,3588.736,S1,56.00,1000,sell,T-009,T-018,56.00,60.00
4267,3589.607,S1,56.00,1000,sell,T-009,T-018,56.00,60.00
4268,3590.746,S1,56.00,1000,sell,T-009,T-018,56.00,60.00
4269,3591.242,S1,56.00,1000,sell,T-009,T-018,56.00,60.00
4270,3591.903,S1,56.00,1000,sell,T-009,T-018,56.00,60.00
4271,3594.543,S1,55.00,1000,sell,T-036,T-009,56.00,60.00
4272,3595.122,S1,55.00,1000,sell,T-036,T-018,55.00,60.00
4273,3595.706,S1,60.00,50,buy,T-035,T-041,51.00,60.00
4274,3595.706,S1,400.00,650,buy,T-035,T-009,51.00,60.00
4275,3597.933,S1,55.00,820,sell,T-036,T-032,55.00,400.00
4276,3598.231,S1,400.00,18,buy,T-034,T-009,55.00,400.00
4277,3598.392,S1,400.00,18,buy,T-034,T-009,55.00,400.00
4278,3599.028,S1,400.00,18,buy,T-034,T-009,55.00,400.00
4279,3599.037,S1,400.00,18,buy,T-034,T-009,55.00,400.00
